a,b,c,d,gain
1.12e-05,0.000132012,2.4e-06,3.84e-05,19.21812084
1.12e-05,0.000132012,2.4e-06,4.27e-05,20.49360866
1.12e-05,0.000132012,2.4e-06,4.69e-05,21.68499808
1.12e-05,0.000132012,2.4e-06,5.12e-05,22.81313121
1.12e-05,0.000132012,2.4e-06,5.55e-05,23.89518272
1.12e-05,0.000132012,2.4e-06,5.97e-05,24.94289475
1.12e-05,0.000132012,2.4e-06,6.4e-05,25.96636134
1.12e-05,0.000132012,2.4e-06,6.83e-05,26.97975271
1.12e-05,0.000132012,2.4e-06,7.25e-05,27.98948913
1.12e-05,0.000132012,2.4e-06,7.68e-05,29.00659603
1.12e-05,0.000132012,2.4e-06,8.11e-05,30.04149058
1.12e-05,0.000132012,2.4e-06,8.53e-05,31.10491732
1.12e-05,0.000132012,2.4e-06,8.96e-05,32.20925323
1.12e-05,0.000132012,2.4e-06,3.84e-05,18.96686726
1.12e-05,0.000132012,2.4e-06,4.27e-05,20.24461193
1.12e-05,0.000132012,2.4e-06,4.69e-05,21.43788892
1.12e-05,0.000132012,2.4e-06,5.12e-05,22.57100122
1.12e-05,0.000132012,2.4e-06,5.55e-05,23.65639378
1.12e-05,0.000132012,2.4e-06,5.97e-05,24.70851847
1.12e-05,0.000132012,2.4e-06,6.4e-05,25.73700555
1.12e-05,0.000132012,2.4e-06,6.83e-05,26.75686055
1.12e-05,0.000132012,2.4e-06,7.25e-05,27.77386623
1.12e-05,0.000132012,2.4e-06,7.68e-05,28.7995299
1.12e-05,0.000132012,2.4e-06,8.11e-05,29.84458384
1.12e-05,0.000132012,2.4e-06,8.53e-05,30.92025109
1.12e-05,0.000132012,2.4e-06,8.96e-05,32.0380633
1.12e-05,0.000132012,2.666667e-06,3.84e-05,18.54080633
1.12e-05,0.000132012,2.666667e-06,4.27e-05,19.82237809
1.12e-05,0.000132012,2.666667e-06,4.69e-05,21.02280143
1.12e-05,0.000132012,2.666667e-06,5.12e-05,22.16065117
1.12e-05,0.000132012,2.666667e-06,5.55e-05,23.25266232
1.12e-05,0.000132012,2.666667e-06,5.97e-05,24.31269598
1.12e-05,0.000132012,2.666667e-06,6.4e-05,25.35010212
1.12e-05,0.000132012,2.666667e-06,6.83e-05,26.38146432
1.12e-05,0.000132012,2.666667e-06,7.25e-05,27.41134829
1.12e-05,0.000132012,2.666667e-06,7.68e-05,28.45210783
1.12e-05,0.000132012,2.666667e-06,8.11e-05,29.51506586
1.12e-05,0.000132012,2.666667e-06,8.53e-05,30.61278513
1.12e-05,0.000132012,2.666667e-06,8.96e-05,31.75522701
1.12e-05,0.000132012,2.666667e-06,3.84e-05,18.35747708
1.12e-05,0.000132012,2.666667e-06,4.27e-05,19.64060375
1.12e-05,0.000132012,2.666667e-06,4.69e-05,20.84370336
1.12e-05,0.000132012,2.666667e-06,5.12e-05,21.98427639
1.12e-05,0.000132012,2.666667e-06,5.55e-05,23.07941424
1.12e-05,0.000132012,2.666667e-06,5.97e-05,24.14302613
1.12e-05,0.000132012,2.666667e-06,6.4e-05,25.18445379
1.12e-05,0.000132012,2.666667e-06,6.83e-05,26.22096655
1.12e-05,0.000132012,2.666667e-06,7.25e-05,27.25660611
1.12e-05,0.000132012,2.666667e-06,7.68e-05,28.30407643
1.12e-05,0.000132012,2.666667e-06,8.11e-05,29.37498555
1.12e-05,0.000132012,2.666667e-06,8.53e-05,30.48239733
1.12e-05,0.000132012,2.666667e-06,8.96e-05,31.63618023
1.12e-05,0.000132012,2.933333e-06,3.84e-05,17.63760663
1.12e-05,0.000132012,2.933333e-06,4.27e-05,18.93010122
1.12e-05,0.000132012,2.933333e-06,4.69e-05,20.14174625
1.12e-05,0.000132012,2.933333e-06,5.12e-05,21.29366972
1.12e-05,0.000132012,2.933333e-06,5.55e-05,22.40205336
1.12e-05,0.000132012,2.933333e-06,5.97e-05,23.48078412
1.12e-05,0.000132012,2.933333e-06,6.4e-05,24.53941037
1.12e-05,0.000132012,2.933333e-06,6.83e-05,25.59709084
1.12e-05,0.000132012,2.933333e-06,7.25e-05,26.65653981
1.12e-05,0.000132012,2.933333e-06,7.68e-05,27.73139831
1.12e-05,0.000132012,2.933333e-06,8.11e-05,28.83470245
1.12e-05,0.000132012,2.933333e-06,8.53e-05,29.98150373
1.12e-05,0.000132012,2.933333e-06,8.96e-05,31.19785224
1.12e-05,0.000132012,2.933333e-06,3.84e-05,17.89325756
1.12e-05,0.000132012,2.933333e-06,4.27e-05,19.18265241
1.12e-05,0.000132012,2.933333e-06,4.69e-05,20.39080061
1.12e-05,0.000132012,2.933333e-06,5.12e-05,21.53854439
1.12e-05,0.000132012,2.933333e-06,5.55e-05,22.64205189
1.12e-05,0.000132012,2.933333e-06,5.97e-05,23.71521667
1.12e-05,0.000132012,2.933333e-06,6.4e-05,24.76744439
1.12e-05,0.000132012,2.933333e-06,6.83e-05,25.81745874
1.12e-05,0.000132012,2.933333e-06,7.25e-05,26.86823721
1.12e-05,0.000132012,2.933333e-06,7.68e-05,27.93320634
1.12e-05,0.000132012,2.933333e-06,8.11e-05,29.02482317
1.12e-05,0.000132012,2.933333e-06,8.53e-05,30.1573431
1.12e-05,0.000132012,2.933333e-06,8.96e-05,31.3531192
1.12e-05,0.000132012,3.2e-06,3.84e-05,18.03573697
1.12e-05,0.000132012,3.2e-06,4.27e-05,19.32119231
1.12e-05,0.000132012,3.2e-06,4.69e-05,20.52971466
1.12e-05,0.000132012,3.2e-06,5.12e-05,21.67519778
1.12e-05,0.000132012,3.2e-06,5.55e-05,22.77607981
1.12e-05,0.000132012,3.2e-06,5.97e-05,23.84623673
1.12e-05,0.000132012,3.2e-06,6.4e-05,24.89504552
1.12e-05,0.000132012,3.2e-06,6.83e-05,25.94085273
1.12e-05,0.000132012,3.2e-06,7.25e-05,26.9869001
1.12e-05,0.000132012,3.2e-06,7.68e-05,28.04642689
1.12e-05,0.000132012,3.2e-06,8.11e-05,29.13160844
1.12e-05,0.000132012,3.2e-06,8.53e-05,30.25630454
1.12e-05,0.000132012,3.2e-06,8.96e-05,31.43136818
1.12e-05,0.000132012,3.2e-06,3.84e-05,17.31184735
1.12e-05,0.000132012,3.2e-06,4.27e-05,18.60858186
1.12e-05,0.000132012,3.2e-06,4.69e-05,19.82473032
1.12e-05,0.000132012,3.2e-06,5.12e-05,20.98191391
1.12e-05,0.000132012,3.2e-06,5.55e-05,22.0972222
1.12e-05,0.000132012,3.2e-06,5.97e-05,23.18335743
1.12e-05,0.000132012,3.2e-06,6.4e-05,24.2506797
1.12e-05,0.000132012,3.2e-06,6.83e-05,25.31831099
1.12e-05,0.000132012,3.2e-06,7.25e-05,26.38913
1.12e-05,0.000132012,3.2e-06,7.68e-05,27.47671858
1.12e-05,0.000132012,3.2e-06,8.11e-05,28.60364615
1.12e-05,0.000132012,3.2e-06,8.53e-05,29.77270419
1.12e-05,0.000132012,3.2e-06,8.96e-05,31.00534811
1.12e-05,0.000132012,3.466667e-06,3.84e-05,17.41385012
1.12e-05,0.000132012,3.466667e-06,4.27e-05,18.7092156
1.12e-05,0.000132012,3.466667e-06,4.69e-05,19.92395908
1.12e-05,0.000132012,3.466667e-06,5.12e-05,21.07954645
1.12e-05,0.000132012,3.466667e-06,5.55e-05,22.19254534
1.12e-05,0.000132012,3.466667e-06,5.97e-05,23.27632474
1.12e-05,0.000132012,3.466667e-06,6.4e-05,24.34085554
1.12e-05,0.000132012,3.466667e-06,6.83e-05,25.40535104
1.12e-05,0.000132012,3.466667e-06,7.25e-05,26.47257274
1.12e-05,0.000132012,3.466667e-06,7.68e-05,27.55616714
1.12e-05,0.000132012,3.466667e-06,8.11e-05,28.66978946
1.12e-05,0.000132012,3.466667e-06,8.53e-05,29.83995004
1.12e-05,0.000132012,3.466667e-06,8.96e-05,31.06496936
1.12e-05,0.000132012,3.466667e-06,3.84e-05,8.943596846
1.12e-05,0.000132012,3.466667e-06,4.27e-05,10.03212576
1.12e-05,0.000132012,3.466667e-06,4.69e-05,11.01661307
1.12e-05,0.000132012,3.466667e-06,5.12e-05,11.91692772
1.12e-05,0.000132012,3.466667e-06,5.55e-05,12.74778388
1.12e-05,0.000132012,3.466667e-06,5.97e-05,13.52043927
1.12e-05,0.000132012,3.466667e-06,6.4e-05,14.24386492
1.12e-05,0.000132012,3.466667e-06,6.83e-05,14.92478148
1.12e-05,0.000132012,3.466667e-06,7.25e-05,15.56892609
1.12e-05,0.000132012,3.466667e-06,7.68e-05,16.18094633
1.12e-05,0.000132012,3.466667e-06,8.11e-05,16.76468323
1.12e-05,0.000132012,3.466667e-06,8.53e-05,17.32337948
1.12e-05,0.000132012,3.466667e-06,8.96e-05,17.85979103
1.12e-05,0.000132012,3.733333e-06,3.84e-05,8.454786813
1.12e-05,0.000132012,3.733333e-06,4.27e-05,9.543485336
1.12e-05,0.000132012,3.733333e-06,4.69e-05,10.52847099
1.12e-05,0.000132012,3.733333e-06,5.12e-05,11.42935355
1.12e-05,0.000132012,3.733333e-06,5.55e-05,12.25995807
1.12e-05,0.000132012,3.733333e-06,5.97e-05,13.0343481
1.12e-05,0.000132012,3.733333e-06,6.4e-05,13.75866148
1.12e-05,0.000132012,3.733333e-06,6.83e-05,14.44053721
1.12e-05,0.000132012,3.733333e-06,7.25e-05,15.08571879
1.12e-05,0.000132012,3.733333e-06,7.68e-05,15.69889414
1.12e-05,0.000132012,3.733333e-06,8.11e-05,16.28386369
1.12e-05,0.000132012,3.733333e-06,8.53e-05,16.84387048
1.12e-05,0.000132012,3.733333e-06,8.96e-05,17.38167143
1.12e-05,0.000132012,3.733333e-06,3.84e-05,8.24665238
1.12e-05,0.000132012,3.733333e-06,4.27e-05,9.335406268
1.12e-05,0.000132012,3.733333e-06,4.69e-05,10.32068334
1.12e-05,0.000132012,3.733333e-06,5.12e-05,11.22183795
1.12e-05,0.000132012,3.733333e-06,5.55e-05,12.05300602
1.12e-05,0.000132012,3.733333e-06,5.97e-05,12.82753195
1.12e-05,0.000132012,3.733333e-06,6.4e-05,13.55225039
1.12e-05,0.000132012,3.733333e-06,6.83e-05,14.2345597
1.12e-05,0.000132012,3.733333e-06,7.25e-05,14.88020062
1.12e-05,0.000132012,3.733333e-06,7.68e-05,15.49390744
1.12e-05,0.000132012,3.733333e-06,8.11e-05,16.0794407
1.12e-05,0.000132012,3.733333e-06,8.53e-05,16.64004408
1.12e-05,0.000132012,3.733333e-06,8.96e-05,17.17847523
1.12e-05,0.000132012,4.8e-06,3.84e-05,7.884119299
1.12e-05,0.000132012,4.8e-06,4.27e-05,8.97283806
1.12e-05,0.000132012,4.8e-06,4.69e-05,9.958842712
1.12e-05,0.000132012,4.8e-06,5.12e-05,10.86051582
1.12e-05,0.000132012,4.8e-06,5.55e-05,11.69263535
1.12e-05,0.000132012,4.8e-06,5.97e-05,12.46752414
1.12e-05,0.000132012,4.8e-06,6.4e-05,13.19298776
1.12e-05,0.000132012,4.8e-06,6.83e-05,13.87608103
1.12e-05,0.000132012,4.8e-06,7.25e-05,14.52251677
1.12e-05,0.000132012,4.8e-06,7.68e-05,15.13721608
1.12e-05,0.000132012,4.8e-06,8.11e-05,15.72379475
1.12e-05,0.000132012,4.8e-06,8.53e-05,16.2854987
1.12e-05,0.000132012,4.8e-06,8.96e-05,16.82508783
1.12e-05,0.000132012,4.8e-06,3.84e-05,7.311622943
1.12e-05,0.000132012,4.8e-06,4.27e-05,8.401371667
1.12e-05,0.000132012,4.8e-06,4.69e-05,9.387662885
1.12e-05,0.000132012,4.8e-06,5.12e-05,10.29028678
1.12e-05,0.000132012,4.8e-06,5.55e-05,11.12379177
1.12e-05,0.000132012,4.8e-06,5.97e-05,11.89961114
1.12e-05,0.000132012,4.8e-06,6.4e-05,12.62636371
1.12e-05,0.000132012,4.8e-06,6.83e-05,13.31074201
1.12e-05,0.000132012,4.8e-06,7.25e-05,13.95819267
1.12e-05,0.000132012,4.8e-06,7.68e-05,14.57469089
1.12e-05,0.000132012,4.8e-06,8.11e-05,15.16313335
1.12e-05,0.000132012,4.8e-06,8.53e-05,15.72677266
1.12e-05,0.000132012,4.8e-06,8.96e-05,16.26837692
1.12e-05,0.000132012,4.266667e-06,3.84e-05,7.439696114
1.12e-05,0.000132012,4.266667e-06,4.27e-05,8.529299453
1.12e-05,0.000132012,4.266667e-06,4.69e-05,9.515418953
1.12e-05,0.000132012,4.266667e-06,5.12e-05,10.41781307
1.12e-05,0.000132012,4.266667e-06,5.55e-05,11.25101997
1.12e-05,0.000132012,4.266667e-06,5.97e-05,12.02659453
1.12e-05,0.000132012,4.266667e-06,6.4e-05,12.75304588
1.12e-05,0.000132012,4.266667e-06,6.83e-05,13.43713377
1.12e-05,0.000132012,4.266667e-06,7.25e-05,14.08441148
1.12e-05,0.000132012,4.266667e-06,7.68e-05,14.70047623
1.12e-05,0.000132012,4.266667e-06,8.11e-05,15.28847343
1.12e-05,0.000132012,4.266667e-06,8.53e-05,15.85165429
1.12e-05,0.000132012,4.266667e-06,8.96e-05,16.39278436
1.12e-05,0.000132012,4.266667e-06,3.84e-05,7.724579238
1.12e-05,0.000132012,4.266667e-06,4.27e-05,8.813172662
1.12e-05,0.000132012,4.266667e-06,4.69e-05,9.79964269
1.12e-05,0.000132012,4.266667e-06,5.12e-05,10.70156282
1.12e-05,0.000132012,4.266667e-06,5.55e-05,11.53408295
1.12e-05,0.000132012,4.266667e-06,5.97e-05,12.30918753
1.12e-05,0.000132012,4.266667e-06,6.4e-05,13.03499586
1.12e-05,0.000132012,4.266667e-06,6.83e-05,13.71844305
1.12e-05,0.000132012,4.266667e-06,7.25e-05,14.36520941
1.12e-05,0.000132012,4.266667e-06,7.68e-05,14.98037725
1.12e-05,0.000132012,4.266667e-06,8.11e-05,15.56744539
1.12e-05,0.000132012,4.266667e-06,8.53e-05,16.12966144
1.12e-05,0.000132012,4.266667e-06,8.96e-05,16.66978686
1.12e-05,0.000132012,4.533333e-06,3.84e-05,7.191681079
1.12e-05,0.000132012,4.533333e-06,4.27e-05,8.281578657
1.12e-05,0.000132012,4.533333e-06,4.69e-05,9.268030935
1.12e-05,0.000132012,4.533333e-06,5.12e-05,10.17088227
1.12e-05,0.000132012,4.533333e-06,5.55e-05,11.00466185
1.12e-05,0.000132012,4.533333e-06,5.97e-05,11.78072761
1.12e-05,0.000132012,4.533333e-06,6.4e-05,12.50776941
1.12e-05,0.000132012,4.533333e-06,6.83e-05,13.19242055
1.12e-05,0.000132012,4.533333e-06,7.25e-05,13.83998018
1.12e-05,0.000132012,4.533333e-06,7.68e-05,14.45690786
1.12e-05,0.000132012,4.533333e-06,8.11e-05,15.04578622
1.12e-05,0.000132012,4.533333e-06,8.53e-05,15.60987136
1.12e-05,0.000132012,4.533333e-06,8.96e-05,16.15193446
1.12e-05,0.000132012,4.533333e-06,3.84e-05,7.078997588
1.12e-05,0.000132012,4.533333e-06,4.27e-05,8.169048853
1.12e-05,0.000132012,4.533333e-06,4.69e-05,9.15564979
1.12e-05,0.000132012,4.533333e-06,5.12e-05,10.05872846
1.12e-05,0.000132012,4.533333e-06,5.55e-05,10.89276366
1.12e-05,0.000132012,4.533333e-06,5.97e-05,11.66907413
1.12e-05,0.000132012,4.533333e-06,6.4e-05,12.39639411
1.12e-05,0.000132012,4.533333e-06,6.83e-05,13.08130231
1.12e-05,0.000132012,4.533333e-06,7.25e-05,13.72890157
1.12e-05,0.000132012,4.533333e-06,7.68e-05,14.34625581
1.12e-05,0.000132012,4.533333e-06,8.11e-05,14.93556465
1.12e-05,0.000132012,4.533333e-06,8.53e-05,15.50008522
1.12e-05,0.000132012,4.533333e-06,8.96e-05,16.04259404
1.12e-05,0.000132012,4e-06,3.84e-05,36.95718119
1.12e-05,0.000132012,4e-06,4.27e-05,41.88159277
1.12e-05,0.000132012,4e-06,4.69e-05,46.76768509
1.12e-05,0.000132012,4e-06,5.12e-05,50.21111189
1.12e-05,0.000132012,4e-06,5.55e-05,52.44831695
1.12e-05,0.000132012,4e-06,5.97e-05,53.85881959
1.12e-05,0.000132012,4e-06,6.4e-05,54.72067001
1.12e-05,0.000132012,4e-06,6.83e-05,55.24344394
1.12e-05,0.000132012,4e-06,7.25e-05,55.55768094
1.12e-05,0.000132012,4e-06,7.68e-05,55.7387704
1.12e-05,0.000132012,4e-06,8.11e-05,55.8292023
1.12e-05,0.000132012,4e-06,8.53e-05,55.85273851
1.12e-05,0.000132012,4e-06,8.96e-05,55.82231917
1.12e-05,0.000132012,4e-06,3.84e-05,36.87881435
1.12e-05,0.000132012,4e-06,4.27e-05,41.8930602
1.12e-05,0.000132012,4e-06,4.69e-05,46.808501
1.12e-05,0.000132012,4e-06,5.12e-05,50.2190822
1.12e-05,0.000132012,4e-06,5.55e-05,52.41700525
1.12e-05,0.000132012,4e-06,5.97e-05,53.79708638
1.12e-05,0.000132012,4e-06,6.4e-05,54.64092815
1.12e-05,0.000132012,4e-06,6.83e-05,55.15480711
1.12e-05,0.000132012,4e-06,7.25e-05,55.46588177
1.12e-05,0.000132012,4e-06,7.68e-05,55.64730239
1.12e-05,0.000132012,4e-06,8.11e-05,55.74030208
1.12e-05,0.000132012,4e-06,8.53e-05,55.76800394
1.12e-05,0.000132012,4e-06,8.96e-05,55.74307626
1.12e-05,0.000132012,5.6e-06,3.84e-05,36.75444746
1.12e-05,0.000132012,5.6e-06,4.27e-05,41.92498614
1.12e-05,0.000132012,5.6e-06,4.69e-05,46.88083387
1.12e-05,0.000132012,5.6e-06,5.12e-05,50.22870393
1.12e-05,0.000132012,5.6e-06,5.55e-05,52.35719731
1.12e-05,0.000132012,5.6e-06,5.97e-05,53.68518334
1.12e-05,0.000132012,5.6e-06,6.4e-05,54.49858427
1.12e-05,0.000132012,5.6e-06,6.83e-05,54.99757077
1.12e-05,0.000132012,5.6e-06,7.25e-05,55.30343871
1.12e-05,0.000132012,5.6e-06,7.68e-05,55.48553673
1.12e-05,0.000132012,5.6e-06,8.11e-05,55.5829767
1.12e-05,0.000132012,5.6e-06,8.53e-05,55.61780195
1.12e-05,0.000132012,5.6e-06,8.96e-05,55.6022154
1.12e-05,0.000132012,5.6e-06,3.84e-05,36.70432495
1.12e-05,0.000132012,5.6e-06,4.27e-05,41.94359765
1.12e-05,0.000132012,5.6e-06,4.69e-05,46.91292972
1.12e-05,0.000132012,5.6e-06,5.12e-05,50.23117151
1.12e-05,0.000132012,5.6e-06,5.55e-05,52.32880733
1.12e-05,0.000132012,5.6e-06,5.97e-05,53.6342512
1.12e-05,0.000132012,5.6e-06,6.4e-05,54.43462645
1.12e-05,0.000132012,5.6e-06,6.83e-05,54.92729103
1.12e-05,0.000132012,5.6e-06,7.25e-05,55.23097945
1.12e-05,0.000132012,5.6e-06,7.68e-05,55.41340831
1.12e-05,0.000132012,5.6e-06,8.11e-05,55.5127831
1.12e-05,0.000132012,5.6e-06,8.53e-05,55.55068482
1.12e-05,0.000132012,5.6e-06,8.96e-05,55.5391147
1.12e-05,0.000132012,5.066667e-06,3.84e-05,36.62117701
1.12e-05,0.000132012,5.066667e-06,4.27e-05,41.98325358
1.12e-05,0.000132012,5.066667e-06,4.69e-05,46.97024383
1.12e-05,0.000132012,5.066667e-06,5.12e-05,50.23279274
1.12e-05,0.000132012,5.066667e-06,5.55e-05,52.27503126
1.12e-05,0.000132012,5.066667e-06,5.97e-05,53.54084485
1.12e-05,0.000132012,5.066667e-06,6.4e-05,54.31852191
1.12e-05,0.000132012,5.066667e-06,6.83e-05,54.80023672
1.12e-05,0.000132012,5.066667e-06,7.25e-05,55.10019051
1.12e-05,0.000132012,5.066667e-06,7.68e-05,55.28324972
1.12e-05,0.000132012,5.066667e-06,8.11e-05,55.38604217
1.12e-05,0.000132012,5.066667e-06,8.53e-05,55.4293424
1.12e-05,0.000132012,5.066667e-06,8.96e-05,55.42479611
1.12e-05,0.000132012,5.066667e-06,3.84e-05,36.58617462
1.12e-05,0.000132012,5.066667e-06,4.27e-05,42.00357706
1.12e-05,0.000132012,5.066667e-06,4.69e-05,46.99589072
1.12e-05,0.000132012,5.066667e-06,5.12e-05,50.23232554
1.12e-05,0.000132012,5.066667e-06,5.55e-05,52.24958306
1.12e-05,0.000132012,5.066667e-06,5.97e-05,53.49785193
1.12e-05,0.000132012,5.066667e-06,6.4e-05,54.26555914
1.12e-05,0.000132012,5.066667e-06,6.83e-05,54.74248985
1.12e-05,0.000132012,5.066667e-06,7.25e-05,55.04082737
1.12e-05,0.000132012,5.066667e-06,7.68e-05,55.22418413
1.12e-05,0.000132012,5.066667e-06,8.11e-05,55.32849565
1.12e-05,0.000132012,5.066667e-06,8.53e-05,55.37418179
1.12e-05,0.000132012,5.066667e-06,8.96e-05,55.37273036
1.12e-05,0.000132012,5.333333e-06,3.84e-05,36.49498907
1.12e-05,0.000132012,5.333333e-06,4.27e-05,42.08326684
1.12e-05,0.000132012,5.333333e-06,4.69e-05,47.08238729
1.12e-05,0.000132012,5.333333e-06,5.12e-05,50.22484396
1.12e-05,0.000132012,5.333333e-06,5.55e-05,52.15642725
1.12e-05,0.000132012,5.333333e-06,5.97e-05,53.34591156
1.12e-05,0.000132012,5.333333e-06,6.4e-05,54.08054899
1.12e-05,0.000132012,5.333333e-06,6.83e-05,54.54171532
1.12e-05,0.000132012,5.333333e-06,7.25e-05,54.83479149
1.12e-05,0.000132012,5.333333e-06,7.68e-05,55.01922259
1.12e-05,0.000132012,5.333333e-06,8.11e-05,55.12865046
1.12e-05,0.000132012,5.333333e-06,8.53e-05,55.1823159
1.12e-05,0.000132012,5.333333e-06,8.96e-05,55.19117462
1.12e-05,0.000132012,5.333333e-06,3.84e-05,36.52569087
1.12e-05,0.000132012,5.333333e-06,4.27e-05,42.04403548
1.12e-05,0.000132012,5.333333e-06,4.69e-05,47.04206418
1.12e-05,0.000132012,5.333333e-06,5.12e-05,50.22951697
1.12e-05,0.000132012,5.333333e-06,5.55e-05,52.20136382
1.12e-05,0.000132012,5.333333e-06,5.97e-05,53.41821844
1.12e-05,0.000132012,5.333333e-06,6.4e-05,54.16819045
1.12e-05,0.000132012,5.333333e-06,6.83e-05,54.63664729
1.12e-05,0.000132012,5.333333e-06,7.25e-05,54.93214442
1.12e-05,0.000132012,5.333333e-06,7.68e-05,55.11606072
1.12e-05,0.000132012,5.333333e-06,8.11e-05,55.22310115
1.12e-05,0.000132012,5.333333e-06,8.53e-05,55.27305381
1.12e-05,0.000132012,5.333333e-06,8.96e-05,55.27712278
1.12e-05,0.0003889991,2.4e-06,3.84e-05,19.12875418
1.12e-05,0.0003889991,2.4e-06,4.27e-05,20.40463815
1.12e-05,0.0003889991,2.4e-06,4.69e-05,21.59589511
1.12e-05,0.0003889991,2.4e-06,5.12e-05,22.72365924
1.12e-05,0.0003889991,2.4e-06,5.55e-05,23.80413583
1.12e-05,0.0003889991,2.4e-06,5.97e-05,24.84993142
1.12e-05,0.0003889991,2.4e-06,6.4e-05,25.87377201
1.12e-05,0.0003889991,2.4e-06,6.83e-05,26.88459784
1.12e-05,0.0003889991,2.4e-06,7.25e-05,27.89262905
1.12e-05,0.0003889991,2.4e-06,7.68e-05,28.90770396
1.12e-05,0.0003889991,2.4e-06,8.11e-05,29.94021663
1.12e-05,0.0003889991,2.4e-06,8.53e-05,31.00009495
1.12e-05,0.0003889991,2.4e-06,8.96e-05,32.10389774
1.12e-05,0.0003889991,2.4e-06,3.84e-05,18.8763745
1.12e-05,0.0003889991,2.4e-06,4.27e-05,20.15529485
1.12e-05,0.0003889991,2.4e-06,4.69e-05,21.34935381
1.12e-05,0.0003889991,2.4e-06,5.12e-05,22.48041723
1.12e-05,0.0003889991,2.4e-06,5.55e-05,23.56472756
1.12e-05,0.0003889991,2.4e-06,5.97e-05,24.6149257
1.12e-05,0.0003889991,2.4e-06,6.4e-05,25.64409893
1.12e-05,0.0003889991,2.4e-06,6.83e-05,26.66104874
1.12e-05,0.0003889991,2.4e-06,7.25e-05,27.67622175
1.12e-05,0.0003889991,2.4e-06,7.68e-05,28.69968942
1.12e-05,0.0003889991,2.4e-06,8.11e-05,29.74218811
1.12e-05,0.0003889991,2.4e-06,8.53e-05,30.81337786
1.12e-05,0.0003889991,2.4e-06,8.96e-05,31.93190331
1.12e-05,0.0003889991,2.666667e-06,3.84e-05,18.45120729
1.12e-05,0.0003889991,2.666667e-06,4.27e-05,19.73263787
1.12e-05,0.0003889991,2.666667e-06,4.69e-05,20.93166687
1.12e-05,0.0003889991,2.666667e-06,5.12e-05,22.06875133
1.12e-05,0.0003889991,2.666667e-06,5.55e-05,23.15991807
1.12e-05,0.0003889991,2.666667e-06,5.97e-05,24.21797831
1.12e-05,0.0003889991,2.666667e-06,6.4e-05,25.25662584
1.12e-05,0.0003889991,2.666667e-06,6.83e-05,26.28442293
1.12e-05,0.0003889991,2.666667e-06,7.25e-05,27.31214754
1.12e-05,0.0003889991,2.666667e-06,7.68e-05,28.35032286
1.12e-05,0.0003889991,2.666667e-06,8.11e-05,29.41031068
1.12e-05,0.0003889991,2.666667e-06,8.53e-05,30.50279639
1.12e-05,0.0003889991,2.666667e-06,8.96e-05,31.6447867
1.12e-05,0.0003889991,2.666667e-06,3.84e-05,18.26753876
1.12e-05,0.0003889991,2.666667e-06,4.27e-05,19.55081398
1.12e-05,0.0003889991,2.666667e-06,4.69e-05,20.751949
1.12e-05,0.0003889991,2.666667e-06,5.12e-05,21.89194088
1.12e-05,0.0003889991,2.666667e-06,5.55e-05,22.98619924
1.12e-05,0.0003889991,2.666667e-06,5.97e-05,24.04781074
1.12e-05,0.0003889991,2.666667e-06,6.4e-05,25.09069906
1.12e-05,0.0003889991,2.666667e-06,6.83e-05,26.12334128
1.12e-05,0.0003889991,2.666667e-06,7.25e-05,27.15663164
1.12e-05,0.0003889991,2.666667e-06,7.68e-05,28.20129617
1.12e-05,0.0003889991,2.666667e-06,8.11e-05,29.26902616
1.12e-05,0.0003889991,2.666667e-06,8.53e-05,30.3713072
1.12e-05,0.0003889991,2.666667e-06,8.96e-05,31.53316181
1.12e-05,0.0003889991,2.933333e-06,3.84e-05,17.54627867
1.12e-05,0.0003889991,2.933333e-06,4.27e-05,18.83647073
1.12e-05,0.0003889991,2.933333e-06,4.69e-05,20.04884733
1.12e-05,0.0003889991,2.933333e-06,5.12e-05,21.19912817
1.12e-05,0.0003889991,2.933333e-06,5.55e-05,22.30510317
1.12e-05,0.0003889991,2.933333e-06,5.97e-05,23.3836255
1.12e-05,0.0003889991,2.933333e-06,6.4e-05,24.44407859
1.12e-05,0.0003889991,2.933333e-06,6.83e-05,25.49672936
1.12e-05,0.0003889991,2.933333e-06,7.25e-05,26.55238146
1.12e-05,0.0003889991,2.933333e-06,7.68e-05,27.62287921
1.12e-05,0.0003889991,2.933333e-06,8.11e-05,28.7328664
1.12e-05,0.0003889991,2.933333e-06,8.53e-05,29.87847075
1.12e-05,0.0003889991,2.933333e-06,8.96e-05,31.08276132
1.12e-05,0.0003889991,2.933333e-06,3.84e-05,17.80242725
1.12e-05,0.0003889991,2.933333e-06,4.27e-05,19.09032604
1.12e-05,0.0003889991,2.933333e-06,4.69e-05,20.29568577
1.12e-05,0.0003889991,2.933333e-06,5.12e-05,21.44346297
1.12e-05,0.0003889991,2.933333e-06,5.55e-05,22.54500957
1.12e-05,0.0003889991,2.933333e-06,5.97e-05,23.61873895
1.12e-05,0.0003889991,2.933333e-06,6.4e-05,24.67279067
1.12e-05,0.0003889991,2.933333e-06,6.83e-05,25.71816438
1.12e-05,0.0003889991,2.933333e-06,7.25e-05,26.76583148
1.12e-05,0.0003889991,2.933333e-06,7.68e-05,27.82715695
1.12e-05,0.0003889991,2.933333e-06,8.11e-05,28.91488791
1.12e-05,0.0003889991,2.933333e-06,8.53e-05,30.05316765
1.12e-05,0.0003889991,2.933333e-06,8.96e-05,31.23957776
1.12e-05,0.0003889991,3.2e-06,3.84e-05,17.9451841
1.12e-05,0.0003889991,3.2e-06,4.27e-05,19.23169511
1.12e-05,0.0003889991,3.2e-06,4.69e-05,20.43604433
1.12e-05,0.0003889991,3.2e-06,5.12e-05,21.57947219
1.12e-05,0.0003889991,3.2e-06,5.55e-05,22.67895151
1.12e-05,0.0003889991,3.2e-06,5.97e-05,23.75014431
1.12e-05,0.0003889991,3.2e-06,6.4e-05,24.8007061
1.12e-05,0.0003889991,3.2e-06,6.83e-05,25.84210282
1.12e-05,0.0003889991,3.2e-06,7.25e-05,26.88532812
1.12e-05,0.0003889991,3.2e-06,7.68e-05,27.94152263
1.12e-05,0.0003889991,3.2e-06,8.11e-05,29.02306997
1.12e-05,0.0003889991,3.2e-06,8.53e-05,30.14381918
1.12e-05,0.0003889991,3.2e-06,8.96e-05,31.32849403
1.12e-05,0.0003889991,3.2e-06,3.84e-05,17.21991859
1.12e-05,0.0003889991,3.2e-06,4.27e-05,18.5156926
1.12e-05,0.0003889991,3.2e-06,4.69e-05,19.7312926
1.12e-05,0.0003889991,3.2e-06,5.12e-05,20.88759195
1.12e-05,0.0003889991,3.2e-06,5.55e-05,22.00019309
1.12e-05,0.0003889991,3.2e-06,5.97e-05,23.085352
1.12e-05,0.0003889991,3.2e-06,6.4e-05,24.15422605
1.12e-05,0.0003889991,3.2e-06,6.83e-05,25.21639253
1.12e-05,0.0003889991,3.2e-06,7.25e-05,26.28211835
1.12e-05,0.0003889991,3.2e-06,7.68e-05,27.37552027
1.12e-05,0.0003889991,3.2e-06,8.11e-05,28.49491027
1.12e-05,0.0003889991,3.2e-06,8.53e-05,29.66017007
1.12e-05,0.0003889991,3.2e-06,8.96e-05,30.88815395
1.12e-05,0.0003889991,3.466667e-06,3.84e-05,17.32210157
1.12e-05,0.0003889991,3.466667e-06,4.27e-05,18.61390223
1.12e-05,0.0003889991,3.466667e-06,4.69e-05,19.83066558
1.12e-05,0.0003889991,3.466667e-06,5.12e-05,20.98512883
1.12e-05,0.0003889991,3.466667e-06,5.55e-05,22.09557002
1.12e-05,0.0003889991,3.466667e-06,5.97e-05,23.17858244
1.12e-05,0.0003889991,3.466667e-06,6.4e-05,24.24478696
1.12e-05,0.0003889991,3.466667e-06,6.83e-05,25.30394599
1.12e-05,0.0003889991,3.466667e-06,7.25e-05,26.36654135
1.12e-05,0.0003889991,3.466667e-06,7.68e-05,27.454806
1.12e-05,0.0003889991,3.466667e-06,8.11e-05,28.56898109
1.12e-05,0.0003889991,3.466667e-06,8.53e-05,29.72799563
1.12e-05,0.0003889991,3.466667e-06,8.96e-05,30.94844944
1.12e-05,0.0003889991,3.466667e-06,3.84e-05,8.852613497
1.12e-05,0.0003889991,3.466667e-06,4.27e-05,9.941276275
1.12e-05,0.0003889991,3.466667e-06,4.69e-05,10.92563661
1.12e-05,0.0003889991,3.466667e-06,5.12e-05,11.82568473
1.12e-05,0.0003889991,3.466667e-06,5.55e-05,12.65653628
1.12e-05,0.0003889991,3.466667e-06,5.97e-05,13.42830987
1.12e-05,0.0003889991,3.466667e-06,6.4e-05,14.15234143
1.12e-05,0.0003889991,3.466667e-06,6.83e-05,14.83310253
1.12e-05,0.0003889991,3.466667e-06,7.25e-05,15.47710102
1.12e-05,0.0003889991,3.466667e-06,7.68e-05,16.0889544
1.12e-05,0.0003889991,3.466667e-06,8.11e-05,16.67251761
1.12e-05,0.0003889991,3.466667e-06,8.53e-05,17.2310332
1.12e-05,0.0003889991,3.466667e-06,8.96e-05,17.76725693
1.12e-05,0.0003889991,3.733333e-06,3.84e-05,8.363234478
1.12e-05,0.0003889991,3.733333e-06,4.27e-05,9.451925504
1.12e-05,0.0003889991,3.733333e-06,4.69e-05,10.43671399
1.12e-05,0.0003889991,3.733333e-06,5.12e-05,11.3374168
1.12e-05,0.0003889991,3.733333e-06,5.55e-05,12.16886569
1.12e-05,0.0003889991,3.733333e-06,5.97e-05,12.94225988
1.12e-05,0.0003889991,3.733333e-06,6.4e-05,13.66632774
1.12e-05,0.0003889991,3.733333e-06,6.83e-05,14.34802566
1.12e-05,0.0003889991,3.733333e-06,7.25e-05,14.99309056
1.12e-05,0.0003889991,3.733333e-06,7.68e-05,15.60608847
1.12e-05,0.0003889991,3.733333e-06,8.11e-05,16.19087387
1.12e-05,0.0003889991,3.733333e-06,8.53e-05,16.75068956
1.12e-05,0.0003889991,3.733333e-06,8.96e-05,17.28829212
1.12e-05,0.0003889991,3.733333e-06,3.84e-05,8.15475682
1.12e-05,0.0003889991,3.733333e-06,4.27e-05,9.243567312
1.12e-05,0.0003889991,3.733333e-06,4.69e-05,10.22857784
1.12e-05,0.0003889991,3.733333e-06,5.12e-05,11.12957368
1.12e-05,0.0003889991,3.733333e-06,5.55e-05,11.96132423
1.12e-05,0.0003889991,3.733333e-06,5.97e-05,12.7350831
1.12e-05,0.0003889991,3.733333e-06,6.4e-05,13.45955139
1.12e-05,0.0003889991,3.733333e-06,6.83e-05,14.14166172
1.12e-05,0.0003889991,3.733333e-06,7.25e-05,14.78721977
1.12e-05,0.0003889991,3.733333e-06,7.68e-05,15.400743
1.12e-05,0.0003889991,3.733333e-06,8.11e-05,15.98608626
1.12e-05,0.0003889991,3.733333e-06,8.53e-05,16.54649286
1.12e-05,0.0003889991,3.733333e-06,8.96e-05,17.08472007
1.12e-05,0.0003889991,4.8e-06,3.84e-05,7.791603864
1.12e-05,0.0003889991,4.8e-06,4.27e-05,8.88062849
1.12e-05,0.0003889991,4.8e-06,4.69e-05,9.866107315
1.12e-05,0.0003889991,4.8e-06,5.12e-05,10.76763807
1.12e-05,0.0003889991,4.8e-06,5.55e-05,11.59997712
1.12e-05,0.0003889991,4.8e-06,5.97e-05,12.37441609
1.12e-05,0.0003889991,4.8e-06,6.4e-05,13.09962
1.12e-05,0.0003889991,4.8e-06,6.83e-05,13.78243382
1.12e-05,0.0003889991,4.8e-06,7.25e-05,14.42891733
1.12e-05,0.0003889991,4.8e-06,7.68e-05,15.043418
1.12e-05,0.0003889991,4.8e-06,8.11e-05,15.62979273
1.12e-05,0.0003889991,4.8e-06,8.53e-05,16.19128686
1.12e-05,0.0003889991,4.8e-06,8.96e-05,16.73065968
1.12e-05,0.0003889991,4.8e-06,3.84e-05,7.218079074
1.12e-05,0.0003889991,4.8e-06,4.27e-05,8.307223505
1.12e-05,0.0003889991,4.8e-06,4.69e-05,9.293887457
1.12e-05,0.0003889991,4.8e-06,5.12e-05,10.19634979
1.12e-05,0.0003889991,4.8e-06,5.55e-05,11.02975682
1.12e-05,0.0003889991,4.8e-06,5.97e-05,11.80538756
1.12e-05,0.0003889991,4.8e-06,6.4e-05,12.53184354
1.12e-05,0.0003889991,4.8e-06,6.83e-05,13.2154938
1.12e-05,0.0003889991,4.8e-06,7.25e-05,13.86367142
1.12e-05,0.0003889991,4.8e-06,7.68e-05,14.47992736
1.12e-05,0.0003889991,4.8e-06,8.11e-05,15.06812431
1.12e-05,0.0003889991,4.8e-06,8.53e-05,15.63151633
1.12e-05,0.0003889991,4.8e-06,8.96e-05,16.17287033
1.12e-05,0.0003889991,4.266667e-06,3.84e-05,7.34638628
1.12e-05,0.0003889991,4.266667e-06,4.27e-05,8.435559985
1.12e-05,0.0003889991,4.266667e-06,4.69e-05,9.421878195
1.12e-05,0.0003889991,4.266667e-06,5.12e-05,10.32412147
1.12e-05,0.0003889991,4.266667e-06,5.55e-05,11.1572763
1.12e-05,0.0003889991,4.266667e-06,5.97e-05,11.93262783
1.12e-05,0.0003889991,4.266667e-06,6.4e-05,12.65879454
1.12e-05,0.0003889991,4.266667e-06,6.83e-05,13.3423171
1.12e-05,0.0003889991,4.266667e-06,7.25e-05,13.99008307
1.12e-05,0.0003889991,4.266667e-06,7.68e-05,14.60591799
1.12e-05,0.0003889991,4.266667e-06,8.11e-05,15.19368217
1.12e-05,0.0003889991,4.266667e-06,8.53e-05,15.75662691
1.12e-05,0.0003889991,4.266667e-06,8.96e-05,16.2975167
1.12e-05,0.0003889991,4.266667e-06,3.84e-05,7.631782556
1.12e-05,0.0003889991,4.266667e-06,4.27e-05,8.720887969
1.12e-05,0.0003889991,4.266667e-06,4.69e-05,9.706621508
1.12e-05,0.0003889991,4.266667e-06,5.12e-05,10.60840003
1.12e-05,0.0003889991,4.266667e-06,5.55e-05,11.44102083
1.12e-05,0.0003889991,4.266667e-06,5.97e-05,12.21577735
1.12e-05,0.0003889991,4.266667e-06,6.4e-05,12.94131946
1.12e-05,0.0003889991,4.266667e-06,6.83e-05,13.62441863
1.12e-05,0.0003889991,4.266667e-06,7.25e-05,14.27134136
1.12e-05,0.0003889991,4.266667e-06,7.68e-05,14.88630128
1.12e-05,0.0003889991,4.266667e-06,8.11e-05,15.47315704
1.12e-05,0.0003889991,4.266667e-06,8.53e-05,16.03515557
1.12e-05,0.0003889991,4.266667e-06,8.96e-05,16.57505755
1.12e-05,0.0003889991,4.533333e-06,3.84e-05,7.097918764
1.12e-05,0.0003889991,4.533333e-06,4.27e-05,8.186981036
1.12e-05,0.0003889991,4.533333e-06,4.69e-05,9.17403781
1.12e-05,0.0003889991,4.533333e-06,5.12e-05,10.07671136
1.12e-05,0.0003889991,4.533333e-06,5.55e-05,10.91036107
1.12e-05,0.0003889991,4.533333e-06,5.97e-05,11.68625989
1.12e-05,0.0003889991,4.533333e-06,6.4e-05,12.41299158
1.12e-05,0.0003889991,4.533333e-06,6.83e-05,13.09670606
1.12e-05,0.0003889991,4.533333e-06,7.25e-05,13.74529327
1.12e-05,0.0003889991,4.533333e-06,7.68e-05,14.36196279
1.12e-05,0.0003889991,4.533333e-06,8.11e-05,14.95058141
1.12e-05,0.0003889991,4.533333e-06,8.53e-05,15.51440669
1.12e-05,0.0003889991,4.533333e-06,8.96e-05,16.05620832
1.12e-05,0.0003889991,4.533333e-06,3.84e-05,6.985032366
1.12e-05,0.0003889991,4.533333e-06,4.27e-05,8.074922573
1.12e-05,0.0003889991,4.533333e-06,4.69e-05,9.061456645
1.12e-05,0.0003889991,4.533333e-06,5.12e-05,9.964334199
1.12e-05,0.0003889991,4.533333e-06,5.55e-05,10.79821753
1.12e-05,0.0003889991,4.533333e-06,5.97e-05,11.57437399
1.12e-05,0.0003889991,4.533333e-06,6.4e-05,12.30136913
1.12e-05,0.0003889991,4.533333e-06,6.83e-05,12.98655167
1.12e-05,0.0003889991,4.533333e-06,7.25e-05,13.63407498
1.12e-05,0.0003889991,4.533333e-06,7.68e-05,14.25115463
1.12e-05,0.0003889991,4.533333e-06,8.11e-05,14.84018592
1.12e-05,0.0003889991,4.533333e-06,8.53e-05,15.40443253
1.12e-05,0.0003889991,4.533333e-06,8.96e-05,15.94666735
1.12e-05,0.0003889991,4e-06,3.84e-05,36.83610531
1.12e-05,0.0003889991,4e-06,4.27e-05,41.72890738
1.12e-05,0.0003889991,4e-06,4.69e-05,46.63491715
1.12e-05,0.0003889991,4e-06,5.12e-05,50.0977347
1.12e-05,0.0003889991,4e-06,5.55e-05,52.34899107
1.12e-05,0.0003889991,4e-06,5.97e-05,53.77118241
1.12e-05,0.0003889991,4e-06,6.4e-05,54.64082711
1.12e-05,0.0003889991,4e-06,6.83e-05,55.16878219
1.12e-05,0.0003889991,4e-06,7.25e-05,55.48653449
1.12e-05,0.0003889991,4e-06,7.68e-05,55.67015896
1.12e-05,0.0003889991,4e-06,8.11e-05,55.76258212
1.12e-05,0.0003889991,4e-06,8.53e-05,55.7878401
1.12e-05,0.0003889991,4e-06,8.96e-05,55.75905492
1.12e-05,0.0003889991,4e-06,3.84e-05,36.75615087
1.12e-05,0.0003889991,4e-06,4.27e-05,41.75066422
1.12e-05,0.0003889991,4e-06,4.69e-05,46.67521522
1.12e-05,0.0003889991,4e-06,5.12e-05,50.10575915
1.12e-05,0.0003889991,4e-06,5.55e-05,52.31794803
1.12e-05,0.0003889991,4e-06,5.97e-05,53.70958217
1.12e-05,0.0003889991,4e-06,6.4e-05,54.56110142
1.12e-05,0.0003889991,4e-06,6.83e-05,55.08006875
1.12e-05,0.0003889991,4e-06,7.25e-05,55.39459526
1.12e-05,0.0003889991,4e-06,7.68e-05,55.57850711
1.12e-05,0.0003889991,4e-06,8.11e-05,55.67346443
1.12e-05,0.0003889991,4e-06,8.53e-05,55.70285775
1.12e-05,0.0003889991,4e-06,8.96e-05,55.6795322
1.12e-05,0.0003889991,5.6e-06,3.84e-05,36.62924359
1.12e-05,0.0003889991,5.6e-06,4.27e-05,41.778986
1.12e-05,0.0003889991,5.6e-06,4.69e-05,46.74669744
1.12e-05,0.0003889991,5.6e-06,5.12e-05,50.115483
1.12e-05,0.0003889991,5.6e-06,5.55e-05,52.25858042
1.12e-05,0.0003889991,5.6e-06,5.97e-05,53.5978869
1.12e-05,0.0003889991,5.6e-06,6.4e-05,54.41876351
1.12e-05,0.0003889991,5.6e-06,6.83e-05,54.92268149
1.12e-05,0.0003889991,5.6e-06,7.25e-05,55.23189489
1.12e-05,0.0003889991,5.6e-06,7.68e-05,55.416411
1.12e-05,0.0003889991,5.6e-06,8.11e-05,55.51575256
1.12e-05,0.0003889991,5.6e-06,8.53e-05,55.55221882
1.12e-05,0.0003889991,5.6e-06,8.96e-05,55.53818127
1.12e-05,0.0003889991,5.6e-06,3.84e-05,36.57821694
1.12e-05,0.0003889991,5.6e-06,4.27e-05,41.79606355
1.12e-05,0.0003889991,5.6e-06,4.69e-05,46.77843613
1.12e-05,0.0003889991,5.6e-06,5.12e-05,50.11800441
1.12e-05,0.0003889991,5.6e-06,5.55e-05,52.23037381
1.12e-05,0.0003889991,5.6e-06,5.97e-05,53.54703706
1.12e-05,0.0003889991,5.6e-06,6.4e-05,54.3547998
1.12e-05,0.0003889991,5.6e-06,6.83e-05,54.85232854
1.12e-05,0.0003889991,5.6e-06,7.25e-05,55.15931712
1.12e-05,0.0003889991,5.6e-06,7.68e-05,55.34413303
1.12e-05,0.0003889991,5.6e-06,8.11e-05,55.44538566
1.12e-05,0.0003889991,5.6e-06,8.53e-05,55.48490706
1.12e-05,0.0003889991,5.6e-06,8.96e-05,55.47486355
1.12e-05,0.0003889991,5.066667e-06,3.84e-05,36.49409194
1.12e-05,0.0003889991,5.066667e-06,4.27e-05,41.83316563
1.12e-05,0.0003889991,5.066667e-06,4.69e-05,46.83513726
1.12e-05,0.0003889991,5.066667e-06,5.12e-05,50.11973531
1.12e-05,0.0003889991,5.066667e-06,5.55e-05,52.17691026
1.12e-05,0.0003889991,5.066667e-06,5.97e-05,53.45376426
1.12e-05,0.0003889991,5.066667e-06,6.4e-05,54.23867224
1.12e-05,0.0003889991,5.066667e-06,6.83e-05,54.72513343
1.12e-05,0.0003889991,5.066667e-06,7.25e-05,55.02830854
1.12e-05,0.0003889991,5.066667e-06,7.68e-05,55.21370091
1.12e-05,0.0003889991,5.066667e-06,8.11e-05,55.3183301
1.12e-05,0.0003889991,5.066667e-06,8.53e-05,55.36321316
1.12e-05,0.0003889991,5.066667e-06,8.96e-05,55.36015488
1.12e-05,0.0003889991,5.066667e-06,3.84e-05,36.45905456
1.12e-05,0.0003889991,5.066667e-06,4.27e-05,41.85246828
1.12e-05,0.0003889991,5.066667e-06,4.69e-05,46.86051955
1.12e-05,0.0003889991,5.066667e-06,5.12e-05,50.11932299
1.12e-05,0.0003889991,5.066667e-06,5.55e-05,52.15159652
1.12e-05,0.0003889991,5.066667e-06,5.97e-05,53.41082583
1.12e-05,0.0003889991,5.066667e-06,6.4e-05,54.18569396
1.12e-05,0.0003889991,5.066667e-06,6.83e-05,54.66731906
1.12e-05,0.0003889991,5.066667e-06,7.25e-05,54.96884328
1.12e-05,0.0003889991,5.066667e-06,7.68e-05,55.15450959
1.12e-05,0.0003889991,5.066667e-06,8.11e-05,55.26063985
1.12e-05,0.0003889991,5.066667e-06,8.53e-05,55.30789276
1.12e-05,0.0003889991,5.066667e-06,8.96e-05,55.30791253
1.12e-05,0.0003889991,5.333333e-06,3.84e-05,36.35048863
1.12e-05,0.0003889991,5.333333e-06,4.27e-05,41.92984142
1.12e-05,0.0003889991,5.333333e-06,4.69e-05,46.94616912
1.12e-05,0.0003889991,5.333333e-06,5.12e-05,50.11205435
1.12e-05,0.0003889991,5.333333e-06,5.55e-05,52.05887386
1.12e-05,0.0003889991,5.333333e-06,5.97e-05,53.25904605
1.12e-05,0.0003889991,5.333333e-06,6.4e-05,54.0006063
1.12e-05,0.0003889991,5.333333e-06,6.83e-05,54.46629307
1.12e-05,0.0003889991,5.333333e-06,7.25e-05,54.76244082
1.12e-05,0.0003889991,5.333333e-06,7.68e-05,54.94910316
1.12e-05,0.0003889991,5.333333e-06,8.11e-05,55.06029028
1.12e-05,0.0003889991,5.333333e-06,8.53e-05,55.11546949
1.12e-05,0.0003889991,5.333333e-06,8.96e-05,55.12574428
1.12e-05,0.0003889991,5.333333e-06,3.84e-05,36.39947016
1.12e-05,0.0003889991,5.333333e-06,4.27e-05,41.89140754
1.12e-05,0.0003889991,5.333333e-06,4.69e-05,46.90623189
1.12e-05,0.0003889991,5.333333e-06,5.12e-05,50.11662262
1.12e-05,0.0003889991,5.333333e-06,5.55e-05,52.10361212
1.12e-05,0.0003889991,5.333333e-06,5.97e-05,53.33128252
1.12e-05,0.0003889991,5.333333e-06,6.4e-05,54.08828892
1.12e-05,0.0003889991,5.333333e-06,6.83e-05,54.56134718
1.12e-05,0.0003889991,5.333333e-06,7.25e-05,54.85996935
1.12e-05,0.0003889991,5.333333e-06,7.68e-05,55.04615322
1.12e-05,0.0003889991,5.333333e-06,8.11e-05,55.15498046
1.12e-05,0.0003889991,5.333333e-06,8.53e-05,55.20647141
1.12e-05,0.0003889991,5.333333e-06,8.96e-05,55.21198191
1.12e-05,4.48e-05,2.4e-06,3.84e-05,19.17384111
1.12e-05,4.48e-05,2.4e-06,4.27e-05,20.45067537
1.12e-05,4.48e-05,2.4e-06,4.69e-05,21.64227284
1.12e-05,4.48e-05,2.4e-06,5.12e-05,22.77052671
1.12e-05,4.48e-05,2.4e-06,5.55e-05,23.84968759
1.12e-05,4.48e-05,2.4e-06,5.97e-05,24.89812126
1.12e-05,4.48e-05,2.4e-06,6.4e-05,25.91945868
1.12e-05,4.48e-05,2.4e-06,6.83e-05,26.93380747
1.12e-05,4.48e-05,2.4e-06,7.25e-05,27.94272691
1.12e-05,4.48e-05,2.4e-06,7.68e-05,28.95885661
1.12e-05,4.48e-05,2.4e-06,8.11e-05,29.99260063
1.12e-05,4.48e-05,2.4e-06,8.53e-05,31.0541777
1.12e-05,4.48e-05,2.4e-06,8.96e-05,32.158415
1.12e-05,4.48e-05,2.4e-06,3.84e-05,18.92397846
1.12e-05,4.48e-05,2.4e-06,4.27e-05,20.20152828
1.12e-05,4.48e-05,2.4e-06,4.69e-05,21.39577913
1.12e-05,4.48e-05,2.4e-06,5.12e-05,22.52752483
1.12e-05,4.48e-05,2.4e-06,5.55e-05,23.61082145
1.12e-05,4.48e-05,2.4e-06,5.97e-05,24.66347308
1.12e-05,4.48e-05,2.4e-06,6.4e-05,25.68930535
1.12e-05,4.48e-05,2.4e-06,6.83e-05,26.71060382
1.12e-05,4.48e-05,2.4e-06,7.25e-05,27.72673756
1.12e-05,4.48e-05,2.4e-06,7.68e-05,28.75134888
1.12e-05,4.48e-05,2.4e-06,8.11e-05,29.79516996
1.12e-05,4.48e-05,2.4e-06,8.53e-05,30.8688014
1.12e-05,4.48e-05,2.4e-06,8.96e-05,31.98657731
1.12e-05,4.48e-05,2.666667e-06,3.84e-05,18.49755717
1.12e-05,4.48e-05,2.666667e-06,4.27e-05,19.77914766
1.12e-05,4.48e-05,2.666667e-06,4.69e-05,20.97731499
1.12e-05,4.48e-05,2.666667e-06,5.12e-05,22.11510304
1.12e-05,4.48e-05,2.666667e-06,5.55e-05,23.20698091
1.12e-05,4.48e-05,2.666667e-06,5.97e-05,24.26716702
1.12e-05,4.48e-05,2.666667e-06,6.4e-05,25.30595816
1.12e-05,4.48e-05,2.666667e-06,6.83e-05,26.33463199
1.12e-05,4.48e-05,2.666667e-06,7.25e-05,27.36350594
1.12e-05,4.48e-05,2.666667e-06,7.68e-05,28.40302691
1.12e-05,4.48e-05,2.666667e-06,8.11e-05,29.46456337
1.12e-05,4.48e-05,2.666667e-06,8.53e-05,30.55995657
1.12e-05,4.48e-05,2.666667e-06,8.96e-05,31.70895768
1.12e-05,4.48e-05,2.666667e-06,3.84e-05,18.31406557
1.12e-05,4.48e-05,2.666667e-06,4.27e-05,19.59739224
1.12e-05,4.48e-05,2.666667e-06,4.69e-05,20.79664748
1.12e-05,4.48e-05,2.666667e-06,5.12e-05,21.93908808
1.12e-05,4.48e-05,2.666667e-06,5.55e-05,23.03368008
1.12e-05,4.48e-05,2.666667e-06,5.97e-05,24.09728172
1.12e-05,4.48e-05,2.666667e-06,6.4e-05,25.14028436
1.12e-05,4.48e-05,2.666667e-06,6.83e-05,26.17386534
1.12e-05,4.48e-05,2.666667e-06,7.25e-05,27.20840883
1.12e-05,4.48e-05,2.666667e-06,7.68e-05,28.2545272
1.12e-05,4.48e-05,2.666667e-06,8.11e-05,29.32390781
1.12e-05,4.48e-05,2.666667e-06,8.53e-05,30.42931261
1.12e-05,4.48e-05,2.666667e-06,8.96e-05,31.59049025
1.12e-05,4.48e-05,2.933333e-06,3.84e-05,17.59353535
1.12e-05,4.48e-05,2.933333e-06,4.27e-05,18.8856254
1.12e-05,4.48e-05,2.933333e-06,4.69e-05,20.09694078
1.12e-05,4.48e-05,2.933333e-06,5.12e-05,21.24834029
1.12e-05,4.48e-05,2.933333e-06,5.55e-05,22.35593863
1.12e-05,4.48e-05,2.933333e-06,5.97e-05,23.43415382
1.12e-05,4.48e-05,2.933333e-06,6.4e-05,24.49475328
1.12e-05,4.48e-05,2.933333e-06,6.83e-05,25.54877669
1.12e-05,4.48e-05,2.933333e-06,7.25e-05,26.60651889
1.12e-05,4.48e-05,2.933333e-06,7.68e-05,27.67929917
1.12e-05,4.48e-05,2.933333e-06,8.11e-05,28.78044835
1.12e-05,4.48e-05,2.933333e-06,8.53e-05,29.93570347
1.12e-05,4.48e-05,2.933333e-06,8.96e-05,31.14224219
1.12e-05,4.48e-05,2.933333e-06,3.84e-05,17.84942096
1.12e-05,4.48e-05,2.933333e-06,4.27e-05,19.13675574
1.12e-05,4.48e-05,2.933333e-06,4.69e-05,20.34622163
1.12e-05,4.48e-05,2.933333e-06,5.12e-05,21.49343938
1.12e-05,4.48e-05,2.933333e-06,5.55e-05,22.59611475
1.12e-05,4.48e-05,2.933333e-06,5.97e-05,23.66890897
1.12e-05,4.48e-05,2.933333e-06,6.4e-05,24.72306042
1.12e-05,4.48e-05,2.933333e-06,6.83e-05,25.76960725
1.12e-05,4.48e-05,2.933333e-06,7.25e-05,26.81896357
1.12e-05,4.48e-05,2.933333e-06,7.68e-05,27.8821991
1.12e-05,4.48e-05,2.933333e-06,8.11e-05,28.97193583
1.12e-05,4.48e-05,2.933333e-06,8.53e-05,30.10243105
1.12e-05,4.48e-05,2.933333e-06,8.96e-05,31.29825695
1.12e-05,4.48e-05,3.2e-06,3.84e-05,17.99203218
1.12e-05,4.48e-05,3.2e-06,4.27e-05,19.2782394
1.12e-05,4.48e-05,3.2e-06,4.69e-05,20.48527253
1.12e-05,4.48e-05,3.2e-06,5.12e-05,21.63017313
1.12e-05,4.48e-05,3.2e-06,5.55e-05,22.7302192
1.12e-05,4.48e-05,3.2e-06,5.97e-05,23.8001047
1.12e-05,4.48e-05,3.2e-06,6.4e-05,24.8507589
1.12e-05,4.48e-05,3.2e-06,6.83e-05,25.89324309
1.12e-05,4.48e-05,3.2e-06,7.25e-05,26.93798788
1.12e-05,4.48e-05,3.2e-06,7.68e-05,27.99592779
1.12e-05,4.48e-05,3.2e-06,8.11e-05,29.07935082
1.12e-05,4.48e-05,3.2e-06,8.53e-05,30.20212128
1.12e-05,4.48e-05,3.2e-06,8.96e-05,31.38674368
1.12e-05,4.48e-05,3.2e-06,3.84e-05,17.26749906
1.12e-05,4.48e-05,3.2e-06,4.27e-05,18.56375101
1.12e-05,4.48e-05,3.2e-06,4.69e-05,19.7797299
1.12e-05,4.48e-05,3.2e-06,5.12e-05,20.93669968
1.12e-05,4.48e-05,3.2e-06,5.55e-05,22.05079951
1.12e-05,4.48e-05,3.2e-06,5.97e-05,23.13629721
1.12e-05,4.48e-05,3.2e-06,6.4e-05,24.20544587
1.12e-05,4.48e-05,3.2e-06,6.83e-05,25.26935014
1.12e-05,4.48e-05,3.2e-06,7.25e-05,26.33792239
1.12e-05,4.48e-05,3.2e-06,7.68e-05,27.42281039
1.12e-05,4.48e-05,3.2e-06,8.11e-05,28.55112321
1.12e-05,4.48e-05,3.2e-06,8.53e-05,29.71833705
1.12e-05,4.48e-05,3.2e-06,8.96e-05,30.94872442
1.12e-05,4.48e-05,3.466667e-06,3.84e-05,17.36958374
1.12e-05,4.48e-05,3.466667e-06,4.27e-05,18.66449745
1.12e-05,4.48e-05,3.466667e-06,4.69e-05,19.8790016
1.12e-05,4.48e-05,3.466667e-06,5.12e-05,21.03418925
1.12e-05,4.48e-05,3.466667e-06,5.55e-05,22.14622892
1.12e-05,4.48e-05,3.466667e-06,5.97e-05,23.22940194
1.12e-05,4.48e-05,3.466667e-06,6.4e-05,24.29583263
1.12e-05,4.48e-05,3.466667e-06,6.83e-05,25.35659971
1.12e-05,4.48e-05,3.466667e-06,7.25e-05,26.42176884
1.12e-05,4.48e-05,3.466667e-06,7.68e-05,27.50288452
1.12e-05,4.48e-05,3.466667e-06,8.11e-05,28.62493282
1.12e-05,4.48e-05,3.466667e-06,8.53e-05,29.78586268
1.12e-05,4.48e-05,3.466667e-06,8.96e-05,31.00867029
1.12e-05,4.48e-05,3.466667e-06,3.84e-05,8.899377854
1.12e-05,4.48e-05,3.466667e-06,4.27e-05,9.988284703
1.12e-05,4.48e-05,3.466667e-06,4.69e-05,10.97270604
1.12e-05,4.48e-05,3.466667e-06,5.12e-05,11.87294235
1.12e-05,4.48e-05,3.466667e-06,5.55e-05,12.70374892
1.12e-05,4.48e-05,3.466667e-06,5.97e-05,13.4761338
1.12e-05,4.48e-05,3.466667e-06,6.4e-05,14.19969393
1.12e-05,4.48e-05,3.466667e-06,6.83e-05,14.88052765
1.12e-05,4.48e-05,3.466667e-06,7.25e-05,15.52460817
1.12e-05,4.48e-05,3.466667e-06,7.68e-05,16.13654748
1.12e-05,4.48e-05,3.466667e-06,8.11e-05,16.72020013
1.12e-05,4.48e-05,3.466667e-06,8.53e-05,17.27880875
1.12e-05,4.48e-05,3.466667e-06,8.96e-05,17.81512921
1.12e-05,4.48e-05,3.733333e-06,3.84e-05,8.410605415
1.12e-05,4.48e-05,3.733333e-06,4.27e-05,9.499315224
1.12e-05,4.48e-05,3.733333e-06,4.69e-05,10.48418988
1.12e-05,4.48e-05,3.733333e-06,5.12e-05,11.38500731
1.12e-05,4.48e-05,3.733333e-06,5.55e-05,12.21648814
1.12e-05,4.48e-05,3.733333e-06,5.97e-05,12.9896031
1.12e-05,4.48e-05,3.733333e-06,6.4e-05,13.71410407
1.12e-05,4.48e-05,3.733333e-06,6.83e-05,14.3958708
1.12e-05,4.48e-05,3.733333e-06,7.25e-05,15.04101616
1.12e-05,4.48e-05,3.733333e-06,7.68e-05,15.65410541
1.12e-05,4.48e-05,3.733333e-06,8.11e-05,16.23898559
1.12e-05,4.48e-05,3.733333e-06,8.53e-05,16.79889965
1.12e-05,4.48e-05,3.733333e-06,8.96e-05,17.33660434
1.12e-05,4.48e-05,3.733333e-06,3.84e-05,8.20230653
1.12e-05,4.48e-05,3.733333e-06,4.27e-05,9.291113534
1.12e-05,4.48e-05,3.733333e-06,4.69e-05,10.27623522
1.12e-05,4.48e-05,3.733333e-06,5.12e-05,11.17732601
1.12e-05,4.48e-05,3.733333e-06,5.55e-05,12.00912951
1.12e-05,4.48e-05,3.733333e-06,5.97e-05,12.7825983
1.12e-05,4.48e-05,3.733333e-06,6.4e-05,13.50751962
1.12e-05,4.48e-05,3.733333e-06,6.83e-05,14.18969818
1.12e-05,4.48e-05,3.733333e-06,7.25e-05,14.83532927
1.12e-05,4.48e-05,3.733333e-06,7.68e-05,15.44894698
1.12e-05,4.48e-05,3.733333e-06,8.11e-05,16.03438801
1.12e-05,4.48e-05,3.733333e-06,8.53e-05,16.59489587
1.12e-05,4.48e-05,3.733333e-06,8.96e-05,17.13322803
1.12e-05,4.48e-05,4.8e-06,3.84e-05,7.839476578
1.12e-05,4.48e-05,4.8e-06,4.27e-05,8.928407234
1.12e-05,4.48e-05,4.8e-06,4.69e-05,9.914093061
1.12e-05,4.48e-05,4.8e-06,5.12e-05,10.81570088
1.12e-05,4.48e-05,4.8e-06,5.55e-05,11.64811337
1.12e-05,4.48e-05,4.8e-06,5.97e-05,12.42227037
1.12e-05,4.48e-05,4.8e-06,6.4e-05,13.14794182
1.12e-05,4.48e-05,4.8e-06,6.83e-05,13.83083749
1.12e-05,4.48e-05,4.8e-06,7.25e-05,14.47735004
1.12e-05,4.48e-05,4.8e-06,7.68e-05,15.09195286
1.12e-05,4.48e-05,4.8e-06,8.11e-05,15.67843246
1.12e-05,4.48e-05,4.8e-06,8.53e-05,16.24003447
1.12e-05,4.48e-05,4.8e-06,8.96e-05,16.77951852
1.12e-05,4.48e-05,4.8e-06,3.84e-05,7.266489136
1.12e-05,4.48e-05,4.8e-06,4.27e-05,8.356171351
1.12e-05,4.48e-05,4.8e-06,4.69e-05,9.342421933
1.12e-05,4.48e-05,4.8e-06,5.12e-05,10.24496001
1.12e-05,4.48e-05,4.8e-06,5.55e-05,11.07776131
1.12e-05,4.48e-05,4.8e-06,5.97e-05,11.85389194
1.12e-05,4.48e-05,4.8e-06,6.4e-05,12.58078441
1.12e-05,4.48e-05,4.8e-06,6.83e-05,13.26471725
1.12e-05,4.48e-05,4.8e-06,7.25e-05,13.91258884
1.12e-05,4.48e-05,4.8e-06,7.68e-05,14.52896959
1.12e-05,4.48e-05,4.8e-06,8.11e-05,15.11729258
1.12e-05,4.48e-05,4.8e-06,8.53e-05,15.68081149
1.12e-05,4.48e-05,4.8e-06,8.96e-05,16.22229388
1.12e-05,4.48e-05,4.266667e-06,3.84e-05,7.394673751
1.12e-05,4.48e-05,4.266667e-06,4.27e-05,8.483426994
1.12e-05,4.48e-05,4.266667e-06,4.69e-05,9.47028723
1.12e-05,4.48e-05,4.266667e-06,5.12e-05,10.37260425
1.12e-05,4.48e-05,4.266667e-06,5.55e-05,11.20494059
1.12e-05,4.48e-05,4.266667e-06,5.97e-05,11.98097514
1.12e-05,4.48e-05,4.266667e-06,6.4e-05,12.70758973
1.12e-05,4.48e-05,4.266667e-06,6.83e-05,13.39130925
1.12e-05,4.48e-05,4.266667e-06,7.25e-05,14.03889821
1.12e-05,4.48e-05,4.266667e-06,7.68e-05,14.65485176
1.12e-05,4.48e-05,4.266667e-06,8.11e-05,15.2427356
1.12e-05,4.48e-05,4.266667e-06,8.53e-05,15.80580156
1.12e-05,4.48e-05,4.266667e-06,8.96e-05,16.34681469
1.12e-05,4.48e-05,4.266667e-06,3.84e-05,7.679801949
1.12e-05,4.48e-05,4.266667e-06,4.27e-05,8.768734365
1.12e-05,4.48e-05,4.266667e-06,4.69e-05,9.754756702
1.12e-05,4.48e-05,4.266667e-06,5.12e-05,10.65660924
1.12e-05,4.48e-05,4.266667e-06,5.55e-05,11.48930799
1.12e-05,4.48e-05,4.266667e-06,5.97e-05,12.26379873
1.12e-05,4.48e-05,4.266667e-06,6.4e-05,12.98980573
1.12e-05,4.48e-05,4.266667e-06,6.83e-05,13.67300835
1.12e-05,4.48e-05,4.266667e-06,7.25e-05,14.31991481
1.12e-05,4.48e-05,4.266667e-06,7.68e-05,14.93498162
1.12e-05,4.48e-05,4.266667e-06,8.11e-05,15.52194654
1.12e-05,4.48e-05,4.266667e-06,8.53e-05,16.08405685
1.12e-05,4.48e-05,4.266667e-06,8.96e-05,16.62407367
1.12e-05,4.48e-05,4.533333e-06,3.84e-05,7.146443669
1.12e-05,4.48e-05,4.533333e-06,4.27e-05,8.236268032
1.12e-05,4.48e-05,4.533333e-06,4.69e-05,9.222690407
1.12e-05,4.48e-05,4.533333e-06,5.12e-05,10.12544319
1.12e-05,4.48e-05,4.533333e-06,5.55e-05,10.95865768
1.12e-05,4.48e-05,4.533333e-06,5.97e-05,11.73491633
1.12e-05,4.48e-05,4.533333e-06,6.4e-05,12.46207282
1.12e-05,4.48e-05,4.533333e-06,6.83e-05,13.1461896
1.12e-05,4.48e-05,4.533333e-06,7.25e-05,13.79429886
1.12e-05,4.48e-05,4.533333e-06,7.68e-05,14.4111015
1.12e-05,4.48e-05,4.533333e-06,8.11e-05,14.99985336
1.12e-05,4.48e-05,4.533333e-06,8.53e-05,15.56381191
1.12e-05,4.48e-05,4.533333e-06,8.96e-05,16.1057476
1.12e-05,4.48e-05,4.533333e-06,3.84e-05,7.033664506
1.12e-05,4.48e-05,4.533333e-06,4.27e-05,8.12363308
1.12e-05,4.48e-05,4.533333e-06,4.69e-05,9.11022004
1.12e-05,4.48e-05,4.533333e-06,5.12e-05,10.01318222
1.12e-05,4.48e-05,4.533333e-06,5.55e-05,10.8467653
1.12e-05,4.48e-05,4.533333e-06,5.97e-05,11.62317655
1.12e-05,4.48e-05,4.533333e-06,6.4e-05,12.35058566
1.12e-05,4.48e-05,4.533333e-06,6.83e-05,13.03485887
1.12e-05,4.48e-05,4.533333e-06,7.25e-05,13.68315552
1.12e-05,4.48e-05,4.533333e-06,7.68e-05,14.30037675
1.12e-05,4.48e-05,4.533333e-06,8.11e-05,14.88955049
1.12e-05,4.48e-05,4.533333e-06,8.53e-05,15.45393755
1.12e-05,4.48e-05,4.533333e-06,8.96e-05,15.99631276
1.12e-05,4.48e-05,4e-06,3.84e-05,36.89867854
1.12e-05,4.48e-05,4e-06,4.27e-05,41.8137396
1.12e-05,4.48e-05,4e-06,4.69e-05,46.70357753
1.12e-05,4.48e-05,4e-06,5.12e-05,50.15635188
1.12e-05,4.48e-05,4e-06,5.55e-05,52.40036891
1.12e-05,4.48e-05,4e-06,5.97e-05,53.81651704
1.12e-05,4.48e-05,4e-06,6.4e-05,54.68213785
1.12e-05,4.48e-05,4e-06,6.83e-05,55.20741781
1.12e-05,4.48e-05,4e-06,7.25e-05,55.52335531
1.12e-05,4.48e-05,4e-06,7.68e-05,55.70567155
1.12e-05,4.48e-05,4e-06,8.11e-05,55.79706764
1.12e-05,4.48e-05,4e-06,8.53e-05,55.82143812
1.12e-05,4.48e-05,4e-06,8.96e-05,55.79181114
1.12e-05,4.48e-05,4e-06,3.84e-05,36.81957919
1.12e-05,4.48e-05,4e-06,4.27e-05,41.82420786
1.12e-05,4.48e-05,4e-06,4.69e-05,46.7441391
1.12e-05,4.48e-05,4e-06,5.12e-05,50.1643472
1.12e-05,4.48e-05,4e-06,5.55e-05,52.36918856
1.12e-05,4.48e-05,4e-06,5.97e-05,53.7548502
1.12e-05,4.48e-05,4e-06,6.4e-05,54.60240575
1.12e-05,4.48e-05,4e-06,6.83e-05,55.11874582
1.12e-05,4.48e-05,4e-06,7.25e-05,55.4314903
1.12e-05,4.48e-05,4e-06,7.68e-05,55.61411651
1.12e-05,4.48e-05,4e-06,8.11e-05,55.70806411
1.12e-05,4.48e-05,4e-06,8.53e-05,55.73658555
1.12e-05,4.48e-05,4e-06,8.96e-05,55.71243469
1.12e-05,4.48e-05,5.6e-06,3.84e-05,36.69406599
1.12e-05,4.48e-05,5.6e-06,4.27e-05,41.85443164
1.12e-05,4.48e-05,5.6e-06,4.69e-05,46.81605432
1.12e-05,4.48e-05,5.6e-06,5.12e-05,50.17402312
1.12e-05,4.48e-05,5.6e-06,5.55e-05,52.3095962
1.12e-05,4.48e-05,5.6e-06,5.97e-05,53.64305131
1.12e-05,4.48e-05,5.6e-06,6.4e-05,54.46006821
1.12e-05,4.48e-05,5.6e-06,6.83e-05,54.96143988
1.12e-05,4.48e-05,5.6e-06,7.25e-05,55.26892616
1.12e-05,4.48e-05,5.6e-06,7.68e-05,55.45219438
1.12e-05,4.48e-05,5.6e-06,8.11e-05,55.55055512
1.12e-05,4.48e-05,5.6e-06,8.53e-05,55.58617551
1.12e-05,4.48e-05,5.6e-06,8.96e-05,55.57134002
1.12e-05,4.48e-05,5.6e-06,3.84e-05,36.64358198
1.12e-05,4.48e-05,5.6e-06,4.27e-05,41.87233312
1.12e-05,4.48e-05,5.6e-06,4.69e-05,46.84797537
1.12e-05,4.48e-05,5.6e-06,5.12e-05,50.17651895
1.12e-05,4.48e-05,5.6e-06,5.55e-05,52.28129613
1.12e-05,4.48e-05,5.6e-06,5.97e-05,53.59216062
1.12e-05,4.48e-05,5.6e-06,6.4e-05,54.3961091
1.12e-05,4.48e-05,5.6e-06,6.83e-05,54.89112626
1.12e-05,4.48e-05,5.6e-06,7.25e-05,55.1964111
1.12e-05,4.48e-05,5.6e-06,7.68e-05,55.37999513
1.12e-05,4.48e-05,5.6e-06,8.11e-05,55.4802792
1.12e-05,4.48e-05,5.6e-06,8.53e-05,55.51896572
1.12e-05,4.48e-05,5.6e-06,8.96e-05,55.5081358
1.12e-05,4.48e-05,5.066667e-06,3.84e-05,36.56016305
1.12e-05,4.48e-05,5.066667e-06,4.27e-05,41.9108471
1.12e-05,4.48e-05,5.066667e-06,4.69e-05,46.90499092
1.12e-05,4.48e-05,5.066667e-06,5.12e-05,50.17819729
1.12e-05,4.48e-05,5.066667e-06,5.55e-05,52.22767352
1.12e-05,4.48e-05,5.066667e-06,5.97e-05,53.49882186
1.12e-05,4.48e-05,5.066667e-06,6.4e-05,54.27999626
1.12e-05,4.48e-05,5.066667e-06,6.83e-05,54.76400663
1.12e-05,4.48e-05,5.066667e-06,7.25e-05,55.06551868
1.12e-05,4.48e-05,5.066667e-06,7.68e-05,55.24970699
1.12e-05,4.48e-05,5.066667e-06,8.11e-05,55.35338881
1.12e-05,4.48e-05,5.066667e-06,8.53e-05,55.39745598
1.12e-05,4.48e-05,5.066667e-06,8.96e-05,55.39363118
1.12e-05,4.48e-05,5.066667e-06,3.84e-05,36.52526847
1.12e-05,4.48e-05,5.066667e-06,4.27e-05,41.9307407
1.12e-05,4.48e-05,5.066667e-06,4.69e-05,46.93050963
1.12e-05,4.48e-05,5.066667e-06,5.12e-05,50.17775853
1.12e-05,4.48e-05,5.066667e-06,5.55e-05,52.20229144
1.12e-05,4.48e-05,5.066667e-06,5.97e-05,53.45585666
1.12e-05,4.48e-05,5.066667e-06,6.4e-05,54.22702729
1.12e-05,4.48e-05,5.066667e-06,6.83e-05,54.70622838
1.12e-05,4.48e-05,5.066667e-06,7.25e-05,55.00610741
1.12e-05,4.48e-05,5.066667e-06,7.68e-05,55.19058184
1.12e-05,4.48e-05,5.066667e-06,8.11e-05,55.29577402
1.12e-05,4.48e-05,5.066667e-06,8.53e-05,55.34221931
1.12e-05,4.48e-05,5.066667e-06,8.96e-05,55.34148121
1.12e-05,4.48e-05,5.333333e-06,3.84e-05,36.41573888
1.12e-05,4.48e-05,5.333333e-06,4.27e-05,42.00970331
1.12e-05,4.48e-05,5.333333e-06,4.69e-05,47.01659922
1.12e-05,4.48e-05,5.333333e-06,5.12e-05,50.17038669
1.12e-05,4.48e-05,5.333333e-06,5.55e-05,52.10934915
1.12e-05,4.48e-05,5.333333e-06,5.97e-05,53.30399879
1.12e-05,4.48e-05,5.333333e-06,6.4e-05,54.04198423
1.12e-05,4.48e-05,5.333333e-06,6.83e-05,54.50533672
1.12e-05,4.48e-05,5.333333e-06,7.25e-05,54.79989868
1.12e-05,4.48e-05,5.333333e-06,7.68e-05,54.98540953
1.12e-05,4.48e-05,5.333333e-06,8.11e-05,55.09568925
1.12e-05,4.48e-05,5.333333e-06,8.53e-05,55.15008815
1.12e-05,4.48e-05,5.333333e-06,8.96e-05,55.15963346
1.12e-05,4.48e-05,5.333333e-06,3.84e-05,36.46552109
1.12e-05,4.48e-05,5.333333e-06,4.27e-05,41.97063187
1.12e-05,4.48e-05,5.333333e-06,4.69e-05,46.97646087
1.12e-05,4.48e-05,5.333333e-06,5.12e-05,50.17500581
1.12e-05,4.48e-05,5.333333e-06,5.55e-05,52.15418786
1.12e-05,4.48e-05,5.333333e-06,5.97e-05,53.37626932
1.12e-05,4.48e-05,5.333333e-06,6.4e-05,54.12964342
1.12e-05,4.48e-05,5.333333e-06,6.83e-05,54.60032562
1.12e-05,4.48e-05,5.333333e-06,7.25e-05,54.89733442
1.12e-05,4.48e-05,5.333333e-06,7.68e-05,55.08234807
1.12e-05,4.48e-05,5.333333e-06,8.11e-05,55.19025369
1.12e-05,4.48e-05,5.333333e-06,8.53e-05,55.2409517
1.12e-05,4.48e-05,5.333333e-06,8.96e-05,55.24571962
1.013333e-05,0.000132012,2.4e-06,3.84e-05,18.52647948
1.013333e-05,0.000132012,2.4e-06,4.27e-05,19.78830527
1.013333e-05,0.000132012,2.4e-06,4.69e-05,20.96465596
1.013333e-05,0.000132012,2.4e-06,5.12e-05,22.07569325
1.013333e-05,0.000132012,2.4e-06,5.55e-05,23.13711912
1.013333e-05,0.000132012,2.4e-06,5.97e-05,24.16171423
1.013333e-05,0.000132012,2.4e-06,6.4e-05,25.1591522
1.013333e-05,0.000132012,2.4e-06,6.83e-05,26.14270124
1.013333e-05,0.000132012,2.4e-06,7.25e-05,27.117705
1.013333e-05,0.000132012,2.4e-06,7.68e-05,28.0933111
1.013333e-05,0.000132012,2.4e-06,8.11e-05,29.08185705
1.013333e-05,0.000132012,2.4e-06,8.53e-05,30.08995903
1.013333e-05,0.000132012,2.4e-06,8.96e-05,31.12838898
1.013333e-05,0.000132012,2.4e-06,3.84e-05,18.26758095
1.013333e-05,0.000132012,2.4e-06,4.27e-05,19.53147718
1.013333e-05,0.000132012,2.4e-06,4.69e-05,20.71028263
1.013333e-05,0.000132012,2.4e-06,5.12e-05,21.8241973
1.013333e-05,0.000132012,2.4e-06,5.55e-05,22.88897672
1.013333e-05,0.000132012,2.4e-06,5.97e-05,23.91747027
1.013333e-05,0.000132012,2.4e-06,6.4e-05,24.91787946
1.013333e-05,0.000132012,2.4e-06,6.83e-05,25.90813443
1.013333e-05,0.000132012,2.4e-06,7.25e-05,26.88783202
1.013333e-05,0.000132012,2.4e-06,7.68e-05,27.87352049
1.013333e-05,0.000132012,2.4e-06,8.11e-05,28.86954909
1.013333e-05,0.000132012,2.4e-06,8.53e-05,29.88107172
1.013333e-05,0.000132012,2.4e-06,8.96e-05,30.93813512
1.013333e-05,0.000132012,2.666667e-06,3.84e-05,17.8275717
1.013333e-05,0.000132012,2.666667e-06,4.27e-05,19.09524208
1.013333e-05,0.000132012,2.666667e-06,4.69e-05,20.27846838
1.013333e-05,0.000132012,2.666667e-06,5.12e-05,21.39752778
1.013333e-05,0.000132012,2.666667e-06,5.55e-05,22.4682744
1.013333e-05,0.000132012,2.666667e-06,5.97e-05,23.50368541
1.013333e-05,0.000132012,2.666667e-06,6.4e-05,24.51488187
1.013333e-05,0.000132012,2.666667e-06,6.83e-05,25.51072979
1.013333e-05,0.000132012,2.666667e-06,7.25e-05,26.50405349
1.013333e-05,0.000132012,2.666667e-06,7.68e-05,27.50082623
1.013333e-05,0.000132012,2.666667e-06,8.11e-05,28.5047949
1.013333e-05,0.000132012,2.666667e-06,8.53e-05,29.54594846
1.013333e-05,0.000132012,2.666667e-06,8.96e-05,30.61951395
1.013333e-05,0.000132012,2.666667e-06,3.84e-05,17.63781603
1.013333e-05,0.000132012,2.666667e-06,4.27e-05,18.90723159
1.013333e-05,0.000132012,2.666667e-06,4.69e-05,20.09247314
1.013333e-05,0.000132012,2.666667e-06,5.12e-05,21.21385807
1.013333e-05,0.000132012,2.666667e-06,5.55e-05,22.28728862
1.013333e-05,0.000132012,2.666667e-06,5.97e-05,23.3258001
1.013333e-05,0.000132012,2.666667e-06,6.4e-05,24.34058551
1.013333e-05,0.000132012,2.666667e-06,6.83e-05,25.33942728
1.013333e-05,0.000132012,2.666667e-06,7.25e-05,26.33873379
1.013333e-05,0.000132012,2.666667e-06,7.68e-05,27.34099665
1.013333e-05,0.000132012,2.666667e-06,8.11e-05,28.35674631
1.013333e-05,0.000132012,2.666667e-06,8.53e-05,29.40188309
1.013333e-05,0.000132012,2.666667e-06,8.96e-05,30.48403626
1.013333e-05,0.000132012,2.933333e-06,3.84e-05,16.89098261
1.013333e-05,0.000132012,2.933333e-06,4.27e-05,18.16662065
1.013333e-05,0.000132012,2.933333e-06,4.69e-05,19.36069284
1.013333e-05,0.000132012,2.933333e-06,5.12e-05,20.49203513
1.013333e-05,0.000132012,2.933333e-06,5.55e-05,21.57679919
1.013333e-05,0.000132012,2.933333e-06,5.97e-05,22.62829553
1.013333e-05,0.000132012,2.933333e-06,6.4e-05,23.65803822
1.013333e-05,0.000132012,2.933333e-06,6.83e-05,24.67651213
1.013333e-05,0.000132012,2.933333e-06,7.25e-05,25.69069121
1.013333e-05,0.000132012,2.933333e-06,7.68e-05,26.71965064
1.013333e-05,0.000132012,2.933333e-06,8.11e-05,27.76501575
1.013333e-05,0.000132012,2.933333e-06,8.53e-05,28.83608059
1.013333e-05,0.000132012,2.933333e-06,8.96e-05,29.96029806
1.013333e-05,0.000132012,2.933333e-06,3.84e-05,17.1564641
1.013333e-05,0.000132012,2.933333e-06,4.27e-05,18.43015718
1.013333e-05,0.000132012,2.933333e-06,4.69e-05,19.62088892
1.013333e-05,0.000132012,2.933333e-06,5.12e-05,20.7485192
1.013333e-05,0.000132012,2.933333e-06,5.55e-05,21.82909658
1.013333e-05,0.000132012,2.933333e-06,5.97e-05,22.87582191
1.013333e-05,0.000132012,2.933333e-06,6.4e-05,23.90008721
1.013333e-05,0.000132012,2.933333e-06,6.83e-05,24.91223217
1.013333e-05,0.000132012,2.933333e-06,7.25e-05,25.92111916
1.013333e-05,0.000132012,2.933333e-06,7.68e-05,26.93947324
1.013333e-05,0.000132012,2.933333e-06,8.11e-05,27.97426305
1.013333e-05,0.000132012,2.933333e-06,8.53e-05,29.03923527
1.013333e-05,0.000132012,2.933333e-06,8.96e-05,30.13994196
1.013333e-05,0.000132012,3.2e-06,3.84e-05,17.30428478
1.013333e-05,0.000132012,3.2e-06,4.27e-05,18.57675604
1.013333e-05,0.000132012,3.2e-06,4.69e-05,19.76573463
1.013333e-05,0.000132012,3.2e-06,5.12e-05,20.89138761
1.013333e-05,0.000132012,3.2e-06,5.55e-05,21.96971392
1.013333e-05,0.000132012,3.2e-06,5.97e-05,23.01385985
1.013333e-05,0.000132012,3.2e-06,6.4e-05,24.03515395
1.013333e-05,0.000132012,3.2e-06,6.83e-05,25.04385656
1.013333e-05,0.000132012,3.2e-06,7.25e-05,26.04923759
1.013333e-05,0.000132012,3.2e-06,7.68e-05,27.05798472
1.013333e-05,0.000132012,3.2e-06,8.11e-05,28.09219178
1.013333e-05,0.000132012,3.2e-06,8.53e-05,29.15009393
1.013333e-05,0.000132012,3.2e-06,8.96e-05,30.24875022
1.013333e-05,0.000132012,3.2e-06,3.84e-05,16.55232153
1.013333e-05,0.000132012,3.2e-06,4.27e-05,17.83281438
1.013333e-05,0.000132012,3.2e-06,4.69e-05,19.0283789
1.013333e-05,0.000132012,3.2e-06,5.12e-05,20.16484892
1.013333e-05,0.000132012,3.2e-06,5.55e-05,21.25528509
1.013333e-05,0.000132012,3.2e-06,5.97e-05,22.31316725
1.013333e-05,0.000132012,3.2e-06,6.4e-05,23.35018931
1.013333e-05,0.000132012,3.2e-06,6.83e-05,24.37702085
1.013333e-05,0.000132012,3.2e-06,7.25e-05,25.40398426
1.013333e-05,0.000132012,3.2e-06,7.68e-05,26.44069717
1.013333e-05,0.000132012,3.2e-06,8.11e-05,27.49544596
1.013333e-05,0.000132012,3.2e-06,8.53e-05,28.59207586
1.013333e-05,0.000132012,3.2e-06,8.96e-05,29.73131371
1.013333e-05,0.000132012,3.466667e-06,3.84e-05,16.65840202
1.013333e-05,0.000132012,3.466667e-06,4.27e-05,17.93528668
1.013333e-05,0.000132012,3.466667e-06,4.69e-05,19.13254813
1.013333e-05,0.000132012,3.466667e-06,5.12e-05,20.26735485
1.013333e-05,0.000132012,3.466667e-06,5.55e-05,21.3559676
1.013333e-05,0.000132012,3.466667e-06,5.97e-05,22.41180884
1.013333e-05,0.000132012,3.466667e-06,6.4e-05,23.44651265
1.013333e-05,0.000132012,3.466667e-06,6.83e-05,24.47068289
1.013333e-05,0.000132012,3.466667e-06,7.25e-05,25.49455021
1.013333e-05,0.000132012,3.466667e-06,7.68e-05,26.52795919
1.013333e-05,0.000132012,3.466667e-06,8.11e-05,27.58082792
1.013333e-05,0.000132012,3.466667e-06,8.53e-05,28.66932553
1.013333e-05,0.000132012,3.466667e-06,8.96e-05,29.80287387
1.013333e-05,0.000132012,3.466667e-06,3.84e-05,8.250042393
1.013333e-05,0.000132012,3.466667e-06,4.27e-05,9.336379922
1.013333e-05,0.000132012,3.466667e-06,4.69e-05,10.31842717
1.013333e-05,0.000132012,3.466667e-06,5.12e-05,11.2155658
1.013333e-05,0.000132012,3.466667e-06,5.55e-05,12.04397949
1.013333e-05,0.000132012,3.466667e-06,5.97e-05,12.81383365
1.013333e-05,0.000132012,3.466667e-06,6.4e-05,13.53402442
1.013333e-05,0.000132012,3.466667e-06,6.83e-05,14.21160669
1.013333e-05,0.000132012,3.466667e-06,7.25e-05,14.85264644
1.013333e-05,0.000132012,3.466667e-06,7.68e-05,15.46147702
1.013333e-05,0.000132012,3.466667e-06,8.11e-05,16.04046136
1.013333e-05,0.000132012,3.466667e-06,8.53e-05,16.59525226
1.013333e-05,0.000132012,3.466667e-06,8.96e-05,17.1273482
1.013333e-05,0.000132012,3.733333e-06,3.84e-05,7.747950015
1.013333e-05,0.000132012,3.733333e-06,4.27e-05,8.834466882
1.013333e-05,0.000132012,3.733333e-06,4.69e-05,9.816852378
1.013333e-05,0.000132012,3.733333e-06,5.12e-05,10.71499363
1.013333e-05,0.000132012,3.733333e-06,5.55e-05,11.54308716
1.013333e-05,0.000132012,3.733333e-06,5.97e-05,12.31386483
1.013333e-05,0.000132012,3.733333e-06,6.4e-05,13.034924
1.013333e-05,0.000132012,3.733333e-06,6.83e-05,13.71338418
1.013333e-05,0.000132012,3.733333e-06,7.25e-05,14.35496671
1.013333e-05,0.000132012,3.733333e-06,7.68e-05,14.96523697
1.013333e-05,0.000132012,3.733333e-06,8.11e-05,15.54532217
1.013333e-05,0.000132012,3.733333e-06,8.53e-05,16.10032784
1.013333e-05,0.000132012,3.733333e-06,8.96e-05,16.63466148
1.013333e-05,0.000132012,3.733333e-06,3.84e-05,7.53383254
1.013333e-05,0.000132012,3.733333e-06,4.27e-05,8.620459173
1.013333e-05,0.000132012,3.733333e-06,4.69e-05,9.603017773
1.013333e-05,0.000132012,3.733333e-06,5.12e-05,10.5013867
1.013333e-05,0.000132012,3.733333e-06,5.55e-05,11.32942513
1.013333e-05,0.000132012,3.733333e-06,5.97e-05,12.1007357
1.013333e-05,0.000132012,3.733333e-06,6.4e-05,12.82223131
1.013333e-05,0.000132012,3.733333e-06,6.83e-05,13.50110838
1.013333e-05,0.000132012,3.733333e-06,7.25e-05,14.14312052
1.013333e-05,0.000132012,3.733333e-06,7.68e-05,14.75356508
1.013333e-05,0.000132012,3.733333e-06,8.11e-05,15.33420505
1.013333e-05,0.000132012,3.733333e-06,8.53e-05,15.8905243
1.013333e-05,0.000132012,3.733333e-06,8.96e-05,16.42484702
1.013333e-05,0.000132012,4.8e-06,3.84e-05,7.160393236
1.013333e-05,0.000132012,4.8e-06,4.27e-05,8.247269605
1.013333e-05,0.000132012,4.8e-06,4.69e-05,9.230176203
1.013333e-05,0.000132012,4.8e-06,5.12e-05,10.1289823
1.013333e-05,0.000132012,4.8e-06,5.55e-05,10.9584227
1.013333e-05,0.000132012,4.8e-06,5.97e-05,11.72904424
1.013333e-05,0.000132012,4.8e-06,6.4e-05,12.45146627
1.013333e-05,0.000132012,4.8e-06,6.83e-05,13.13116021
1.013333e-05,0.000132012,4.8e-06,7.25e-05,13.77397569
1.013333e-05,0.000132012,4.8e-06,7.68e-05,14.38463212
1.013333e-05,0.000132012,4.8e-06,8.11e-05,14.9677561
1.013333e-05,0.000132012,4.8e-06,8.53e-05,15.52431857
1.013333e-05,0.000132012,4.8e-06,8.96e-05,16.05938632
1.013333e-05,0.000132012,4.8e-06,3.84e-05,6.569219833
1.013333e-05,0.000132012,4.8e-06,4.27e-05,7.656766375
1.013333e-05,0.000132012,4.8e-06,4.69e-05,8.64038776
1.013333e-05,0.000132012,4.8e-06,5.12e-05,9.54000607
1.013333e-05,0.000132012,4.8e-06,5.55e-05,10.3703703
1.013333e-05,0.000132012,4.8e-06,5.97e-05,11.14271232
1.013333e-05,0.000132012,4.8e-06,6.4e-05,11.86492303
1.013333e-05,0.000132012,4.8e-06,6.83e-05,12.54632491
1.013333e-05,0.000132012,4.8e-06,7.25e-05,13.19062657
1.013333e-05,0.000132012,4.8e-06,7.68e-05,13.80274592
1.013333e-05,0.000132012,4.8e-06,8.11e-05,14.38597037
1.013333e-05,0.000132012,4.8e-06,8.53e-05,14.94594249
1.013333e-05,0.000132012,4.8e-06,8.96e-05,15.48214208
1.013333e-05,0.000132012,4.266667e-06,3.84e-05,6.701658262
1.013333e-05,0.000132012,4.266667e-06,4.27e-05,7.789003844
1.013333e-05,0.000132012,4.266667e-06,4.69e-05,8.772440989
1.013333e-05,0.000132012,4.266667e-06,5.12e-05,9.671862092
1.013333e-05,0.000132012,4.266667e-06,5.55e-05,10.50200762
1.013333e-05,0.000132012,4.266667e-06,5.97e-05,11.27410709
1.013333e-05,0.000132012,4.266667e-06,6.4e-05,11.99628851
1.013333e-05,0.000132012,4.266667e-06,6.83e-05,12.6772394
1.013333e-05,0.000132012,4.266667e-06,7.25e-05,13.32117572
1.013333e-05,0.000132012,4.266667e-06,7.68e-05,13.93294983
1.013333e-05,0.000132012,4.266667e-06,8.11e-05,14.51678869
1.013333e-05,0.000132012,4.266667e-06,8.53e-05,15.07457379
1.013333e-05,0.000132012,4.266667e-06,8.96e-05,15.61097142
1.013333e-05,0.000132012,4.266667e-06,3.84e-05,6.995844707
1.013333e-05,0.000132012,4.266667e-06,4.27e-05,8.082862911
1.013333e-05,0.000132012,4.266667e-06,4.69e-05,9.065944521
1.013333e-05,0.000132012,4.266667e-06,5.12e-05,9.964960436
1.013333e-05,0.000132012,4.266667e-06,5.55e-05,10.79464483
1.013333e-05,0.000132012,4.266667e-06,5.97e-05,11.56523182
1.013333e-05,0.000132012,4.266667e-06,6.4e-05,12.28816394
1.013333e-05,0.000132012,4.266667e-06,6.83e-05,12.96826799
1.013333e-05,0.000132012,4.266667e-06,7.25e-05,13.61146469
1.013333e-05,0.000132012,4.266667e-06,7.68e-05,14.22250981
1.013333e-05,0.000132012,4.266667e-06,8.11e-05,14.80600492
1.013333e-05,0.000132012,4.266667e-06,8.53e-05,15.36305506
1.013333e-05,0.000132012,4.266667e-06,8.96e-05,15.89856443
1.013333e-05,0.000132012,4.533333e-06,3.84e-05,6.44529765
1.013333e-05,0.000132012,4.533333e-06,4.27e-05,7.532847466
1.013333e-05,0.000132012,4.533333e-06,4.69e-05,8.516659964
1.013333e-05,0.000132012,4.533333e-06,5.12e-05,9.416473351
1.013333e-05,0.000132012,4.533333e-06,5.55e-05,10.24704947
1.013333e-05,0.000132012,4.533333e-06,5.97e-05,11.0196246
1.013333e-05,0.000132012,4.533333e-06,6.4e-05,11.74179326
1.013333e-05,0.000132012,4.533333e-06,6.83e-05,12.42367172
1.013333e-05,0.000132012,4.533333e-06,7.25e-05,13.0683402
1.013333e-05,0.000132012,4.533333e-06,7.68e-05,13.68079507
1.013333e-05,0.000132012,4.533333e-06,8.11e-05,14.26502864
1.013333e-05,0.000132012,4.533333e-06,8.53e-05,14.82488803
1.013333e-05,0.000132012,4.533333e-06,8.96e-05,15.36136712
1.013333e-05,0.000132012,4.533333e-06,3.84e-05,6.328880883
1.013333e-05,0.000132012,4.533333e-06,4.27e-05,7.416354645
1.013333e-05,0.000132012,4.533333e-06,4.69e-05,8.400367043
1.013333e-05,0.000132012,4.533333e-06,5.12e-05,9.300374853
1.013333e-05,0.000132012,4.533333e-06,5.55e-05,10.13115694
1.013333e-05,0.000132012,4.533333e-06,5.97e-05,10.90395651
1.013333e-05,0.000132012,4.533333e-06,6.4e-05,11.62753251
1.013333e-05,0.000132012,4.533333e-06,6.83e-05,12.30838995
1.013333e-05,0.000132012,4.533333e-06,7.25e-05,12.95343042
1.013333e-05,0.000132012,4.533333e-06,7.68e-05,13.56621331
1.013333e-05,0.000132012,4.533333e-06,8.11e-05,14.15077187
1.013333e-05,0.000132012,4.533333e-06,8.53e-05,14.71097386
1.013333e-05,0.000132012,4.533333e-06,8.96e-05,15.24784906
1.013333e-05,0.000132012,4e-06,3.84e-05,35.50657589
1.013333e-05,0.000132012,4e-06,4.27e-05,39.98233016
1.013333e-05,0.000132012,4e-06,4.69e-05,44.94271724
1.013333e-05,0.000132012,4e-06,5.12e-05,48.80948554
1.013333e-05,0.000132012,4e-06,5.55e-05,51.38519331
1.013333e-05,0.000132012,4e-06,5.97e-05,53.05894925
1.013333e-05,0.000132012,4e-06,6.4e-05,54.10962968
1.013333e-05,0.000132012,4e-06,6.83e-05,54.75935849
1.013333e-05,0.000132012,4e-06,7.25e-05,55.15944117
1.013333e-05,0.000132012,4e-06,7.68e-05,55.40153802
1.013333e-05,0.000132012,4e-06,8.11e-05,55.53880809
1.013333e-05,0.000132012,4e-06,8.53e-05,55.60173271
1.013333e-05,0.000132012,4e-06,8.96e-05,55.60764149
1.013333e-05,0.000132012,4e-06,3.84e-05,35.39359922
1.013333e-05,0.000132012,4e-06,4.27e-05,39.949797
1.013333e-05,0.000132012,4e-06,4.69e-05,44.96775065
1.013333e-05,0.000132012,4e-06,5.12e-05,48.81971182
1.013333e-05,0.000132012,4e-06,5.55e-05,51.36002021
1.013333e-05,0.000132012,4e-06,5.97e-05,53.00177184
1.013333e-05,0.000132012,4e-06,6.4e-05,54.03136367
1.013333e-05,0.000132012,4e-06,6.83e-05,54.6696233
1.013333e-05,0.000132012,4e-06,7.25e-05,55.06474758
1.013333e-05,0.000132012,4e-06,7.68e-05,55.30593784
1.013333e-05,0.000132012,4e-06,8.11e-05,55.444847
1.013333e-05,0.000132012,4e-06,8.53e-05,55.51113578
1.013333e-05,0.000132012,4e-06,8.96e-05,55.5217326
1.013333e-05,0.000132012,5.6e-06,3.84e-05,35.20628329
1.013333e-05,0.000132012,5.6e-06,4.27e-05,39.90344726
1.013333e-05,0.000132012,5.6e-06,4.69e-05,45.00680688
1.013333e-05,0.000132012,5.6e-06,5.12e-05,48.83359706
1.013333e-05,0.000132012,5.6e-06,5.55e-05,51.31044852
1.013333e-05,0.000132012,5.6e-06,5.97e-05,52.89411458
1.013333e-05,0.000132012,5.6e-06,6.4e-05,53.89098793
1.013333e-05,0.000132012,5.6e-06,6.83e-05,54.51004147
1.013333e-05,0.000132012,5.6e-06,7.25e-05,54.89697409
1.013333e-05,0.000132012,5.6e-06,7.68e-05,55.13679048
1.013333e-05,0.000132012,5.6e-06,8.11e-05,55.27860272
1.013333e-05,0.000132012,5.6e-06,8.53e-05,55.35068966
1.013333e-05,0.000132012,5.6e-06,8.96e-05,55.36930083
1.013333e-05,0.000132012,5.6e-06,3.84e-05,35.12754696
1.013333e-05,0.000132012,5.6e-06,4.27e-05,39.88705067
1.013333e-05,0.000132012,5.6e-06,4.69e-05,45.03061253
1.013333e-05,0.000132012,5.6e-06,5.12e-05,48.83808537
1.013333e-05,0.000132012,5.6e-06,5.55e-05,51.28639803
1.013333e-05,0.000132012,5.6e-06,5.97e-05,52.84700857
1.013333e-05,0.000132012,5.6e-06,6.4e-05,53.82767011
1.013333e-05,0.000132012,5.6e-06,6.83e-05,54.43856617
1.013333e-05,0.000132012,5.6e-06,7.25e-05,54.82205813
1.013333e-05,0.000132012,5.6e-06,7.68e-05,55.06134082
1.013333e-05,0.000132012,5.6e-06,8.11e-05,55.20444082
1.013333e-05,0.000132012,5.6e-06,8.53e-05,55.27904716
1.013333e-05,0.000132012,5.6e-06,8.96e-05,55.30111813
1.013333e-05,0.000132012,5.066667e-06,3.84e-05,34.99237173
1.013333e-05,0.000132012,5.066667e-06,4.27e-05,39.86355678
1.013333e-05,0.000132012,5.066667e-06,4.69e-05,45.07266213
1.013333e-05,0.000132012,5.066667e-06,5.12e-05,48.84354163
1.013333e-05,0.000132012,5.066667e-06,5.55e-05,51.24014066
1.013333e-05,0.000132012,5.066667e-06,5.97e-05,52.75968614
1.013333e-05,0.000132012,5.066667e-06,6.4e-05,53.71238499
1.013333e-05,0.000132012,5.066667e-06,6.83e-05,54.30914125
1.013333e-05,0.000132012,5.066667e-06,7.25e-05,54.68671866
1.013333e-05,0.000132012,5.066667e-06,7.68e-05,54.92514026
1.013333e-05,0.000132012,5.066667e-06,8.11e-05,55.070543
1.013333e-05,0.000132012,5.066667e-06,8.53e-05,55.14958947
1.013333e-05,0.000132012,5.066667e-06,8.96e-05,55.17772864
1.013333e-05,0.000132012,5.066667e-06,3.84e-05,34.93380599
1.013333e-05,0.000132012,5.066667e-06,4.27e-05,39.85531166
1.013333e-05,0.000132012,5.066667e-06,4.69e-05,45.09142725
1.013333e-05,0.000132012,5.066667e-06,5.12e-05,48.84489282
1.013333e-05,0.000132012,5.066667e-06,5.55e-05,51.21798017
1.013333e-05,0.000132012,5.066667e-06,5.97e-05,52.71912321
1.013333e-05,0.000132012,5.066667e-06,6.4e-05,53.65965978
1.013333e-05,0.000132012,5.066667e-06,6.83e-05,54.25023242
1.013333e-05,0.000132012,5.066667e-06,7.25e-05,54.62524183
1.013333e-05,0.000132012,5.066667e-06,7.68e-05,54.86331094
1.013333e-05,0.000132012,5.066667e-06,8.11e-05,55.00974735
1.013333e-05,0.000132012,5.066667e-06,8.53e-05,55.09076317
1.013333e-05,0.000132012,5.066667e-06,8.96e-05,55.12158277
1.013333e-05,0.000132012,5.333333e-06,3.84e-05,34.74296549
1.013333e-05,0.000132012,5.333333e-06,4.27e-05,39.83715955
1.013333e-05,0.000132012,5.333333e-06,4.69e-05,45.15514558
1.013333e-05,0.000132012,5.333333e-06,5.12e-05,48.84048641
1.013333e-05,0.000132012,5.333333e-06,5.55e-05,51.13566789
1.013333e-05,0.000132012,5.333333e-06,5.97e-05,52.57410751
1.013333e-05,0.000132012,5.333333e-06,6.4e-05,53.47486592
1.013333e-05,0.000132012,5.333333e-06,6.83e-05,54.0450281
1.013333e-05,0.000132012,5.333333e-06,7.25e-05,54.41163594
1.013333e-05,0.000132012,5.333333e-06,7.68e-05,54.64863896
1.013333e-05,0.000132012,5.333333e-06,8.11e-05,54.79859605
1.013333e-05,0.000132012,5.333333e-06,8.53e-05,54.8862252
1.013333e-05,0.000132012,5.333333e-06,8.96e-05,54.92600064
1.013333e-05,0.000132012,5.333333e-06,3.84e-05,34.83081859
1.013333e-05,0.000132012,5.333333e-06,4.27e-05,39.84381412
1.013333e-05,0.000132012,5.333333e-06,4.69e-05,45.12532069
1.013333e-05,0.000132012,5.333333e-06,5.12e-05,48.84018466
1.013333e-05,0.000132012,5.333333e-06,5.55e-05,51.17558867
1.013333e-05,0.000132012,5.333333e-06,5.97e-05,52.64342823
1.013333e-05,0.000132012,5.333333e-06,6.4e-05,53.5625202
1.013333e-05,0.000132012,5.333333e-06,6.83e-05,54.1421289
1.013333e-05,0.000132012,5.333333e-06,7.25e-05,54.51261134
1.013333e-05,0.000132012,5.333333e-06,7.68e-05,54.75008958
1.013333e-05,0.000132012,5.333333e-06,8.11e-05,54.89839677
1.013333e-05,0.000132012,5.333333e-06,8.53e-05,54.98294382
1.013333e-05,0.000132012,5.333333e-06,8.96e-05,55.01855385
1.013333e-05,0.0003889991,2.4e-06,3.84e-05,18.63988009
1.013333e-05,0.0003889991,2.4e-06,4.27e-05,19.90238208
1.013333e-05,0.0003889991,2.4e-06,4.69e-05,21.0794956
1.013333e-05,0.0003889991,2.4e-06,5.12e-05,22.1913931
1.013333e-05,0.0003889991,2.4e-06,5.55e-05,23.25379088
1.013333e-05,0.0003889991,2.4e-06,5.97e-05,24.27948808
1.013333e-05,0.0003889991,2.4e-06,6.4e-05,25.2781867
1.013333e-05,0.0003889991,2.4e-06,6.83e-05,26.26317068
1.013333e-05,0.0003889991,2.4e-06,7.25e-05,27.23984108
1.013333e-05,0.0003889991,2.4e-06,7.68e-05,28.21733285
1.013333e-05,0.0003889991,2.4e-06,8.11e-05,29.20816968
1.013333e-05,0.0003889991,2.4e-06,8.53e-05,30.21894582
1.013333e-05,0.0003889991,2.4e-06,8.96e-05,31.26054903
1.013333e-05,0.0003889991,2.4e-06,3.84e-05,18.38196494
1.013333e-05,0.0003889991,2.4e-06,4.27e-05,19.64655236
1.013333e-05,0.0003889991,2.4e-06,4.69e-05,20.82613834
1.013333e-05,0.0003889991,2.4e-06,5.12e-05,21.94093415
1.013333e-05,0.0003889991,2.4e-06,5.55e-05,23.00671039
1.013333e-05,0.0003889991,2.4e-06,5.97e-05,24.0363358
1.013333e-05,0.0003889991,2.4e-06,6.4e-05,25.03804619
1.013333e-05,0.0003889991,2.4e-06,6.83e-05,26.02977638
1.013333e-05,0.0003889991,2.4e-06,7.25e-05,27.0112214
1.013333e-05,0.0003889991,2.4e-06,7.68e-05,27.99886199
1.013333e-05,0.0003889991,2.4e-06,8.11e-05,28.99723522
1.013333e-05,0.0003889991,2.4e-06,8.53e-05,30.01145368
1.013333e-05,0.0003889991,2.4e-06,8.96e-05,31.07189124
1.013333e-05,0.0003889991,2.666667e-06,3.84e-05,17.94367154
1.013333e-05,0.0003889991,2.666667e-06,4.27e-05,19.212061
1.013333e-05,0.0003889991,2.666667e-06,4.69e-05,20.39610066
1.013333e-05,0.0003889991,2.666667e-06,5.12e-05,21.51607996
1.013333e-05,0.0003889991,2.666667e-06,5.55e-05,22.58786939
1.013333e-05,0.0003889991,2.666667e-06,5.97e-05,23.62446718
1.013333e-05,0.0003889991,2.666667e-06,6.4e-05,24.63702121
1.013333e-05,0.0003889991,2.666667e-06,6.83e-05,25.63443941
1.013333e-05,0.0003889991,2.666667e-06,7.25e-05,26.62956604
1.013333e-05,0.0003889991,2.666667e-06,7.68e-05,27.62845331
1.013333e-05,0.0003889991,2.666667e-06,8.11e-05,28.64195508
1.013333e-05,0.0003889991,2.666667e-06,8.53e-05,29.67898705
1.013333e-05,0.0003889991,2.666667e-06,8.96e-05,30.75611341
1.013333e-05,0.0003889991,2.666667e-06,3.84e-05,17.75467382
1.013333e-05,0.0003889991,2.666667e-06,4.27e-05,19.02482148
1.013333e-05,0.0003889991,2.666667e-06,4.69e-05,20.21089166
1.013333e-05,0.0003889991,2.666667e-06,5.12e-05,21.3332145
1.013333e-05,0.0003889991,2.666667e-06,5.55e-05,22.40770919
1.013333e-05,0.0003889991,2.666667e-06,5.97e-05,23.44743286
1.013333e-05,0.0003889991,2.666667e-06,6.4e-05,24.46360629
1.013333e-05,0.0003889991,2.666667e-06,6.83e-05,25.46406136
1.013333e-05,0.0003889991,2.666667e-06,7.25e-05,26.46521047
1.013333e-05,0.0003889991,2.666667e-06,7.68e-05,27.46965219
1.013333e-05,0.0003889991,2.666667e-06,8.11e-05,28.48787794
1.013333e-05,0.0003889991,2.666667e-06,8.53e-05,29.53610728
1.013333e-05,0.0003889991,2.666667e-06,8.96e-05,30.62191483
1.013333e-05,0.0003889991,2.933333e-06,3.84e-05,17.01093157
1.013333e-05,0.0003889991,2.933333e-06,4.27e-05,18.2873702
1.013333e-05,0.0003889991,2.933333e-06,4.69e-05,19.48233845
1.013333e-05,0.0003889991,2.933333e-06,5.12e-05,20.61469782
1.013333e-05,0.0003889991,2.933333e-06,5.55e-05,21.70061955
1.013333e-05,0.0003889991,2.933333e-06,5.97e-05,22.75343932
1.013333e-05,0.0003889991,2.933333e-06,6.4e-05,23.78470331
1.013333e-05,0.0003889991,2.933333e-06,6.83e-05,24.8049379
1.013333e-05,0.0003889991,2.933333e-06,7.25e-05,25.82119431
1.013333e-05,0.0003889991,2.933333e-06,7.68e-05,26.8525386
1.013333e-05,0.0003889991,2.933333e-06,8.11e-05,27.90076381
1.013333e-05,0.0003889991,2.933333e-06,8.53e-05,28.97506068
1.013333e-05,0.0003889991,2.933333e-06,8.96e-05,30.10351402
1.013333e-05,0.0003889991,2.933333e-06,3.84e-05,17.27528828
1.013333e-05,0.0003889991,2.933333e-06,4.27e-05,18.5497592
1.013333e-05,0.0003889991,2.933333e-06,4.69e-05,19.74136161
1.013333e-05,0.0003889991,2.933333e-06,5.12e-05,20.86997924
1.013333e-05,0.0003889991,2.933333e-06,5.55e-05,21.95167919
1.013333e-05,0.0003889991,2.933333e-06,5.97e-05,22.99968627
1.013333e-05,0.0003889991,2.933333e-06,6.4e-05,24.02542297
1.013333e-05,0.0003889991,2.933333e-06,6.83e-05,25.03926807
1.013333e-05,0.0003889991,2.933333e-06,7.25e-05,26.05014376
1.013333e-05,0.0003889991,2.933333e-06,7.68e-05,27.07080709
1.013333e-05,0.0003889991,2.933333e-06,8.11e-05,28.10809052
1.013333e-05,0.0003889991,2.933333e-06,8.53e-05,29.17658168
1.013333e-05,0.0003889991,2.933333e-06,8.96e-05,30.28113627
1.013333e-05,0.0003889991,3.2e-06,3.84e-05,17.42249439
1.013333e-05,0.0003889991,3.2e-06,4.27e-05,18.69573099
1.013333e-05,0.0003889991,3.2e-06,4.69e-05,19.88556682
1.013333e-05,0.0003889991,3.2e-06,5.12e-05,21.01219135
1.013333e-05,0.0003889991,3.2e-06,5.55e-05,22.09162161
1.013333e-05,0.0003889991,3.2e-06,5.97e-05,23.13702713
1.013333e-05,0.0003889991,3.2e-06,6.4e-05,24.15976606
1.013333e-05,0.0003889991,3.2e-06,6.83e-05,25.17013667
1.013333e-05,0.0003889991,3.2e-06,7.25e-05,26.1774632
1.013333e-05,0.0003889991,3.2e-06,7.68e-05,27.18856662
1.013333e-05,0.0003889991,3.2e-06,8.11e-05,28.22536311
1.013333e-05,0.0003889991,3.2e-06,8.53e-05,29.28646238
1.013333e-05,0.0003889991,3.2e-06,8.96e-05,30.38895944
1.013333e-05,0.0003889991,3.2e-06,3.84e-05,16.67374926
1.013333e-05,0.0003889991,3.2e-06,4.27e-05,17.95507694
1.013333e-05,0.0003889991,3.2e-06,4.69e-05,19.15156588
1.013333e-05,0.0003889991,3.2e-06,5.12e-05,20.28909374
1.013333e-05,0.0003889991,3.2e-06,5.55e-05,21.38073552
1.013333e-05,0.0003889991,3.2e-06,5.97e-05,22.43999796
1.013333e-05,0.0003889991,3.2e-06,6.4e-05,23.47860932
1.013333e-05,0.0003889991,3.2e-06,6.83e-05,24.50728289
1.013333e-05,0.0003889991,3.2e-06,7.25e-05,25.53639807
1.013333e-05,0.0003889991,3.2e-06,7.68e-05,26.57565271
1.013333e-05,0.0003889991,3.2e-06,8.11e-05,27.63351344
1.013333e-05,0.0003889991,3.2e-06,8.53e-05,28.7336149
1.013333e-05,0.0003889991,3.2e-06,8.96e-05,29.87719613
1.013333e-05,0.0003889991,3.466667e-06,3.84e-05,16.77936083
1.013333e-05,0.0003889991,3.466667e-06,4.27e-05,18.05706542
1.013333e-05,0.0003889991,3.466667e-06,4.69e-05,19.25524661
1.013333e-05,0.0003889991,3.466667e-06,5.12e-05,20.39109804
1.013333e-05,0.0003889991,3.466667e-06,5.55e-05,21.48090098
1.013333e-05,0.0003889991,3.466667e-06,5.97e-05,22.53810424
1.013333e-05,0.0003889991,3.466667e-06,6.4e-05,23.5743755
1.013333e-05,0.0003889991,3.466667e-06,6.83e-05,24.60036147
1.013333e-05,0.0003889991,3.466667e-06,7.25e-05,25.62634837
1.013333e-05,0.0003889991,3.466667e-06,7.68e-05,26.66225577
1.013333e-05,0.0003889991,3.466667e-06,8.11e-05,27.71813796
1.013333e-05,0.0003889991,3.466667e-06,8.53e-05,28.81007554
1.013333e-05,0.0003889991,3.466667e-06,8.96e-05,29.94791013
1.013333e-05,0.0003889991,3.466667e-06,3.84e-05,8.36551195
1.013333e-05,0.0003889991,3.466667e-06,4.27e-05,9.451955648
1.013333e-05,0.0003889991,3.466667e-06,4.69e-05,10.43412231
1.013333e-05,0.0003889991,3.466667e-06,5.12e-05,11.33139045
1.013333e-05,0.0003889991,3.466667e-06,5.55e-05,12.15994502
1.013333e-05,0.0003889991,3.466667e-06,5.97e-05,12.92994876
1.013333e-05,0.0003889991,3.466667e-06,6.4e-05,13.65029708
1.013333e-05,0.0003889991,3.466667e-06,6.83e-05,14.3280447
1.013333e-05,0.0003889991,3.466667e-06,7.25e-05,14.9692608
1.013333e-05,0.0003889991,3.466667e-06,7.68e-05,15.57826767
1.013333e-05,0.0003889991,3.466667e-06,8.11e-05,16.15744056
1.013333e-05,0.0003889991,3.466667e-06,8.53e-05,16.71242757
1.013333e-05,0.0003889991,3.466667e-06,8.96e-05,17.24472584
1.013333e-05,0.0003889991,3.733333e-06,3.84e-05,7.865259621
1.013333e-05,0.0003889991,3.733333e-06,4.27e-05,8.951886608
1.013333e-05,0.0003889991,3.733333e-06,4.69e-05,9.93439586
1.013333e-05,0.0003889991,3.733333e-06,5.12e-05,10.83267238
1.013333e-05,0.0003889991,3.733333e-06,5.55e-05,11.66091011
1.013333e-05,0.0003889991,3.733333e-06,5.97e-05,12.43184313
1.013333e-05,0.0003889991,3.733333e-06,6.4e-05,13.15306577
1.013333e-05,0.0003889991,3.733333e-06,6.83e-05,13.83169748
1.013333e-05,0.0003889991,3.733333e-06,7.25e-05,14.47345948
1.013333e-05,0.0003889991,3.733333e-06,7.68e-05,15.08391786
1.013333e-05,0.0003889991,3.733333e-06,8.11e-05,15.66419759
1.013333e-05,0.0003889991,3.733333e-06,8.53e-05,16.21940155
1.013333e-05,0.0003889991,3.733333e-06,8.96e-05,16.75395144
1.013333e-05,0.0003889991,3.733333e-06,3.84e-05,7.65194272
1.013333e-05,0.0003889991,3.733333e-06,4.27e-05,8.738681349
1.013333e-05,0.0003889991,3.733333e-06,4.69e-05,9.721365743
1.013333e-05,0.0003889991,3.733333e-06,5.12e-05,10.61987214
1.013333e-05,0.0003889991,3.733333e-06,5.55e-05,11.44805661
1.013333e-05,0.0003889991,3.733333e-06,5.97e-05,12.21952525
1.013333e-05,0.0003889991,3.733333e-06,6.4e-05,12.94118726
1.013333e-05,0.0003889991,3.733333e-06,6.83e-05,13.62023877
1.013333e-05,0.0003889991,3.733333e-06,7.25e-05,14.26243341
1.013333e-05,0.0003889991,3.733333e-06,7.68e-05,14.87307103
1.013333e-05,0.0003889991,3.733333e-06,8.11e-05,15.45389914
1.013333e-05,0.0003889991,3.733333e-06,8.53e-05,16.01043129
1.013333e-05,0.0003889991,3.733333e-06,8.96e-05,16.54497112
1.013333e-05,0.0003889991,4.8e-06,3.84e-05,7.27992421
1.013333e-05,0.0003889991,4.8e-06,4.27e-05,8.366916093
1.013333e-05,0.0003889991,4.8e-06,4.69e-05,9.349952325
1.013333e-05,0.0003889991,4.8e-06,5.12e-05,10.24890003
1.013333e-05,0.0003889991,4.8e-06,5.55e-05,11.07849263
1.013333e-05,0.0003889991,4.8e-06,5.97e-05,11.84927452
1.013333e-05,0.0003889991,4.8e-06,6.4e-05,12.57186841
1.013333e-05,0.0003889991,4.8e-06,6.83e-05,13.25174232
1.013333e-05,0.0003889991,4.8e-06,7.25e-05,13.89474602
1.013333e-05,0.0003889991,4.8e-06,7.68e-05,14.505599
1.013333e-05,0.0003889991,4.8e-06,8.11e-05,15.08892816
1.013333e-05,0.0003889991,4.8e-06,8.53e-05,15.6457037
1.013333e-05,0.0003889991,4.8e-06,8.96e-05,16.18099389
1.013333e-05,0.0003889991,4.8e-06,3.84e-05,6.691070373
1.013333e-05,0.0003889991,4.8e-06,4.27e-05,7.778738705
1.013333e-05,0.0003889991,4.8e-06,4.69e-05,8.762496613
1.013333e-05,0.0003889991,4.8e-06,5.12e-05,9.662263914
1.013333e-05,0.0003889991,4.8e-06,5.55e-05,10.49278821
1.013333e-05,0.0003889991,4.8e-06,5.97e-05,11.26530046
1.013333e-05,0.0003889991,4.8e-06,6.4e-05,11.98768907
1.013333e-05,0.0003889991,4.8e-06,6.83e-05,12.6692812
1.013333e-05,0.0003889991,4.8e-06,7.25e-05,13.31378139
1.013333e-05,0.0003889991,4.8e-06,7.68e-05,13.92610793
1.013333e-05,0.0003889991,4.8e-06,8.11e-05,14.50955776
1.013333e-05,0.0003889991,4.8e-06,8.53e-05,15.06974191
1.013333e-05,0.0003889991,4.8e-06,8.96e-05,15.60617818
1.013333e-05,0.0003889991,4.266667e-06,3.84e-05,6.822981062
1.013333e-05,0.0003889991,4.266667e-06,4.27e-05,7.910447004
1.013333e-05,0.0003889991,4.266667e-06,4.69e-05,8.894019037
1.013333e-05,0.0003889991,4.266667e-06,5.12e-05,9.793587388
1.013333e-05,0.0003889991,4.266667e-06,5.55e-05,10.62389112
1.013333e-05,0.0003889991,4.266667e-06,5.97e-05,11.39615885
1.013333e-05,0.0003889991,4.266667e-06,6.4e-05,12.11851651
1.013333e-05,0.0003889991,4.266667e-06,6.83e-05,12.79965517
1.013333e-05,0.0003889991,4.266667e-06,7.25e-05,13.44378756
1.013333e-05,0.0003889991,4.266667e-06,7.68e-05,14.05576634
1.013333e-05,0.0003889991,4.266667e-06,8.11e-05,14.63982234
1.013333e-05,0.0003889991,4.266667e-06,8.53e-05,15.19781442
1.013333e-05,0.0003889991,4.266667e-06,8.96e-05,15.73445165
1.013333e-05,0.0003889991,4.266667e-06,3.84e-05,7.116012232
1.013333e-05,0.0003889991,4.266667e-06,4.27e-05,8.20314761
1.013333e-05,0.0003889991,4.266667e-06,4.69e-05,9.186360674
1.013333e-05,0.0003889991,4.266667e-06,5.12e-05,10.08552015
1.013333e-05,0.0003889991,4.266667e-06,5.55e-05,10.91535882
1.013333e-05,0.0003889991,4.266667e-06,5.97e-05,11.68610786
1.013333e-05,0.0003889991,4.266667e-06,6.4e-05,12.40921444
1.013333e-05,0.0003889991,4.266667e-06,6.83e-05,13.08950117
1.013333e-05,0.0003889991,4.266667e-06,7.25e-05,13.73288879
1.013333e-05,0.0003889991,4.266667e-06,7.68e-05,14.34413327
1.013333e-05,0.0003889991,4.266667e-06,8.11e-05,14.92783651
1.013333e-05,0.0003889991,4.266667e-06,8.53e-05,15.48510299
1.013333e-05,0.0003889991,4.266667e-06,8.96e-05,16.02083793
1.013333e-05,0.0003889991,4.533333e-06,3.84e-05,6.567644362
1.013333e-05,0.0003889991,4.533333e-06,4.27e-05,7.655320357
1.013333e-05,0.0003889991,4.533333e-06,4.69e-05,8.639270966
1.013333e-05,0.0003889991,4.533333e-06,5.12e-05,9.53923503
1.013333e-05,0.0003889991,4.533333e-06,5.55e-05,10.36997301
1.013333e-05,0.0003889991,4.533333e-06,5.97e-05,11.14272028
1.013333e-05,0.0003889991,4.533333e-06,6.4e-05,11.86506833
1.013333e-05,0.0003889991,4.533333e-06,6.83e-05,12.54713946
1.013333e-05,0.0003889991,4.533333e-06,7.25e-05,13.19200888
1.013333e-05,0.0003889991,4.533333e-06,7.68e-05,13.80467338
1.013333e-05,0.0003889991,4.533333e-06,8.11e-05,14.3891256
1.013333e-05,0.0003889991,4.533333e-06,8.53e-05,14.94921208
1.013333e-05,0.0003889991,4.533333e-06,8.96e-05,15.48592853
1.013333e-05,0.0003889991,4.533333e-06,3.84e-05,6.451701565
1.013333e-05,0.0003889991,4.533333e-06,4.27e-05,7.539302386
1.013333e-05,0.0003889991,4.533333e-06,4.69e-05,8.523454442
1.013333e-05,0.0003889991,4.533333e-06,5.12e-05,9.42361456
1.013333e-05,0.0003889991,4.533333e-06,5.55e-05,10.25456024
1.013333e-05,0.0003889991,4.533333e-06,5.97e-05,11.02753379
1.013333e-05,0.0003889991,4.533333e-06,6.4e-05,11.75129355
1.013333e-05,0.0003889991,4.533333e-06,6.83e-05,12.43234305
1.013333e-05,0.0003889991,4.533333e-06,7.25e-05,13.07758678
1.013333e-05,0.0003889991,4.533333e-06,7.68e-05,13.69058167
1.013333e-05,0.0003889991,4.533333e-06,8.11e-05,14.27536131
1.013333e-05,0.0003889991,4.533333e-06,8.53e-05,14.83579364
1.013333e-05,0.0003889991,4.533333e-06,8.96e-05,15.37290868
1.013333e-05,0.0003889991,4e-06,3.84e-05,35.65311347
1.013333e-05,0.0003889991,4e-06,4.27e-05,40.1520775
1.013333e-05,0.0003889991,4e-06,4.69e-05,45.11467728
1.013333e-05,0.0003889991,4e-06,5.12e-05,48.96025339
1.013333e-05,0.0003889991,4e-06,5.55e-05,51.5183237
1.013333e-05,0.0003889991,4e-06,5.97e-05,53.17800042
1.013333e-05,0.0003889991,4e-06,6.4e-05,54.21842887
1.013333e-05,0.0003889991,4e-06,6.83e-05,54.86116467
1.013333e-05,0.0003889991,4e-06,7.25e-05,55.25651887
1.013333e-05,0.0003889991,4e-06,7.68e-05,55.49529252
1.013333e-05,0.0003889991,4e-06,8.11e-05,55.6300606
1.013333e-05,0.0003889991,4e-06,8.53e-05,55.69093422
1.013333e-05,0.0003889991,4e-06,8.96e-05,55.69500357
1.013333e-05,0.0003889991,4e-06,3.84e-05,35.54228916
1.013333e-05,0.0003889991,4e-06,4.27e-05,40.12233387
1.013333e-05,0.0003889991,4e-06,4.69e-05,45.14133145
1.013333e-05,0.0003889991,4e-06,5.12e-05,48.97099337
1.013333e-05,0.0003889991,4e-06,5.55e-05,51.4933611
1.013333e-05,0.0003889991,4e-06,5.97e-05,53.12109267
1.013333e-05,0.0003889991,4e-06,6.4e-05,54.1405764
1.013333e-05,0.0003889991,4e-06,6.83e-05,54.77197607
1.013333e-05,0.0003889991,4e-06,7.25e-05,55.16246784
1.013333e-05,0.0003889991,4e-06,7.68e-05,55.40040118
1.013333e-05,0.0003889991,4e-06,8.11e-05,55.53685714
1.013333e-05,0.0003889991,4e-06,8.53e-05,55.60113569
1.013333e-05,0.0003889991,4e-06,8.96e-05,55.60993252
1.013333e-05,0.0003889991,5.6e-06,3.84e-05,35.3588687
1.013333e-05,0.0003889991,5.6e-06,4.27e-05,40.08096146
1.013333e-05,0.0003889991,5.6e-06,4.69e-05,45.18396865
1.013333e-05,0.0003889991,5.6e-06,5.12e-05,48.985753
1.013333e-05,0.0003889991,5.6e-06,5.55e-05,51.44418133
1.013333e-05,0.0003889991,5.6e-06,5.97e-05,53.01441177
1.013333e-05,0.0003889991,5.6e-06,6.4e-05,54.0009478
1.013333e-05,0.0003889991,5.6e-06,6.83e-05,54.61336386
1.013333e-05,0.0003889991,5.6e-06,7.25e-05,54.99582287
1.013333e-05,0.0003889991,5.6e-06,7.68e-05,55.23249164
1.013333e-05,0.0003889991,5.6e-06,8.11e-05,55.37193106
1.013333e-05,0.0003889991,5.6e-06,8.53e-05,55.44207485
1.013333e-05,0.0003889991,5.6e-06,8.96e-05,55.45895089
1.013333e-05,0.0003889991,5.6e-06,3.84e-05,35.28190826
1.013333e-05,0.0003889991,5.6e-06,4.27e-05,40.06680234
1.013333e-05,0.0003889991,5.6e-06,4.69e-05,45.20871959
1.013333e-05,0.0003889991,5.6e-06,5.12e-05,48.99061833
1.013333e-05,0.0003889991,5.6e-06,5.55e-05,51.42031311
1.013333e-05,0.0003889991,5.6e-06,5.97e-05,52.96744847
1.013333e-05,0.0003889991,5.6e-06,6.4e-05,53.93796959
1.013333e-05,0.0003889991,5.6e-06,6.83e-05,54.54232266
1.013333e-05,0.0003889991,5.6e-06,7.25e-05,54.92140789
1.013333e-05,0.0003889991,5.6e-06,7.68e-05,55.15758883
1.013333e-05,0.0003889991,5.6e-06,8.11e-05,55.29834969
1.013333e-05,0.0003889991,5.6e-06,8.53e-05,55.37104096
1.013333e-05,0.0003889991,5.6e-06,8.96e-05,55.39140392
1.013333e-05,0.0003889991,5.066667e-06,3.84e-05,35.15000243
1.013333e-05,0.0003889991,5.066667e-06,4.27e-05,40.04737482
1.013333e-05,0.0003889991,5.066667e-06,4.69e-05,45.25255735
1.013333e-05,0.0003889991,5.066667e-06,5.12e-05,48.99673741
1.013333e-05,0.0003889991,5.066667e-06,5.55e-05,51.37439617
1.013333e-05,0.0003889991,5.066667e-06,5.97e-05,52.88041435
1.013333e-05,0.0003889991,5.066667e-06,6.4e-05,53.8233079
1.013333e-05,0.0003889991,5.066667e-06,6.83e-05,54.41368505
1.013333e-05,0.0003889991,5.066667e-06,7.25e-05,54.78697101
1.013333e-05,0.0003889991,5.066667e-06,7.68e-05,55.02236968
1.013333e-05,0.0003889991,5.066667e-06,8.11e-05,55.16549106
1.013333e-05,0.0003889991,5.066667e-06,8.53e-05,55.2426706
1.013333e-05,0.0003889991,5.066667e-06,8.96e-05,55.26914819
1.013333e-05,0.0003889991,5.066667e-06,3.84e-05,35.09294895
1.013333e-05,0.0003889991,5.066667e-06,4.27e-05,40.04098752
1.013333e-05,0.0003889991,5.066667e-06,4.69e-05,45.27215631
1.013333e-05,0.0003889991,5.066667e-06,5.12e-05,48.99838281
1.013333e-05,0.0003889991,5.066667e-06,5.55e-05,51.35239516
1.013333e-05,0.0003889991,5.066667e-06,5.97e-05,52.83999519
1.013333e-05,0.0003889991,5.066667e-06,6.4e-05,53.77087035
1.013333e-05,0.0003889991,5.066667e-06,6.83e-05,54.35513565
1.013333e-05,0.0003889991,5.066667e-06,7.25e-05,54.72590377
1.013333e-05,0.0003889991,5.066667e-06,7.68e-05,54.96098418
1.013333e-05,0.0003889991,5.066667e-06,8.11e-05,55.10516431
1.013333e-05,0.0003889991,5.066667e-06,8.53e-05,55.18433405
1.013333e-05,0.0003889991,5.066667e-06,8.96e-05,55.21351214
1.013333e-05,0.0003889991,5.333333e-06,3.84e-05,34.90750268
1.013333e-05,0.0003889991,5.333333e-06,4.27e-05,40.02934657
1.013333e-05,0.0003889991,5.333333e-06,4.69e-05,45.33880877
1.013333e-05,0.0003889991,5.333333e-06,5.12e-05,48.99529777
1.013333e-05,0.0003889991,5.333333e-06,5.55e-05,51.27066253
1.013333e-05,0.0003889991,5.333333e-06,5.97e-05,52.69554175
1.013333e-05,0.0003889991,5.333333e-06,6.4e-05,53.58710028
1.013333e-05,0.0003889991,5.333333e-06,6.83e-05,54.15119276
1.013333e-05,0.0003889991,5.333333e-06,7.25e-05,54.51372412
1.013333e-05,0.0003889991,5.333333e-06,7.68e-05,54.74785058
1.013333e-05,0.0003889991,5.333333e-06,8.11e-05,54.89563337
1.013333e-05,0.0003889991,5.333333e-06,8.53e-05,54.98148449
1.013333e-05,0.0003889991,5.333333e-06,8.96e-05,55.01968378
1.013333e-05,0.0003889991,5.333333e-06,3.84e-05,34.99277818
1.013333e-05,0.0003889991,5.333333e-06,4.27e-05,40.03291194
1.013333e-05,0.0003889991,5.333333e-06,4.69e-05,45.30759152
1.013333e-05,0.0003889991,5.333333e-06,5.12e-05,48.99466828
1.013333e-05,0.0003889991,5.333333e-06,5.55e-05,51.31030413
1.013333e-05,0.0003889991,5.333333e-06,5.97e-05,52.76458442
1.013333e-05,0.0003889991,5.333333e-06,6.4e-05,53.67426563
1.013333e-05,0.0003889991,5.333333e-06,6.83e-05,54.24769449
1.013333e-05,0.0003889991,5.333333e-06,7.25e-05,54.6140243
1.013333e-05,0.0003889991,5.333333e-06,7.68e-05,54.84857422
1.013333e-05,0.0003889991,5.333333e-06,8.11e-05,54.9946693
1.013333e-05,0.0003889991,5.333333e-06,8.53e-05,55.07740697
1.013333e-05,0.0003889991,5.333333e-06,8.96e-05,55.11141076
1.013333e-05,4.48e-05,2.4e-06,3.84e-05,18.73662042
1.013333e-05,4.48e-05,2.4e-06,4.27e-05,19.99972942
1.013333e-05,4.48e-05,2.4e-06,4.69e-05,21.17752785
1.013333e-05,4.48e-05,2.4e-06,5.12e-05,22.29019787
1.013333e-05,4.48e-05,2.4e-06,5.55e-05,23.35346872
1.013333e-05,4.48e-05,2.4e-06,5.97e-05,24.38015625
1.013333e-05,4.48e-05,2.4e-06,6.4e-05,25.37998754
1.013333e-05,4.48e-05,2.4e-06,6.83e-05,26.36626241
1.013333e-05,4.48e-05,2.4e-06,7.25e-05,27.34443165
1.013333e-05,4.48e-05,2.4e-06,7.68e-05,28.32362324
1.013333e-05,4.48e-05,2.4e-06,8.11e-05,29.31652146
1.013333e-05,4.48e-05,2.4e-06,8.53e-05,30.32970665
1.013333e-05,4.48e-05,2.4e-06,8.96e-05,31.37417095
1.013333e-05,4.48e-05,2.4e-06,3.84e-05,18.47952373
1.013333e-05,4.48e-05,2.4e-06,4.27e-05,19.74473165
1.013333e-05,4.48e-05,2.4e-06,4.69e-05,20.92501847
1.013333e-05,4.48e-05,2.4e-06,5.12e-05,22.04060565
1.013333e-05,4.48e-05,2.4e-06,5.55e-05,23.10727742
1.013333e-05,4.48e-05,2.4e-06,5.97e-05,24.13791999
1.013333e-05,4.48e-05,2.4e-06,6.4e-05,25.14079908
1.013333e-05,4.48e-05,2.4e-06,6.83e-05,26.13385691
1.013333e-05,4.48e-05,2.4e-06,7.25e-05,27.11687151
1.013333e-05,4.48e-05,2.4e-06,7.68e-05,28.10627244
1.013333e-05,4.48e-05,2.4e-06,8.11e-05,29.10675723
1.013333e-05,4.48e-05,2.4e-06,8.53e-05,30.12341163
1.013333e-05,4.48e-05,2.4e-06,8.96e-05,31.1868849
1.013333e-05,4.48e-05,2.666667e-06,3.84e-05,18.04266217
1.013333e-05,4.48e-05,2.666667e-06,4.27e-05,19.31169723
1.013333e-05,4.48e-05,2.666667e-06,4.69e-05,20.49646729
1.013333e-05,4.48e-05,2.666667e-06,5.12e-05,21.61727289
1.013333e-05,4.48e-05,2.666667e-06,5.55e-05,22.68999928
1.013333e-05,4.48e-05,2.666667e-06,5.97e-05,23.72766374
1.013333e-05,4.48e-05,2.666667e-06,6.4e-05,24.74143842
1.013333e-05,4.48e-05,2.666667e-06,6.83e-05,25.74026841
1.013333e-05,4.48e-05,2.666667e-06,7.25e-05,26.73701819
1.013333e-05,4.48e-05,2.666667e-06,7.68e-05,27.73780924
1.013333e-05,4.48e-05,2.666667e-06,8.11e-05,28.75355216
1.013333e-05,4.48e-05,2.666667e-06,8.53e-05,29.79322156
1.013333e-05,4.48e-05,2.666667e-06,8.96e-05,30.87355733
1.013333e-05,4.48e-05,2.666667e-06,3.84e-05,17.85429832
1.013333e-05,4.48e-05,2.666667e-06,4.27e-05,19.12510329
1.013333e-05,4.48e-05,2.666667e-06,4.69e-05,20.31191763
1.013333e-05,4.48e-05,2.666667e-06,5.12e-05,21.43508298
1.013333e-05,4.48e-05,2.666667e-06,5.55e-05,22.51053385
1.013333e-05,4.48e-05,2.666667e-06,5.97e-05,23.55134713
1.013333e-05,4.48e-05,2.666667e-06,6.4e-05,24.56876865
1.013333e-05,4.48e-05,2.666667e-06,6.83e-05,25.57067378
1.013333e-05,4.48e-05,2.666667e-06,7.25e-05,26.57348237
1.013333e-05,4.48e-05,2.666667e-06,7.68e-05,27.57988518
1.013333e-05,4.48e-05,2.666667e-06,8.11e-05,28.60034593
1.013333e-05,4.48e-05,2.666667e-06,8.53e-05,29.65136076
1.013333e-05,4.48e-05,2.666667e-06,8.96e-05,30.74046345
1.013333e-05,4.48e-05,2.933333e-06,3.84e-05,17.11314826
1.013333e-05,4.48e-05,2.933333e-06,4.27e-05,18.39030556
1.013333e-05,4.48e-05,2.933333e-06,4.69e-05,19.5860787
1.013333e-05,4.48e-05,2.933333e-06,5.12e-05,20.71935191
1.013333e-05,4.48e-05,2.933333e-06,5.55e-05,21.80631411
1.013333e-05,4.48e-05,2.933333e-06,5.97e-05,22.86032375
1.013333e-05,4.48e-05,2.933333e-06,6.4e-05,23.89295607
1.013333e-05,4.48e-05,2.933333e-06,6.83e-05,24.91477502
1.013333e-05,4.48e-05,2.933333e-06,7.25e-05,25.93289969
1.013333e-05,4.48e-05,2.933333e-06,7.68e-05,26.96639409
1.013333e-05,4.48e-05,2.933333e-06,8.11e-05,28.01719652
1.013333e-05,4.48e-05,2.933333e-06,8.53e-05,29.09441673
1.013333e-05,4.48e-05,2.933333e-06,8.96e-05,30.2266873
1.013333e-05,4.48e-05,2.933333e-06,3.84e-05,17.37656035
1.013333e-05,4.48e-05,2.933333e-06,4.27e-05,18.65172953
1.013333e-05,4.48e-05,2.933333e-06,4.69e-05,19.84411396
1.013333e-05,4.48e-05,2.933333e-06,5.12e-05,20.97361863
1.013333e-05,4.48e-05,2.933333e-06,5.55e-05,22.05632744
1.013333e-05,4.48e-05,2.933333e-06,5.97e-05,23.10548681
1.013333e-05,4.48e-05,2.933333e-06,6.4e-05,24.13254683
1.013333e-05,4.48e-05,2.933333e-06,6.83e-05,25.14792164
1.013333e-05,4.48e-05,2.933333e-06,7.25e-05,26.16058674
1.013333e-05,4.48e-05,2.933333e-06,7.68e-05,27.18333072
1.013333e-05,4.48e-05,2.933333e-06,8.11e-05,28.22285661
1.013333e-05,4.48e-05,2.933333e-06,8.53e-05,29.29452544
1.013333e-05,4.48e-05,2.933333e-06,8.96e-05,30.40255912
1.013333e-05,4.48e-05,3.2e-06,3.84e-05,17.52325096
1.013333e-05,4.48e-05,3.2e-06,4.27e-05,18.79717458
1.013333e-05,4.48e-05,3.2e-06,4.69e-05,19.98778032
1.013333e-05,4.48e-05,3.2e-06,5.12e-05,21.11527768
1.013333e-05,4.48e-05,3.2e-06,5.55e-05,22.1957
1.013333e-05,4.48e-05,3.2e-06,5.97e-05,23.24223785
1.013333e-05,4.48e-05,3.2e-06,6.4e-05,24.26627612
1.013333e-05,4.48e-05,3.2e-06,6.83e-05,25.27814742
1.013333e-05,4.48e-05,3.2e-06,7.25e-05,26.28722469
1.013333e-05,4.48e-05,3.2e-06,7.68e-05,27.30044394
1.013333e-05,4.48e-05,3.2e-06,8.11e-05,28.33958056
1.013333e-05,4.48e-05,3.2e-06,8.53e-05,29.40356254
1.013333e-05,4.48e-05,3.2e-06,8.96e-05,30.50952436
1.013333e-05,4.48e-05,3.2e-06,3.84e-05,16.77720988
1.013333e-05,4.48e-05,3.2e-06,4.27e-05,18.0592872
1.013333e-05,4.48e-05,3.2e-06,4.69e-05,19.25660637
1.013333e-05,4.48e-05,3.2e-06,5.12e-05,20.39508479
1.013333e-05,4.48e-05,3.2e-06,5.55e-05,21.48781026
1.013333e-05,4.48e-05,3.2e-06,5.97e-05,22.54831385
1.013333e-05,4.48e-05,3.2e-06,6.4e-05,23.58835489
1.013333e-05,4.48e-05,3.2e-06,6.83e-05,24.61868625
1.013333e-05,4.48e-05,3.2e-06,7.25e-05,25.649739
1.013333e-05,4.48e-05,3.2e-06,7.68e-05,26.69128286
1.013333e-05,4.48e-05,3.2e-06,8.11e-05,27.75194112
1.013333e-05,4.48e-05,3.2e-06,8.53e-05,28.85518267
1.013333e-05,4.48e-05,3.2e-06,8.96e-05,30.00268435
1.013333e-05,4.48e-05,3.466667e-06,3.84e-05,16.88242676
1.013333e-05,4.48e-05,3.466667e-06,4.27e-05,18.1608674
1.013333e-05,4.48e-05,3.466667e-06,4.69e-05,19.35987478
1.013333e-05,4.48e-05,3.466667e-06,5.12e-05,20.49666495
1.013333e-05,4.48e-05,3.466667e-06,5.55e-05,21.58753768
1.013333e-05,4.48e-05,3.466667e-06,5.97e-05,22.64596561
1.013333e-05,4.48e-05,3.466667e-06,6.4e-05,23.68364686
1.013333e-05,4.48e-05,3.466667e-06,6.83e-05,24.71126687
1.013333e-05,4.48e-05,3.466667e-06,7.25e-05,25.73916225
1.013333e-05,4.48e-05,3.466667e-06,7.68e-05,26.77732003
1.013333e-05,4.48e-05,3.466667e-06,8.11e-05,27.83591421
1.013333e-05,4.48e-05,3.466667e-06,8.53e-05,28.93096041
1.013333e-05,4.48e-05,3.466667e-06,8.96e-05,30.07266312
1.013333e-05,4.48e-05,3.466667e-06,3.84e-05,8.464078562
1.013333e-05,4.48e-05,3.466667e-06,4.27e-05,9.55061754
1.013333e-05,4.48e-05,3.466667e-06,4.69e-05,10.53289135
1.013333e-05,4.48e-05,3.466667e-06,5.12e-05,11.43027566
1.013333e-05,4.48e-05,3.466667e-06,5.55e-05,12.25895662
1.013333e-05,4.48e-05,3.466667e-06,5.97e-05,13.02909456
1.013333e-05,4.48e-05,3.466667e-06,6.4e-05,13.74958422
1.013333e-05,4.48e-05,3.466667e-06,6.83e-05,14.42748019
1.013333e-05,4.48e-05,3.466667e-06,7.25e-05,15.06885374
1.013333e-05,4.48e-05,3.466667e-06,7.68e-05,15.67801921
1.013333e-05,4.48e-05,3.466667e-06,8.11e-05,16.25736164
1.013333e-05,4.48e-05,3.466667e-06,8.53e-05,16.81252457
1.013333e-05,4.48e-05,3.466667e-06,8.96e-05,17.34500447
1.013333e-05,4.48e-05,3.733333e-06,3.84e-05,7.965356571
1.013333e-05,4.48e-05,3.733333e-06,4.27e-05,9.052082392
1.013333e-05,4.48e-05,3.733333e-06,4.69e-05,10.03470269
1.013333e-05,4.48e-05,3.733333e-06,5.12e-05,10.93310058
1.013333e-05,4.48e-05,3.733333e-06,5.55e-05,11.76146766
1.013333e-05,4.48e-05,3.733333e-06,5.97e-05,12.53254006
1.013333e-05,4.48e-05,3.733333e-06,6.4e-05,13.25390939
1.013333e-05,4.48e-05,3.733333e-06,6.83e-05,13.93269499
1.013333e-05,4.48e-05,3.733333e-06,7.25e-05,14.57461801
1.013333e-05,4.48e-05,3.733333e-06,7.68e-05,15.18524477
1.013333e-05,4.48e-05,3.733333e-06,8.11e-05,15.76569948
1.013333e-05,4.48e-05,3.733333e-06,8.53e-05,16.32108171
1.013333e-05,4.48e-05,3.733333e-06,8.96e-05,16.85582533
1.013333e-05,4.48e-05,3.733333e-06,3.84e-05,7.752707006
1.013333e-05,4.48e-05,3.733333e-06,4.27e-05,8.839546154
1.013333e-05,4.48e-05,3.733333e-06,4.69e-05,9.822343431
1.013333e-05,4.48e-05,3.733333e-06,5.12e-05,10.72097318
1.013333e-05,4.48e-05,3.733333e-06,5.55e-05,11.54928863
1.013333e-05,4.48e-05,3.733333e-06,5.97e-05,12.32089911
1.013333e-05,4.48e-05,3.733333e-06,6.4e-05,13.04271044
1.013333e-05,4.48e-05,3.733333e-06,6.83e-05,13.72191846
1.013333e-05,4.48e-05,3.733333e-06,7.25e-05,14.36427685
1.013333e-05,4.48e-05,3.733333e-06,7.68e-05,14.97508716
1.013333e-05,4.48e-05,3.733333e-06,8.11e-05,15.55608487
1.013333e-05,4.48e-05,3.733333e-06,8.53e-05,16.11280798
1.013333e-05,4.48e-05,3.733333e-06,8.96e-05,16.64754253
1.013333e-05,4.48e-05,4.8e-06,3.84e-05,7.381874864
1.013333e-05,4.48e-05,4.8e-06,4.27e-05,8.468970432
1.013333e-05,4.48e-05,4.8e-06,4.69e-05,9.452122998
1.013333e-05,4.48e-05,4.8e-06,5.12e-05,10.35119778
1.013333e-05,4.48e-05,4.8e-06,5.55e-05,11.18092693
1.013333e-05,4.48e-05,4.8e-06,5.97e-05,11.95185265
1.013333e-05,4.48e-05,4.8e-06,6.4e-05,12.67460079
1.013333e-05,4.48e-05,4.8e-06,6.83e-05,13.3546362
1.013333e-05,4.48e-05,4.8e-06,7.25e-05,13.99780879
1.013333e-05,4.48e-05,4.8e-06,7.68e-05,14.60883813
1.013333e-05,4.48e-05,4.8e-06,8.11e-05,15.19235109
1.013333e-05,4.48e-05,4.8e-06,8.53e-05,15.7493182
1.013333e-05,4.48e-05,4.8e-06,8.96e-05,16.28480801
1.013333e-05,4.48e-05,4.8e-06,3.84e-05,6.794962847
1.013333e-05,4.48e-05,4.8e-06,4.27e-05,7.882740496
1.013333e-05,4.48e-05,4.8e-06,4.69e-05,8.866620935
1.013333e-05,4.48e-05,4.8e-06,5.12e-05,9.76652194
1.013333e-05,4.48e-05,4.8e-06,5.55e-05,10.59718987
1.013333e-05,4.48e-05,4.8e-06,5.97e-05,11.36985488
1.013333e-05,4.48e-05,4.8e-06,6.4e-05,12.09240306
1.013333e-05,4.48e-05,4.8e-06,6.83e-05,12.77416594
1.013333e-05,4.48e-05,4.8e-06,7.25e-05,13.41884432
1.013333e-05,4.48e-05,4.8e-06,7.68e-05,14.03135681
1.013333e-05,4.48e-05,4.8e-06,8.11e-05,14.61500794
1.013333e-05,4.48e-05,4.8e-06,8.53e-05,15.1753833
1.013333e-05,4.48e-05,4.8e-06,8.96e-05,15.71203218
1.013333e-05,4.48e-05,4.266667e-06,3.84e-05,6.926431233
1.013333e-05,4.48e-05,4.266667e-06,4.27e-05,8.014005219
1.013333e-05,4.48e-05,4.266667e-06,4.69e-05,8.997698312
1.013333e-05,4.48e-05,4.266667e-06,5.12e-05,9.897398799
1.013333e-05,4.48e-05,4.266667e-06,5.55e-05,10.7278445
1.013333e-05,4.48e-05,4.266667e-06,5.97e-05,11.50026321
1.013333e-05,4.48e-05,4.266667e-06,6.4e-05,12.22277896
1.013333e-05,4.48e-05,4.266667e-06,6.83e-05,12.90408614
1.013333e-05,4.48e-05,4.266667e-06,7.25e-05,13.5483945
1.013333e-05,4.48e-05,4.266667e-06,7.68e-05,14.16055696
1.013333e-05,4.48e-05,4.266667e-06,8.11e-05,14.74480727
1.013333e-05,4.48e-05,4.266667e-06,8.53e-05,15.30298609
1.013333e-05,4.48e-05,4.266667e-06,8.96e-05,15.8398382
1.013333e-05,4.48e-05,4.266667e-06,3.84e-05,7.218495191
1.013333e-05,4.48e-05,4.266667e-06,4.27e-05,8.305735747
1.013333e-05,4.48e-05,4.266667e-06,4.69e-05,9.289066782
1.013333e-05,4.48e-05,4.266667e-06,5.12e-05,10.18835509
1.013333e-05,4.48e-05,4.266667e-06,5.55e-05,11.01833219
1.013333e-05,4.48e-05,4.266667e-06,5.97e-05,11.78922656
1.013333e-05,4.48e-05,4.266667e-06,6.4e-05,12.51248973
1.013333e-05,4.48e-05,4.266667e-06,6.83e-05,13.19294039
1.013333e-05,4.48e-05,4.266667e-06,7.25e-05,13.83649934
1.013333e-05,4.48e-05,4.266667e-06,7.68e-05,14.44792272
1.013333e-05,4.48e-05,4.266667e-06,8.11e-05,15.03181241
1.013333e-05,4.48e-05,4.266667e-06,8.53e-05,15.58927339
1.013333e-05,4.48e-05,4.266667e-06,8.96e-05,16.12521077
1.013333e-05,4.48e-05,4.533333e-06,3.84e-05,6.671952718
1.013333e-05,4.48e-05,4.533333e-06,4.27e-05,7.759741991
1.013333e-05,4.48e-05,4.533333e-06,4.69e-05,8.743816558
1.013333e-05,4.48e-05,4.533333e-06,5.12e-05,9.643915842
1.013333e-05,4.48e-05,4.533333e-06,5.55e-05,10.47479908
1.013333e-05,4.48e-05,4.533333e-06,5.97e-05,11.24770081
1.013333e-05,4.48e-05,4.533333e-06,6.4e-05,11.97020976
1.013333e-05,4.48e-05,4.533333e-06,6.83e-05,12.65245384
1.013333e-05,4.48e-05,4.533333e-06,7.25e-05,13.29750361
1.013333e-05,4.48e-05,4.533333e-06,7.68e-05,13.91035625
1.013333e-05,4.48e-05,4.533333e-06,8.11e-05,14.49500471
1.013333e-05,4.48e-05,4.533333e-06,8.53e-05,15.05529477
1.013333e-05,4.48e-05,4.533333e-06,8.96e-05,15.59222456
1.013333e-05,4.48e-05,4.533333e-06,3.84e-05,6.556407623
1.013333e-05,4.48e-05,4.533333e-06,4.27e-05,7.64412251
1.013333e-05,4.48e-05,4.533333e-06,4.69e-05,8.628399913
1.013333e-05,4.48e-05,4.533333e-06,5.12e-05,9.528696719
1.013333e-05,4.48e-05,4.533333e-06,5.55e-05,10.3597892
1.013333e-05,4.48e-05,4.533333e-06,5.97e-05,11.13291887
1.013333e-05,4.48e-05,4.533333e-06,6.4e-05,11.85684354
1.013333e-05,4.48e-05,4.533333e-06,6.83e-05,12.53806535
1.013333e-05,4.48e-05,4.533333e-06,7.25e-05,13.18349152
1.013333e-05,4.48e-05,4.533333e-06,7.68e-05,13.79667669
1.013333e-05,4.48e-05,4.533333e-06,8.11e-05,14.38165475
1.013333e-05,4.48e-05,4.533333e-06,8.53e-05,14.94229356
1.013333e-05,4.48e-05,4.533333e-06,8.96e-05,15.47962418
1.013333e-05,4.48e-05,4e-06,3.84e-05,35.77975466
1.013333e-05,4.48e-05,4e-06,4.27e-05,40.29948809
1.013333e-05,4.48e-05,4e-06,4.69e-05,45.26353259
1.013333e-05,4.48e-05,4e-06,5.12e-05,49.09007006
1.013333e-05,4.48e-05,4e-06,5.55e-05,51.63240955
1.013333e-05,4.48e-05,4e-06,5.97e-05,53.27954708
1.013333e-05,4.48e-05,4e-06,6.4e-05,54.31086429
1.013333e-05,4.48e-05,4e-06,6.83e-05,54.94739483
1.013333e-05,4.48e-05,4e-06,7.25e-05,55.33855381
1.013333e-05,4.48e-05,4e-06,7.68e-05,55.57437605
1.013333e-05,4.48e-05,4e-06,8.11e-05,55.70691781
1.013333e-05,4.48e-05,4e-06,8.53e-05,55.76596181
1.013333e-05,4.48e-05,4e-06,8.96e-05,55.76838564
1.013333e-05,4.48e-05,4e-06,3.84e-05,35.67081404
1.013333e-05,4.48e-05,4e-06,4.27e-05,40.27218764
1.013333e-05,4.48e-05,4e-06,4.69e-05,45.2915537
1.013333e-05,4.48e-05,4e-06,5.12e-05,49.10120391
1.013333e-05,4.48e-05,4e-06,5.55e-05,51.60757853
1.013333e-05,4.48e-05,4e-06,5.97e-05,53.22282668
1.013333e-05,4.48e-05,4e-06,6.4e-05,54.23332906
1.013333e-05,4.48e-05,4e-06,6.83e-05,54.8586423
1.013333e-05,4.48e-05,4e-06,7.25e-05,55.24502426
1.013333e-05,4.48e-05,4e-06,7.68e-05,55.48006514
1.013333e-05,4.48e-05,4e-06,8.11e-05,55.6143383
1.013333e-05,4.48e-05,4e-06,8.53e-05,55.67682367
1.013333e-05,4.48e-05,4e-06,8.96e-05,55.68401036
1.013333e-05,4.48e-05,5.6e-06,3.84e-05,35.49080873
1.013333e-05,4.48e-05,5.6e-06,4.27e-05,40.23517646
1.013333e-05,4.48e-05,5.6e-06,4.69e-05,45.33718474
1.013333e-05,4.48e-05,5.6e-06,5.12e-05,49.11663259
1.013333e-05,4.48e-05,5.6e-06,5.55e-05,51.55865159
1.013333e-05,4.48e-05,5.6e-06,5.97e-05,53.1168908
1.013333e-05,4.48e-05,5.6e-06,6.4e-05,54.0942784
1.013333e-05,4.48e-05,5.6e-06,6.83e-05,54.70080677
1.013333e-05,4.48e-05,5.6e-06,7.25e-05,55.07929742
1.013333e-05,4.48e-05,5.6e-06,7.68e-05,55.31317103
1.013333e-05,4.48e-05,5.6e-06,8.11e-05,55.45049929
1.013333e-05,4.48e-05,5.6e-06,8.53e-05,55.51890991
1.013333e-05,4.48e-05,5.6e-06,8.96e-05,55.53423404
1.013333e-05,4.48e-05,5.6e-06,3.84e-05,35.41540744
1.013333e-05,4.48e-05,5.6e-06,4.27e-05,40.22297839
1.013333e-05,4.48e-05,5.6e-06,4.69e-05,45.36273323
1.013333e-05,4.48e-05,5.6e-06,5.12e-05,49.12178579
1.013333e-05,4.48e-05,5.6e-06,5.55e-05,51.53490373
1.013333e-05,4.48e-05,5.6e-06,5.97e-05,53.07001804
1.013333e-05,4.48e-05,5.6e-06,6.4e-05,54.03156464
1.013333e-05,4.48e-05,5.6e-06,6.83e-05,54.63011444
1.013333e-05,4.48e-05,5.6e-06,7.25e-05,55.00529089
1.013333e-05,4.48e-05,5.6e-06,7.68e-05,55.23871749
1.013333e-05,4.48e-05,5.6e-06,8.11e-05,55.37739722
1.013333e-05,4.48e-05,5.6e-06,8.53e-05,55.44838045
1.013333e-05,4.48e-05,5.6e-06,8.96e-05,55.46721586
1.013333e-05,4.48e-05,5.066667e-06,3.84e-05,35.28637511
1.013333e-05,4.48e-05,5.066667e-06,4.27e-05,40.2071153
1.013333e-05,4.48e-05,5.066667e-06,4.69e-05,45.40807608
1.013333e-05,4.48e-05,5.066667e-06,5.12e-05,49.12840995
1.013333e-05,4.48e-05,5.066667e-06,5.55e-05,51.48921545
1.013333e-05,4.48e-05,5.066667e-06,5.97e-05,52.98317574
1.013333e-05,4.48e-05,5.066667e-06,6.4e-05,53.91739087
1.013333e-05,4.48e-05,5.066667e-06,6.83e-05,54.50211121
1.013333e-05,4.48e-05,5.066667e-06,7.25e-05,54.87159105
1.013333e-05,4.48e-05,5.066667e-06,7.68e-05,55.10430558
1.013333e-05,4.48e-05,5.066667e-06,8.11e-05,55.24539741
1.013333e-05,4.48e-05,5.066667e-06,8.53e-05,55.32091198
1.013333e-05,4.48e-05,5.066667e-06,8.96e-05,55.34590371
1.013333e-05,4.48e-05,5.066667e-06,3.84e-05,35.23065199
1.013333e-05,4.48e-05,5.066667e-06,4.27e-05,40.20235655
1.013333e-05,4.48e-05,5.066667e-06,4.69e-05,45.42837499
1.013333e-05,4.48e-05,5.066667e-06,5.12e-05,49.13027914
1.013333e-05,4.48e-05,5.066667e-06,5.55e-05,51.46732309
1.013333e-05,4.48e-05,5.066667e-06,5.97e-05,52.94285554
1.013333e-05,4.48e-05,5.066667e-06,6.4e-05,53.86517942
1.013333e-05,4.48e-05,5.066667e-06,6.83e-05,54.44385207
1.013333e-05,4.48e-05,5.066667e-06,7.25e-05,54.81085877
1.013333e-05,4.48e-05,5.066667e-06,7.68e-05,55.04328552
1.013333e-05,4.48e-05,5.066667e-06,8.11e-05,55.18545847
1.013333e-05,4.48e-05,5.066667e-06,8.53e-05,55.26298192
1.013333e-05,4.48e-05,5.066667e-06,8.96e-05,55.29069217
1.013333e-05,4.48e-05,5.333333e-06,3.84e-05,35.04995638
1.013333e-05,4.48e-05,5.333333e-06,4.27e-05,40.19642266
1.013333e-05,4.48e-05,5.333333e-06,4.69e-05,45.49747193
1.013333e-05,4.48e-05,5.333333e-06,5.12e-05,49.12821991
1.013333e-05,4.48e-05,5.333333e-06,5.55e-05,51.38599238
1.013333e-05,4.48e-05,5.333333e-06,5.97e-05,52.79880315
1.013333e-05,4.48e-05,5.333333e-06,6.4e-05,53.68221846
1.013333e-05,4.48e-05,5.333333e-06,6.83e-05,54.24093074
1.013333e-05,4.48e-05,5.333333e-06,7.25e-05,54.59984758
1.013333e-05,4.48e-05,5.333333e-06,7.68e-05,54.83142033
1.013333e-05,4.48e-05,5.333333e-06,8.11e-05,54.97726912
1.013333e-05,4.48e-05,5.333333e-06,8.53e-05,55.06153489
1.013333e-05,4.48e-05,5.333333e-06,8.96e-05,55.09832507
1.013333e-05,4.48e-05,5.333333e-06,3.84e-05,35.13296085
1.013333e-05,4.48e-05,5.333333e-06,4.27e-05,40.19728052
1.013333e-05,4.48e-05,5.333333e-06,4.69e-05,45.46510118
1.013333e-05,4.48e-05,5.333333e-06,5.12e-05,49.12735297
1.013333e-05,4.48e-05,5.333333e-06,5.55e-05,51.4254391
1.013333e-05,4.48e-05,5.333333e-06,5.97e-05,52.8676451
1.013333e-05,4.48e-05,5.333333e-06,6.4e-05,53.7689966
1.013333e-05,4.48e-05,5.333333e-06,6.83e-05,54.33694679
1.013333e-05,4.48e-05,5.333333e-06,7.25e-05,54.69959418
1.013333e-05,4.48e-05,5.333333e-06,7.68e-05,54.93154425
1.013333e-05,4.48e-05,5.333333e-06,8.11e-05,55.07567158
1.013333e-05,4.48e-05,5.333333e-06,8.53e-05,55.15679581
1.013333e-05,4.48e-05,5.333333e-06,8.96e-05,55.18936346
1.066667e-05,0.000132012,2.4e-06,3.84e-05,18.82048869
1.066667e-05,0.000132012,2.4e-06,4.27e-05,20.08414783
1.066667e-05,0.000132012,2.4e-06,4.69e-05,21.26256713
1.066667e-05,0.000132012,2.4e-06,5.12e-05,22.3759376
1.066667e-05,0.000132012,2.4e-06,5.55e-05,23.44000026
1.066667e-05,0.000132012,2.4e-06,5.97e-05,24.4675862
1.066667e-05,0.000132012,2.4e-06,6.4e-05,25.46844482
1.066667e-05,0.000132012,2.4e-06,6.83e-05,26.45589204
1.066667e-05,0.000132012,2.4e-06,7.25e-05,27.43542195
1.066667e-05,0.000132012,2.4e-06,7.68e-05,28.41616054
1.066667e-05,0.000132012,2.4e-06,8.11e-05,29.41093072
1.066667e-05,0.000132012,2.4e-06,8.53e-05,30.42630623
1.066667e-05,0.000132012,2.4e-06,8.96e-05,31.47337401
1.066667e-05,0.000132012,2.4e-06,3.84e-05,18.5640829
1.066667e-05,0.000132012,2.4e-06,4.27e-05,19.82985324
1.066667e-05,0.000132012,2.4e-06,4.69e-05,21.01077542
1.066667e-05,0.000132012,2.4e-06,5.12e-05,22.1270802
1.066667e-05,0.000132012,2.4e-06,5.55e-05,23.19456421
1.066667e-05,0.000132012,2.4e-06,5.97e-05,24.22612963
1.066667e-05,0.000132012,2.4e-06,6.4e-05,25.23006831
1.066667e-05,0.000132012,2.4e-06,6.83e-05,26.2243324
1.066667e-05,0.000132012,2.4e-06,7.25e-05,27.20877011
1.066667e-05,0.000132012,2.4e-06,7.68e-05,28.19977345
1.066667e-05,0.000132012,2.4e-06,8.11e-05,29.20217763
1.066667e-05,0.000132012,2.4e-06,8.53e-05,30.22105412
1.066667e-05,0.000132012,2.4e-06,8.96e-05,31.28728327
1.066667e-05,0.000132012,2.666667e-06,3.84e-05,18.12843313
1.066667e-05,0.000132012,2.666667e-06,4.27e-05,19.39805345
1.066667e-05,0.000132012,2.666667e-06,4.69e-05,20.58348574
1.066667e-05,0.000132012,2.666667e-06,5.12e-05,21.70504071
1.066667e-05,0.000132012,2.666667e-06,5.55e-05,22.77861706
1.066667e-05,0.000132012,2.666667e-06,5.97e-05,23.81724942
1.066667e-05,0.000132012,2.666667e-06,6.4e-05,24.83213209
1.066667e-05,0.000132012,2.666667e-06,6.83e-05,25.83224341
1.066667e-05,0.000132012,2.666667e-06,7.25e-05,26.83046834
1.066667e-05,0.000132012,2.666667e-06,7.68e-05,27.83298958
1.066667e-05,0.000132012,2.666667e-06,8.11e-05,28.85077038
1.066667e-05,0.000132012,2.666667e-06,8.53e-05,29.89284125
1.066667e-05,0.000132012,2.666667e-06,8.96e-05,30.97609615
1.066667e-05,0.000132012,2.666667e-06,3.84e-05,17.94060686
1.066667e-05,0.000132012,2.666667e-06,4.27e-05,19.21200775
1.066667e-05,0.000132012,2.666667e-06,4.69e-05,20.39949683
1.066667e-05,0.000132012,2.666667e-06,5.12e-05,21.5234263
1.066667e-05,0.000132012,2.666667e-06,5.55e-05,22.59974463
1.066667e-05,0.000132012,2.666667e-06,5.97e-05,23.64154668
1.066667e-05,0.000132012,2.666667e-06,6.4e-05,24.6601012
1.066667e-05,0.000132012,2.666667e-06,6.83e-05,25.66332198
1.066667e-05,0.000132012,2.666667e-06,7.25e-05,26.66763933
1.066667e-05,0.000132012,2.666667e-06,7.68e-05,27.67582387
1.066667e-05,0.000132012,2.666667e-06,8.11e-05,28.69832151
1.066667e-05,0.000132012,2.666667e-06,8.53e-05,29.75186806
1.066667e-05,0.000132012,2.666667e-06,8.96e-05,30.84396928
1.066667e-05,0.000132012,2.933333e-06,3.84e-05,17.20166118
1.066667e-05,0.000132012,2.933333e-06,4.27e-05,18.47946976
1.066667e-05,0.000132012,2.933333e-06,4.69e-05,19.67597291
1.066667e-05,0.000132012,2.933333e-06,5.12e-05,20.81007513
1.066667e-05,0.000132012,2.933333e-06,5.55e-05,21.8979815
1.066667e-05,0.000132012,2.933333e-06,5.97e-05,22.95307123
1.066667e-05,0.000132012,2.933333e-06,6.4e-05,23.98694607
1.066667e-05,0.000132012,2.933333e-06,6.83e-05,25.01020427
1.066667e-05,0.000132012,2.933333e-06,7.25e-05,26.03002497
1.066667e-05,0.000132012,2.933333e-06,7.68e-05,27.06547621
1.066667e-05,0.000132012,2.933333e-06,8.11e-05,28.11862273
1.066667e-05,0.000132012,2.933333e-06,8.53e-05,29.19851325
1.066667e-05,0.000132012,2.933333e-06,8.96e-05,30.33425429
1.066667e-05,0.000132012,2.933333e-06,3.84e-05,17.46426886
1.066667e-05,0.000132012,2.933333e-06,4.27e-05,18.74007085
1.066667e-05,0.000132012,2.933333e-06,4.69e-05,19.93316448
1.066667e-05,0.000132012,2.933333e-06,5.12e-05,21.06347377
1.066667e-05,0.000132012,2.933333e-06,5.55e-05,22.14709797
1.066667e-05,0.000132012,2.933333e-06,5.97e-05,23.1973032
1.066667e-05,0.000132012,2.933333e-06,6.4e-05,24.22556474
1.066667e-05,0.000132012,2.933333e-06,6.83e-05,25.24232902
1.066667e-05,0.000132012,2.933333e-06,7.25e-05,26.25661942
1.066667e-05,0.000132012,2.933333e-06,7.68e-05,27.28125576
1.066667e-05,0.000132012,2.933333e-06,8.11e-05,28.32282378
1.066667e-05,0.000132012,2.933333e-06,8.53e-05,29.39738214
1.066667e-05,0.000132012,2.933333e-06,8.96e-05,30.50859124
1.066667e-05,0.000132012,3.2e-06,3.84e-05,17.61052096
1.066667e-05,0.000132012,3.2e-06,4.27e-05,18.88506724
1.066667e-05,0.000132012,3.2e-06,4.69e-05,20.07637116
1.066667e-05,0.000132012,3.2e-06,5.12e-05,21.20466022
1.066667e-05,0.000132012,3.2e-06,5.55e-05,22.28598264
1.066667e-05,0.000132012,3.2e-06,5.97e-05,23.33354817
1.066667e-05,0.000132012,3.2e-06,6.4e-05,24.35876612
1.066667e-05,0.000132012,3.2e-06,6.83e-05,25.37200044
1.066667e-05,0.000132012,3.2e-06,7.25e-05,26.38266806
1.066667e-05,0.000132012,3.2e-06,7.68e-05,27.39780496
1.066667e-05,0.000132012,3.2e-06,8.11e-05,28.43907638
1.066667e-05,0.000132012,3.2e-06,8.53e-05,29.50568172
1.066667e-05,0.000132012,3.2e-06,8.96e-05,30.61479797
1.066667e-05,0.000132012,3.2e-06,3.84e-05,16.86678374
1.066667e-05,0.000132012,3.2e-06,4.27e-05,18.14954065
1.066667e-05,0.000132012,3.2e-06,4.69e-05,19.34761265
1.066667e-05,0.000132012,3.2e-06,5.12e-05,20.48695351
1.066667e-05,0.000132012,3.2e-06,5.55e-05,21.58066248
1.066667e-05,0.000132012,3.2e-06,5.97e-05,22.64229285
1.066667e-05,0.000132012,3.2e-06,6.4e-05,23.6836323
1.066667e-05,0.000132012,3.2e-06,6.83e-05,24.71546986
1.066667e-05,0.000132012,3.2e-06,7.25e-05,25.74828382
1.066667e-05,0.000132012,3.2e-06,7.68e-05,26.79190888
1.066667e-05,0.000132012,3.2e-06,8.11e-05,27.85510542
1.066667e-05,0.000132012,3.2e-06,8.53e-05,28.96121396
1.066667e-05,0.000132012,3.2e-06,8.96e-05,30.11228695
1.066667e-05,0.000132012,3.466667e-06,3.84e-05,16.97166379
1.066667e-05,0.000132012,3.466667e-06,4.27e-05,18.25077147
1.066667e-05,0.000132012,3.466667e-06,4.69e-05,19.45052823
1.066667e-05,0.000132012,3.466667e-06,5.12e-05,20.58817008
1.066667e-05,0.000132012,3.466667e-06,5.55e-05,21.68001366
1.066667e-05,0.000132012,3.466667e-06,5.97e-05,22.73955336
1.066667e-05,0.000132012,3.466667e-06,6.4e-05,23.77851507
1.066667e-05,0.000132012,3.466667e-06,6.83e-05,24.80761963
1.066667e-05,0.000132012,3.466667e-06,7.25e-05,25.8372497
1.066667e-05,0.000132012,3.466667e-06,7.68e-05,26.87745351
1.066667e-05,0.000132012,3.466667e-06,8.11e-05,27.93851124
1.066667e-05,0.000132012,3.466667e-06,8.53e-05,29.0363932
1.066667e-05,0.000132012,3.466667e-06,8.96e-05,30.18161863
1.066667e-05,0.000132012,3.466667e-06,3.84e-05,8.549573303
1.066667e-05,0.000132012,3.466667e-06,4.27e-05,9.636198616
1.066667e-05,0.000132012,3.466667e-06,4.69e-05,10.6185695
1.066667e-05,0.000132012,3.466667e-06,5.12e-05,11.51605901
1.066667e-05,0.000132012,3.466667e-06,5.55e-05,12.34485449
1.066667e-05,0.000132012,3.466667e-06,5.97e-05,13.11511398
1.066667e-05,0.000132012,3.466667e-06,6.4e-05,13.83573168
1.066667e-05,0.000132012,3.466667e-06,6.83e-05,14.51376204
1.066667e-05,0.000132012,3.466667e-06,7.25e-05,15.15527754
1.066667e-05,0.000132012,3.466667e-06,7.68e-05,15.76458713
1.066667e-05,0.000132012,3.466667e-06,8.11e-05,16.3440834
1.066667e-05,0.000132012,3.466667e-06,8.53e-05,16.89940567
1.066667e-05,0.000132012,3.466667e-06,8.96e-05,17.4320502
1.066667e-05,0.000132012,3.733333e-06,3.84e-05,8.052142135
1.066667e-05,0.000132012,3.733333e-06,4.27e-05,9.13895752
1.066667e-05,0.000132012,3.733333e-06,4.69e-05,10.12167844
1.066667e-05,0.000132012,3.733333e-06,5.12e-05,11.02018628
1.066667e-05,0.000132012,3.733333e-06,5.55e-05,11.84867049
1.066667e-05,0.000132012,3.733333e-06,5.97e-05,12.6198692
1.066667e-05,0.000132012,3.733333e-06,6.4e-05,13.34137142
1.066667e-05,0.000132012,3.733333e-06,6.83e-05,14.02029644
1.066667e-05,0.000132012,3.733333e-06,7.25e-05,14.66236534
1.066667e-05,0.000132012,3.733333e-06,7.68e-05,15.27314431
1.066667e-05,0.000132012,3.733333e-06,8.11e-05,15.8537579
1.066667e-05,0.000132012,3.733333e-06,8.53e-05,16.40930201
1.066667e-05,0.000132012,3.733333e-06,8.96e-05,16.94422084
1.066667e-05,0.000132012,3.733333e-06,3.84e-05,7.840056699
1.066667e-05,0.000132012,3.733333e-06,4.27e-05,8.926986942
1.066667e-05,0.000132012,3.733333e-06,4.69e-05,9.909886502
1.066667e-05,0.000132012,3.733333e-06,5.12e-05,10.808628
1.066667e-05,0.000132012,3.733333e-06,5.55e-05,11.63706207
1.066667e-05,0.000132012,3.733333e-06,5.97e-05,12.40880108
1.066667e-05,0.000132012,3.733333e-06,6.4e-05,13.1307477
1.066667e-05,0.000132012,3.733333e-06,6.83e-05,13.81009753
1.066667e-05,0.000132012,3.733333e-06,7.25e-05,14.45260428
1.066667e-05,0.000132012,3.733333e-06,7.68e-05,15.06357056
1.066667e-05,0.000132012,3.733333e-06,8.11e-05,15.64472273
1.066667e-05,0.000132012,3.733333e-06,8.53e-05,16.2016187
1.066667e-05,0.000132012,3.733333e-06,8.96e-05,16.73652957
1.066667e-05,0.000132012,4.8e-06,3.84e-05,7.470229115
1.066667e-05,0.000132012,4.8e-06,4.27e-05,8.557418655
1.066667e-05,0.000132012,4.8e-06,4.69e-05,9.540676638
1.066667e-05,0.000132012,4.8e-06,5.12e-05,10.43986656
1.066667e-05,0.000132012,4.8e-06,5.55e-05,11.26971944
1.066667e-05,0.000132012,4.8e-06,5.97e-05,12.0407754
1.066667e-05,0.000132012,4.8e-06,6.4e-05,12.76366332
1.066667e-05,0.000132012,4.8e-06,6.83e-05,13.44384507
1.066667e-05,0.000132012,4.8e-06,7.25e-05,14.0871707
1.066667e-05,0.000132012,4.8e-06,7.68e-05,14.69835986
1.066667e-05,0.000132012,4.8e-06,8.11e-05,15.2820391
1.066667e-05,0.000132012,4.8e-06,8.53e-05,15.83918009
1.066667e-05,0.000132012,4.8e-06,8.96e-05,16.37485079
1.066667e-05,0.000132012,4.8e-06,3.84e-05,6.884965401
1.066667e-05,0.000132012,4.8e-06,4.27e-05,7.972842129
1.066667e-05,0.000132012,4.8e-06,4.69e-05,8.956833612
1.066667e-05,0.000132012,4.8e-06,5.12e-05,9.856855778
1.066667e-05,0.000132012,4.8e-06,5.55e-05,10.68765387
1.066667e-05,0.000132012,4.8e-06,5.97e-05,11.46045729
1.066667e-05,0.000132012,4.8e-06,6.4e-05,12.18314997
1.066667e-05,0.000132012,4.8e-06,6.83e-05,12.86506763
1.066667e-05,0.000132012,4.8e-06,7.25e-05,13.5099075
1.066667e-05,0.000132012,4.8e-06,7.68e-05,14.12258851
1.066667e-05,0.000132012,4.8e-06,8.11e-05,14.70642115
1.066667e-05,0.000132012,4.8e-06,8.53e-05,15.26697073
1.066667e-05,0.000132012,4.8e-06,8.96e-05,15.8038124
1.066667e-05,0.000132012,4.266667e-06,3.84e-05,7.016057927
1.066667e-05,0.000132012,4.266667e-06,4.27e-05,8.103729845
1.066667e-05,0.000132012,4.266667e-06,4.69e-05,9.087532648
1.066667e-05,0.000132012,4.266667e-06,5.12e-05,9.987352871
1.066667e-05,0.000132012,4.266667e-06,5.55e-05,10.81792721
1.066667e-05,0.000132012,4.266667e-06,5.97e-05,11.59048272
1.066667e-05,0.000132012,4.266667e-06,6.4e-05,12.31314166
1.066667e-05,0.000132012,4.266667e-06,6.83e-05,12.99460159
1.066667e-05,0.000132012,4.266667e-06,7.25e-05,13.63906941
1.066667e-05,0.000132012,4.266667e-06,7.68e-05,14.25139833
1.066667e-05,0.000132012,4.266667e-06,8.11e-05,14.83582422
1.066667e-05,0.000132012,4.266667e-06,8.53e-05,15.39417328
1.066667e-05,0.000132012,4.266667e-06,8.96e-05,15.93121986
1.066667e-05,0.000132012,4.266667e-06,3.84e-05,7.307300813
1.066667e-05,0.000132012,4.266667e-06,4.27e-05,8.394636695
1.066667e-05,0.000132012,4.266667e-06,4.69e-05,9.378074636
1.066667e-05,0.000132012,4.266667e-06,5.12e-05,10.27747967
1.066667e-05,0.000132012,4.266667e-06,5.55e-05,11.1075822
1.066667e-05,0.000132012,4.266667e-06,5.97e-05,11.87860817
1.066667e-05,0.000132012,4.266667e-06,6.4e-05,12.60201326
1.066667e-05,0.000132012,4.266667e-06,6.83e-05,13.28261248
1.066667e-05,0.000132012,4.266667e-06,7.25e-05,13.92632668
1.066667e-05,0.000132012,4.266667e-06,7.68e-05,14.53791217
1.066667e-05,0.000132012,4.266667e-06,8.11e-05,15.12197057
1.066667e-05,0.000132012,4.266667e-06,8.53e-05,15.67960806
1.066667e-05,0.000132012,4.266667e-06,8.96e-05,16.21572891
1.066667e-05,0.000132012,4.533333e-06,3.84e-05,6.762308716
1.066667e-05,0.000132012,4.533333e-06,4.27e-05,7.850200659
1.066667e-05,0.000132012,4.533333e-06,4.69e-05,8.834387569
1.066667e-05,0.000132012,4.533333e-06,5.12e-05,9.73460939
1.066667e-05,0.000132012,4.533333e-06,5.55e-05,10.56562424
1.066667e-05,0.000132012,4.533333e-06,5.97e-05,11.33866594
1.066667e-05,0.000132012,4.533333e-06,6.4e-05,12.06132058
1.066667e-05,0.000132012,4.533333e-06,6.83e-05,12.74372145
1.066667e-05,0.000132012,4.533333e-06,7.25e-05,13.38893468
1.066667e-05,0.000132012,4.533333e-06,7.68e-05,14.00195784
1.066667e-05,0.000132012,4.533333e-06,8.11e-05,14.58678414
1.066667e-05,0.000132012,4.533333e-06,8.53e-05,15.14725853
1.066667e-05,0.000132012,4.533333e-06,8.96e-05,15.68438191
1.066667e-05,0.000132012,4.533333e-06,3.84e-05,6.647101954
1.066667e-05,0.000132012,4.533333e-06,4.27e-05,7.734920225
1.066667e-05,0.000132012,4.533333e-06,4.69e-05,8.719311235
1.066667e-05,0.000132012,4.533333e-06,5.12e-05,9.61973191
1.066667e-05,0.000132012,4.533333e-06,5.55e-05,10.45095743
1.066667e-05,0.000132012,4.533333e-06,5.97e-05,11.22422856
1.066667e-05,0.000132012,4.533333e-06,6.4e-05,11.94830267
1.066667e-05,0.000132012,4.533333e-06,6.83e-05,12.62968056
1.066667e-05,0.000132012,4.533333e-06,7.25e-05,13.2752721
1.066667e-05,0.000132012,4.533333e-06,7.68e-05,13.88862972
1.066667e-05,0.000132012,4.533333e-06,8.11e-05,14.47378761
1.066667e-05,0.000132012,4.533333e-06,8.53e-05,15.03461336
1.066667e-05,0.000132012,4.533333e-06,8.96e-05,15.5721396
1.066667e-05,0.000132012,4e-06,3.84e-05,35.89085646
1.066667e-05,0.000132012,4e-06,4.27e-05,40.4293568
1.066667e-05,0.000132012,4e-06,4.69e-05,45.39426983
1.066667e-05,0.000132012,4e-06,5.12e-05,49.20354634
1.066667e-05,0.000132012,4e-06,5.55e-05,51.73171036
1.066667e-05,0.000132012,4e-06,5.97e-05,53.36756326
1.066667e-05,0.000132012,4e-06,6.4e-05,54.3906967
1.066667e-05,0.000132012,4e-06,6.83e-05,55.02166124
1.066667e-05,0.000132012,4e-06,7.25e-05,55.40905758
1.066667e-05,0.000132012,4e-06,7.68e-05,55.64223026
1.066667e-05,0.000132012,4e-06,8.11e-05,55.77276994
1.066667e-05,0.000132012,4e-06,8.53e-05,55.83016481
1.066667e-05,0.000132012,4e-06,8.96e-05,55.83110169
1.066667e-05,0.000132012,4e-06,3.84e-05,35.78358547
1.066667e-05,0.000132012,4e-06,4.27e-05,40.40422271
1.066667e-05,0.000132012,4e-06,4.69e-05,45.4234604
1.066667e-05,0.000132012,4e-06,5.12e-05,49.21498435
1.066667e-05,0.000132012,4e-06,5.55e-05,51.70695341
1.066667e-05,0.000132012,4e-06,5.97e-05,53.31096951
1.066667e-05,0.000132012,4e-06,6.4e-05,54.3134063
1.066667e-05,0.000132012,4e-06,6.83e-05,54.93326065
1.066667e-05,0.000132012,4e-06,7.25e-05,55.31595673
1.066667e-05,0.000132012,4e-06,7.68e-05,55.54840103
1.066667e-05,0.000132012,4e-06,8.11e-05,55.68071125
1.066667e-05,0.000132012,4e-06,8.53e-05,55.7415804
1.066667e-05,0.000132012,4e-06,8.96e-05,55.74731218
1.066667e-05,0.000132012,5.6e-06,3.84e-05,35.60661197
1.066667e-05,0.000132012,5.6e-06,4.27e-05,40.37108
1.066667e-05,0.000132012,5.6e-06,4.69e-05,45.4716331
1.066667e-05,0.000132012,5.6e-06,5.12e-05,49.23092831
1.066667e-05,0.000132012,5.6e-06,5.55e-05,51.65817759
1.066667e-05,0.000132012,5.6e-06,5.97e-05,53.20560559
1.066667e-05,0.000132012,5.6e-06,6.4e-05,54.17480595
1.066667e-05,0.000132012,5.6e-06,6.83e-05,54.77605466
1.066667e-05,0.000132012,5.6e-06,7.25e-05,55.15098658
1.066667e-05,0.000132012,5.6e-06,7.68e-05,55.38235103
1.066667e-05,0.000132012,5.6e-06,8.11e-05,55.51778087
1.066667e-05,0.000132012,5.6e-06,8.53e-05,55.58462945
1.066667e-05,0.000132012,5.6e-06,8.96e-05,55.59855142
1.066667e-05,0.000132012,5.6e-06,3.84e-05,35.53259658
1.066667e-05,0.000132012,5.6e-06,4.27e-05,40.36062174
1.066667e-05,0.000132012,5.6e-06,4.69e-05,45.49786371
1.066667e-05,0.000132012,5.6e-06,5.12e-05,49.2363026
1.066667e-05,0.000132012,5.6e-06,5.55e-05,51.63450469
1.066667e-05,0.000132012,5.6e-06,5.97e-05,53.15878509
1.066667e-05,0.000132012,5.6e-06,6.4e-05,54.11229984
1.066667e-05,0.000132012,5.6e-06,6.83e-05,54.7056461
1.066667e-05,0.000132012,5.6e-06,7.25e-05,55.07731738
1.066667e-05,0.000132012,5.6e-06,7.68e-05,55.30827153
1.066667e-05,0.000132012,5.6e-06,8.11e-05,55.44507989
1.066667e-05,0.000132012,5.6e-06,8.53e-05,55.51452377
1.066667e-05,0.000132012,5.6e-06,8.96e-05,55.53197908
1.066667e-05,0.000132012,5.066667e-06,3.84e-05,35.40612098
1.066667e-05,0.000132012,5.066667e-06,4.27e-05,40.34792121
1.066667e-05,0.000132012,5.066667e-06,4.69e-05,45.5444908
1.066667e-05,0.000132012,5.066667e-06,5.12e-05,49.24331371
1.066667e-05,0.000132012,5.066667e-06,5.55e-05,51.58896287
1.066667e-05,0.000132012,5.066667e-06,5.97e-05,53.07206349
1.066667e-05,0.000132012,5.066667e-06,6.4e-05,53.99851134
1.066667e-05,0.000132012,5.066667e-06,6.83e-05,54.57816025
1.066667e-05,0.000132012,5.066667e-06,7.25e-05,54.94422728
1.066667e-05,0.000132012,5.066667e-06,7.68e-05,55.17453248
1.066667e-05,0.000132012,5.066667e-06,8.11e-05,55.31379937
1.066667e-05,0.000132012,5.066667e-06,8.53e-05,55.38781351
1.066667e-05,0.000132012,5.066667e-06,8.96e-05,55.41146293
1.066667e-05,0.000132012,5.066667e-06,3.84e-05,35.35158255
1.066667e-05,0.000132012,5.066667e-06,4.27e-05,40.3446074
1.066667e-05,0.000132012,5.066667e-06,4.69e-05,45.56538545
1.066667e-05,0.000132012,5.066667e-06,5.12e-05,49.23902131
1.066667e-05,0.000132012,5.066667e-06,5.55e-05,51.56714167
1.066667e-05,0.000132012,5.066667e-06,5.97e-05,53.03180903
1.066667e-05,0.000132012,5.066667e-06,6.4e-05,53.94647929
1.066667e-05,0.000132012,5.066667e-06,6.83e-05,54.52013839
1.066667e-05,0.000132012,5.066667e-06,7.25e-05,54.88377248
1.066667e-05,0.000132012,5.066667e-06,7.68e-05,55.11381734
1.066667e-05,0.000132012,5.066667e-06,8.11e-05,55.25418551
1.066667e-05,0.000132012,5.066667e-06,8.53e-05,55.33022539
1.066667e-05,0.000132012,5.066667e-06,8.96e-05,55.35660968
1.066667e-05,0.000132012,5.333333e-06,3.84e-05,35.17512159
1.066667e-05,0.000132012,5.333333e-06,4.27e-05,40.34373632
1.066667e-05,0.000132012,5.333333e-06,4.69e-05,45.63655509
1.066667e-05,0.000132012,5.333333e-06,5.12e-05,49.24409886
1.066667e-05,0.000132012,5.333333e-06,5.55e-05,51.48608148
1.066667e-05,0.000132012,5.333333e-06,5.97e-05,52.88803759
1.066667e-05,0.000132012,5.333333e-06,6.4e-05,53.76416416
1.066667e-05,0.000132012,5.333333e-06,6.83e-05,54.31805461
1.066667e-05,0.000132012,5.333333e-06,7.25e-05,54.67373105
1.066667e-05,0.000132012,5.333333e-06,7.68e-05,54.90301185
1.066667e-05,0.000132012,5.333333e-06,8.11e-05,55.04712186
1.066667e-05,0.000132012,5.333333e-06,8.53e-05,55.12995915
1.066667e-05,0.000132012,5.333333e-06,8.96e-05,55.1654766
1.066667e-05,0.000132012,5.333333e-06,3.84e-05,35.25610096
1.066667e-05,0.000132012,5.333333e-06,4.27e-05,40.34219253
1.066667e-05,0.000132012,5.333333e-06,4.69e-05,45.60320778
1.066667e-05,0.000132012,5.333333e-06,5.12e-05,49.24306181
1.066667e-05,0.000132012,5.333333e-06,5.55e-05,51.52539572
1.066667e-05,0.000132012,5.333333e-06,5.97e-05,52.95673654
1.066667e-05,0.000132012,5.333333e-06,6.4e-05,53.85063252
1.066667e-05,0.000132012,5.333333e-06,6.83e-05,54.413672
1.066667e-05,0.000132012,5.333333e-06,7.25e-05,54.77301788
1.066667e-05,0.000132012,5.333333e-06,7.68e-05,55.00263448
1.066667e-05,0.000132012,5.333333e-06,8.11e-05,55.14499258
1.066667e-05,0.000132012,5.333333e-06,8.53e-05,55.22466293
1.066667e-05,0.000132012,5.333333e-06,8.96e-05,55.25593335
1.066667e-05,0.0003889991,2.4e-06,3.84e-05,18.89418508
1.066667e-05,0.0003889991,2.4e-06,4.27e-05,20.15834687
1.066667e-05,0.0003889991,2.4e-06,4.69e-05,21.33733353
1.066667e-05,0.0003889991,2.4e-06,5.12e-05,22.4513442
1.066667e-05,0.0003889991,2.4e-06,5.55e-05,23.51613074
1.066667e-05,0.0003889991,2.4e-06,5.97e-05,24.54453823
1.066667e-05,0.0003889991,2.4e-06,6.4e-05,25.54633606
1.066667e-05,0.0003889991,2.4e-06,6.83e-05,26.53485642
1.066667e-05,0.0003889991,2.4e-06,7.25e-05,27.51563135
1.066667e-05,0.0003889991,2.4e-06,7.68e-05,28.49778908
1.066667e-05,0.0003889991,2.4e-06,8.11e-05,29.49427234
1.066667e-05,0.0003889991,2.4e-06,8.53e-05,30.51165476
1.066667e-05,0.0003889991,2.4e-06,8.96e-05,31.56110994
1.066667e-05,0.0003889991,2.4e-06,3.84e-05,18.63836961
1.066667e-05,0.0003889991,2.4e-06,4.27e-05,19.90465385
1.066667e-05,0.0003889991,2.4e-06,4.69e-05,21.08615668
1.066667e-05,0.0003889991,2.4e-06,5.12e-05,22.2031174
1.066667e-05,0.0003889991,2.4e-06,5.55e-05,23.27134403
1.066667e-05,0.0003889991,2.4e-06,5.97e-05,24.30375341
1.066667e-05,0.0003889991,2.4e-06,6.4e-05,25.30866042
1.066667e-05,0.0003889991,2.4e-06,6.83e-05,26.30402919
1.066667e-05,0.0003889991,2.4e-06,7.25e-05,27.28976743
1.066667e-05,0.0003889991,2.4e-06,7.68e-05,28.28224094
1.066667e-05,0.0003889991,2.4e-06,8.11e-05,29.28640342
1.066667e-05,0.0003889991,2.4e-06,8.53e-05,30.30732292
1.066667e-05,0.0003889991,2.4e-06,8.96e-05,31.376073
1.066667e-05,0.0003889991,2.666667e-06,3.84e-05,18.20375779
1.066667e-05,0.0003889991,2.666667e-06,4.27e-05,19.47391294
1.066667e-05,0.0003889991,2.666667e-06,4.69e-05,20.65995053
1.066667e-05,0.0003889991,2.666667e-06,5.12e-05,21.78219057
1.066667e-05,0.0003889991,2.666667e-06,5.55e-05,22.85654415
1.066667e-05,0.0003889991,2.666667e-06,5.97e-05,23.89606183
1.066667e-05,0.0003889991,2.666667e-06,6.4e-05,24.91195828
1.066667e-05,0.0003889991,2.666667e-06,6.83e-05,25.91324172
1.066667e-05,0.0003889991,2.666667e-06,7.25e-05,26.91281793
1.066667e-05,0.0003889991,2.666667e-06,7.68e-05,27.91692394
1.066667e-05,0.0003889991,2.666667e-06,8.11e-05,28.93657231
1.066667e-05,0.0003889991,2.666667e-06,8.53e-05,29.98084693
1.066667e-05,0.0003889991,2.666667e-06,8.96e-05,31.06677733
1.066667e-05,0.0003889991,2.666667e-06,3.84e-05,18.01639293
1.066667e-05,0.0003889991,2.666667e-06,4.27e-05,19.28833841
1.066667e-05,0.0003889991,2.666667e-06,4.69e-05,20.47644428
1.066667e-05,0.0003889991,2.666667e-06,5.12e-05,21.60107236
1.066667e-05,0.0003889991,2.666667e-06,5.55e-05,22.67818395
1.066667e-05,0.0003889991,2.666667e-06,5.97e-05,23.72089048
1.066667e-05,0.0003889991,2.666667e-06,6.4e-05,24.74048173
1.066667e-05,0.0003889991,2.666667e-06,6.83e-05,25.74490566
1.066667e-05,0.0003889991,2.666667e-06,7.25e-05,26.75060562
1.066667e-05,0.0003889991,2.666667e-06,7.68e-05,27.76042172
1.066667e-05,0.0003889991,2.666667e-06,8.11e-05,28.78479053
1.066667e-05,0.0003889991,2.666667e-06,8.53e-05,29.84065576
1.066667e-05,0.0003889991,2.666667e-06,8.96e-05,30.93550662
1.066667e-05,0.0003889991,2.933333e-06,3.84e-05,17.27934424
1.066667e-05,0.0003889991,2.933333e-06,4.27e-05,18.55774778
1.066667e-05,0.0003889991,2.933333e-06,4.69e-05,19.75491837
1.066667e-05,0.0003889991,2.933333e-06,5.12e-05,20.88977874
1.066667e-05,0.0003889991,2.933333e-06,5.55e-05,21.97854878
1.066667e-05,0.0003889991,2.933333e-06,5.97e-05,23.03462679
1.066667e-05,0.0003889991,2.933333e-06,6.4e-05,24.06963893
1.066667e-05,0.0003889991,2.933333e-06,6.83e-05,25.09421498
1.066667e-05,0.0003889991,2.933333e-06,7.25e-05,26.11558747
1.066667e-05,0.0003889991,2.933333e-06,7.68e-05,27.15283372
1.066667e-05,0.0003889991,2.933333e-06,8.11e-05,28.20812902
1.066667e-05,0.0003889991,2.933333e-06,8.53e-05,29.29047854
1.066667e-05,0.0003889991,2.933333e-06,8.96e-05,30.42939841
1.066667e-05,0.0003889991,2.933333e-06,3.84e-05,17.54125876
1.066667e-05,0.0003889991,2.933333e-06,4.27e-05,18.81763886
1.066667e-05,0.0003889991,2.933333e-06,4.69e-05,20.01138085
1.066667e-05,0.0003889991,2.933333e-06,5.12e-05,21.14242592
1.066667e-05,0.0003889991,2.933333e-06,5.55e-05,22.22688737
1.066667e-05,0.0003889991,2.933333e-06,5.97e-05,23.27804948
1.066667e-05,0.0003889991,2.933333e-06,6.4e-05,24.30741066
1.066667e-05,0.0003889991,2.933333e-06,6.83e-05,25.32544706
1.066667e-05,0.0003889991,2.933333e-06,7.25e-05,26.34122536
1.066667e-05,0.0003889991,2.933333e-06,7.68e-05,27.36759636
1.066667e-05,0.0003889991,2.933333e-06,8.11e-05,28.41104331
1.066667e-05,0.0003889991,2.933333e-06,8.53e-05,29.48824494
1.066667e-05,0.0003889991,2.933333e-06,8.96e-05,30.602375
1.066667e-05,0.0003889991,3.2e-06,3.84e-05,17.68713341
1.066667e-05,0.0003889991,3.2e-06,4.27e-05,18.96224853
1.066667e-05,0.0003889991,3.2e-06,4.69e-05,20.15419072
1.066667e-05,0.0003889991,3.2e-06,5.12e-05,21.28320369
1.066667e-05,0.0003889991,3.2e-06,5.55e-05,22.36534933
1.066667e-05,0.0003889991,3.2e-06,5.97e-05,23.41385505
1.066667e-05,0.0003889991,3.2e-06,6.4e-05,24.44015259
1.066667e-05,0.0003889991,3.2e-06,6.83e-05,25.45463474
1.066667e-05,0.0003889991,3.2e-06,7.25e-05,26.46675843
1.066667e-05,0.0003889991,3.2e-06,7.68e-05,27.48364707
1.066667e-05,0.0003889991,3.2e-06,8.11e-05,28.52688118
1.066667e-05,0.0003889991,3.2e-06,8.53e-05,29.59589242
1.066667e-05,0.0003889991,3.2e-06,8.96e-05,30.70790269
1.066667e-05,0.0003889991,3.2e-06,3.84e-05,16.94538238
1.066667e-05,0.0003889991,3.2e-06,4.27e-05,18.22876031
1.066667e-05,0.0003889991,3.2e-06,4.69e-05,19.42752048
1.066667e-05,0.0003889991,3.2e-06,5.12e-05,20.56765014
1.066667e-05,0.0003889991,3.2e-06,5.55e-05,21.6622589
1.066667e-05,0.0003889991,3.2e-06,5.97e-05,22.72492041
1.066667e-05,0.0003889991,3.2e-06,6.4e-05,23.76744849
1.066667e-05,0.0003889991,3.2e-06,6.83e-05,24.80066539
1.066667e-05,0.0003889991,3.2e-06,7.25e-05,25.83509294
1.066667e-05,0.0003889991,3.2e-06,7.68e-05,26.88062496
1.066667e-05,0.0003889991,3.2e-06,8.11e-05,27.94614263
1.066667e-05,0.0003889991,3.2e-06,8.53e-05,29.05488915
1.066667e-05,0.0003889991,3.2e-06,8.96e-05,30.20924043
1.066667e-05,0.0003889991,3.466667e-06,3.84e-05,17.0499716
1.066667e-05,0.0003889991,3.466667e-06,4.27e-05,18.32968859
1.066667e-05,0.0003889991,3.466667e-06,4.69e-05,19.53013058
1.066667e-05,0.0003889991,3.466667e-06,5.12e-05,20.66855137
1.066667e-05,0.0003889991,3.466667e-06,5.55e-05,21.76128311
1.066667e-05,0.0003889991,3.466667e-06,5.97e-05,22.82184019
1.066667e-05,0.0003889991,3.466667e-06,6.4e-05,23.86197403
1.066667e-05,0.0003889991,3.466667e-06,6.83e-05,24.89243806
1.066667e-05,0.0003889991,3.466667e-06,7.25e-05,25.92365732
1.066667e-05,0.0003889991,3.466667e-06,7.68e-05,26.96573601
1.066667e-05,0.0003889991,3.466667e-06,8.11e-05,28.02904918
1.066667e-05,0.0003889991,3.466667e-06,8.53e-05,29.12953828
1.066667e-05,0.0003889991,3.466667e-06,8.96e-05,30.27799642
1.066667e-05,0.0003889991,3.466667e-06,3.84e-05,8.624729169
1.066667e-05,0.0003889991,3.466667e-06,4.27e-05,9.711433343
1.066667e-05,0.0003889991,3.466667e-06,4.69e-05,10.69389289
1.066667e-05,0.0003889991,3.466667e-06,5.12e-05,11.59147844
1.066667e-05,0.0003889991,3.466667e-06,5.55e-05,12.42037851
1.066667e-05,0.0003889991,3.466667e-06,5.97e-05,13.19074902
1.066667e-05,0.0003889991,3.466667e-06,6.4e-05,13.91148365
1.066667e-05,0.0003889991,3.466667e-06,6.83e-05,14.58963671
1.066667e-05,0.0003889991,3.466667e-06,7.25e-05,15.2312813
1.066667e-05,0.0003889991,3.466667e-06,7.68e-05,15.84072291
1.066667e-05,0.0003889991,3.466667e-06,8.11e-05,16.42035986
1.066667e-05,0.0003889991,3.466667e-06,8.53e-05,16.97582764
1.066667e-05,0.0003889991,3.466667e-06,8.96e-05,17.50862259
1.066667e-05,0.0003889991,3.733333e-06,3.84e-05,8.128399954
1.066667e-05,0.0003889991,3.733333e-06,4.27e-05,9.21529716
1.066667e-05,0.0003889991,3.733333e-06,4.69e-05,10.19810998
1.066667e-05,0.0003889991,3.733333e-06,5.12e-05,11.09671825
1.066667e-05,0.0003889991,3.733333e-06,5.55e-05,11.92530941
1.066667e-05,0.0003889991,3.733333e-06,5.97e-05,12.69662348
1.066667e-05,0.0003889991,3.733333e-06,6.4e-05,13.41824709
1.066667e-05,0.0003889991,3.733333e-06,6.83e-05,14.09729944
1.066667e-05,0.0003889991,3.733333e-06,7.25e-05,14.73950158
1.066667e-05,0.0003889991,3.733333e-06,7.68e-05,15.3504193
1.066667e-05,0.0003889991,3.733333e-06,8.11e-05,15.93117827
1.066667e-05,0.0003889991,3.733333e-06,8.53e-05,16.4868706
1.066667e-05,0.0003889991,3.733333e-06,8.96e-05,17.02194914
1.066667e-05,0.0003889991,3.733333e-06,3.84e-05,7.916797133
1.066667e-05,0.0003889991,3.733333e-06,4.27e-05,9.003810602
1.066667e-05,0.0003889991,3.733333e-06,4.69e-05,9.986803592
1.066667e-05,0.0003889991,3.733333e-06,5.12e-05,10.88564717
1.066667e-05,0.0003889991,3.733333e-06,5.55e-05,11.71418951
1.066667e-05,0.0003889991,3.733333e-06,5.97e-05,12.48604594
1.066667e-05,0.0003889991,3.733333e-06,6.4e-05,13.20811615
1.066667e-05,0.0003889991,3.733333e-06,6.83e-05,13.8875955
1.066667e-05,0.0003889991,3.733333e-06,7.25e-05,14.53023776
1.066667e-05,0.0003889991,3.733333e-06,7.68e-05,15.14134612
1.066667e-05,0.0003889991,3.733333e-06,8.11e-05,15.72264011
1.066667e-05,0.0003889991,3.733333e-06,8.53e-05,16.27969378
1.066667e-05,0.0003889991,3.733333e-06,8.96e-05,16.81476558
1.066667e-05,0.0003889991,4.8e-06,3.84e-05,7.547830339
1.066667e-05,0.0003889991,4.8e-06,4.27e-05,8.635105738
1.066667e-05,0.0003889991,4.8e-06,4.69e-05,9.618460025
1.066667e-05,0.0003889991,4.8e-06,5.12e-05,10.51775512
1.066667e-05,0.0003889991,4.8e-06,5.55e-05,11.34772101
1.066667e-05,0.0003889991,4.8e-06,5.97e-05,12.11889589
1.066667e-05,0.0003889991,4.8e-06,6.4e-05,12.84191153
1.066667e-05,0.0003889991,4.8e-06,6.83e-05,13.52222696
1.066667e-05,0.0003889991,4.8e-06,7.25e-05,14.16569239
1.066667e-05,0.0003889991,4.8e-06,7.68e-05,14.77702753
1.066667e-05,0.0003889991,4.8e-06,8.11e-05,15.36085845
1.066667e-05,0.0003889991,4.8e-06,8.53e-05,15.91815852
1.066667e-05,0.0003889991,4.8e-06,8.96e-05,16.45399448
1.066667e-05,0.0003889991,4.8e-06,3.84e-05,6.963982389
1.066667e-05,0.0003889991,4.8e-06,4.27e-05,8.051949649
1.066667e-05,0.0003889991,4.8e-06,4.69e-05,9.036042591
1.066667e-05,0.0003889991,4.8e-06,5.12e-05,9.936175447
1.066667e-05,0.0003889991,4.8e-06,5.55e-05,10.76709244
1.066667e-05,0.0003889991,4.8e-06,5.97e-05,11.5400223
1.066667e-05,0.0003889991,4.8e-06,6.4e-05,12.26284691
1.066667e-05,0.0003889991,4.8e-06,6.83e-05,12.94490602
1.066667e-05,0.0003889991,4.8e-06,7.25e-05,13.58989345
1.066667e-05,0.0003889991,4.8e-06,7.68e-05,14.20272843
1.066667e-05,0.0003889991,4.8e-06,8.11e-05,14.78672608
1.066667e-05,0.0003889991,4.8e-06,8.53e-05,15.34743571
1.066667e-05,0.0003889991,4.8e-06,8.96e-05,15.88445361
1.066667e-05,0.0003889991,4.266667e-06,3.84e-05,7.094751739
1.066667e-05,0.0003889991,4.266667e-06,4.27e-05,8.182513148
1.066667e-05,0.0003889991,4.266667e-06,4.69e-05,9.166416185
1.066667e-05,0.0003889991,4.266667e-06,5.12e-05,10.06634579
1.066667e-05,0.0003889991,4.266667e-06,5.55e-05,10.89703765
1.066667e-05,0.0003889991,4.266667e-06,5.97e-05,11.66971813
1.066667e-05,0.0003889991,4.266667e-06,6.4e-05,12.3925078
1.066667e-05,0.0003889991,4.266667e-06,6.83e-05,13.0741073
1.066667e-05,0.0003889991,4.266667e-06,7.25e-05,13.71872083
1.066667e-05,0.0003889991,4.266667e-06,7.68e-05,14.33120182
1.066667e-05,0.0003889991,4.266667e-06,8.11e-05,14.91578767
1.066667e-05,0.0003889991,4.266667e-06,8.53e-05,15.47429326
1.066667e-05,0.0003889991,4.266667e-06,8.96e-05,16.01151722
1.066667e-05,0.0003889991,4.266667e-06,3.84e-05,7.385289337
1.066667e-05,0.0003889991,4.266667e-06,4.27e-05,8.472712323
1.066667e-05,0.0003889991,4.266667e-06,4.69e-05,9.456247928
1.066667e-05,0.0003889991,4.266667e-06,5.12e-05,10.35575959
1.066667e-05,0.0003889991,4.266667e-06,5.55e-05,11.18597669
1.066667e-05,0.0003889991,4.266667e-06,5.97e-05,11.9571228
1.066667e-05,0.0003889991,4.266667e-06,6.4e-05,12.68065758
1.066667e-05,0.0003889991,4.266667e-06,6.83e-05,13.36139251
1.066667e-05,0.0003889991,4.266667e-06,7.25e-05,14.00524854
1.066667e-05,0.0003889991,4.266667e-06,7.68e-05,14.61698212
1.066667e-05,0.0003889991,4.266667e-06,8.11e-05,15.20119443
1.066667e-05,0.0003889991,4.266667e-06,8.53e-05,15.7589934
1.066667e-05,0.0003889991,4.266667e-06,8.96e-05,16.29528188
1.066667e-05,0.0003889991,4.533333e-06,3.84e-05,6.841629641
1.066667e-05,0.0003889991,4.533333e-06,4.27e-05,7.929615388
1.066667e-05,0.0003889991,4.533333e-06,4.69e-05,8.913904945
1.066667e-05,0.0003889991,4.533333e-06,5.12e-05,9.814238717
1.066667e-05,0.0003889991,4.533333e-06,5.55e-05,10.64537381
1.066667e-05,0.0003889991,4.533333e-06,5.97e-05,11.41854338
1.066667e-05,0.0003889991,4.533333e-06,6.4e-05,12.14133101
1.066667e-05,0.0003889991,4.533333e-06,6.83e-05,12.82387517
1.066667e-05,0.0003889991,4.533333e-06,7.25e-05,13.46923777
1.066667e-05,0.0003889991,4.533333e-06,7.68e-05,14.08241673
1.066667e-05,0.0003889991,4.533333e-06,8.11e-05,14.66740552
1.066667e-05,0.0003889991,4.533333e-06,8.53e-05,15.22804821
1.066667e-05,0.0003889991,4.533333e-06,8.96e-05,15.76534867
1.066667e-05,0.0003889991,4.533333e-06,3.84e-05,6.7267141
1.066667e-05,0.0003889991,4.533333e-06,4.27e-05,7.814626827
1.066667e-05,0.0003889991,4.533333e-06,4.69e-05,8.799121643
1.066667e-05,0.0003889991,4.533333e-06,5.12e-05,9.699655489
1.066667e-05,0.0003889991,4.533333e-06,5.55e-05,10.53100254
1.066667e-05,0.0003889991,4.533333e-06,5.97e-05,11.30440291
1.066667e-05,0.0003889991,4.533333e-06,6.4e-05,12.02861355
1.066667e-05,0.0003889991,4.533333e-06,6.83e-05,12.71013398
1.066667e-05,0.0003889991,4.533333e-06,7.25e-05,13.35587664
1.066667e-05,0.0003889991,4.533333e-06,7.68e-05,13.96939184
1.066667e-05,0.0003889991,4.533333e-06,8.11e-05,14.55471405
1.066667e-05,0.0003889991,4.533333e-06,8.53e-05,15.11571043
1.066667e-05,0.0003889991,4.533333e-06,8.96e-05,15.65341562
1.066667e-05,0.0003889991,4e-06,3.84e-05,35.98955099
1.066667e-05,0.0003889991,4e-06,4.27e-05,40.54514734
1.066667e-05,0.0003889991,4e-06,4.69e-05,45.51048906
1.066667e-05,0.0003889991,4e-06,5.12e-05,49.30399518
1.066667e-05,0.0003889991,4e-06,5.55e-05,51.81927483
1.066667e-05,0.0003889991,4e-06,5.97e-05,53.44488331
1.066667e-05,0.0003889991,4e-06,6.4e-05,54.46060053
1.066667e-05,0.0003889991,4e-06,6.83e-05,55.08652725
1.066667e-05,0.0003889991,4e-06,7.25e-05,55.47051824
1.066667e-05,0.0003889991,4e-06,7.68e-05,55.70129086
1.066667e-05,0.0003889991,4e-06,8.11e-05,55.83001411
1.066667e-05,0.0003889991,4e-06,8.53e-05,55.88590963
1.066667e-05,0.0003889991,4e-06,8.96e-05,55.88549149
1.066667e-05,0.0003889991,4e-06,3.84e-05,35.88377574
1.066667e-05,0.0003889991,4e-06,4.27e-05,40.52195409
1.066667e-05,0.0003889991,4e-06,4.69e-05,45.52964052
1.066667e-05,0.0003889991,4e-06,5.12e-05,49.31566885
1.066667e-05,0.0003889991,4e-06,5.55e-05,51.79454938
1.066667e-05,0.0003889991,4e-06,5.97e-05,53.38837066
1.066667e-05,0.0003889991,4e-06,6.4e-05,54.38349947
1.066667e-05,0.0003889991,4e-06,6.83e-05,54.99841334
1.066667e-05,0.0003889991,4e-06,7.25e-05,55.37777364
1.066667e-05,0.0003889991,4e-06,7.68e-05,55.60786587
1.066667e-05,0.0003889991,4e-06,8.11e-05,55.73839517
1.066667e-05,0.0003889991,4e-06,8.53e-05,55.79779491
1.066667e-05,0.0003889991,4e-06,8.96e-05,55.80220093
1.066667e-05,0.0003889991,5.6e-06,3.84e-05,35.70952213
1.066667e-05,0.0003889991,5.6e-06,4.27e-05,40.49227811
1.066667e-05,0.0003889991,5.6e-06,4.69e-05,45.59105064
1.066667e-05,0.0003889991,5.6e-06,5.12e-05,49.33201067
1.066667e-05,0.0003889991,5.6e-06,5.55e-05,51.74584909
1.066667e-05,0.0003889991,5.6e-06,5.97e-05,53.28344651
1.066667e-05,0.0003889991,5.6e-06,6.4e-05,54.24525141
1.066667e-05,0.0003889991,5.6e-06,6.83e-05,54.8417225
1.066667e-05,0.0003889991,5.6e-06,7.25e-05,55.21343389
1.066667e-05,0.0003889991,5.6e-06,7.68e-05,55.44252551
1.066667e-05,0.0003889991,5.6e-06,8.11e-05,55.57623299
1.066667e-05,0.0003889991,5.6e-06,8.53e-05,55.64166147
1.066667e-05,0.0003889991,5.6e-06,8.96e-05,55.65430582
1.066667e-05,0.0003889991,5.6e-06,3.84e-05,35.6367515
1.066667e-05,0.0003889991,5.6e-06,4.27e-05,40.48337922
1.066667e-05,0.0003889991,5.6e-06,4.69e-05,45.61787143
1.066667e-05,0.0003889991,5.6e-06,5.12e-05,49.33755505
1.066667e-05,0.0003889991,5.6e-06,5.55e-05,51.72221727
1.066667e-05,0.0003889991,5.6e-06,5.97e-05,53.23664978
1.066667e-05,0.0003889991,5.6e-06,6.4e-05,54.18290916
1.066667e-05,0.0003889991,5.6e-06,6.83e-05,54.77154702
1.066667e-05,0.0003889991,5.6e-06,7.25e-05,55.14004633
1.066667e-05,0.0003889991,5.6e-06,7.68e-05,55.36876092
1.066667e-05,0.0003889991,5.6e-06,8.11e-05,55.50387148
1.066667e-05,0.0003889991,5.6e-06,8.53e-05,55.57191592
1.066667e-05,0.0003889991,5.6e-06,8.96e-05,55.58811375
1.066667e-05,0.0003889991,5.066667e-06,3.84e-05,35.51257428
1.066667e-05,0.0003889991,5.066667e-06,4.27e-05,40.4735133
1.066667e-05,0.0003889991,5.066667e-06,4.69e-05,45.66560713
1.066667e-05,0.0003889991,5.066667e-06,5.12e-05,49.34486288
1.066667e-05,0.0003889991,5.066667e-06,5.55e-05,51.67676039
1.066667e-05,0.0003889991,5.066667e-06,5.97e-05,53.14999556
1.066667e-05,0.0003889991,5.066667e-06,6.4e-05,54.06942671
1.066667e-05,0.0003889991,5.066667e-06,6.83e-05,54.64448731
1.066667e-05,0.0003889991,5.066667e-06,7.25e-05,55.00746612
1.066667e-05,0.0003889991,5.066667e-06,7.68e-05,55.23558902
1.066667e-05,0.0003889991,5.066667e-06,8.11e-05,55.3732003
1.066667e-05,0.0003889991,5.066667e-06,8.53e-05,55.44585044
1.066667e-05,0.0003889991,5.066667e-06,8.96e-05,55.46827688
1.066667e-05,0.0003889991,5.066667e-06,3.84e-05,35.45910161
1.066667e-05,0.0003889991,5.066667e-06,4.27e-05,40.47149454
1.066667e-05,0.0003889991,5.066667e-06,4.69e-05,45.68701475
1.066667e-05,0.0003889991,5.066667e-06,5.12e-05,49.34110803
1.066667e-05,0.0003889991,5.066667e-06,5.55e-05,51.65498226
1.066667e-05,0.0003889991,5.066667e-06,5.97e-05,53.10978184
1.066667e-05,0.0003889991,5.066667e-06,6.4e-05,54.01753795
1.066667e-05,0.0003889991,5.066667e-06,6.83e-05,54.58666137
1.066667e-05,0.0003889991,5.066667e-06,7.25e-05,54.94724373
1.066667e-05,0.0003889991,5.066667e-06,7.68e-05,55.17513116
1.066667e-05,0.0003889991,5.066667e-06,8.11e-05,55.31386203
1.066667e-05,0.0003889991,5.066667e-06,8.53e-05,55.38855327
1.066667e-05,0.0003889991,5.066667e-06,8.96e-05,55.41372952
1.066667e-05,0.0003889991,5.333333e-06,3.84e-05,35.2864536
1.066667e-05,0.0003889991,5.333333e-06,4.27e-05,40.47516027
1.066667e-05,0.0003889991,5.333333e-06,4.69e-05,45.75996275
1.066667e-05,0.0003889991,5.333333e-06,5.12e-05,49.34641318
1.066667e-05,0.0003889991,5.333333e-06,5.55e-05,51.57409371
1.066667e-05,0.0003889991,5.333333e-06,5.97e-05,52.96620022
1.066667e-05,0.0003889991,5.333333e-06,6.4e-05,53.83574212
1.066667e-05,0.0003889991,5.333333e-06,6.83e-05,54.38527128
1.066667e-05,0.0003889991,5.333333e-06,7.25e-05,54.73801596
1.066667e-05,0.0003889991,5.333333e-06,7.68e-05,54.96522095
1.066667e-05,0.0003889991,5.333333e-06,8.11e-05,55.10775362
1.066667e-05,0.0003889991,5.333333e-06,8.53e-05,55.18929247
1.066667e-05,0.0003889991,5.333333e-06,8.96e-05,55.2236505
1.066667e-05,0.0003889991,5.333333e-06,3.84e-05,35.36560894
1.066667e-05,0.0003889991,5.333333e-06,4.27e-05,40.47146457
1.066667e-05,0.0003889991,5.333333e-06,4.69e-05,45.7257788
1.066667e-05,0.0003889991,5.333333e-06,5.12e-05,49.34525715
1.066667e-05,0.0003889991,5.333333e-06,5.55e-05,51.61332248
1.066667e-05,0.0003889991,5.333333e-06,5.97e-05,53.03480014
1.066667e-05,0.0003889991,5.333333e-06,6.4e-05,53.92196077
1.066667e-05,0.0003889991,5.333333e-06,6.83e-05,54.4805581
1.066667e-05,0.0003889991,5.333333e-06,7.25e-05,54.83691675
1.066667e-05,0.0003889991,5.333333e-06,7.68e-05,55.06441985
1.066667e-05,0.0003889991,5.333333e-06,8.11e-05,55.20517294
1.066667e-05,0.0003889991,5.333333e-06,8.53e-05,55.28352171
1.066667e-05,0.0003889991,5.333333e-06,8.96e-05,55.31361033
1.066667e-05,4.48e-05,2.4e-06,3.84e-05,18.95968839
1.066667e-05,4.48e-05,2.4e-06,4.27e-05,20.22431258
1.066667e-05,4.48e-05,2.4e-06,4.69e-05,21.40382125
1.066667e-05,4.48e-05,2.4e-06,5.12e-05,22.51842106
1.066667e-05,4.48e-05,2.4e-06,5.55e-05,23.58387387
1.066667e-05,4.48e-05,2.4e-06,5.97e-05,24.61303771
1.066667e-05,4.48e-05,2.4e-06,6.4e-05,25.61569999
1.066667e-05,4.48e-05,2.4e-06,6.83e-05,26.60520931
1.066667e-05,4.48e-05,2.4e-06,7.25e-05,27.58713111
1.066667e-05,4.48e-05,2.4e-06,7.68e-05,28.57059945
1.066667e-05,4.48e-05,2.4e-06,8.11e-05,29.56866073
1.066667e-05,4.48e-05,2.4e-06,8.53e-05,30.58789416
1.066667e-05,4.48e-05,2.4e-06,8.96e-05,31.63955294
1.066667e-05,4.48e-05,2.4e-06,3.84e-05,18.7043826
1.066667e-05,4.48e-05,2.4e-06,4.27e-05,19.97113963
1.066667e-05,4.48e-05,2.4e-06,4.69e-05,21.15317674
1.066667e-05,4.48e-05,2.4e-06,5.12e-05,22.27074113
1.066667e-05,4.48e-05,2.4e-06,5.55e-05,23.33965136
1.066667e-05,4.48e-05,2.4e-06,5.97e-05,24.3728378
1.066667e-05,4.48e-05,2.4e-06,6.4e-05,25.37863571
1.066667e-05,4.48e-05,2.4e-06,6.83e-05,26.37502297
1.066667e-05,4.48e-05,2.4e-06,7.25e-05,27.36195775
1.066667e-05,4.48e-05,2.4e-06,7.68e-05,28.35578905
1.066667e-05,4.48e-05,2.4e-06,8.11e-05,29.36157294
1.066667e-05,4.48e-05,2.4e-06,8.53e-05,30.38438324
1.066667e-05,4.48e-05,2.4e-06,8.96e-05,31.45545442
1.066667e-05,4.48e-05,2.666667e-06,3.84e-05,18.27066911
1.066667e-05,4.48e-05,2.666667e-06,4.27e-05,19.54131638
1.066667e-05,4.48e-05,2.666667e-06,4.69e-05,20.72791102
1.066667e-05,4.48e-05,2.666667e-06,5.12e-05,21.85078164
1.066667e-05,4.48e-05,2.666667e-06,5.55e-05,22.92585079
1.066667e-05,4.48e-05,2.666667e-06,5.97e-05,23.96618375
1.066667e-05,4.48e-05,2.666667e-06,6.4e-05,24.98301403
1.066667e-05,4.48e-05,2.666667e-06,6.83e-05,25.98537694
1.066667e-05,4.48e-05,2.666667e-06,7.25e-05,26.98619925
1.066667e-05,4.48e-05,2.666667e-06,7.68e-05,27.99176656
1.066667e-05,4.48e-05,2.666667e-06,8.11e-05,29.01313776
1.066667e-05,4.48e-05,2.666667e-06,8.53e-05,30.0594481
1.066667e-05,4.48e-05,2.666667e-06,8.96e-05,31.14784673
1.066667e-05,4.48e-05,2.666667e-06,3.84e-05,18.08370438
1.066667e-05,4.48e-05,2.666667e-06,4.27e-05,19.35615101
1.066667e-05,4.48e-05,2.666667e-06,4.69e-05,20.54482452
1.066667e-05,4.48e-05,2.666667e-06,5.12e-05,21.67009568
1.066667e-05,4.48e-05,2.666667e-06,5.55e-05,22.74793766
1.066667e-05,4.48e-05,2.666667e-06,5.97e-05,23.79147718
1.066667e-05,4.48e-05,2.666667e-06,6.4e-05,24.81202349
1.066667e-05,4.48e-05,2.666667e-06,6.83e-05,25.8175551
1.066667e-05,4.48e-05,2.666667e-06,7.25e-05,26.82453057
1.066667e-05,4.48e-05,2.666667e-06,7.68e-05,27.83585071
1.066667e-05,4.48e-05,2.666667e-06,8.11e-05,28.86195007
1.066667e-05,4.48e-05,2.666667e-06,8.53e-05,29.91995266
1.066667e-05,4.48e-05,2.666667e-06,8.96e-05,31.01734144
1.066667e-05,4.48e-05,2.933333e-06,3.84e-05,17.34830506
1.066667e-05,4.48e-05,2.933333e-06,4.27e-05,18.6272558
1.066667e-05,4.48e-05,2.933333e-06,4.69e-05,19.82504084
1.066667e-05,4.48e-05,2.933333e-06,5.12e-05,20.96059928
1.066667e-05,4.48e-05,2.933333e-06,5.55e-05,22.05016475
1.066667e-05,4.48e-05,2.933333e-06,5.97e-05,23.10715321
1.066667e-05,4.48e-05,2.933333e-06,6.4e-05,24.14321337
1.066667e-05,4.48e-05,2.933333e-06,6.83e-05,25.16900423
1.066667e-05,4.48e-05,2.933333e-06,7.25e-05,26.19180606
1.066667e-05,4.48e-05,2.933333e-06,7.68e-05,27.23070985
1.066667e-05,4.48e-05,2.933333e-06,8.11e-05,28.28798798
1.066667e-05,4.48e-05,2.933333e-06,8.53e-05,29.37261734
1.066667e-05,4.48e-05,2.933333e-06,8.96e-05,30.5144675
1.066667e-05,4.48e-05,2.933333e-06,3.84e-05,17.60961614
1.066667e-05,4.48e-05,2.933333e-06,4.27e-05,18.88652799
1.066667e-05,4.48e-05,2.933333e-06,4.69e-05,20.0808668
1.066667e-05,4.48e-05,2.933333e-06,5.12e-05,21.21258928
1.066667e-05,4.48e-05,2.933333e-06,5.55e-05,22.29782176
1.066667e-05,4.48e-05,2.933333e-06,5.97e-05,23.34986527
1.066667e-05,4.48e-05,2.933333e-06,6.4e-05,24.38023967
1.066667e-05,4.48e-05,2.933333e-06,6.83e-05,25.39944858
1.066667e-05,4.48e-05,2.933333e-06,7.25e-05,26.41659815
1.066667e-05,4.48e-05,2.933333e-06,7.68e-05,27.44456985
1.066667e-05,4.48e-05,2.933333e-06,8.11e-05,28.48976024
1.066667e-05,4.48e-05,2.933333e-06,8.53e-05,29.5693926
1.066667e-05,4.48e-05,2.933333e-06,8.96e-05,30.68622726
1.066667e-05,4.48e-05,3.2e-06,3.84e-05,17.75516254
1.066667e-05,4.48e-05,3.2e-06,4.27e-05,19.03080091
1.066667e-05,4.48e-05,3.2e-06,4.69e-05,20.22333059
1.066667e-05,4.48e-05,3.2e-06,5.12e-05,21.35301001
1.066667e-05,4.48e-05,3.2e-06,5.55e-05,22.43591371
1.066667e-05,4.48e-05,3.2e-06,5.97e-05,23.48528542
1.066667e-05,4.48e-05,3.2e-06,6.4e-05,24.51257764
1.066667e-05,4.48e-05,3.2e-06,6.83e-05,25.52820984
1.066667e-05,4.48e-05,3.2e-06,7.25e-05,26.54167564
1.066667e-05,4.48e-05,3.2e-06,7.68e-05,27.56017523
1.066667e-05,4.48e-05,3.2e-06,8.11e-05,28.60522566
1.066667e-05,4.48e-05,3.2e-06,8.53e-05,29.67645788
1.066667e-05,4.48e-05,3.2e-06,8.96e-05,30.79114068
1.066667e-05,4.48e-05,3.2e-06,3.84e-05,17.0151414
1.066667e-05,4.48e-05,3.2e-06,4.27e-05,18.2990907
1.066667e-05,4.48e-05,3.2e-06,4.69e-05,19.49848422
1.066667e-05,4.48e-05,3.2e-06,5.12e-05,20.6393403
1.066667e-05,4.48e-05,3.2e-06,5.55e-05,21.73477785
1.066667e-05,4.48e-05,3.2e-06,5.97e-05,22.79838943
1.066667e-05,4.48e-05,3.2e-06,6.4e-05,23.84201299
1.066667e-05,4.48e-05,3.2e-06,6.83e-05,24.8765016
1.066667e-05,4.48e-05,3.2e-06,7.25e-05,25.91241737
1.066667e-05,4.48e-05,3.2e-06,7.68e-05,26.95970836
1.066667e-05,4.48e-05,3.2e-06,8.11e-05,28.02736281
1.066667e-05,4.48e-05,3.2e-06,8.53e-05,29.13855244
1.066667e-05,4.48e-05,3.2e-06,8.96e-05,30.29593268
1.066667e-05,4.48e-05,3.466667e-06,3.84e-05,17.11947695
1.066667e-05,4.48e-05,3.466667e-06,4.27e-05,18.39975429
1.066667e-05,4.48e-05,3.466667e-06,4.69e-05,19.60082716
1.066667e-05,4.48e-05,3.466667e-06,5.12e-05,20.73996523
1.066667e-05,4.48e-05,3.466667e-06,5.55e-05,21.83351504
1.066667e-05,4.48e-05,3.466667e-06,5.97e-05,22.89500944
1.066667e-05,4.48e-05,3.466667e-06,6.4e-05,23.93622353
1.066667e-05,4.48e-05,3.466667e-06,6.83e-05,24.96794087
1.066667e-05,4.48e-05,3.466667e-06,7.25e-05,26.00062579
1.066667e-05,4.48e-05,3.466667e-06,7.68e-05,27.04443399
1.066667e-05,4.48e-05,3.466667e-06,8.11e-05,28.1098259
1.066667e-05,4.48e-05,3.466667e-06,8.53e-05,29.21272776
1.066667e-05,4.48e-05,3.466667e-06,8.96e-05,30.36417175
1.066667e-05,4.48e-05,3.466667e-06,3.84e-05,8.69155054
1.066667e-05,4.48e-05,3.466667e-06,4.27e-05,9.778327247
1.066667e-05,4.48e-05,3.466667e-06,4.69e-05,10.76086832
1.066667e-05,4.48e-05,3.466667e-06,5.12e-05,11.65854216
1.066667e-05,4.48e-05,3.466667e-06,5.55e-05,12.48753842
1.066667e-05,4.48e-05,3.466667e-06,5.97e-05,13.25801101
1.066667e-05,4.48e-05,3.466667e-06,6.4e-05,13.97885315
1.066667e-05,4.48e-05,3.466667e-06,6.83e-05,14.65711906
1.066667e-05,4.48e-05,3.466667e-06,7.25e-05,15.29888183
1.066667e-05,4.48e-05,3.466667e-06,7.68e-05,15.90844523
1.066667e-05,4.48e-05,3.466667e-06,8.11e-05,16.48821168
1.066667e-05,4.48e-05,3.466667e-06,8.53e-05,17.04381324
1.066667e-05,4.48e-05,3.466667e-06,8.96e-05,17.57674659
1.066667e-05,4.48e-05,3.733333e-06,3.84e-05,8.196171891
1.066667e-05,4.48e-05,3.733333e-06,4.27e-05,9.283144361
1.066667e-05,4.48e-05,3.733333e-06,4.69e-05,10.26604171
1.066667e-05,4.48e-05,3.733333e-06,5.12e-05,11.16474233
1.066667e-05,4.48e-05,3.733333e-06,5.55e-05,11.9934318
1.066667e-05,4.48e-05,3.733333e-06,5.97e-05,12.76485199
1.066667e-05,4.48e-05,3.733333e-06,6.4e-05,13.48658723
1.066667e-05,4.48e-05,3.733333e-06,6.83e-05,14.16575669
1.066667e-05,4.48e-05,3.733333e-06,7.25e-05,14.80808135
1.066667e-05,4.48e-05,3.733333e-06,7.68e-05,15.41912645
1.066667e-05,4.48e-05,3.733333e-06,8.11e-05,16.00001936
1.066667e-05,4.48e-05,3.733333e-06,8.53e-05,16.55584832
1.066667e-05,4.48e-05,3.733333e-06,8.96e-05,17.09107346
1.066667e-05,4.48e-05,3.733333e-06,3.84e-05,7.984986249
1.066667e-05,4.48e-05,3.733333e-06,4.27e-05,9.072076275
1.066667e-05,4.48e-05,3.733333e-06,4.69e-05,10.0551552
1.066667e-05,4.48e-05,3.733333e-06,5.12e-05,10.95409265
1.066667e-05,4.48e-05,3.733333e-06,5.55e-05,11.78273451
1.066667e-05,4.48e-05,3.733333e-06,5.97e-05,12.55469897
1.066667e-05,4.48e-05,3.733333e-06,6.4e-05,13.27688285
1.066667e-05,4.48e-05,3.733333e-06,6.83e-05,13.95648132
1.066667e-05,4.48e-05,3.733333e-06,7.25e-05,14.59924821
1.066667e-05,4.48e-05,3.733333e-06,7.68e-05,15.21048688
1.066667e-05,4.48e-05,3.733333e-06,8.11e-05,15.79191203
1.066667e-05,4.48e-05,3.733333e-06,8.53e-05,16.3491105
1.066667e-05,4.48e-05,3.733333e-06,8.96e-05,16.88433023
1.066667e-05,4.48e-05,4.8e-06,3.84e-05,7.616764685
1.066667e-05,4.48e-05,4.8e-06,4.27e-05,8.704119074
1.066667e-05,4.48e-05,4.8e-06,4.69e-05,9.687561944
1.066667e-05,4.48e-05,4.8e-06,5.12e-05,10.58695377
1.066667e-05,4.48e-05,4.8e-06,5.55e-05,11.41702361
1.066667e-05,4.48e-05,4.8e-06,5.97e-05,12.18830781
1.066667e-05,4.48e-05,4.8e-06,6.4e-05,12.91144093
1.066667e-05,4.48e-05,4.8e-06,6.83e-05,13.59187934
1.066667e-05,4.48e-05,4.8e-06,7.25e-05,14.23547335
1.066667e-05,4.48e-05,4.8e-06,7.68e-05,14.84694277
1.066667e-05,4.48e-05,4.8e-06,8.11e-05,15.43091304
1.066667e-05,4.48e-05,4.8e-06,8.53e-05,15.98835964
1.066667e-05,4.48e-05,4.8e-06,8.96e-05,16.5243476
1.066667e-05,4.48e-05,4.8e-06,3.84e-05,7.034145248
1.066667e-05,4.48e-05,4.8e-06,4.27e-05,8.122195801
1.066667e-05,4.48e-05,4.8e-06,4.69e-05,9.106382084
1.066667e-05,4.48e-05,4.8e-06,5.12e-05,10.00661676
1.066667e-05,4.48e-05,4.8e-06,5.55e-05,10.83764313
1.066667e-05,4.48e-05,4.8e-06,5.97e-05,11.6106893
1.066667e-05,4.48e-05,4.8e-06,6.4e-05,12.33363519
1.066667e-05,4.48e-05,4.8e-06,6.83e-05,13.01582447
1.066667e-05,4.48e-05,4.8e-06,7.25e-05,13.66094765
1.066667e-05,4.48e-05,4.8e-06,7.68e-05,14.27392427
1.066667e-05,4.48e-05,4.8e-06,8.11e-05,14.85807298
1.066667e-05,4.48e-05,4.8e-06,8.53e-05,15.41893068
1.066667e-05,4.48e-05,4.8e-06,8.96e-05,15.95611074
1.066667e-05,4.48e-05,4.266667e-06,3.84e-05,7.16463388
1.066667e-05,4.48e-05,4.266667e-06,4.27e-05,8.252477628
1.066667e-05,4.48e-05,4.266667e-06,4.69e-05,9.236472876
1.066667e-05,4.48e-05,4.266667e-06,5.12e-05,10.13650311
1.066667e-05,4.48e-05,4.266667e-06,5.55e-05,10.96730305
1.066667e-05,4.48e-05,4.266667e-06,5.97e-05,11.74009848
1.066667e-05,4.48e-05,4.266667e-06,6.4e-05,12.46300835
1.066667e-05,4.48e-05,4.266667e-06,6.83e-05,13.14473628
1.066667e-05,4.48e-05,4.266667e-06,7.25e-05,13.78948385
1.066667e-05,4.48e-05,4.266667e-06,7.68e-05,14.40210473
1.066667e-05,4.48e-05,4.266667e-06,8.11e-05,14.98683736
1.066667e-05,4.48e-05,4.266667e-06,8.53e-05,15.54548785
1.066667e-05,4.48e-05,4.266667e-06,8.96e-05,16.0828747
1.066667e-05,4.48e-05,4.266667e-06,3.84e-05,7.454559432
1.066667e-05,4.48e-05,4.266667e-06,4.27e-05,8.542062554
1.066667e-05,4.48e-05,4.266667e-06,4.69e-05,9.525687999
1.066667e-05,4.48e-05,4.266667e-06,5.12e-05,10.42529774
1.066667e-05,4.48e-05,4.266667e-06,5.55e-05,11.25562023
1.066667e-05,4.48e-05,4.266667e-06,5.97e-05,12.02687675
1.066667e-05,4.48e-05,4.266667e-06,6.4e-05,12.75053085
1.066667e-05,4.48e-05,4.266667e-06,6.83e-05,13.43139064
1.066667e-05,4.48e-05,4.266667e-06,7.25e-05,14.07537713
1.066667e-05,4.48e-05,4.266667e-06,7.68e-05,14.68724693
1.066667e-05,4.48e-05,4.266667e-06,8.11e-05,15.27160065
1.066667e-05,4.48e-05,4.266667e-06,8.53e-05,15.82954834
1.066667e-05,4.48e-05,4.266667e-06,8.96e-05,16.36599102
1.066667e-05,4.48e-05,4.533333e-06,3.84e-05,6.912056534
1.066667e-05,4.48e-05,4.533333e-06,4.27e-05,8.000128571
1.066667e-05,4.48e-05,4.533333e-06,4.69e-05,8.984512566
1.066667e-05,4.48e-05,4.533333e-06,5.12e-05,9.884949326
1.066667e-05,4.48e-05,4.533333e-06,5.55e-05,10.71619503
1.066667e-05,4.48e-05,4.533333e-06,5.97e-05,11.48948222
1.066667e-05,4.48e-05,4.533333e-06,6.4e-05,12.21239208
1.066667e-05,4.48e-05,4.533333e-06,6.83e-05,12.89506812
1.066667e-05,4.48e-05,4.533333e-06,7.25e-05,13.54056815
1.066667e-05,4.48e-05,4.533333e-06,7.68e-05,14.15389045
1.066667e-05,4.48e-05,4.533333e-06,8.11e-05,14.73902874
1.066667e-05,4.48e-05,4.533333e-06,8.53e-05,15.29982616
1.066667e-05,4.48e-05,4.533333e-06,8.96e-05,15.83728969
1.066667e-05,4.48e-05,4.533333e-06,3.84e-05,6.797394212
1.066667e-05,4.48e-05,4.533333e-06,4.27e-05,7.885393828
1.066667e-05,4.48e-05,4.533333e-06,4.69e-05,8.869984151
1.066667e-05,4.48e-05,4.533333e-06,5.12e-05,9.770622111
1.066667e-05,4.48e-05,4.533333e-06,5.55e-05,10.60208097
1.066667e-05,4.48e-05,4.533333e-06,5.97e-05,11.37560023
1.066667e-05,4.48e-05,4.533333e-06,6.4e-05,12.09993645
1.066667e-05,4.48e-05,4.533333e-06,6.83e-05,12.78158795
1.066667e-05,4.48e-05,4.533333e-06,7.25e-05,13.42746968
1.066667e-05,4.48e-05,4.533333e-06,7.68e-05,14.04112985
1.066667e-05,4.48e-05,4.533333e-06,8.11e-05,14.62660323
1.066667e-05,4.48e-05,4.533333e-06,8.53e-05,15.18775648
1.066667e-05,4.48e-05,4.533333e-06,8.96e-05,15.72562647
1.066667e-05,4.48e-05,4e-06,3.84e-05,36.07815256
1.066667e-05,4.48e-05,4e-06,4.27e-05,40.64943091
1.066667e-05,4.48e-05,4e-06,4.69e-05,45.61486079
1.066667e-05,4.48e-05,4e-06,5.12e-05,49.3938631
1.066667e-05,4.48e-05,4e-06,5.55e-05,51.89734603
1.066667e-05,4.48e-05,4e-06,5.97e-05,53.51358542
1.066667e-05,4.48e-05,4e-06,6.4e-05,54.52253122
1.066667e-05,4.48e-05,4e-06,6.83e-05,55.14386316
1.066667e-05,4.48e-05,4e-06,7.25e-05,55.52474842
1.066667e-05,4.48e-05,4e-06,7.68e-05,55.75333038
1.066667e-05,4.48e-05,4e-06,8.11e-05,55.88039322
1.066667e-05,4.48e-05,4e-06,8.53e-05,55.93491555
1.066667e-05,4.48e-05,4e-06,8.96e-05,55.93325378
1.066667e-05,4.48e-05,4e-06,3.84e-05,35.97372946
1.066667e-05,4.48e-05,4e-06,4.27e-05,40.62799179
1.066667e-05,4.48e-05,4e-06,4.69e-05,45.63573176
1.066667e-05,4.48e-05,4e-06,5.12e-05,49.40571928
1.066667e-05,4.48e-05,4e-06,5.55e-05,51.8726202
1.066667e-05,4.48e-05,4e-06,5.97e-05,53.45407207
1.066667e-05,4.48e-05,4e-06,6.4e-05,54.44557638
1.066667e-05,4.48e-05,4e-06,6.83e-05,55.05598452
1.066667e-05,4.48e-05,4e-06,7.25e-05,55.43230256
1.066667e-05,4.48e-05,4e-06,7.68e-05,55.66024792
1.066667e-05,4.48e-05,4e-06,8.11e-05,55.78914927
1.066667e-05,4.48e-05,4e-06,8.53e-05,55.84720325
1.066667e-05,4.48e-05,4e-06,8.96e-05,55.85039251
1.066667e-05,4.48e-05,5.6e-06,3.84e-05,35.80193778
1.066667e-05,4.48e-05,5.6e-06,4.27e-05,40.60144969
1.066667e-05,4.48e-05,5.6e-06,4.69e-05,45.69820852
1.066667e-05,4.48e-05,5.6e-06,5.12e-05,49.42236785
1.066667e-05,4.48e-05,5.6e-06,5.55e-05,51.82393851
1.066667e-05,4.48e-05,5.6e-06,5.97e-05,53.35253223
1.066667e-05,4.48e-05,5.6e-06,6.4e-05,54.30760411
1.066667e-05,4.48e-05,5.6e-06,6.83e-05,54.89971851
1.066667e-05,4.48e-05,5.6e-06,7.25e-05,55.26849287
1.066667e-05,4.48e-05,5.6e-06,7.68e-05,55.49550992
1.066667e-05,4.48e-05,5.6e-06,8.11e-05,55.62764299
1.066667e-05,4.48e-05,5.6e-06,8.53e-05,55.69177089
1.066667e-05,4.48e-05,5.6e-06,8.96e-05,55.70324273
1.066667e-05,4.48e-05,5.6e-06,3.84e-05,35.73029505
1.066667e-05,4.48e-05,5.6e-06,4.27e-05,40.59396059
1.066667e-05,4.48e-05,5.6e-06,4.69e-05,45.72554506
1.066667e-05,4.48e-05,5.6e-06,5.12e-05,49.42804274
1.066667e-05,4.48e-05,5.6e-06,5.55e-05,51.80032217
1.066667e-05,4.48e-05,5.6e-06,5.97e-05,53.30573778
1.066667e-05,4.48e-05,5.6e-06,6.4e-05,54.24539149
1.066667e-05,4.48e-05,5.6e-06,6.83e-05,54.829736
1.066667e-05,4.48e-05,5.6e-06,7.25e-05,55.19534262
1.066667e-05,4.48e-05,5.6e-06,7.68e-05,55.42201304
1.066667e-05,4.48e-05,5.6e-06,8.11e-05,55.55557163
1.066667e-05,4.48e-05,5.6e-06,8.53e-05,55.62233443
1.066667e-05,4.48e-05,5.6e-06,8.96e-05,55.63737826
1.066667e-05,4.48e-05,5.066667e-06,3.84e-05,35.60820206
1.066667e-05,4.48e-05,5.066667e-06,4.27e-05,40.58665737
1.066667e-05,4.48e-05,5.066667e-06,4.69e-05,45.77424735
1.066667e-05,4.48e-05,5.066667e-06,5.12e-05,49.43557729
1.066667e-05,4.48e-05,5.066667e-06,5.55e-05,51.75490361
1.066667e-05,4.48e-05,5.066667e-06,5.97e-05,53.21911051
1.066667e-05,4.48e-05,5.066667e-06,6.4e-05,54.13215299
1.066667e-05,4.48e-05,5.066667e-06,6.83e-05,54.70303017
1.066667e-05,4.48e-05,5.066667e-06,7.25e-05,55.0631928
1.066667e-05,4.48e-05,5.066667e-06,7.68e-05,55.2893238
1.066667e-05,4.48e-05,5.066667e-06,8.11e-05,55.4254217
1.066667e-05,4.48e-05,5.066667e-06,8.53e-05,55.49682269
1.066667e-05,4.48e-05,5.066667e-06,8.96e-05,55.51812684
1.066667e-05,4.48e-05,5.066667e-06,3.84e-05,35.55569651
1.066667e-05,4.48e-05,5.066667e-06,4.27e-05,40.58580936
1.066667e-05,4.48e-05,5.066667e-06,4.69e-05,45.79610118
1.066667e-05,4.48e-05,5.066667e-06,5.12e-05,49.43227688
1.066667e-05,4.48e-05,5.066667e-06,5.55e-05,51.73314718
1.066667e-05,4.48e-05,5.066667e-06,5.97e-05,53.17891845
1.066667e-05,4.48e-05,5.066667e-06,6.4e-05,54.08037916
1.066667e-05,4.48e-05,5.066667e-06,6.83e-05,54.64536736
1.066667e-05,4.48e-05,5.066667e-06,7.25e-05,55.00316685
1.066667e-05,4.48e-05,5.066667e-06,7.68e-05,55.22908512
1.066667e-05,4.48e-05,5.066667e-06,8.11e-05,55.36631936
1.066667e-05,4.48e-05,5.066667e-06,8.53e-05,55.43977554
1.066667e-05,4.48e-05,5.066667e-06,8.96e-05,55.46384322
1.066667e-05,4.48e-05,5.333333e-06,3.84e-05,35.38651127
1.066667e-05,4.48e-05,5.333333e-06,4.27e-05,40.59357554
1.066667e-05,4.48e-05,5.333333e-06,4.69e-05,45.87059052
1.066667e-05,4.48e-05,5.333333e-06,5.12e-05,49.43772917
1.066667e-05,4.48e-05,5.333333e-06,5.55e-05,51.65235484
1.066667e-05,4.48e-05,5.333333e-06,5.97e-05,53.03550513
1.066667e-05,4.48e-05,5.333333e-06,6.4e-05,53.89900303
1.066667e-05,4.48e-05,5.333333e-06,6.83e-05,54.44455667
1.066667e-05,4.48e-05,5.333333e-06,7.25e-05,54.79462814
1.066667e-05,4.48e-05,5.333333e-06,7.68e-05,55.01993855
1.066667e-05,4.48e-05,5.333333e-06,8.11e-05,55.16102946
1.066667e-05,4.48e-05,5.333333e-06,8.53e-05,55.24137929
1.066667e-05,4.48e-05,5.333333e-06,8.96e-05,55.27467348
1.066667e-05,4.48e-05,5.333333e-06,3.84e-05,35.46400959
1.066667e-05,4.48e-05,5.333333e-06,4.27e-05,40.58793512
1.066667e-05,4.48e-05,5.333333e-06,4.69e-05,45.8356825
1.066667e-05,4.48e-05,5.333333e-06,5.12e-05,49.43649353
1.066667e-05,4.48e-05,5.333333e-06,5.55e-05,51.69153406
1.066667e-05,4.48e-05,5.333333e-06,5.97e-05,53.10399139
1.066667e-05,4.48e-05,5.333333e-06,6.4e-05,53.98501928
1.066667e-05,4.48e-05,5.333333e-06,6.83e-05,54.53956703
1.066667e-05,4.48e-05,5.333333e-06,7.25e-05,54.89320177
1.066667e-05,4.48e-05,5.333333e-06,7.68e-05,55.11877584
1.066667e-05,4.48e-05,5.333333e-06,8.11e-05,55.25806185
1.066667e-05,4.48e-05,5.333333e-06,8.53e-05,55.33520038
1.066667e-05,4.48e-05,5.333333e-06,8.96e-05,55.36420457
4.8e-06,0.000132012,2.4e-06,3.84e-05,19.0717064
4.8e-06,0.000132012,2.4e-06,4.27e-05,20.33715645
4.8e-06,0.000132012,2.4e-06,4.69e-05,21.51759763
4.8e-06,0.000132012,2.4e-06,5.12e-05,22.63325012
4.8e-06,0.000132012,2.4e-06,5.55e-05,23.69989378
4.8e-06,0.000132012,2.4e-06,5.97e-05,24.73040987
4.8e-06,0.000132012,2.4e-06,6.4e-05,25.73461704
4.8e-06,0.000132012,2.4e-06,6.83e-05,26.72589693
4.8e-06,0.000132012,2.4e-06,7.25e-05,27.70987067
4.8e-06,0.000132012,2.4e-06,7.68e-05,28.69569268
4.8e-06,0.000132012,2.4e-06,8.11e-05,29.69657683
4.8e-06,0.000132012,2.4e-06,8.53e-05,30.71912752
4.8e-06,0.000132012,2.4e-06,8.96e-05,31.7747397
4.8e-06,0.000132012,2.4e-06,3.84e-05,18.81723493
4.8e-06,0.000132012,2.4e-06,4.27e-05,20.08483647
4.8e-06,0.000132012,2.4e-06,4.69e-05,21.26782814
4.8e-06,0.000132012,2.4e-06,5.12e-05,22.38647132
4.8e-06,0.000132012,2.4e-06,5.55e-05,23.45660351
4.8e-06,0.000132012,2.4e-06,5.97e-05,24.49117945
4.8e-06,0.000132012,2.4e-06,6.4e-05,25.49856861
4.8e-06,0.000132012,2.4e-06,6.83e-05,26.4967805
4.8e-06,0.000132012,2.4e-06,7.25e-05,27.48585244
4.8e-06,0.000132012,2.4e-06,7.68e-05,28.48212201
4.8e-06,0.000132012,2.4e-06,8.11e-05,29.49081105
4.8e-06,0.000132012,2.4e-06,8.53e-05,30.51702697
4.8e-06,0.000132012,2.4e-06,8.96e-05,31.59224721
4.8e-06,0.000132012,2.666667e-06,3.84e-05,18.384997
4.8e-06,0.000132012,2.666667e-06,4.27e-05,19.6565235
4.8e-06,0.000132012,2.666667e-06,4.69e-05,20.84411358
4.8e-06,0.000132012,2.666667e-06,5.12e-05,21.96811135
4.8e-06,0.000132012,2.666667e-06,5.55e-05,23.04445992
4.8e-06,0.000132012,2.666667e-06,5.97e-05,24.08625108
4.8e-06,0.000132012,2.666667e-06,6.4e-05,25.10475221
4.8e-06,0.000132012,2.666667e-06,6.83e-05,26.10904589
4.8e-06,0.000132012,2.666667e-06,7.25e-05,27.11210118
4.8e-06,0.000132012,2.666667e-06,7.68e-05,28.12028669
4.8e-06,0.000132012,2.666667e-06,8.11e-05,29.14474646
4.8e-06,0.000132012,2.666667e-06,8.53e-05,30.19471349
4.8e-06,0.000132012,2.666667e-06,8.96e-05,31.28753675
4.8e-06,0.000132012,2.666667e-06,3.84e-05,18.19869136
4.8e-06,0.000132012,2.666667e-06,4.27e-05,19.47203342
4.8e-06,0.000132012,2.666667e-06,4.69e-05,20.6617214
4.8e-06,0.000132012,2.666667e-06,5.12e-05,21.78814216
4.8e-06,0.000132012,2.666667e-06,5.55e-05,22.8672902
4.8e-06,0.000132012,2.666667e-06,5.97e-05,23.91231974
4.8e-06,0.000132012,2.666667e-06,6.4e-05,24.93457509
4.8e-06,0.000132012,2.666667e-06,6.83e-05,25.94208701
4.8e-06,0.000132012,2.666667e-06,7.25e-05,26.95134951
4.8e-06,0.000132012,2.666667e-06,7.68e-05,27.96536347
4.8e-06,0.000132012,2.666667e-06,8.11e-05,28.9945771
4.8e-06,0.000132012,2.666667e-06,8.53e-05,30.0564067
4.8e-06,0.000132012,2.666667e-06,8.96e-05,31.15834836
4.8e-06,0.000132012,2.933333e-06,3.84e-05,17.46601885
4.8e-06,0.000132012,2.933333e-06,4.27e-05,18.74594651
4.8e-06,0.000132012,2.933333e-06,4.69e-05,19.94483011
4.8e-06,0.000132012,2.933333e-06,5.12e-05,21.08163699
4.8e-06,0.000132012,2.933333e-06,5.55e-05,22.17262541
4.8e-06,0.000132012,2.933333e-06,5.97e-05,23.23124316
4.8e-06,0.000132012,2.933333e-06,6.4e-05,24.26917956
4.8e-06,0.000132012,2.933333e-06,6.83e-05,25.29714623
4.8e-06,0.000132012,2.933333e-06,7.25e-05,26.32250508
4.8e-06,0.000132012,2.933333e-06,7.68e-05,27.36438486
4.8e-06,0.000132012,2.933333e-06,8.11e-05,28.4252193
4.8e-06,0.000132012,2.933333e-06,8.53e-05,29.51396653
4.8e-06,0.000132012,2.933333e-06,8.96e-05,30.66106263
4.8e-06,0.000132012,2.933333e-06,3.84e-05,17.72633057
4.8e-06,0.000132012,2.933333e-06,4.27e-05,19.00419188
4.8e-06,0.000132012,2.933333e-06,4.69e-05,20.19959758
4.8e-06,0.000132012,2.933333e-06,5.12e-05,21.33253134
4.8e-06,0.000132012,2.933333e-06,5.55e-05,22.41914291
4.8e-06,0.000132012,2.933333e-06,5.97e-05,23.47276351
4.8e-06,0.000132012,2.933333e-06,6.4e-05,24.50495154
4.8e-06,0.000132012,2.933333e-06,6.83e-05,25.52626016
4.8e-06,0.000132012,2.933333e-06,7.25e-05,26.54586487
4.8e-06,0.000132012,2.933333e-06,7.68e-05,27.57670761
4.8e-06,0.000132012,2.933333e-06,8.11e-05,28.62505803
4.8e-06,0.000132012,2.933333e-06,8.53e-05,29.70901972
4.8e-06,0.000132012,2.933333e-06,8.96e-05,30.83072886
4.8e-06,0.000132012,3.2e-06,3.84e-05,17.87133413
4.8e-06,0.000132012,3.2e-06,4.27e-05,19.14790686
4.8e-06,0.000132012,3.2e-06,4.69e-05,20.34148667
4.8e-06,0.000132012,3.2e-06,5.12e-05,21.47235767
4.8e-06,0.000132012,3.2e-06,5.55e-05,22.55661717
4.8e-06,0.000132012,3.2e-06,5.97e-05,23.60753823
4.8e-06,0.000132012,3.2e-06,6.4e-05,24.63661074
4.8e-06,0.000132012,3.2e-06,6.83e-05,25.65430223
4.8e-06,0.000132012,3.2e-06,7.25e-05,26.67017139
4.8e-06,0.000132012,3.2e-06,7.68e-05,27.69154645
4.8e-06,0.000132012,3.2e-06,8.11e-05,28.73986771
4.8e-06,0.000132012,3.2e-06,8.53e-05,29.81508537
4.8e-06,0.000132012,3.2e-06,8.96e-05,30.93456611
4.8e-06,0.000132012,3.2e-06,3.84e-05,17.13417971
4.8e-06,0.000132012,3.2e-06,4.27e-05,18.41914955
4.8e-06,0.000132012,3.2e-06,4.69e-05,19.619675
4.8e-06,0.000132012,3.2e-06,5.12e-05,20.76183046
4.8e-06,0.000132012,3.2e-06,5.55e-05,21.85875097
4.8e-06,0.000132012,3.2e-06,5.97e-05,22.9240631
4.8e-06,0.000132012,3.2e-06,6.4e-05,23.96964829
4.8e-06,0.000132012,3.2e-06,6.83e-05,25.0064151
4.8e-06,0.000132012,3.2e-06,7.25e-05,26.04499841
4.8e-06,0.000132012,3.2e-06,7.68e-05,27.09544244
4.8e-06,0.000132012,3.2e-06,8.11e-05,28.16691638
4.8e-06,0.000132012,3.2e-06,8.53e-05,29.28251038
4.8e-06,0.000132012,3.2e-06,8.96e-05,30.44533232
4.8e-06,0.000132012,3.466667e-06,3.84e-05,17.238094
4.8e-06,0.000132012,3.466667e-06,4.27e-05,18.51937162
4.8e-06,0.000132012,3.466667e-06,4.69e-05,19.72157259
4.8e-06,0.000132012,3.466667e-06,5.12e-05,20.86199363
4.8e-06,0.000132012,3.466667e-06,5.55e-05,21.95700709
4.8e-06,0.000132012,3.466667e-06,5.97e-05,23.02017913
4.8e-06,0.000132012,3.466667e-06,6.4e-05,24.06332742
4.8e-06,0.000132012,3.466667e-06,6.83e-05,25.09728986
4.8e-06,0.000132012,3.466667e-06,7.25e-05,26.13260166
4.8e-06,0.000132012,3.466667e-06,7.68e-05,27.17951044
4.8e-06,0.000132012,3.466667e-06,8.11e-05,28.24862434
4.8e-06,0.000132012,3.466667e-06,8.53e-05,29.35587163
4.8e-06,0.000132012,3.466667e-06,8.96e-05,30.51267705
4.8e-06,0.000132012,3.466667e-06,3.84e-05,8.80585788
4.8e-06,0.000132012,3.466667e-06,4.27e-05,9.892764092
4.8e-06,0.000132012,3.466667e-06,4.69e-05,10.87545071
4.8e-06,0.000132012,3.466667e-06,5.12e-05,11.77328206
4.8e-06,0.000132012,3.466667e-06,5.55e-05,12.60245003
4.8e-06,0.000132012,3.466667e-06,5.97e-05,13.37310485
4.8e-06,0.000132012,3.466667e-06,6.4e-05,14.0941389
4.8e-06,0.000132012,3.466667e-06,6.83e-05,14.77260621
4.8e-06,0.000132012,3.466667e-06,7.25e-05,15.41457875
4.8e-06,0.000132012,3.466667e-06,7.68e-05,16.02436053
4.8e-06,0.000132012,3.466667e-06,8.11e-05,16.60435845
4.8e-06,0.000132012,3.466667e-06,8.53e-05,17.16019873
4.8e-06,0.000132012,3.466667e-06,8.96e-05,17.69337932
4.8e-06,0.000132012,3.733333e-06,3.84e-05,8.312033048
4.8e-06,0.000132012,3.733333e-06,4.27e-05,9.399139923
4.8e-06,0.000132012,3.733333e-06,4.69e-05,10.38218819
4.8e-06,0.000132012,3.733333e-06,5.12e-05,11.28105369
4.8e-06,0.000132012,3.733333e-06,5.55e-05,12.10991858
4.8e-06,0.000132012,3.733333e-06,5.97e-05,12.88152824
4.8e-06,0.000132012,3.733333e-06,6.4e-05,13.6034628
4.8e-06,0.000132012,3.733333e-06,6.83e-05,14.28284133
4.8e-06,0.000132012,3.733333e-06,7.25e-05,14.92538475
4.8e-06,0.000132012,3.733333e-06,7.68e-05,15.53665675
4.8e-06,0.000132012,3.733333e-06,8.11e-05,16.1177893
4.8e-06,0.000132012,3.733333e-06,8.53e-05,16.67386308
4.8e-06,0.000132012,3.733333e-06,8.96e-05,17.20934917
4.8e-06,0.000132012,3.733333e-06,3.84e-05,8.101531326
4.8e-06,0.000132012,3.733333e-06,4.27e-05,9.188758082
4.8e-06,0.000132012,3.733333e-06,4.69e-05,10.17199045
4.8e-06,0.000132012,3.733333e-06,5.12e-05,11.07109552
4.8e-06,0.000132012,3.733333e-06,5.55e-05,11.8999149
4.8e-06,0.000132012,3.733333e-06,5.97e-05,12.67207229
4.8e-06,0.000132012,3.733333e-06,6.4e-05,13.39445916
4.8e-06,0.000132012,3.733333e-06,6.83e-05,14.07427033
4.8e-06,0.000132012,3.733333e-06,7.25e-05,14.71725974
4.8e-06,0.000132012,3.733333e-06,7.68e-05,15.32873026
4.8e-06,0.000132012,3.733333e-06,8.11e-05,15.91039144
4.8e-06,0.000132012,3.733333e-06,8.53e-05,16.46784781
4.8e-06,0.000132012,3.733333e-06,8.96e-05,17.00333137
4.8e-06,0.000132012,4.8e-06,3.84e-05,7.734534158
4.8e-06,0.000132012,4.8e-06,4.27e-05,8.82202964
4.8e-06,0.000132012,4.8e-06,4.69e-05,9.80563071
4.8e-06,0.000132012,4.8e-06,5.12e-05,10.70519528
4.8e-06,0.000132012,4.8e-06,5.55e-05,11.53545072
4.8e-06,0.000132012,4.8e-06,5.97e-05,12.30692997
4.8e-06,0.000132012,4.8e-06,6.4e-05,13.03027297
4.8e-06,0.000132012,4.8e-06,6.83e-05,13.71093101
4.8e-06,0.000132012,4.8e-06,7.25e-05,14.35475465
4.8e-06,0.000132012,4.8e-06,7.68e-05,14.96646386
4.8e-06,0.000132012,4.8e-06,8.11e-05,15.55068257
4.8e-06,0.000132012,4.8e-06,8.53e-05,16.10839129
4.8e-06,0.000132012,4.8e-06,8.96e-05,16.64465071
4.8e-06,0.000132012,4.8e-06,3.84e-05,7.153939603
4.8e-06,0.000132012,4.8e-06,4.27e-05,8.242138954
4.8e-06,0.000132012,4.8e-06,4.69e-05,9.226491973
4.8e-06,0.000132012,4.8e-06,5.12e-05,10.12690852
4.8e-06,0.000132012,4.8e-06,5.55e-05,10.95813022
4.8e-06,0.000132012,4.8e-06,5.97e-05,11.73138412
4.8e-06,0.000132012,4.8e-06,6.4e-05,12.45454638
4.8e-06,0.000132012,4.8e-06,6.83e-05,13.13696827
4.8e-06,0.000132012,4.8e-06,7.25e-05,13.78233399
4.8e-06,0.000132012,4.8e-06,7.68e-05,14.39556362
4.8e-06,0.000132012,4.8e-06,8.11e-05,14.97998024
4.8e-06,0.000132012,4.8e-06,8.53e-05,15.54110463
4.8e-06,0.000132012,4.8e-06,8.96e-05,16.07857439
4.8e-06,0.000132012,4.266667e-06,3.84e-05,7.283964885
4.8e-06,0.000132012,4.266667e-06,4.27e-05,8.371955742
4.8e-06,0.000132012,4.266667e-06,4.69e-05,9.3561157
4.8e-06,0.000132012,4.266667e-06,5.12e-05,10.25632564
4.8e-06,0.000132012,4.266667e-06,5.55e-05,11.08731863
4.8e-06,0.000132012,4.266667e-06,5.97e-05,11.86031934
4.8e-06,0.000132012,4.266667e-06,6.4e-05,12.5834437
4.8e-06,0.000132012,4.266667e-06,6.83e-05,13.26540109
4.8e-06,0.000132012,4.266667e-06,7.25e-05,13.9103881
4.8e-06,0.000132012,4.266667e-06,7.68e-05,14.52325887
4.8e-06,0.000132012,4.266667e-06,8.11e-05,15.10825268
4.8e-06,0.000132012,4.266667e-06,8.53e-05,15.66716447
4.8e-06,0.000132012,4.266667e-06,8.96e-05,16.20484138
4.8e-06,0.000132012,4.266667e-06,3.84e-05,7.57288155
4.8e-06,0.000132012,4.266667e-06,4.27e-05,8.660527824
4.8e-06,0.000132012,4.266667e-06,4.69e-05,9.644313723
4.8e-06,0.000132012,4.266667e-06,5.12e-05,10.54409862
4.8e-06,0.000132012,4.266667e-06,5.55e-05,11.37460928
4.8e-06,0.000132012,4.266667e-06,5.97e-05,12.14606277
4.8e-06,0.000132012,4.266667e-06,6.4e-05,12.86993006
4.8e-06,0.000132012,4.266667e-06,6.83e-05,13.55101288
4.8e-06,0.000132012,4.266667e-06,7.25e-05,14.19523237
4.8e-06,0.000132012,4.266667e-06,7.68e-05,14.80734545
4.8e-06,0.000132012,4.266667e-06,8.11e-05,15.39195131
4.8e-06,0.000132012,4.266667e-06,8.53e-05,15.95016504
4.8e-06,0.000132012,4.266667e-06,8.96e-05,16.48688313
4.8e-06,0.000132012,4.533333e-06,3.84e-05,7.032286761
4.8e-06,0.000132012,4.533333e-06,4.27e-05,8.120512905
4.8e-06,0.000132012,4.533333e-06,4.69e-05,9.105065606
4.8e-06,0.000132012,4.533333e-06,5.12e-05,10.00568632
4.8e-06,0.000132012,4.533333e-06,5.55e-05,10.83712958
4.8e-06,0.000132012,4.533333e-06,5.97e-05,11.61062684
4.8e-06,0.000132012,4.533333e-06,6.4e-05,12.33375473
4.8e-06,0.000132012,4.533333e-06,6.83e-05,13.0166665
4.8e-06,0.000132012,4.533333e-06,7.25e-05,13.66241208
4.8e-06,0.000132012,4.533333e-06,7.68e-05,14.27599044
4.8e-06,0.000132012,4.533333e-06,8.11e-05,14.86139579
4.8e-06,0.000132012,4.533333e-06,8.53e-05,15.4224694
4.8e-06,0.000132012,4.533333e-06,8.96e-05,15.96022459
4.8e-06,0.000132012,4.533333e-06,3.84e-05,6.918042987
4.8e-06,0.000132012,4.533333e-06,4.27e-05,8.006197781
4.8e-06,0.000132012,4.533333e-06,4.69e-05,8.990958731
4.8e-06,0.000132012,4.533333e-06,5.12e-05,9.891782665
4.8e-06,0.000132012,4.533333e-06,5.55e-05,10.72344122
4.8e-06,0.000132012,4.533333e-06,5.97e-05,11.49717282
4.8e-06,0.000132012,4.533333e-06,6.4e-05,12.22173335
4.8e-06,0.000132012,4.533333e-06,6.83e-05,12.90361882
4.8e-06,0.000132012,4.533333e-06,7.25e-05,13.54974905
4.8e-06,0.000132012,4.533333e-06,7.68e-05,14.16366823
4.8e-06,0.000132012,4.533333e-06,8.11e-05,14.74941163
4.8e-06,0.000132012,4.533333e-06,8.53e-05,15.31084484
4.8e-06,0.000132012,4.533333e-06,8.96e-05,15.84900965
4.8e-06,0.000132012,4e-06,3.84e-05,36.23167855
4.8e-06,0.000132012,4e-06,4.27e-05,40.83085033
4.8e-06,0.000132012,4e-06,4.69e-05,45.79571236
4.8e-06,0.000132012,4e-06,5.12e-05,49.54882948
4.8e-06,0.000132012,4e-06,5.55e-05,52.0313749
4.8e-06,0.000132012,4e-06,5.97e-05,53.63101092
4.8e-06,0.000132012,4e-06,6.4e-05,54.62798318
4.8e-06,0.000132012,4e-06,6.83e-05,55.24120196
4.8e-06,0.000132012,4e-06,7.25e-05,55.61660352
4.8e-06,0.000132012,4e-06,7.68e-05,55.84131317
4.8e-06,0.000132012,4e-06,8.11e-05,55.96543521
4.8e-06,0.000132012,4e-06,8.53e-05,56.01751917
4.8e-06,0.000132012,4e-06,8.96e-05,56.01364286
4.8e-06,0.000132012,4e-06,3.84e-05,36.12961741
4.8e-06,0.000132012,4e-06,4.27e-05,40.81247288
4.8e-06,0.000132012,4e-06,4.69e-05,45.81942512
4.8e-06,0.000132012,4e-06,5.12e-05,49.56093389
4.8e-06,0.000132012,4e-06,5.55e-05,52.00658183
4.8e-06,0.000132012,4e-06,5.97e-05,53.57211893
4.8e-06,0.000132012,4e-06,6.4e-05,54.55122581
4.8e-06,0.000132012,4e-06,6.83e-05,55.15367858
4.8e-06,0.000132012,4e-06,7.25e-05,55.52462503
4.8e-06,0.000132012,4e-06,7.68e-05,55.7487754
4.8e-06,0.000132012,4e-06,8.11e-05,55.87479338
4.8e-06,0.000132012,4e-06,8.53e-05,55.93045767
4.8e-06,0.000132012,4e-06,8.96e-05,55.93148027
4.8e-06,0.000132012,5.6e-06,3.84e-05,35.96213341
4.8e-06,0.000132012,5.6e-06,4.27e-05,40.79140182
4.8e-06,0.000132012,5.6e-06,4.69e-05,45.88368151
4.8e-06,0.000132012,5.6e-06,5.12e-05,49.5779957
4.8e-06,0.000132012,5.6e-06,5.55e-05,51.95781782
4.8e-06,0.000132012,5.6e-06,5.97e-05,53.47042505
4.8e-06,0.000132012,5.6e-06,6.4e-05,54.41363602
4.8e-06,0.000132012,5.6e-06,6.83e-05,54.99805918
4.8e-06,0.000132012,5.6e-06,7.25e-05,55.36164784
4.8e-06,0.000132012,5.6e-06,7.68e-05,55.58499768
4.8e-06,0.000132012,5.6e-06,8.11e-05,55.71434212
4.8e-06,0.000132012,5.6e-06,8.53e-05,55.77616058
4.8e-06,0.000132012,5.6e-06,8.96e-05,55.78554462
4.8e-06,0.000132012,5.6e-06,3.84e-05,35.89246686
4.8e-06,0.000132012,5.6e-06,4.27e-05,40.78637405
4.8e-06,0.000132012,5.6e-06,4.69e-05,45.91187664
4.8e-06,0.000132012,5.6e-06,5.12e-05,49.58384467
4.8e-06,0.000132012,5.6e-06,5.55e-05,51.93417833
4.8e-06,0.000132012,5.6e-06,5.97e-05,53.42359008
4.8e-06,0.000132012,5.6e-06,6.4e-05,54.35160669
4.8e-06,0.000132012,5.6e-06,6.83e-05,54.92837225
4.8e-06,0.000132012,5.6e-06,7.25e-05,55.28887155
4.8e-06,0.000132012,5.6e-06,7.68e-05,55.51192846
4.8e-06,0.000132012,5.6e-06,8.11e-05,55.64273818
4.8e-06,0.000132012,5.6e-06,8.53e-05,55.70722519
4.8e-06,0.000132012,5.6e-06,8.96e-05,55.72021423
4.8e-06,0.000132012,5.066667e-06,3.84e-05,35.77402938
4.8e-06,0.000132012,5.066667e-06,4.27e-05,40.7835447
4.8e-06,0.000132012,5.066667e-06,4.69e-05,45.96218266
4.8e-06,0.000132012,5.066667e-06,5.12e-05,49.58548433
4.8e-06,0.000132012,5.066667e-06,5.55e-05,51.8887375
4.8e-06,0.000132012,5.066667e-06,5.97e-05,53.33693096
4.8e-06,0.000132012,5.066667e-06,6.4e-05,54.2387179
4.8e-06,0.000132012,5.066667e-06,6.83e-05,54.80221107
4.8e-06,0.000132012,5.066667e-06,7.25e-05,55.15740165
4.8e-06,0.000132012,5.066667e-06,7.68e-05,55.38001157
4.8e-06,0.000132012,5.066667e-06,8.11e-05,55.51342894
4.8e-06,0.000132012,5.066667e-06,8.53e-05,55.58261188
4.8e-06,0.000132012,5.066667e-06,8.96e-05,55.6019178
4.8e-06,0.000132012,5.066667e-06,3.84e-05,35.72322151
4.8e-06,0.000132012,5.066667e-06,4.27e-05,40.78474028
4.8e-06,0.000132012,5.066667e-06,4.69e-05,45.98477421
4.8e-06,0.000132012,5.066667e-06,5.12e-05,49.58909976
4.8e-06,0.000132012,5.066667e-06,5.55e-05,51.86697895
4.8e-06,0.000132012,5.066667e-06,5.97e-05,53.29674142
4.8e-06,0.000132012,5.066667e-06,6.4e-05,54.18711067
4.8e-06,0.000132012,5.066667e-06,6.83e-05,54.74480033
4.8e-06,0.000132012,5.066667e-06,7.25e-05,55.09768671
4.8e-06,0.000132012,5.066667e-06,7.68e-05,55.3201241
4.8e-06,0.000132012,5.066667e-06,8.11e-05,55.45470749
4.8e-06,0.000132012,5.066667e-06,8.53e-05,55.52597066
4.8e-06,0.000132012,5.066667e-06,8.96e-05,55.5480646
4.8e-06,0.000132012,5.333333e-06,3.84e-05,35.56012114
4.8e-06,0.000132012,5.333333e-06,4.27e-05,40.79966127
4.8e-06,0.000132012,5.333333e-06,4.69e-05,46.06179896
4.8e-06,0.000132012,5.333333e-06,5.12e-05,49.59467232
4.8e-06,0.000132012,5.333333e-06,5.55e-05,51.78621749
4.8e-06,0.000132012,5.333333e-06,5.97e-05,53.15352501
4.8e-06,0.000132012,5.333333e-06,6.4e-05,54.00635109
4.8e-06,0.000132012,5.333333e-06,6.83e-05,54.54488953
4.8e-06,0.000132012,5.333333e-06,7.25e-05,54.89024191
4.8e-06,0.000132012,5.333333e-06,7.68e-05,55.11220343
4.8e-06,0.000132012,5.333333e-06,8.11e-05,55.25074078
4.8e-06,0.000132012,5.333333e-06,8.53e-05,55.32897946
4.8e-06,0.000132012,5.333333e-06,8.96e-05,55.36037972
4.8e-06,0.000132012,5.333333e-06,3.84e-05,35.63470659
4.8e-06,0.000132012,5.333333e-06,4.27e-05,40.79062816
4.8e-06,0.000132012,5.333333e-06,4.69e-05,46.02570243
4.8e-06,0.000132012,5.333333e-06,5.12e-05,49.59336284
4.8e-06,0.000132012,5.333333e-06,5.55e-05,51.82537467
4.8e-06,0.000132012,5.333333e-06,5.97e-05,53.22184586
4.8e-06,0.000132012,5.333333e-06,6.4e-05,54.09206855
4.8e-06,0.000132012,5.333333e-06,6.83e-05,54.63946969
4.8e-06,0.000132012,5.333333e-06,7.25e-05,54.98829562
4.8e-06,0.000132012,5.333333e-06,7.68e-05,55.21045982
4.8e-06,0.000132012,5.333333e-06,8.11e-05,55.34714736
4.8e-06,0.000132012,5.333333e-06,8.53e-05,55.42213699
4.8e-06,0.000132012,5.333333e-06,8.96e-05,55.4492105
4.8e-06,0.0003889991,2.4e-06,3.84e-05,19.01848326
4.8e-06,0.0003889991,2.4e-06,4.27e-05,20.28353534
4.8e-06,0.0003889991,2.4e-06,4.69e-05,21.46352712
4.8e-06,0.0003889991,2.4e-06,5.12e-05,22.57867226
4.8e-06,0.0003889991,2.4e-06,5.55e-05,23.64474192
4.8e-06,0.0003889991,2.4e-06,5.97e-05,24.67460615
4.8e-06,0.0003889991,2.4e-06,6.4e-05,25.6780687
4.8e-06,0.0003889991,2.4e-06,6.83e-05,26.66849468
4.8e-06,0.0003889991,2.4e-06,7.25e-05,27.65147903
4.8e-06,0.0003889991,2.4e-06,7.68e-05,28.63616472
4.8e-06,0.0003889991,2.4e-06,8.11e-05,29.63568788
4.8e-06,0.0003889991,2.4e-06,8.53e-05,30.6566382
4.8e-06,0.0003889991,2.4e-06,8.96e-05,31.71034244
4.8e-06,0.0003889991,2.4e-06,3.84e-05,18.7636216
4.8e-06,0.0003889991,2.4e-06,4.27e-05,20.03081616
4.8e-06,0.0003889991,2.4e-06,4.69e-05,21.21334778
4.8e-06,0.0003889991,2.4e-06,5.12e-05,22.33147101
4.8e-06,0.0003889991,2.4e-06,5.55e-05,23.40101418
4.8e-06,0.0003889991,2.4e-06,5.97e-05,24.43492026
4.8e-06,0.0003889991,2.4e-06,6.4e-05,25.44154262
4.8e-06,0.0003889991,2.4e-06,6.83e-05,26.43887432
4.8e-06,0.0003889991,2.4e-06,7.25e-05,27.42691639
4.8e-06,0.0003889991,2.4e-06,7.68e-05,28.42200882
4.8e-06,0.0003889991,2.4e-06,8.11e-05,29.42929642
4.8e-06,0.0003889991,2.4e-06,8.53e-05,30.45386651
4.8e-06,0.0003889991,2.4e-06,8.96e-05,31.52708689
4.8e-06,0.0003889991,2.666667e-06,3.84e-05,18.33069275
4.8e-06,0.0003889991,2.666667e-06,4.27e-05,19.6017955
4.8e-06,0.0003889991,2.666667e-06,4.69e-05,20.7889058
4.8e-06,0.0003889991,2.666667e-06,5.12e-05,21.91236026
4.8e-06,0.0003889991,2.666667e-06,5.55e-05,22.98809206
4.8e-06,0.0003889991,2.666667e-06,5.97e-05,24.02918019
4.8e-06,0.0003889991,2.666667e-06,6.4e-05,25.04687566
4.8e-06,0.0003889991,2.666667e-06,6.83e-05,26.05023847
4.8e-06,0.0003889991,2.666667e-06,7.25e-05,27.05221651
4.8e-06,0.0003889991,2.666667e-06,7.68e-05,28.059139
4.8e-06,0.0003889991,2.666667e-06,8.11e-05,29.08210855
4.8e-06,0.0003889991,2.666667e-06,8.53e-05,30.13031006
4.8e-06,0.0003889991,2.666667e-06,8.96e-05,31.22099855
4.8e-06,0.0003889991,2.666667e-06,3.84e-05,18.14407819
4.8e-06,0.0003889991,2.666667e-06,4.27e-05,19.41698868
4.8e-06,0.0003889991,2.666667e-06,4.69e-05,20.60618769
4.8e-06,0.0003889991,2.666667e-06,5.12e-05,21.7320543
4.8e-06,0.0003889991,2.666667e-06,5.55e-05,22.8105727
4.8e-06,0.0003889991,2.666667e-06,5.97e-05,23.85488384
4.8e-06,0.0003889991,2.666667e-06,6.4e-05,24.87631509
4.8e-06,0.0003889991,2.666667e-06,6.83e-05,25.88287241
4.8e-06,0.0003889991,2.666667e-06,7.25e-05,26.89103136
4.8e-06,0.0003889991,2.666667e-06,7.68e-05,27.90374597
4.8e-06,0.0003889991,2.666667e-06,8.11e-05,28.93145498
4.8e-06,0.0003889991,2.666667e-06,8.53e-05,29.99143891
4.8e-06,0.0003889991,2.666667e-06,8.96e-05,31.09118335
4.8e-06,0.0003889991,2.933333e-06,3.84e-05,17.41012592
4.8e-06,0.0003889991,2.933333e-06,4.27e-05,18.68958288
4.8e-06,0.0003889991,2.933333e-06,4.69e-05,19.8879369
4.8e-06,0.0003889991,2.933333e-06,5.12e-05,21.02414189
4.8e-06,0.0003889991,2.933333e-06,5.55e-05,22.11444423
4.8e-06,0.0003889991,2.933333e-06,5.97e-05,23.17227631
4.8e-06,0.0003889991,2.933333e-06,6.4e-05,24.20930785
4.8e-06,0.0003889991,2.933333e-06,6.83e-05,25.23622502
4.8e-06,0.0003889991,2.933333e-06,7.25e-05,26.260351
4.8e-06,0.0003889991,2.933333e-06,7.68e-05,27.30079414
4.8e-06,0.0003889991,2.933333e-06,8.11e-05,28.3599124
4.8e-06,0.0003889991,2.933333e-06,8.53e-05,29.44666761
4.8e-06,0.0003889991,2.933333e-06,8.96e-05,30.5912339
4.8e-06,0.0003889991,2.933333e-06,3.84e-05,17.67090694
4.8e-06,0.0003889991,2.933333e-06,4.27e-05,18.94831076
4.8e-06,0.0003889991,2.933333e-06,4.69e-05,20.14320218
4.8e-06,0.0003889991,2.933333e-06,5.12e-05,21.275552
4.8e-06,0.0003889991,2.933333e-06,5.55e-05,22.36149867
4.8e-06,0.0003889991,2.933333e-06,5.97e-05,23.41435881
4.8e-06,0.0003889991,2.933333e-06,6.4e-05,24.44567222
4.8e-06,0.0003889991,2.933333e-06,6.83e-05,25.46596811
4.8e-06,0.0003889991,2.933333e-06,7.25e-05,26.48438874
4.8e-06,0.0003889991,2.933333e-06,7.68e-05,27.51384598
4.8e-06,0.0003889991,2.933333e-06,8.11e-05,28.56066541
4.8e-06,0.0003889991,2.933333e-06,8.53e-05,29.6425435
4.8e-06,0.0003889991,2.933333e-06,8.96e-05,30.76189647
4.8e-06,0.0003889991,3.2e-06,3.84e-05,17.8161653
4.8e-06,0.0003889991,3.2e-06,4.27e-05,19.0922878
4.8e-06,0.0003889991,3.2e-06,4.69e-05,20.28536141
4.8e-06,0.0003889991,3.2e-06,5.12e-05,21.41565799
4.8e-06,0.0003889991,3.2e-06,5.55e-05,22.49926384
4.8e-06,0.0003889991,3.2e-06,5.97e-05,23.54943784
4.8e-06,0.0003889991,3.2e-06,6.4e-05,24.57765183
4.8e-06,0.0003889991,3.2e-06,6.83e-05,25.59435012
4.8e-06,0.0003889991,3.2e-06,7.25e-05,26.6090601
4.8e-06,0.0003889991,3.2e-06,7.68e-05,27.62904981
4.8e-06,0.0003889991,3.2e-06,8.11e-05,28.6757905
4.8e-06,0.0003889991,3.2e-06,8.53e-05,29.7490846
4.8e-06,0.0003889991,3.2e-06,8.96e-05,30.86624927
4.8e-06,0.0003889991,3.2e-06,3.84e-05,17.07766434
4.8e-06,0.0003889991,3.2e-06,4.27e-05,18.36214238
4.8e-06,0.0003889991,3.2e-06,4.69e-05,19.56212225
4.8e-06,0.0003889991,3.2e-06,5.12e-05,20.70365122
4.8e-06,0.0003889991,3.2e-06,5.55e-05,21.79985666
4.8e-06,0.0003889991,3.2e-06,5.97e-05,22.8643487
4.8e-06,0.0003889991,3.2e-06,6.4e-05,23.90898777
4.8e-06,0.0003889991,3.2e-06,6.83e-05,24.94465561
4.8e-06,0.0003889991,3.2e-06,7.25e-05,25.98195191
4.8e-06,0.0003889991,3.2e-06,7.68e-05,27.03087466
4.8e-06,0.0003889991,3.2e-06,8.11e-05,28.10050754
4.8e-06,0.0003889991,3.2e-06,8.53e-05,29.21397243
4.8e-06,0.0003889991,3.2e-06,8.96e-05,30.37416692
4.8e-06,0.0003889991,3.466667e-06,3.84e-05,17.18177665
4.8e-06,0.0003889991,3.466667e-06,4.27e-05,18.46257233
4.8e-06,0.0003889991,3.466667e-06,4.69e-05,19.66422946
4.8e-06,0.0003889991,3.466667e-06,5.12e-05,20.80403194
4.8e-06,0.0003889991,3.466667e-06,5.55e-05,21.89833966
4.8e-06,0.0003889991,3.466667e-06,5.97e-05,22.96070268
4.8e-06,0.0003889991,3.466667e-06,6.4e-05,24.0029181
4.8e-06,0.0003889991,3.466667e-06,6.83e-05,25.03579756
4.8e-06,0.0003889991,3.466667e-06,7.25e-05,26.069842
4.8e-06,0.0003889991,3.466667e-06,7.68e-05,27.11525476
4.8e-06,0.0003889991,3.466667e-06,8.11e-05,28.18257356
4.8e-06,0.0003889991,3.466667e-06,8.53e-05,29.28772091
4.8e-06,0.0003889991,3.466667e-06,8.96e-05,30.4419381
4.8e-06,0.0003889991,3.466667e-06,3.84e-05,8.751542406
4.8e-06,0.0003889991,3.466667e-06,4.27e-05,9.838386216
4.8e-06,0.0003889991,3.466667e-06,4.69e-05,10.82100271
4.8e-06,0.0003889991,3.466667e-06,5.12e-05,11.71875819
4.8e-06,0.0003889991,3.466667e-06,5.55e-05,12.54784342
4.8e-06,0.0003889991,3.466667e-06,5.97e-05,13.31841044
4.8e-06,0.0003889991,3.466667e-06,6.4e-05,14.03935203
4.8e-06,0.0003889991,3.466667e-06,6.83e-05,14.71772231
4.8e-06,0.0003889991,3.466667e-06,7.25e-05,15.35959398
4.8e-06,0.0003889991,3.466667e-06,7.68e-05,15.96927038
4.8e-06,0.0003889991,3.466667e-06,8.11e-05,16.54915673
4.8e-06,0.0003889991,3.466667e-06,8.53e-05,17.104882
4.8e-06,0.0003889991,3.466667e-06,8.96e-05,17.63794344
4.8e-06,0.0003889991,3.733333e-06,3.84e-05,8.256991276
4.8e-06,0.0003889991,3.733333e-06,4.27e-05,9.344033385
4.8e-06,0.0003889991,3.733333e-06,4.69e-05,10.32700894
4.8e-06,0.0003889991,3.733333e-06,5.12e-05,11.22579499
4.8e-06,0.0003889991,3.733333e-06,5.55e-05,12.05457538
4.8e-06,0.0003889991,3.733333e-06,5.97e-05,12.82609374
4.8e-06,0.0003889991,3.733333e-06,6.4e-05,13.54793226
4.8e-06,0.0003889991,3.733333e-06,6.83e-05,14.22721005
4.8e-06,0.0003889991,3.733333e-06,7.25e-05,14.86964807
4.8e-06,0.0003889991,3.733333e-06,7.68e-05,15.48081082
4.8e-06,0.0003889991,3.733333e-06,8.11e-05,16.06182782
4.8e-06,0.0003889991,3.733333e-06,8.53e-05,16.61778349
4.8e-06,0.0003889991,3.733333e-06,8.96e-05,17.15314398
4.8e-06,0.0003889991,3.733333e-06,3.84e-05,8.04616954
4.8e-06,0.0003889991,3.733333e-06,4.27e-05,9.133330407
4.8e-06,0.0003889991,3.733333e-06,4.69e-05,10.11648884
4.8e-06,0.0003889991,3.733333e-06,5.12e-05,11.01551314
4.8e-06,0.0003889991,3.733333e-06,5.55e-05,11.84424701
4.8e-06,0.0003889991,3.733333e-06,5.97e-05,12.61631143
4.8e-06,0.0003889991,3.733333e-06,6.4e-05,13.33860048
4.8e-06,0.0003889991,3.733333e-06,6.83e-05,14.01830916
4.8e-06,0.0003889991,3.733333e-06,7.25e-05,14.66119135
4.8e-06,0.0003889991,3.733333e-06,7.68e-05,15.27255029
4.8e-06,0.0003889991,3.733333e-06,8.11e-05,15.85409744
4.8e-06,0.0003889991,3.733333e-06,8.53e-05,16.41142965
4.8e-06,0.0003889991,3.733333e-06,8.96e-05,16.94678613
4.8e-06,0.0003889991,4.8e-06,3.84e-05,7.678599021
4.8e-06,0.0003889991,4.8e-06,4.27e-05,8.766026508
4.8e-06,0.0003889991,4.8e-06,4.69e-05,9.749551344
4.8e-06,0.0003889991,4.8e-06,5.12e-05,10.64903268
4.8e-06,0.0003889991,4.8e-06,5.55e-05,11.47919868
4.8e-06,0.0003889991,4.8e-06,5.97e-05,12.25058397
4.8e-06,0.0003889991,4.8e-06,6.4e-05,12.97382583
4.8e-06,0.0003889991,4.8e-06,6.83e-05,13.65437803
4.8e-06,0.0003889991,4.8e-06,7.25e-05,14.29809102
4.8e-06,0.0003889991,4.8e-06,7.68e-05,14.90968468
4.8e-06,0.0003889991,4.8e-06,8.11e-05,15.49378373
4.8e-06,0.0003889991,4.8e-06,8.53e-05,16.05136607
4.8e-06,0.0003889991,4.8e-06,8.96e-05,16.58749468
4.8e-06,0.0003889991,4.8e-06,3.84e-05,7.0970552
4.8e-06,0.0003889991,4.8e-06,4.27e-05,8.185182841
4.8e-06,0.0003889991,4.8e-06,4.69e-05,9.169455506
4.8e-06,0.0003889991,4.8e-06,5.12e-05,10.06978441
4.8e-06,0.0003889991,4.8e-06,5.55e-05,10.90091198
4.8e-06,0.0003889991,4.8e-06,5.97e-05,11.67406578
4.8e-06,0.0003889991,4.8e-06,6.4e-05,12.39712381
4.8e-06,0.0003889991,4.8e-06,6.83e-05,13.07943358
4.8e-06,0.0003889991,4.8e-06,7.25e-05,13.72468241
4.8e-06,0.0003889991,4.8e-06,7.68e-05,14.33779011
4.8e-06,0.0003889991,4.8e-06,8.11e-05,14.92207793
4.8e-06,0.0003889991,4.8e-06,8.53e-05,15.48307344
4.8e-06,0.0003889991,4.8e-06,8.96e-05,16.02040358
4.8e-06,0.0003889991,4.266667e-06,3.84e-05,7.22729781
4.8e-06,0.0003889991,4.266667e-06,4.27e-05,8.315217768
4.8e-06,0.0003889991,4.266667e-06,4.69e-05,9.29929835
4.8e-06,0.0003889991,4.266667e-06,5.12e-05,10.19942169
4.8e-06,0.0003889991,4.266667e-06,5.55e-05,11.03032165
4.8e-06,0.0003889991,4.266667e-06,5.97e-05,11.80322344
4.8e-06,0.0003889991,4.266667e-06,6.4e-05,12.52624447
4.8e-06,0.0003889991,4.266667e-06,6.83e-05,13.20809127
4.8e-06,0.0003889991,4.266667e-06,7.25e-05,13.85296288
4.8e-06,0.0003889991,4.266667e-06,7.68e-05,14.46571323
4.8e-06,0.0003889991,4.266667e-06,8.11e-05,15.05058134
4.8e-06,0.0003889991,4.266667e-06,8.53e-05,15.60936679
4.8e-06,0.0003889991,4.266667e-06,8.96e-05,16.14690407
4.8e-06,0.0003889991,4.266667e-06,3.84e-05,7.516687456
4.8e-06,0.0003889991,4.266667e-06,4.27e-05,8.604264741
4.8e-06,0.0003889991,4.266667e-06,4.69e-05,9.587973319
4.8e-06,0.0003889991,4.266667e-06,5.12e-05,10.48767381
4.8e-06,0.0003889991,4.266667e-06,5.55e-05,11.3180938
4.8e-06,0.0003889991,4.266667e-06,5.97e-05,12.08945241
4.8e-06,0.0003889991,4.266667e-06,6.4e-05,12.81321695
4.8e-06,0.0003889991,4.266667e-06,6.83e-05,13.49419229
4.8e-06,0.0003889991,4.266667e-06,7.25e-05,14.1382995
4.8e-06,0.0003889991,4.266667e-06,7.68e-05,14.75029535
4.8e-06,0.0003889991,4.266667e-06,8.11e-05,15.33477976
4.8e-06,0.0003889991,4.266667e-06,8.53e-05,15.89286523
4.8e-06,0.0003889991,4.266667e-06,8.96e-05,16.4294506
4.8e-06,0.0003889991,4.533333e-06,3.84e-05,6.97519791
4.8e-06,0.0003889991,4.533333e-06,4.27e-05,8.063349793
4.8e-06,0.0003889991,4.533333e-06,4.69e-05,9.047821188
4.8e-06,0.0003889991,4.533333e-06,5.12e-05,9.948353253
4.8e-06,0.0003889991,4.533333e-06,5.55e-05,10.77970131
4.8e-06,0.0003889991,4.533333e-06,5.97e-05,11.55309734
4.8e-06,0.0003889991,4.533333e-06,6.4e-05,12.27612021
4.8e-06,0.0003889991,4.533333e-06,6.83e-05,12.95891835
4.8e-06,0.0003889991,4.533333e-06,7.25e-05,13.60454559
4.8e-06,0.0003889991,4.533333e-06,7.68e-05,14.21800054
4.8e-06,0.0003889991,4.533333e-06,8.11e-05,14.80327719
4.8e-06,0.0003889991,4.533333e-06,8.53e-05,15.36421772
4.8e-06,0.0003889991,4.533333e-06,8.96e-05,15.9018323
4.8e-06,0.0003889991,4.533333e-06,3.84e-05,6.860757726
4.8e-06,0.0003889991,4.533333e-06,4.27e-05,7.948837742
4.8e-06,0.0003889991,4.533333e-06,4.69e-05,8.93351646
4.8e-06,0.0003889991,4.533333e-06,5.12e-05,9.834250769
4.8e-06,0.0003889991,4.533333e-06,5.55e-05,10.66581309
4.8e-06,0.0003889991,4.533333e-06,5.97e-05,11.43944236
4.8e-06,0.0003889991,4.533333e-06,6.4e-05,12.16389479
4.8e-06,0.0003889991,4.533333e-06,6.83e-05,12.84566754
4.8e-06,0.0003889991,4.533333e-06,7.25e-05,13.49167799
4.8e-06,0.0003889991,4.533333e-06,7.68e-05,14.10547235
4.8e-06,0.0003889991,4.533333e-06,8.11e-05,14.69108565
4.8e-06,0.0003889991,4.533333e-06,8.53e-05,15.25238395
4.8e-06,0.0003889991,4.533333e-06,8.96e-05,15.79040661
4.8e-06,0.0003889991,4e-06,3.84e-05,36.15841153
4.8e-06,0.0003889991,4e-06,4.27e-05,40.74416073
4.8e-06,0.0003889991,4e-06,4.69e-05,45.70941208
4.8e-06,0.0003889991,4e-06,5.12e-05,49.47499925
4.8e-06,0.0003889991,4e-06,5.55e-05,51.96761333
4.8e-06,0.0003889991,4e-06,5.97e-05,53.57522963
4.8e-06,0.0003889991,4e-06,6.4e-05,54.57795266
4.8e-06,0.0003889991,4e-06,6.83e-05,55.19506628
4.8e-06,0.0003889991,4e-06,7.25e-05,55.57310035
4.8e-06,0.0003889991,4e-06,7.68e-05,55.79966964
4.8e-06,0.0003889991,4e-06,8.11e-05,55.92520491
4.8e-06,0.0003889991,4e-06,8.53e-05,55.97846166
4.8e-06,0.0003889991,4e-06,8.96e-05,55.97565148
4.8e-06,0.0003889991,4e-06,3.84e-05,36.05522036
4.8e-06,0.0003889991,4e-06,4.27e-05,40.72431902
4.8e-06,0.0003889991,4e-06,4.69e-05,45.73179115
4.8e-06,0.0003889991,4e-06,5.12e-05,49.48699616
4.8e-06,0.0003889991,4e-06,5.55e-05,51.94286302
4.8e-06,0.0003889991,4e-06,5.97e-05,53.51605648
4.8e-06,0.0003889991,4e-06,6.4e-05,54.50111007
4.8e-06,0.0003889991,4e-06,6.83e-05,55.10738185
4.8e-06,0.0003889991,4e-06,7.25e-05,55.48090699
4.8e-06,0.0003889991,4e-06,7.68e-05,55.70687988
4.8e-06,0.0003889991,4e-06,8.11e-05,55.83428351
4.8e-06,0.0003889991,4e-06,8.53e-05,55.89109718
4.8e-06,0.0003889991,4e-06,8.96e-05,55.89316285
4.8e-06,0.0003889991,5.6e-06,3.84e-05,35.88567431
4.8e-06,0.0003889991,5.6e-06,4.27e-05,40.70063124
4.8e-06,0.0003889991,5.6e-06,4.69e-05,45.7952096
4.8e-06,0.0003889991,5.6e-06,5.12e-05,49.50387982
4.8e-06,0.0003889991,5.6e-06,5.55e-05,51.8941567
4.8e-06,0.0003889991,5.6e-06,5.97e-05,53.4144526
4.8e-06,0.0003889991,5.6e-06,6.4e-05,54.36335316
4.8e-06,0.0003889991,5.6e-06,6.83e-05,54.95146839
4.8e-06,0.0003889991,5.6e-06,7.25e-05,55.31754649
4.8e-06,0.0003889991,5.6e-06,7.68e-05,55.54265751
4.8e-06,0.0003889991,5.6e-06,8.11e-05,55.67334208
4.8e-06,0.0003889991,5.6e-06,8.53e-05,55.73627132
4.8e-06,0.0003889991,5.6e-06,8.96e-05,55.74666046
4.8e-06,0.0003889991,5.6e-06,3.84e-05,35.81506135
4.8e-06,0.0003889991,5.6e-06,4.27e-05,40.69442624
4.8e-06,0.0003889991,5.6e-06,4.69e-05,45.8230008
4.8e-06,0.0003889991,5.6e-06,5.12e-05,49.50965412
4.8e-06,0.0003889991,5.6e-06,5.55e-05,51.87053628
4.8e-06,0.0003889991,5.6e-06,5.97e-05,53.36764412
4.8e-06,0.0003889991,5.6e-06,6.4e-05,54.30124304
4.8e-06,0.0003889991,5.6e-06,6.83e-05,54.8816467
4.8e-06,0.0003889991,5.6e-06,7.25e-05,55.24459781
4.8e-06,0.0003889991,5.6e-06,7.68e-05,55.46939011
4.8e-06,0.0003889991,5.6e-06,8.11e-05,55.60152086
4.8e-06,0.0003889991,5.6e-06,8.53e-05,55.66710246
4.8e-06,0.0003889991,5.6e-06,8.96e-05,55.68108071
4.8e-06,0.0003889991,5.066667e-06,3.84e-05,35.69487263
4.8e-06,0.0003889991,5.066667e-06,4.27e-05,40.68945715
4.8e-06,0.0003889991,5.066667e-06,4.69e-05,45.87255327
4.8e-06,0.0003889991,5.066667e-06,5.12e-05,49.51082937
4.8e-06,0.0003889991,5.066667e-06,5.55e-05,51.82512036
4.8e-06,0.0003889991,5.066667e-06,5.97e-05,53.28101285
4.8e-06,0.0003889991,5.066667e-06,6.4e-05,54.18819918
4.8e-06,0.0003889991,5.066667e-06,6.83e-05,54.75523675
4.8e-06,0.0003889991,5.066667e-06,7.25e-05,55.11281417
4.8e-06,0.0003889991,5.066667e-06,7.68e-05,55.3371151
4.8e-06,0.0003889991,5.066667e-06,8.11e-05,55.47182065
4.8e-06,0.0003889991,5.066667e-06,8.53e-05,55.54207041
4.8e-06,0.0003889991,5.066667e-06,8.96e-05,55.5623383
4.8e-06,0.0003889991,5.066667e-06,3.84e-05,35.64325123
4.8e-06,0.0003889991,5.066667e-06,4.27e-05,40.68967538
4.8e-06,0.0003889991,5.066667e-06,4.69e-05,45.89479862
4.8e-06,0.0003889991,5.066667e-06,5.12e-05,49.51444772
4.8e-06,0.0003889991,5.066667e-06,5.55e-05,51.80336922
4.8e-06,0.0003889991,5.066667e-06,5.97e-05,53.24082775
4.8e-06,0.0003889991,5.066667e-06,6.4e-05,54.13651772
4.8e-06,0.0003889991,5.066667e-06,6.83e-05,54.69771069
4.8e-06,0.0003889991,5.066667e-06,7.25e-05,55.05295561
4.8e-06,0.0003889991,5.066667e-06,7.68e-05,55.27706469
4.8e-06,0.0003889991,5.066667e-06,8.11e-05,55.412922
4.8e-06,0.0003889991,5.066667e-06,8.53e-05,55.48523995
4.8e-06,0.0003889991,5.066667e-06,8.96e-05,55.50828406
4.8e-06,0.0003889991,5.333333e-06,3.84e-05,35.47723398
4.8e-06,0.0003889991,5.333333e-06,4.27e-05,40.70117507
4.8e-06,0.0003889991,5.333333e-06,4.69e-05,45.97063571
4.8e-06,0.0003889991,5.333333e-06,5.12e-05,49.51998464
4.8e-06,0.0003889991,5.333333e-06,5.55e-05,51.72261493
4.8e-06,0.0003889991,5.333333e-06,5.97e-05,53.09753262
4.8e-06,0.0003889991,5.333333e-06,6.4e-05,53.95548188
4.8e-06,0.0003889991,5.333333e-06,6.83e-05,54.4973874
4.8e-06,0.0003889991,5.333333e-06,7.25e-05,54.84500512
4.8e-06,0.0003889991,5.333333e-06,7.68e-05,55.06857493
4.8e-06,0.0003889991,5.333333e-06,8.11e-05,55.20833944
4.8e-06,0.0003889991,5.333333e-06,8.53e-05,55.28759351
4.8e-06,0.0003889991,5.333333e-06,8.96e-05,55.31990549
4.8e-06,0.0003889991,5.333333e-06,3.84e-05,35.55321593
4.8e-06,0.0003889991,5.333333e-06,4.27e-05,40.69376417
4.8e-06,0.0003889991,5.333333e-06,4.69e-05,45.93509549
4.8e-06,0.0003889991,5.333333e-06,5.12e-05,49.51870004
4.8e-06,0.0003889991,5.333333e-06,5.55e-05,51.76177232
4.8e-06,0.0003889991,5.333333e-06,5.97e-05,53.16592736
4.8e-06,0.0003889991,5.333333e-06,6.4e-05,54.0413335
4.8e-06,0.0003889991,5.333333e-06,6.83e-05,54.5921649
4.8e-06,0.0003889991,5.333333e-06,7.25e-05,54.94329927
4.8e-06,0.0003889991,5.333333e-06,7.68e-05,55.16710106
4.8e-06,0.0003889991,5.333333e-06,8.11e-05,55.30503735
4.8e-06,0.0003889991,5.333333e-06,8.53e-05,55.38106053
4.8e-06,0.0003889991,5.333333e-06,8.96e-05,55.40906346
4.8e-06,4.48e-05,2.4e-06,3.84e-05,19.16479599
4.8e-06,4.48e-05,2.4e-06,4.27e-05,20.4309666
4.8e-06,4.48e-05,2.4e-06,4.69e-05,21.6122216
4.8e-06,4.48e-05,2.4e-06,5.12e-05,22.72879304
4.8e-06,4.48e-05,2.4e-06,5.55e-05,23.79647662
4.8e-06,4.48e-05,2.4e-06,5.97e-05,24.82817404
4.8e-06,4.48e-05,2.4e-06,6.4e-05,25.83373006
4.8e-06,4.48e-05,2.4e-06,6.83e-05,26.82655931
4.8e-06,4.48e-05,2.4e-06,7.25e-05,27.81232719
4.8e-06,4.48e-05,2.4e-06,7.68e-05,28.80021702
4.8e-06,4.48e-05,2.4e-06,8.11e-05,29.80356829
4.8e-06,4.48e-05,2.4e-06,8.53e-05,30.82902511
4.8e-06,4.48e-05,2.4e-06,8.96e-05,31.88810531
4.8e-06,4.48e-05,2.4e-06,3.84e-05,18.91097755
4.8e-06,4.48e-05,2.4e-06,4.27e-05,20.17931606
4.8e-06,4.48e-05,2.4e-06,4.69e-05,21.36314092
4.8e-06,4.48e-05,2.4e-06,5.12e-05,22.48272602
4.8e-06,4.48e-05,2.4e-06,5.55e-05,23.55392551
4.8e-06,4.48e-05,2.4e-06,5.97e-05,24.58971554
4.8e-06,4.48e-05,2.4e-06,6.4e-05,25.59849298
4.8e-06,4.48e-05,2.4e-06,6.83e-05,26.59830295
4.8e-06,4.48e-05,2.4e-06,7.25e-05,27.58923947
4.8e-06,4.48e-05,2.4e-06,7.68e-05,28.58765079
4.8e-06,4.48e-05,2.4e-06,8.11e-05,29.59888427
4.8e-06,4.48e-05,2.4e-06,8.53e-05,30.62810302
4.8e-06,4.48e-05,2.4e-06,8.96e-05,31.70694583
4.8e-06,4.48e-05,2.666667e-06,3.84e-05,18.47989973
4.8e-06,4.48e-05,2.666667e-06,4.27e-05,19.7521937
4.8e-06,4.48e-05,2.666667e-06,4.69e-05,20.94065293
4.8e-06,4.48e-05,2.666667e-06,5.12e-05,22.06563513
4.8e-06,4.48e-05,2.666667e-06,5.55e-05,23.14310154
4.8e-06,4.48e-05,2.666667e-06,5.97e-05,24.18616722
4.8e-06,4.48e-05,2.666667e-06,6.4e-05,25.20612942
4.8e-06,4.48e-05,2.666667e-06,6.83e-05,26.21211061
4.8e-06,4.48e-05,2.666667e-06,7.25e-05,27.2171222
4.8e-06,4.48e-05,2.666667e-06,7.68e-05,28.2276009
4.8e-06,4.48e-05,2.666667e-06,8.11e-05,29.25476778
4.8e-06,4.48e-05,2.666667e-06,8.53e-05,30.3079479
4.8e-06,4.48e-05,2.666667e-06,8.96e-05,31.40464852
4.8e-06,4.48e-05,2.666667e-06,3.84e-05,18.29411412
4.8e-06,4.48e-05,2.666667e-06,4.27e-05,19.5682379
4.8e-06,4.48e-05,2.666667e-06,4.69e-05,20.75881176
4.8e-06,4.48e-05,2.666667e-06,5.12e-05,21.8862367
4.8e-06,4.48e-05,2.666667e-06,5.55e-05,22.96652599
4.8e-06,4.48e-05,2.666667e-06,5.97e-05,24.01285808
4.8e-06,4.48e-05,2.666667e-06,6.4e-05,25.03660811
4.8e-06,4.48e-05,2.666667e-06,6.83e-05,26.0458498
4.8e-06,4.48e-05,2.666667e-06,7.25e-05,27.05711745
4.8e-06,4.48e-05,2.666667e-06,7.68e-05,28.07348988
4.8e-06,4.48e-05,2.666667e-06,8.11e-05,29.10544694
4.8e-06,4.48e-05,2.666667e-06,8.53e-05,30.17062494
4.8e-06,4.48e-05,2.666667e-06,8.96e-05,31.27656012
4.8e-06,4.48e-05,2.933333e-06,3.84e-05,17.56360361
4.8e-06,4.48e-05,2.933333e-06,4.27e-05,18.84438313
4.8e-06,4.48e-05,2.933333e-06,4.69e-05,20.04422656
4.8e-06,4.48e-05,2.933333e-06,5.12e-05,21.18212454
4.8e-06,4.48e-05,2.933333e-06,5.55e-05,22.27435706
4.8e-06,4.48e-05,2.933333e-06,5.97e-05,23.3343999
4.8e-06,4.48e-05,2.933333e-06,6.4e-05,24.3739782
4.8e-06,4.48e-05,2.933333e-06,6.83e-05,25.40384993
4.8e-06,4.48e-05,2.933333e-06,7.25e-05,26.43144409
4.8e-06,4.48e-05,2.933333e-06,7.68e-05,27.47593743
4.8e-06,4.48e-05,2.933333e-06,8.11e-05,28.53989088
4.8e-06,4.48e-05,2.933333e-06,8.53e-05,29.63228319
4.8e-06,4.48e-05,2.933333e-06,8.96e-05,30.78396737
4.8e-06,4.48e-05,2.933333e-06,3.84e-05,17.82312124
4.8e-06,4.48e-05,2.933333e-06,4.27e-05,19.10181066
4.8e-06,4.48e-05,2.933333e-06,4.69e-05,20.29814833
4.8e-06,4.48e-05,2.933333e-06,5.12e-05,21.43214051
4.8e-06,4.48e-05,2.933333e-06,5.55e-05,22.51995758
4.8e-06,4.48e-05,2.933333e-06,5.97e-05,23.57495732
4.8e-06,4.48e-05,2.933333e-06,6.4e-05,24.60873211
4.8e-06,4.48e-05,2.933333e-06,6.83e-05,25.63187877
4.8e-06,4.48e-05,2.933333e-06,7.25e-05,26.653632
4.8e-06,4.48e-05,2.933333e-06,7.68e-05,27.68699289
4.8e-06,4.48e-05,2.933333e-06,8.11e-05,28.73816011
4.8e-06,4.48e-05,2.933333e-06,8.53e-05,29.82587615
4.8e-06,4.48e-05,2.933333e-06,8.96e-05,30.95188666
4.8e-06,4.48e-05,3.2e-06,3.84e-05,17.96769428
4.8e-06,4.48e-05,3.2e-06,4.27e-05,19.245082
4.8e-06,4.48e-05,3.2e-06,4.69e-05,20.43957904
4.8e-06,4.48e-05,3.2e-06,5.12e-05,21.57149114
4.8e-06,4.48e-05,3.2e-06,5.55e-05,22.65693565
4.8e-06,4.48e-05,3.2e-06,5.97e-05,23.70921145
4.8e-06,4.48e-05,3.2e-06,6.4e-05,24.73984137
4.8e-06,4.48e-05,3.2e-06,6.83e-05,25.75933529
4.8e-06,4.48e-05,3.2e-06,7.25e-05,26.77730816
4.8e-06,4.48e-05,3.2e-06,7.68e-05,27.80118983
4.8e-06,4.48e-05,3.2e-06,8.11e-05,28.85239422
4.8e-06,4.48e-05,3.2e-06,8.53e-05,29.93110915
4.8e-06,4.48e-05,3.2e-06,8.96e-05,31.05480242
4.8e-06,4.48e-05,3.2e-06,3.84e-05,17.2328195
4.8e-06,4.48e-05,3.2e-06,4.27e-05,18.5186798
4.8e-06,4.48e-05,3.2e-06,4.69e-05,19.72019372
4.8e-06,4.48e-05,3.2e-06,5.12e-05,20.86348512
4.8e-06,4.48e-05,3.2e-06,5.55e-05,21.96170255
4.8e-06,4.48e-05,3.2e-06,5.97e-05,23.02850251
4.8e-06,4.48e-05,3.2e-06,6.4e-05,24.07580478
4.8e-06,4.48e-05,3.2e-06,6.83e-05,25.11456689
4.8e-06,4.48e-05,3.2e-06,7.25e-05,26.15548796
4.8e-06,4.48e-05,3.2e-06,7.68e-05,27.20869537
4.8e-06,4.48e-05,3.2e-06,8.11e-05,28.28350488
4.8e-06,4.48e-05,3.2e-06,8.53e-05,29.40298647
4.8e-06,4.48e-05,3.2e-06,8.96e-05,30.57059043
4.8e-06,4.48e-05,3.466667e-06,3.84e-05,17.33639796
4.8e-06,4.48e-05,3.466667e-06,4.27e-05,18.61854762
4.8e-06,4.48e-05,3.466667e-06,4.69e-05,19.82173441
4.8e-06,4.48e-05,3.466667e-06,5.12e-05,20.96327695
4.8e-06,4.48e-05,3.466667e-06,5.55e-05,22.05957033
4.8e-06,4.48e-05,3.466667e-06,5.97e-05,23.12421004
4.8e-06,4.48e-05,3.466667e-06,6.4e-05,24.16905126
4.8e-06,4.48e-05,3.466667e-06,6.83e-05,25.20497982
4.8e-06,4.48e-05,3.466667e-06,7.25e-05,26.24259351
4.8e-06,4.48e-05,3.466667e-06,7.68e-05,27.29222007
4.8e-06,4.48e-05,3.466667e-06,8.11e-05,28.36459136
4.8e-06,4.48e-05,3.466667e-06,8.53e-05,29.47566989
4.8e-06,4.48e-05,3.466667e-06,8.96e-05,30.63718337
4.8e-06,4.48e-05,3.466667e-06,3.84e-05,8.900869481
4.8e-06,4.48e-05,3.466667e-06,4.27e-05,9.987888642
4.8e-06,4.48e-05,3.466667e-06,4.69e-05,10.97070217
4.8e-06,4.48e-05,3.466667e-06,5.12e-05,11.86867076
4.8e-06,4.48e-05,3.466667e-06,5.55e-05,12.69798849
4.8e-06,4.48e-05,3.466667e-06,5.97e-05,13.4688022
4.8e-06,4.48e-05,3.466667e-06,6.4e-05,14.19000356
4.8e-06,4.48e-05,3.466667e-06,6.83e-05,14.86864646
4.8e-06,4.48e-05,3.466667e-06,7.25e-05,15.5108006
4.8e-06,4.48e-05,3.466667e-06,7.68e-05,16.12077391
4.8e-06,4.48e-05,3.466667e-06,8.11e-05,16.70097389
4.8e-06,4.48e-05,3.466667e-06,8.53e-05,17.25702225
4.8e-06,4.48e-05,3.466667e-06,8.96e-05,17.79041863
4.8e-06,4.48e-05,3.733333e-06,3.84e-05,8.408258333
4.8e-06,4.48e-05,3.733333e-06,4.27e-05,9.495482464
4.8e-06,4.48e-05,3.733333e-06,4.69e-05,10.47866237
4.8e-06,4.48e-05,3.733333e-06,5.12e-05,11.37767166
4.8e-06,4.48e-05,3.733333e-06,5.55e-05,12.2066894
4.8e-06,4.48e-05,3.733333e-06,5.97e-05,12.97846436
4.8e-06,4.48e-05,3.733333e-06,6.4e-05,13.70057277
4.8e-06,4.48e-05,3.733333e-06,6.83e-05,14.38013363
4.8e-06,4.48e-05,3.733333e-06,7.25e-05,15.02286782
4.8e-06,4.48e-05,3.733333e-06,7.68e-05,15.63433719
4.8e-06,4.48e-05,3.733333e-06,8.11e-05,16.21567928
4.8e-06,4.48e-05,3.733333e-06,8.53e-05,16.77196755
4.8e-06,4.48e-05,3.733333e-06,8.96e-05,17.30768035
4.8e-06,4.48e-05,3.733333e-06,3.84e-05,8.198292838
4.8e-06,4.48e-05,3.733333e-06,4.27e-05,9.285638891
4.8e-06,4.48e-05,3.733333e-06,4.69e-05,10.26900511
4.8e-06,4.48e-05,3.733333e-06,5.12e-05,11.16825637
4.8e-06,4.48e-05,3.733333e-06,5.55e-05,11.9972304
4.8e-06,4.48e-05,3.733333e-06,5.97e-05,12.76955616
4.8e-06,4.48e-05,3.733333e-06,6.4e-05,13.4921201
4.8e-06,4.48e-05,3.733333e-06,6.83e-05,14.1721168
4.8e-06,4.48e-05,3.733333e-06,7.25e-05,14.8153003
4.8e-06,4.48e-05,3.733333e-06,7.68e-05,15.42697215
4.8e-06,4.48e-05,3.733333e-06,8.11e-05,16.00884133
4.8e-06,4.48e-05,3.733333e-06,8.53e-05,16.56652182
4.8e-06,4.48e-05,3.733333e-06,8.96e-05,17.10223521
4.8e-06,4.48e-05,4.8e-06,3.84e-05,7.832258347
4.8e-06,4.48e-05,4.8e-06,4.27e-05,8.919876957
4.8e-06,4.48e-05,4.8e-06,4.69e-05,9.903616052
4.8e-06,4.48e-05,4.8e-06,5.12e-05,10.80333131
4.8e-06,4.48e-05,4.8e-06,5.55e-05,11.63374865
4.8e-06,4.48e-05,4.8e-06,5.97e-05,12.40539787
4.8e-06,4.48e-05,4.8e-06,6.4e-05,13.12892405
4.8e-06,4.48e-05,4.8e-06,6.83e-05,13.80977373
4.8e-06,4.48e-05,4.8e-06,7.25e-05,14.4537977
4.8e-06,4.48e-05,4.8e-06,7.68e-05,15.06571612
4.8e-06,4.48e-05,4.8e-06,8.11e-05,15.65015118
4.8e-06,4.48e-05,4.8e-06,8.53e-05,16.20808905
4.8e-06,4.48e-05,4.8e-06,8.96e-05,16.7445853
4.8e-06,4.48e-05,4.8e-06,3.84e-05,7.25326235
4.8e-06,4.48e-05,4.8e-06,4.27e-05,8.341591576
4.8e-06,4.48e-05,4.8e-06,4.69e-05,9.326090116
4.8e-06,4.48e-05,4.8e-06,5.12e-05,10.22666537
4.8e-06,4.48e-05,4.8e-06,5.55e-05,11.05805752
4.8e-06,4.48e-05,4.8e-06,5.97e-05,11.83149267
4.8e-06,4.48e-05,4.8e-06,6.4e-05,12.55484346
4.8e-06,4.48e-05,4.8e-06,6.83e-05,13.23746848
4.8e-06,4.48e-05,4.8e-06,7.25e-05,13.88304591
4.8e-06,4.48e-05,4.8e-06,7.68e-05,14.49649637
4.8e-06,4.48e-05,4.8e-06,8.11e-05,15.08114469
4.8e-06,4.48e-05,4.8e-06,8.53e-05,15.64250429
4.8e-06,4.48e-05,4.8e-06,8.96e-05,16.18022687
4.8e-06,4.48e-05,4.266667e-06,3.84e-05,7.382921174
4.8e-06,4.48e-05,4.266667e-06,4.27e-05,8.471040446
4.8e-06,4.48e-05,4.266667e-06,4.69e-05,9.455344144
4.8e-06,4.48e-05,4.266667e-06,5.12e-05,10.35571089
4.8e-06,4.48e-05,4.266667e-06,5.55e-05,11.18687231
4.8e-06,4.48e-05,4.266667e-06,5.97e-05,11.96005213
4.8e-06,4.48e-05,4.266667e-06,6.4e-05,12.68336344
4.8e-06,4.48e-05,4.266667e-06,6.83e-05,13.36552117
4.8e-06,4.48e-05,4.266667e-06,7.25e-05,14.01071715
4.8e-06,4.48e-05,4.266667e-06,7.68e-05,14.62380598
4.8e-06,4.48e-05,4.266667e-06,8.11e-05,15.20902669
4.8e-06,4.48e-05,4.266667e-06,8.53e-05,15.7681693
4.8e-06,4.48e-05,4.266667e-06,8.96e-05,16.30609829
4.8e-06,4.48e-05,4.266667e-06,3.84e-05,7.671041276
4.8e-06,4.48e-05,4.266667e-06,4.27e-05,8.758812488
4.8e-06,4.48e-05,4.266667e-06,4.69e-05,9.742738391
4.8e-06,4.48e-05,4.266667e-06,5.12e-05,10.6426761
4.8e-06,4.48e-05,4.266667e-06,5.55e-05,11.47335093
4.8e-06,4.48e-05,4.266667e-06,5.97e-05,12.244976
4.8e-06,4.48e-05,4.266667e-06,6.4e-05,12.96902942
4.8e-06,4.48e-05,4.266667e-06,6.83e-05,13.65030686
4.8e-06,4.48e-05,4.266667e-06,7.25e-05,14.29472965
4.8e-06,4.48e-05,4.266667e-06,7.68e-05,14.90705499
4.8e-06,4.48e-05,4.266667e-06,8.11e-05,15.49188046
4.8e-06,4.48e-05,4.266667e-06,8.53e-05,16.05032675
4.8e-06,4.48e-05,4.266667e-06,8.96e-05,16.58728518
4.8e-06,4.48e-05,4.533333e-06,3.84e-05,7.131954286
4.8e-06,4.48e-05,4.533333e-06,4.27e-05,8.220314883
4.8e-06,4.48e-05,4.533333e-06,4.69e-05,9.205014835
4.8e-06,4.48e-05,4.533333e-06,5.12e-05,10.10579609
4.8e-06,4.48e-05,4.533333e-06,5.55e-05,10.93741174
4.8e-06,4.48e-05,4.533333e-06,5.97e-05,11.71109231
4.8e-06,4.48e-05,4.533333e-06,6.4e-05,12.43441011
4.8e-06,4.48e-05,4.533333e-06,6.83e-05,13.11752778
4.8e-06,4.48e-05,4.533333e-06,7.25e-05,13.76348775
4.8e-06,4.48e-05,4.533333e-06,7.68e-05,14.3772896
4.8e-06,4.48e-05,4.533333e-06,8.11e-05,14.96292804
4.8e-06,4.48e-05,4.533333e-06,8.53e-05,15.52424251
4.8e-06,4.48e-05,4.533333e-06,8.96e-05,16.06225265
4.8e-06,4.48e-05,4.533333e-06,3.84e-05,7.018042124
4.8e-06,4.48e-05,4.533333e-06,4.27e-05,8.106332304
4.8e-06,4.48e-05,4.533333e-06,4.69e-05,9.091242196
4.8e-06,4.48e-05,4.533333e-06,5.12e-05,9.992228439
4.8e-06,4.48e-05,4.533333e-06,5.55e-05,10.82406126
4.8e-06,4.48e-05,4.533333e-06,5.97e-05,11.59797817
4.8e-06,4.48e-05,4.533333e-06,6.4e-05,12.32273444
4.8e-06,4.48e-05,4.533333e-06,6.83e-05,13.00482391
4.8e-06,4.48e-05,4.533333e-06,7.25e-05,13.65117112
4.8e-06,4.48e-05,4.533333e-06,7.68e-05,14.26531641
4.8e-06,4.48e-05,4.533333e-06,8.11e-05,14.85129558
4.8e-06,4.48e-05,4.533333e-06,8.53e-05,15.41297276
4.8e-06,4.48e-05,4.533333e-06,8.96e-05,15.95139531
4.8e-06,4.48e-05,4e-06,3.84e-05,36.36126395
4.8e-06,4.48e-05,4e-06,4.27e-05,40.98464359
4.8e-06,4.48e-05,4e-06,4.69e-05,45.94825682
4.8e-06,4.48e-05,4e-06,5.12e-05,49.67881961
4.8e-06,4.48e-05,4e-06,5.55e-05,52.14323276
4.8e-06,4.48e-05,4e-06,5.97e-05,53.72549457
4.8e-06,4.48e-05,4e-06,6.4e-05,54.71516699
4.8e-06,4.48e-05,4e-06,6.83e-05,55.32140313
4.8e-06,4.48e-05,4e-06,7.25e-05,55.69208509
4.8e-06,4.48e-05,4e-06,7.68e-05,55.91345743
4.8e-06,4.48e-05,4e-06,8.11e-05,56.0350389
4.8e-06,4.48e-05,4e-06,8.53e-05,56.08500979
4.8e-06,4.48e-05,4e-06,8.96e-05,56.07920787
4.8e-06,4.48e-05,4e-06,3.84e-05,36.26121292
4.8e-06,4.48e-05,4e-06,4.27e-05,40.96886713
4.8e-06,4.48e-05,4e-06,4.69e-05,45.97422297
4.8e-06,4.48e-05,4e-06,5.12e-05,49.69106419
4.8e-06,4.48e-05,4e-06,5.55e-05,52.11831572
4.8e-06,4.48e-05,4e-06,5.97e-05,53.67005104
4.8e-06,4.48e-05,4e-06,6.4e-05,54.6385192
4.8e-06,4.48e-05,4e-06,6.83e-05,55.23412556
4.8e-06,4.48e-05,4e-06,7.25e-05,55.60044884
4.8e-06,4.48e-05,4e-06,7.68e-05,55.82132842
4.8e-06,4.48e-05,4e-06,8.11e-05,55.94485534
4.8e-06,4.48e-05,4e-06,8.53e-05,55.9984487
4.8e-06,4.48e-05,4e-06,8.96e-05,55.99758734
4.8e-06,4.48e-05,5.6e-06,3.84e-05,36.09740191
4.8e-06,4.48e-05,5.6e-06,4.27e-05,40.95244458
4.8e-06,4.48e-05,5.6e-06,4.69e-05,46.03990741
4.8e-06,4.48e-05,5.6e-06,5.12e-05,49.70835393
4.8e-06,4.48e-05,5.6e-06,5.55e-05,52.06936625
4.8e-06,4.48e-05,5.6e-06,5.97e-05,53.56812336
4.8e-06,4.48e-05,5.6e-06,6.4e-05,54.50115442
4.8e-06,4.48e-05,5.6e-06,6.83e-05,55.07895932
4.8e-06,4.48e-05,5.6e-06,7.25e-05,55.43808481
4.8e-06,4.48e-05,5.6e-06,7.68e-05,55.65827381
4.8e-06,4.48e-05,5.6e-06,8.11e-05,55.7852089
4.8e-06,4.48e-05,5.6e-06,8.53e-05,55.84502594
4.8e-06,4.48e-05,5.6e-06,8.96e-05,55.85259462
4.8e-06,4.48e-05,5.6e-06,3.84e-05,36.02942298
4.8e-06,4.48e-05,5.6e-06,4.27e-05,40.94950803
4.8e-06,4.48e-05,5.6e-06,4.69e-05,46.06878906
4.8e-06,4.48e-05,5.6e-06,5.12e-05,49.71429651
4.8e-06,4.48e-05,5.6e-06,5.55e-05,52.04565651
4.8e-06,4.48e-05,5.6e-06,5.97e-05,53.52120905
4.8e-06,4.48e-05,5.6e-06,6.4e-05,54.4392373
4.8e-06,4.48e-05,5.6e-06,6.83e-05,55.0094816
4.8e-06,4.48e-05,5.6e-06,7.25e-05,55.36558523
4.8e-06,4.48e-05,5.6e-06,7.68e-05,55.58552753
4.8e-06,4.48e-05,5.6e-06,8.11e-05,55.71396223
4.8e-06,4.48e-05,5.6e-06,8.53e-05,55.77647695
4.8e-06,4.48e-05,5.6e-06,8.96e-05,55.78767936
4.8e-06,4.48e-05,5.066667e-06,3.84e-05,35.91411097
4.8e-06,4.48e-05,5.066667e-06,4.27e-05,40.95047926
4.8e-06,4.48e-05,5.066667e-06,4.69e-05,46.12037151
4.8e-06,4.48e-05,5.066667e-06,5.12e-05,49.71666745
4.8e-06,4.48e-05,5.066667e-06,5.55e-05,52.00010663
4.8e-06,4.48e-05,5.066667e-06,5.97e-05,53.43444309
4.8e-06,4.48e-05,5.066667e-06,6.4e-05,54.32656838
4.8e-06,4.48e-05,5.066667e-06,6.83e-05,54.88370878
4.8e-06,4.48e-05,5.066667e-06,7.25e-05,55.23462023
4.8e-06,4.48e-05,5.066667e-06,7.68e-05,55.45419516
4.8e-06,4.48e-05,5.066667e-06,8.11e-05,55.58529651
4.8e-06,4.48e-05,5.066667e-06,8.53e-05,55.65255721
4.8e-06,4.48e-05,5.066667e-06,8.96e-05,55.67012574
4.8e-06,4.48e-05,5.066667e-06,3.84e-05,35.86475606
4.8e-06,4.48e-05,5.066667e-06,4.27e-05,40.95341043
4.8e-06,4.48e-05,5.066667e-06,4.69e-05,46.14354746
4.8e-06,4.48e-05,5.066667e-06,5.12e-05,49.72024961
4.8e-06,4.48e-05,5.066667e-06,5.55e-05,51.97830579
4.8e-06,4.48e-05,5.066667e-06,5.97e-05,53.39421995
4.8e-06,4.48e-05,5.066667e-06,6.4e-05,54.27506813
4.8e-06,4.48e-05,5.066667e-06,6.83e-05,54.82647891
4.8e-06,4.48e-05,5.066667e-06,7.25e-05,55.17513695
4.8e-06,4.48e-05,5.066667e-06,7.68e-05,55.394574
4.8e-06,4.48e-05,5.066667e-06,8.11e-05,55.52686701
4.8e-06,4.48e-05,5.066667e-06,8.53e-05,55.59622966
4.8e-06,4.48e-05,5.066667e-06,8.96e-05,55.61660753
4.8e-06,4.48e-05,5.333333e-06,3.84e-05,35.70686953
4.8e-06,4.48e-05,5.333333e-06,4.27e-05,40.97440455
4.8e-06,4.48e-05,5.333333e-06,4.69e-05,46.2225668
4.8e-06,4.48e-05,5.333333e-06,5.12e-05,49.72578548
4.8e-06,4.48e-05,5.333333e-06,5.55e-05,51.89743157
4.8e-06,4.48e-05,5.333333e-06,5.97e-05,53.25107343
4.8e-06,4.48e-05,5.333333e-06,6.4e-05,54.09471409
4.8e-06,4.48e-05,5.333333e-06,6.83e-05,54.62721875
4.8e-06,4.48e-05,5.333333e-06,7.25e-05,54.9685101
4.8e-06,4.48e-05,5.333333e-06,7.68e-05,55.18758508
4.8e-06,4.48e-05,5.333333e-06,8.11e-05,55.32391612
4.8e-06,4.48e-05,5.333333e-06,8.53e-05,55.40032531
4.8e-06,4.48e-05,5.333333e-06,8.96e-05,55.43007903
4.8e-06,4.48e-05,5.333333e-06,3.84e-05,35.77895798
4.8e-06,4.48e-05,5.333333e-06,4.27e-05,40.96249245
4.8e-06,4.48e-05,5.333333e-06,4.69e-05,46.18553797
4.8e-06,4.48e-05,5.333333e-06,5.12e-05,49.72447956
4.8e-06,4.48e-05,5.333333e-06,5.55e-05,51.93663547
4.8e-06,4.48e-05,5.333333e-06,5.97e-05,53.31929586
4.8e-06,4.48e-05,5.333333e-06,6.4e-05,54.18023329
4.8e-06,4.48e-05,5.333333e-06,6.83e-05,54.72148696
4.8e-06,4.48e-05,5.333333e-06,7.25e-05,55.06617447
4.8e-06,4.48e-05,5.333333e-06,7.68e-05,55.28539955
4.8e-06,4.48e-05,5.333333e-06,8.11e-05,55.41984196
4.8e-06,4.48e-05,5.333333e-06,8.53e-05,55.49296934
4.8e-06,4.48e-05,5.333333e-06,8.96e-05,55.51836428
5.333333e-06,0.000132012,2.4e-06,3.84e-05,19.12024362
5.333333e-06,0.000132012,2.4e-06,4.27e-05,20.38606548
5.333333e-06,0.000132012,2.4e-06,4.69e-05,21.56692657
5.333333e-06,0.000132012,2.4e-06,5.12e-05,22.68305318
5.333333e-06,0.000132012,2.4e-06,5.55e-05,23.75023334
5.333333e-06,0.000132012,2.4e-06,5.97e-05,24.78135883
5.333333e-06,0.000132012,2.4e-06,6.4e-05,25.78626191
5.333333e-06,0.000132012,2.4e-06,6.83e-05,26.77834074
5.333333e-06,0.000132012,2.4e-06,7.25e-05,27.76323982
5.333333e-06,0.000132012,2.4e-06,7.68e-05,28.75012713
5.333333e-06,0.000132012,2.4e-06,8.11e-05,29.75228387
5.333333e-06,0.000132012,2.4e-06,8.53e-05,30.77633276
5.333333e-06,0.000132012,2.4e-06,8.96e-05,31.83373227
5.333333e-06,0.000132012,2.4e-06,3.84e-05,18.86611748
5.333333e-06,0.000132012,2.4e-06,4.27e-05,20.13409929
5.333333e-06,0.000132012,2.4e-06,4.69e-05,21.31752084
5.333333e-06,0.000132012,2.4e-06,5.12e-05,22.43664998
5.333333e-06,0.000132012,2.4e-06,5.55e-05,23.50733277
5.333333e-06,0.000132012,2.4e-06,5.97e-05,24.54253498
5.333333e-06,0.000132012,2.4e-06,6.4e-05,25.55064052
5.333333e-06,0.000132012,2.4e-06,6.83e-05,26.5496763
5.333333e-06,0.000132012,2.4e-06,7.25e-05,27.53971039
5.333333e-06,0.000132012,2.4e-06,7.68e-05,28.53708341
5.333333e-06,0.000132012,2.4e-06,8.11e-05,29.54708426
5.333333e-06,0.000132012,2.4e-06,8.53e-05,30.57484591
5.333333e-06,0.000132012,2.4e-06,8.96e-05,31.65193519
5.333333e-06,0.000132012,2.666667e-06,3.84e-05,18.43449243
5.333333e-06,0.000132012,2.666667e-06,4.27e-05,19.7064149
5.333333e-06,0.000132012,2.666667e-06,4.69e-05,20.89445339
5.333333e-06,0.000132012,2.666667e-06,5.12e-05,22.01895901
5.333333e-06,0.000132012,2.666667e-06,5.55e-05,23.09588421
5.333333e-06,0.000132012,2.666667e-06,5.97e-05,24.13833275
5.333333e-06,0.000132012,2.666667e-06,6.4e-05,25.15758742
5.333333e-06,0.000132012,2.666667e-06,6.83e-05,26.16275152
5.333333e-06,0.000132012,2.666667e-06,7.25e-05,27.16681532
5.333333e-06,0.000132012,2.666667e-06,7.68e-05,28.17618309
5.333333e-06,0.000132012,2.666667e-06,8.11e-05,29.20203829
5.333333e-06,0.000132012,2.666667e-06,8.53e-05,30.2536606
5.333333e-06,0.000132012,2.666667e-06,8.96e-05,31.34848265
5.333333e-06,0.000132012,2.666667e-06,3.84e-05,18.24846129
5.333333e-06,0.000132012,2.666667e-06,4.27e-05,19.52220666
5.333333e-06,0.000132012,2.666667e-06,4.69e-05,20.71235167
5.333333e-06,0.000132012,2.666667e-06,5.12e-05,21.83929045
5.333333e-06,0.000132012,2.666667e-06,5.55e-05,22.91902718
5.333333e-06,0.000132012,2.666667e-06,5.97e-05,23.96472854
5.333333e-06,0.000132012,2.666667e-06,6.4e-05,24.98775473
5.333333e-06,0.000132012,2.666667e-06,6.83e-05,25.996159
5.333333e-06,0.000132012,2.666667e-06,7.25e-05,27.006455
5.333333e-06,0.000132012,2.666667e-06,7.68e-05,28.02168499
5.333333e-06,0.000132012,2.666667e-06,8.11e-05,29.05231109
5.333333e-06,0.000132012,2.666667e-06,8.53e-05,30.11586743
5.333333e-06,0.000132012,2.666667e-06,8.96e-05,31.2198673
5.333333e-06,0.000132012,2.933333e-06,3.84e-05,17.51692874
5.333333e-06,0.000132012,2.933333e-06,4.27e-05,18.79729603
5.333333e-06,0.000132012,2.933333e-06,4.69e-05,19.99667474
5.333333e-06,0.000132012,2.933333e-06,5.12e-05,21.1340444
5.333333e-06,0.000132012,2.933333e-06,5.55e-05,22.22567448
5.333333e-06,0.000132012,2.933333e-06,5.97e-05,23.28502715
5.333333e-06,0.000132012,2.933333e-06,6.4e-05,24.3238102
5.333333e-06,0.000132012,2.933333e-06,6.83e-05,25.3527591
5.333333e-06,0.000132012,2.933333e-06,7.25e-05,26.37927088
5.333333e-06,0.000132012,2.933333e-06,7.68e-05,27.42249724
5.333333e-06,0.000132012,2.933333e-06,8.11e-05,28.48493919
5.333333e-06,0.000132012,2.933333e-06,8.53e-05,29.57556097
5.333333e-06,0.000132012,2.933333e-06,8.96e-05,30.72502337
5.333333e-06,0.000132012,2.933333e-06,3.84e-05,17.77682196
5.333333e-06,0.000132012,2.933333e-06,4.27e-05,19.05511062
5.333333e-06,0.000132012,2.933333e-06,4.69e-05,20.25099708
5.333333e-06,0.000132012,2.933333e-06,5.12e-05,21.3844768
5.333333e-06,0.000132012,2.933333e-06,5.55e-05,22.47171014
5.333333e-06,0.000132012,2.933333e-06,5.97e-05,23.52604201
5.333333e-06,0.000132012,2.933333e-06,6.4e-05,24.55904829
5.333333e-06,0.000132012,2.933333e-06,6.83e-05,25.58130464
5.333333e-06,0.000132012,2.933333e-06,7.25e-05,26.60201723
5.333333e-06,0.000132012,2.933333e-06,7.68e-05,27.63415779
5.333333e-06,0.000132012,2.933333e-06,8.11e-05,28.68395403
5.333333e-06,0.000132012,2.933333e-06,8.53e-05,29.76985631
5.333333e-06,0.000132012,2.933333e-06,8.96e-05,30.89377921
5.333333e-06,0.000132012,3.2e-06,3.84e-05,17.92159853
5.333333e-06,0.000132012,3.2e-06,4.27e-05,19.19859183
5.333333e-06,0.000132012,3.2e-06,4.69e-05,20.39264481
5.333333e-06,0.000132012,3.2e-06,5.12e-05,21.52405285
5.333333e-06,0.000132012,3.2e-06,5.55e-05,22.60892357
5.333333e-06,0.000132012,3.2e-06,5.97e-05,23.66054333
5.333333e-06,0.000132012,3.2e-06,6.4e-05,24.69041899
5.333333e-06,0.000132012,3.2e-06,6.83e-05,25.70903986
5.333333e-06,0.000132012,3.2e-06,7.25e-05,26.72599375
5.333333e-06,0.000132012,3.2e-06,7.68e-05,27.74866251
5.333333e-06,0.000132012,3.2e-06,8.11e-05,28.79846799
5.333333e-06,0.000132012,3.2e-06,8.53e-05,29.87548791
5.333333e-06,0.000132012,3.2e-06,8.96e-05,30.99713923
5.333333e-06,0.000132012,3.2e-06,3.84e-05,17.18564531
5.333333e-06,0.000132012,3.2e-06,4.27e-05,18.47107463
5.333333e-06,0.000132012,3.2e-06,4.69e-05,19.67211003
5.333333e-06,0.000132012,3.2e-06,5.12e-05,20.81485137
5.333333e-06,0.000132012,3.2e-06,5.55e-05,21.91244073
5.333333e-06,0.000132012,3.2e-06,5.97e-05,22.97852009
5.333333e-06,0.000132012,3.2e-06,6.4e-05,24.02499064
5.333333e-06,0.000132012,3.2e-06,6.83e-05,25.06278614
5.333333e-06,0.000132012,3.2e-06,7.25e-05,26.10257451
5.333333e-06,0.000132012,3.2e-06,7.68e-05,27.15444299
5.333333e-06,0.000132012,3.2e-06,8.11e-05,28.22763776
5.333333e-06,0.000132012,3.2e-06,8.53e-05,29.34523243
5.333333e-06,0.000132012,3.2e-06,8.96e-05,30.51051789
5.333333e-06,0.000132012,3.466667e-06,3.84e-05,17.28938275
5.333333e-06,0.000132012,3.466667e-06,4.27e-05,18.57111043
5.333333e-06,0.000132012,3.466667e-06,4.69e-05,19.7738199
5.333333e-06,0.000132012,3.466667e-06,5.12e-05,20.91481938
5.333333e-06,0.000132012,3.466667e-06,5.55e-05,22.01049294
5.333333e-06,0.000132012,3.466667e-06,5.97e-05,23.07442183
5.333333e-06,0.000132012,3.466667e-06,6.4e-05,24.11844304
5.333333e-06,0.000132012,3.466667e-06,6.83e-05,25.15341914
5.333333e-06,0.000132012,3.466667e-06,7.25e-05,26.18991754
5.333333e-06,0.000132012,3.466667e-06,7.68e-05,27.23822722
5.333333e-06,0.000132012,3.466667e-06,8.11e-05,28.30902078
5.333333e-06,0.000132012,3.466667e-06,8.53e-05,29.41824024
5.333333e-06,0.000132012,3.466667e-06,8.96e-05,30.57747151
5.333333e-06,0.000132012,3.466667e-06,3.84e-05,8.855396182
5.333333e-06,0.000132012,3.466667e-06,4.27e-05,9.942360681
5.333333e-06,0.000132012,3.466667e-06,4.69e-05,10.92511279
5.333333e-06,0.000132012,3.466667e-06,5.12e-05,11.82301498
5.333333e-06,0.000132012,3.466667e-06,5.55e-05,12.65226024
5.333333e-06,0.000132012,3.466667e-06,5.97e-05,13.42299706
5.333333e-06,0.000132012,3.466667e-06,6.4e-05,14.14411745
5.333333e-06,0.000132012,3.466667e-06,6.83e-05,14.82267538
5.333333e-06,0.000132012,3.466667e-06,7.25e-05,15.4647418
5.333333e-06,0.000132012,3.466667e-06,7.68e-05,16.07462229
5.333333e-06,0.000132012,3.466667e-06,8.11e-05,16.65472446
5.333333e-06,0.000132012,3.466667e-06,8.53e-05,17.21067214
5.333333e-06,0.000132012,3.466667e-06,8.96e-05,17.74396407
5.333333e-06,0.000132012,3.733333e-06,3.84e-05,8.362213497
5.333333e-06,0.000132012,3.733333e-06,4.27e-05,9.449380878
5.333333e-06,0.000132012,3.733333e-06,4.69e-05,10.43249708
5.333333e-06,0.000132012,3.733333e-06,5.12e-05,11.33143678
5.333333e-06,0.000132012,3.733333e-06,5.55e-05,12.16038056
5.333333e-06,0.000132012,3.733333e-06,5.97e-05,12.93207552
5.333333e-06,0.000132012,3.733333e-06,6.4e-05,13.65409979
5.333333e-06,0.000132012,3.733333e-06,6.83e-05,14.33357242
5.333333e-06,0.000132012,3.733333e-06,7.25e-05,14.97621429
5.333333e-06,0.000132012,3.733333e-06,7.68e-05,15.5875882
5.333333e-06,0.000132012,3.733333e-06,8.11e-05,16.16882882
5.333333e-06,0.000132012,3.733333e-06,8.53e-05,16.72501317
5.333333e-06,0.000132012,3.733333e-06,8.96e-05,17.26061636
5.333333e-06,0.000132012,3.733333e-06,3.84e-05,8.151995244
5.333333e-06,0.000132012,3.733333e-06,4.27e-05,9.239283557
5.333333e-06,0.000132012,3.733333e-06,4.69e-05,10.222585
5.333333e-06,0.000132012,3.733333e-06,5.12e-05,11.1217655
5.333333e-06,0.000132012,3.733333e-06,5.55e-05,11.95066472
5.333333e-06,0.000132012,3.733333e-06,5.97e-05,12.72290898
5.333333e-06,0.000132012,3.733333e-06,6.4e-05,13.44538722
5.333333e-06,0.000132012,3.733333e-06,6.83e-05,14.12529413
5.333333e-06,0.000132012,3.733333e-06,7.25e-05,14.76838369
5.333333e-06,0.000132012,3.733333e-06,7.68e-05,15.37995821
5.333333e-06,0.000132012,3.733333e-06,8.11e-05,15.96172648
5.333333e-06,0.000132012,3.733333e-06,8.53e-05,16.5192986
5.333333e-06,0.000132012,3.733333e-06,8.96e-05,17.0549008
5.333333e-06,0.000132012,4.8e-06,3.84e-05,7.785506661
5.333333e-06,0.000132012,4.8e-06,4.27e-05,8.873065674
5.333333e-06,0.000132012,4.8e-06,4.69e-05,9.856737965
5.333333e-06,0.000132012,4.8e-06,5.12e-05,10.75638029
5.333333e-06,0.000132012,4.8e-06,5.55e-05,11.58671928
5.333333e-06,0.000132012,4.8e-06,5.97e-05,12.35828626
5.333333e-06,0.000132012,4.8e-06,6.4e-05,13.08172377
5.333333e-06,0.000132012,4.8e-06,6.83e-05,13.76248069
5.333333e-06,0.000132012,4.8e-06,7.25e-05,14.40640771
5.333333e-06,0.000132012,4.8e-06,7.68e-05,15.01822487
5.333333e-06,0.000132012,4.8e-06,8.11e-05,15.60255527
5.333333e-06,0.000132012,4.8e-06,8.53e-05,16.16038218
5.333333e-06,0.000132012,4.8e-06,8.96e-05,16.6967638
5.333333e-06,0.000132012,4.8e-06,3.84e-05,7.205755854
5.333333e-06,0.000132012,4.8e-06,4.27e-05,8.294022214
5.333333e-06,0.000132012,4.8e-06,4.69e-05,9.278450317
5.333333e-06,0.000132012,4.8e-06,5.12e-05,10.17894875
5.333333e-06,0.000132012,4.8e-06,5.55e-05,11.0102584
5.333333e-06,0.000132012,4.8e-06,5.97e-05,11.78360583
5.333333e-06,0.000132012,4.8e-06,6.4e-05,12.5068654
5.333333e-06,0.000132012,4.8e-06,6.83e-05,13.18939208
5.333333e-06,0.000132012,4.8e-06,7.25e-05,13.83486703
5.333333e-06,0.000132012,4.8e-06,7.68e-05,14.4482106
5.333333e-06,0.000132012,4.8e-06,8.11e-05,15.03274702
5.333333e-06,0.000132012,4.8e-06,8.53e-05,15.59399247
5.333333e-06,0.000132012,4.8e-06,8.96e-05,16.13159269
5.333333e-06,0.000132012,4.266667e-06,3.84e-05,7.335587791
5.333333e-06,0.000132012,4.266667e-06,4.27e-05,8.423644904
5.333333e-06,0.000132012,4.266667e-06,4.69e-05,9.407879027
5.333333e-06,0.000132012,4.266667e-06,5.12e-05,10.30816988
5.333333e-06,0.000132012,4.266667e-06,5.55e-05,11.13924978
5.333333e-06,0.000132012,4.266667e-06,5.97e-05,11.91234291
5.333333e-06,0.000132012,4.266667e-06,6.4e-05,12.63556376
5.333333e-06,0.000132012,4.266667e-06,6.83e-05,13.31762451
5.333333e-06,0.000132012,4.266667e-06,7.25e-05,13.96271933
5.333333e-06,0.000132012,4.266667e-06,7.68e-05,14.57570262
5.333333e-06,0.000132012,4.266667e-06,8.11e-05,15.16081363
5.333333e-06,0.000132012,4.266667e-06,8.53e-05,15.71984417
5.333333e-06,0.000132012,4.266667e-06,8.96e-05,16.25765128
5.333333e-06,0.000132012,4.266667e-06,3.84e-05,7.624084026
5.333333e-06,0.000132012,4.266667e-06,4.27e-05,8.711794764
5.333333e-06,0.000132012,4.266667e-06,4.69e-05,9.695652904
5.333333e-06,0.000132012,4.266667e-06,5.12e-05,10.59551665
5.333333e-06,0.000132012,4.266667e-06,5.55e-05,11.42611203
5.333333e-06,0.000132012,4.266667e-06,5.97e-05,12.19765409
5.333333e-06,0.000132012,4.266667e-06,6.4e-05,12.9216174
5.333333e-06,0.000132012,4.266667e-06,6.83e-05,13.60280064
5.333333e-06,0.000132012,4.266667e-06,7.25e-05,14.24712503
5.333333e-06,0.000132012,4.266667e-06,7.68e-05,14.85934764
5.333333e-06,0.000132012,4.266667e-06,8.11e-05,15.44406686
5.333333e-06,0.000132012,4.266667e-06,8.53e-05,16.00240054
5.333333e-06,0.000132012,4.266667e-06,8.96e-05,16.53924265
5.333333e-06,0.000132012,4.533333e-06,3.84e-05,7.084284913
5.333333e-06,0.000132012,4.533333e-06,4.27e-05,8.172580435
5.333333e-06,0.000132012,4.533333e-06,4.69e-05,9.15720911
5.333333e-06,0.000132012,4.533333e-06,5.12e-05,10.05791266
5.333333e-06,0.000132012,4.533333e-06,5.55e-05,10.88944487
5.333333e-06,0.000132012,4.533333e-06,5.97e-05,11.66303672
5.333333e-06,0.000132012,4.533333e-06,6.4e-05,12.38626264
5.333333e-06,0.000132012,4.533333e-06,6.83e-05,13.06928062
5.333333e-06,0.000132012,4.533333e-06,7.25e-05,13.71513681
5.333333e-06,0.000132012,4.533333e-06,7.68e-05,14.32883048
5.333333e-06,0.000132012,4.533333e-06,8.11e-05,14.9143561
5.333333e-06,0.000132012,4.533333e-06,8.53e-05,15.475554
5.333333e-06,0.000132012,4.533333e-06,8.96e-05,16.01344069
5.333333e-06,0.000132012,4.533333e-06,3.84e-05,6.970216029
5.333333e-06,0.000132012,4.533333e-06,4.27e-05,8.058440682
5.333333e-06,0.000132012,4.533333e-06,4.69e-05,9.043278478
5.333333e-06,0.000132012,4.533333e-06,5.12e-05,9.944186157
5.333333e-06,0.000132012,4.533333e-06,5.55e-05,10.77593463
5.333333e-06,0.000132012,4.533333e-06,5.97e-05,11.54976184
5.333333e-06,0.000132012,4.533333e-06,6.4e-05,12.27442337
5.333333e-06,0.000132012,4.533333e-06,6.83e-05,12.95641413
5.333333e-06,0.000132012,4.533333e-06,7.25e-05,13.60265629
5.333333e-06,0.000132012,4.533333e-06,7.68e-05,14.21669213
5.333333e-06,0.000132012,4.533333e-06,8.11e-05,14.80255717
5.333333e-06,0.000132012,4.533333e-06,8.53e-05,15.3641163
5.333333e-06,0.000132012,4.533333e-06,8.96e-05,15.90241404
5.333333e-06,0.000132012,4e-06,3.84e-05,36.29901415
5.333333e-06,0.000132012,4e-06,4.27e-05,40.91069294
5.333333e-06,0.000132012,4e-06,4.69e-05,45.87499778
5.333333e-06,0.000132012,4e-06,5.12e-05,49.61647251
5.333333e-06,0.000132012,4e-06,5.55e-05,52.08964597
5.333333e-06,0.000132012,4e-06,5.97e-05,53.67855709
5.333333e-06,0.000132012,4e-06,6.4e-05,54.67349236
5.333333e-06,0.000132012,4e-06,6.83e-05,55.28309701
5.333333e-06,0.000132012,4e-06,7.25e-05,55.65605576
5.333333e-06,0.000132012,4e-06,7.68e-05,55.8790386
5.333333e-06,0.000132012,4e-06,8.11e-05,56.0018468
5.333333e-06,0.000132012,4e-06,8.53e-05,56.05283876
5.333333e-06,0.000132012,4e-06,8.96e-05,56.04796809
5.333333e-06,0.000132012,4e-06,3.84e-05,36.19799579
5.333333e-06,0.000132012,4e-06,4.27e-05,40.89366547
5.333333e-06,0.000132012,4e-06,4.69e-05,45.89989863
5.333333e-06,0.000132012,4e-06,5.12e-05,49.62865778
5.333333e-06,0.000132012,4e-06,5.55e-05,52.0647962
5.333333e-06,0.000132012,4e-06,5.97e-05,53.62320178
5.333333e-06,0.000132012,4e-06,6.4e-05,54.59679854
5.333333e-06,0.000132012,4e-06,6.83e-05,55.19570764
5.333333e-06,0.000132012,4e-06,7.25e-05,55.56426121
5.333333e-06,0.000132012,4e-06,7.68e-05,55.7867192
5.333333e-06,0.000132012,4e-06,8.11e-05,55.91144896
5.333333e-06,0.000132012,4e-06,8.53e-05,55.96604304
5.333333e-06,0.000132012,4e-06,8.96e-05,55.96609278
5.333333e-06,0.000132012,5.6e-06,3.84e-05,36.03241642
5.333333e-06,0.000132012,5.6e-06,4.27e-05,40.87500709
5.333333e-06,0.000132012,5.6e-06,4.69e-05,45.96490592
5.333333e-06,0.000132012,5.6e-06,5.12e-05,49.64585203
5.333333e-06,0.000132012,5.6e-06,5.55e-05,52.01594918
5.333333e-06,0.000132012,5.6e-06,5.97e-05,53.52139834
5.333333e-06,0.000132012,5.6e-06,6.4e-05,54.45933702
5.333333e-06,0.000132012,5.6e-06,6.83e-05,55.04033451
5.333333e-06,0.000132012,5.6e-06,7.25e-05,55.40161312
5.333333e-06,0.000132012,5.6e-06,7.68e-05,55.62332749
5.333333e-06,0.000132012,5.6e-06,8.11e-05,55.75142598
5.333333e-06,0.000132012,5.6e-06,8.53e-05,55.81221016
5.333333e-06,0.000132012,5.6e-06,8.96e-05,55.82065677
5.333333e-06,0.000132012,5.6e-06,3.84e-05,35.96362468
5.333333e-06,0.000132012,5.6e-06,4.27e-05,40.87106472
5.333333e-06,0.000132012,5.6e-06,4.69e-05,45.99346236
5.333333e-06,0.000132012,5.6e-06,5.12e-05,49.65175582
5.333333e-06,0.000132012,5.6e-06,5.55e-05,51.99227904
5.333333e-06,0.000132012,5.6e-06,5.97e-05,53.47452734
5.333333e-06,0.000132012,5.6e-06,6.4e-05,54.39737094
5.333333e-06,0.000132012,5.6e-06,6.83e-05,54.97076099
5.333333e-06,0.000132012,5.6e-06,7.25e-05,55.32898517
5.333333e-06,0.000132012,5.6e-06,7.68e-05,55.55043056
5.333333e-06,0.000132012,5.6e-06,8.11e-05,55.68001208
5.333333e-06,0.000132012,5.6e-06,8.53e-05,55.74347986
5.333333e-06,0.000132012,5.6e-06,8.96e-05,55.75554631
5.333333e-06,0.000132012,5.066667e-06,3.84e-05,35.84680696
5.333333e-06,0.000132012,5.066667e-06,4.27e-05,40.87020808
5.333333e-06,0.000132012,5.066667e-06,4.69e-05,46.04444091
5.333333e-06,0.000132012,5.066667e-06,5.12e-05,49.65379002
5.333333e-06,0.000132012,5.066667e-06,5.55e-05,51.94679197
5.333333e-06,0.000132012,5.066667e-06,5.97e-05,53.38782193
5.333333e-06,0.000132012,5.066667e-06,6.4e-05,54.28460516
5.333333e-06,0.000132012,5.066667e-06,6.83e-05,54.84480996
5.333333e-06,0.000132012,5.066667e-06,7.25e-05,55.19778573
5.333333e-06,0.000132012,5.066667e-06,7.68e-05,55.41882533
5.333333e-06,0.000132012,5.066667e-06,8.11e-05,55.55104503
5.333333e-06,0.000132012,5.066667e-06,8.53e-05,55.61923461
5.333333e-06,0.000132012,5.066667e-06,8.96e-05,55.63764335
5.333333e-06,0.000132012,5.066667e-06,3.84e-05,35.79675191
5.333333e-06,0.000132012,5.066667e-06,4.27e-05,40.87230459
5.333333e-06,0.000132012,5.066667e-06,4.69e-05,46.06734071
5.333333e-06,0.000132012,5.066667e-06,5.12e-05,49.65739268
5.333333e-06,0.000132012,5.066667e-06,5.55e-05,51.92501612
5.333333e-06,0.000132012,5.066667e-06,5.97e-05,53.34761907
5.333333e-06,0.000132012,5.066667e-06,6.4e-05,54.23305744
5.333333e-06,0.000132012,5.066667e-06,6.83e-05,54.78749694
5.333333e-06,0.000132012,5.066667e-06,7.25e-05,55.1381948
5.333333e-06,0.000132012,5.066667e-06,7.68e-05,55.35907979
5.333333e-06,0.000132012,5.066667e-06,8.11e-05,55.49247878
5.333333e-06,0.000132012,5.066667e-06,8.53e-05,55.56275981
5.333333e-06,0.000132012,5.066667e-06,8.96e-05,55.58396758
5.333333e-06,0.000132012,5.333333e-06,3.84e-05,35.6363523
5.333333e-06,0.000132012,5.333333e-06,4.27e-05,40.89037853
5.333333e-06,0.000132012,5.333333e-06,4.69e-05,46.14541925
5.333333e-06,0.000132012,5.333333e-06,5.12e-05,49.66296221
5.333333e-06,0.000132012,5.333333e-06,5.55e-05,51.84421215
5.333333e-06,0.000132012,5.333333e-06,5.97e-05,53.20445008
5.333333e-06,0.000132012,5.333333e-06,6.4e-05,54.052522
5.333333e-06,0.000132012,5.333333e-06,6.83e-05,54.58793702
5.333333e-06,0.000132012,5.333333e-06,7.25e-05,54.93118744
5.333333e-06,0.000132012,5.333333e-06,7.68e-05,55.15165544
5.333333e-06,0.000132012,5.333333e-06,8.11e-05,55.28905186
5.333333e-06,0.000132012,5.333333e-06,8.53e-05,55.36634511
5.333333e-06,0.000132012,5.333333e-06,8.96e-05,55.39689509
5.333333e-06,0.000132012,5.333333e-06,3.84e-05,35.70964443
5.333333e-06,0.000132012,5.333333e-06,4.27e-05,40.87985065
5.333333e-06,0.000132012,5.333333e-06,4.69e-05,46.10882983
5.333333e-06,0.000132012,5.333333e-06,5.12e-05,49.66164693
5.333333e-06,0.000132012,5.333333e-06,5.55e-05,51.88338604
5.333333e-06,0.000132012,5.333333e-06,5.97e-05,53.27271121
5.333333e-06,0.000132012,5.333333e-06,6.4e-05,54.13813014
5.333333e-06,0.000132012,5.333333e-06,6.83e-05,54.68234907
5.333333e-06,0.000132012,5.333333e-06,7.25e-05,55.029033
5.333333e-06,0.000132012,5.333333e-06,7.68e-05,55.24967648
5.333333e-06,0.000132012,5.333333e-06,8.11e-05,55.38520302
5.333333e-06,0.000132012,5.333333e-06,8.53e-05,55.45923029
5.333333e-06,0.000132012,5.333333e-06,8.96e-05,55.48543698
