a,b,c,d,gain
1.12e-05,0.000132012,2.4e-06,3.84e-05,18.74271131
1.12e-05,0.000132012,2.4e-06,4.27e-05,20.02248574
1.12e-05,0.000132012,2.4e-06,4.69e-05,21.22020012
1.12e-05,0.000132012,2.4e-06,5.12e-05,22.35505266
1.12e-05,0.000132012,2.4e-06,5.55e-05,23.44379632
1.12e-05,0.000132012,2.4e-06,5.97e-05,24.50001271
1.12e-05,0.000132012,2.4e-06,6.4e-05,25.5331233
1.12e-05,0.000132012,2.4e-06,6.83e-05,26.55894874
1.12e-05,0.000132012,2.4e-06,7.25e-05,27.58264294
1.12e-05,0.000132012,2.4e-06,7.68e-05,28.6161588
1.12e-05,0.000132012,2.4e-06,8.11e-05,29.67052875
1.12e-05,0.000132012,2.4e-06,8.53e-05,30.75757341
1.12e-05,0.000132012,2.4e-06,8.96e-05,31.88821031
1.12e-05,0.000132012,2.666667e-06,3.84e-05,18.35747708
1.12e-05,0.000132012,2.666667e-06,4.27e-05,19.64060375
1.12e-05,0.000132012,2.666667e-06,4.69e-05,20.84370336
1.12e-05,0.000132012,2.666667e-06,5.12e-05,21.98427639
1.12e-05,0.000132012,2.666667e-06,5.55e-05,23.07941424
1.12e-05,0.000132012,2.666667e-06,5.97e-05,24.14302613
1.12e-05,0.000132012,2.666667e-06,6.4e-05,25.18445379
1.12e-05,0.000132012,2.666667e-06,6.83e-05,26.22096655
1.12e-05,0.000132012,2.666667e-06,7.25e-05,27.25660611
1.12e-05,0.000132012,2.666667e-06,7.68e-05,28.30407643
1.12e-05,0.000132012,2.666667e-06,8.11e-05,29.37498555
1.12e-05,0.000132012,2.666667e-06,8.53e-05,30.48239733
1.12e-05,0.000132012,2.666667e-06,8.96e-05,31.63618023
1.12e-05,0.000132012,2.933333e-06,3.84e-05,17.89325756
1.12e-05,0.000132012,2.933333e-06,4.27e-05,19.18265241
1.12e-05,0.000132012,2.933333e-06,4.69e-05,20.39080061
1.12e-05,0.000132012,2.933333e-06,5.12e-05,21.53854439
1.12e-05,0.000132012,2.933333e-06,5.55e-05,22.64205189
1.12e-05,0.000132012,2.933333e-06,5.97e-05,23.71521667
1.12e-05,0.000132012,2.933333e-06,6.4e-05,24.76744439
1.12e-05,0.000132012,2.933333e-06,6.83e-05,25.81745874
1.12e-05,0.000132012,2.933333e-06,7.25e-05,26.86823721
1.12e-05,0.000132012,2.933333e-06,7.68e-05,27.93320634
1.12e-05,0.000132012,2.933333e-06,8.11e-05,29.02482317
1.12e-05,0.000132012,2.933333e-06,8.53e-05,30.1573431
1.12e-05,0.000132012,2.933333e-06,8.96e-05,31.3531192
1.12e-05,0.000132012,3.2e-06,3.84e-05,17.31184735
1.12e-05,0.000132012,3.2e-06,4.27e-05,18.60858186
1.12e-05,0.000132012,3.2e-06,4.69e-05,19.82473032
1.12e-05,0.000132012,3.2e-06,5.12e-05,20.98191391
1.12e-05,0.000132012,3.2e-06,5.55e-05,22.0972222
1.12e-05,0.000132012,3.2e-06,5.97e-05,23.18335743
1.12e-05,0.000132012,3.2e-06,6.4e-05,24.2506797
1.12e-05,0.000132012,3.2e-06,6.83e-05,25.31831099
1.12e-05,0.000132012,3.2e-06,7.25e-05,26.38913
1.12e-05,0.000132012,3.2e-06,7.68e-05,27.47671858
1.12e-05,0.000132012,3.2e-06,8.11e-05,28.60364615
1.12e-05,0.000132012,3.2e-06,8.53e-05,29.77270419
1.12e-05,0.000132012,3.2e-06,8.96e-05,31.00534811
1.12e-05,0.000132012,3.466667e-06,3.84e-05,8.943596846
1.12e-05,0.000132012,3.466667e-06,4.27e-05,10.03212576
1.12e-05,0.000132012,3.466667e-06,4.69e-05,11.01661307
1.12e-05,0.000132012,3.466667e-06,5.12e-05,11.91692772
1.12e-05,0.000132012,3.466667e-06,5.55e-05,12.74778388
1.12e-05,0.000132012,3.466667e-06,5.97e-05,13.52043927
1.12e-05,0.000132012,3.466667e-06,6.4e-05,14.24386492
1.12e-05,0.000132012,3.466667e-06,6.83e-05,14.92478148
1.12e-05,0.000132012,3.466667e-06,7.25e-05,15.56892609
1.12e-05,0.000132012,3.466667e-06,7.68e-05,16.18094633
1.12e-05,0.000132012,3.466667e-06,8.11e-05,16.76468323
1.12e-05,0.000132012,3.466667e-06,8.53e-05,17.32337948
1.12e-05,0.000132012,3.466667e-06,8.96e-05,17.85979103
1.12e-05,0.000132012,3.733333e-06,3.84e-05,8.24665238
1.12e-05,0.000132012,3.733333e-06,4.27e-05,9.335406268
1.12e-05,0.000132012,3.733333e-06,4.69e-05,10.32068334
1.12e-05,0.000132012,3.733333e-06,5.12e-05,11.22183795
1.12e-05,0.000132012,3.733333e-06,5.55e-05,12.05300602
1.12e-05,0.000132012,3.733333e-06,5.97e-05,12.82753195
1.12e-05,0.000132012,3.733333e-06,6.4e-05,13.55225039
1.12e-05,0.000132012,3.733333e-06,6.83e-05,14.2345597
1.12e-05,0.000132012,3.733333e-06,7.25e-05,14.88020062
1.12e-05,0.000132012,3.733333e-06,7.68e-05,15.49390744
1.12e-05,0.000132012,3.733333e-06,8.11e-05,16.0794407
1.12e-05,0.000132012,3.733333e-06,8.53e-05,16.64004408
1.12e-05,0.000132012,3.733333e-06,8.96e-05,17.17847523
1.12e-05,0.000132012,4.8e-06,3.84e-05,7.311622943
1.12e-05,0.000132012,4.8e-06,4.27e-05,8.401371667
1.12e-05,0.000132012,4.8e-06,4.69e-05,9.387662885
1.12e-05,0.000132012,4.8e-06,5.12e-05,10.29028678
1.12e-05,0.000132012,4.8e-06,5.55e-05,11.12379177
1.12e-05,0.000132012,4.8e-06,5.97e-05,11.89961114
1.12e-05,0.000132012,4.8e-06,6.4e-05,12.62636371
1.12e-05,0.000132012,4.8e-06,6.83e-05,13.31074201
1.12e-05,0.000132012,4.8e-06,7.25e-05,13.95819267
1.12e-05,0.000132012,4.8e-06,7.68e-05,14.57469089
1.12e-05,0.000132012,4.8e-06,8.11e-05,15.16313335
1.12e-05,0.000132012,4.8e-06,8.53e-05,15.72677266
1.12e-05,0.000132012,4.8e-06,8.96e-05,16.26837692
1.12e-05,0.000132012,4.266667e-06,3.84e-05,7.724579238
1.12e-05,0.000132012,4.266667e-06,4.27e-05,8.813172662
1.12e-05,0.000132012,4.266667e-06,4.69e-05,9.79964269
1.12e-05,0.000132012,4.266667e-06,5.12e-05,10.70156282
1.12e-05,0.000132012,4.266667e-06,5.55e-05,11.53408295
1.12e-05,0.000132012,4.266667e-06,5.97e-05,12.30918753
1.12e-05,0.000132012,4.266667e-06,6.4e-05,13.03499586
1.12e-05,0.000132012,4.266667e-06,6.83e-05,13.71844305
1.12e-05,0.000132012,4.266667e-06,7.25e-05,14.36520941
1.12e-05,0.000132012,4.266667e-06,7.68e-05,14.98037725
1.12e-05,0.000132012,4.266667e-06,8.11e-05,15.56744539
1.12e-05,0.000132012,4.266667e-06,8.53e-05,16.12966144
1.12e-05,0.000132012,4.266667e-06,8.96e-05,16.66978686
1.12e-05,0.000132012,4.533333e-06,3.84e-05,7.078997588
1.12e-05,0.000132012,4.533333e-06,4.27e-05,8.169048853
1.12e-05,0.000132012,4.533333e-06,4.69e-05,9.15564979
1.12e-05,0.000132012,4.533333e-06,5.12e-05,10.05872846
1.12e-05,0.000132012,4.533333e-06,5.55e-05,10.89276366
1.12e-05,0.000132012,4.533333e-06,5.97e-05,11.66907413
1.12e-05,0.000132012,4.533333e-06,6.4e-05,12.39639411
1.12e-05,0.000132012,4.533333e-06,6.83e-05,13.08130231
1.12e-05,0.000132012,4.533333e-06,7.25e-05,13.72890157
1.12e-05,0.000132012,4.533333e-06,7.68e-05,14.34625581
1.12e-05,0.000132012,4.533333e-06,8.11e-05,14.93556465
1.12e-05,0.000132012,4.533333e-06,8.53e-05,15.50008522
1.12e-05,0.000132012,4.533333e-06,8.96e-05,16.04259404
1.12e-05,0.000132012,4e-06,3.84e-05,36.87881435
1.12e-05,0.000132012,4e-06,4.27e-05,41.8930602
1.12e-05,0.000132012,4e-06,4.69e-05,46.808501
1.12e-05,0.000132012,4e-06,5.12e-05,50.2190822
1.12e-05,0.000132012,4e-06,5.55e-05,52.41700525
1.12e-05,0.000132012,4e-06,5.97e-05,53.79708638
1.12e-05,0.000132012,4e-06,6.4e-05,54.64092815
1.12e-05,0.000132012,4e-06,6.83e-05,55.15480711
1.12e-05,0.000132012,4e-06,7.25e-05,55.46588177
1.12e-05,0.000132012,4e-06,7.68e-05,55.64730239
1.12e-05,0.000132012,4e-06,8.11e-05,55.74030208
1.12e-05,0.000132012,4e-06,8.53e-05,55.76800394
1.12e-05,0.000132012,4e-06,8.96e-05,55.74307626
1.12e-05,0.000132012,5.6e-06,3.84e-05,36.70432495
1.12e-05,0.000132012,5.6e-06,4.27e-05,41.94359765
1.12e-05,0.000132012,5.6e-06,4.69e-05,46.91292972
1.12e-05,0.000132012,5.6e-06,5.12e-05,50.23117151
1.12e-05,0.000132012,5.6e-06,5.55e-05,52.32880733
1.12e-05,0.000132012,5.6e-06,5.97e-05,53.6342512
1.12e-05,0.000132012,5.6e-06,6.4e-05,54.43462645
1.12e-05,0.000132012,5.6e-06,6.83e-05,54.92729103
1.12e-05,0.000132012,5.6e-06,7.25e-05,55.23097945
1.12e-05,0.000132012,5.6e-06,7.68e-05,55.41340831
1.12e-05,0.000132012,5.6e-06,8.11e-05,55.5127831
1.12e-05,0.000132012,5.6e-06,8.53e-05,55.55068482
1.12e-05,0.000132012,5.6e-06,8.96e-05,55.5391147
1.12e-05,0.000132012,5.066667e-06,3.84e-05,36.58617462
1.12e-05,0.000132012,5.066667e-06,4.27e-05,42.00357706
1.12e-05,0.000132012,5.066667e-06,4.69e-05,46.99589072
1.12e-05,0.000132012,5.066667e-06,5.12e-05,50.23232554
1.12e-05,0.000132012,5.066667e-06,5.55e-05,52.24958306
1.12e-05,0.000132012,5.066667e-06,5.97e-05,53.49785193
1.12e-05,0.000132012,5.066667e-06,6.4e-05,54.26555914
1.12e-05,0.000132012,5.066667e-06,6.83e-05,54.74248985
1.12e-05,0.000132012,5.066667e-06,7.25e-05,55.04082737
1.12e-05,0.000132012,5.066667e-06,7.68e-05,55.22418413
1.12e-05,0.000132012,5.066667e-06,8.11e-05,55.32849565
1.12e-05,0.000132012,5.066667e-06,8.53e-05,55.37418179
1.12e-05,0.000132012,5.066667e-06,8.96e-05,55.37273036
1.12e-05,0.000132012,5.333333e-06,3.84e-05,36.52569087
1.12e-05,0.000132012,5.333333e-06,4.27e-05,42.04403548
1.12e-05,0.000132012,5.333333e-06,4.69e-05,47.04206418
1.12e-05,0.000132012,5.333333e-06,5.12e-05,50.22951697
1.12e-05,0.000132012,5.333333e-06,5.55e-05,52.20136382
1.12e-05,0.000132012,5.333333e-06,5.97e-05,53.41821844
1.12e-05,0.000132012,5.333333e-06,6.4e-05,54.16819045
1.12e-05,0.000132012,5.333333e-06,6.83e-05,54.63664729
1.12e-05,0.000132012,5.333333e-06,7.25e-05,54.93214442
1.12e-05,0.000132012,5.333333e-06,7.68e-05,55.11606072
1.12e-05,0.000132012,5.333333e-06,8.11e-05,55.22310115
1.12e-05,0.000132012,5.333333e-06,8.53e-05,55.27305381
1.12e-05,0.000132012,5.333333e-06,8.96e-05,55.27712278
1.12e-05,0.0,5.333333e-06,3.84e-05,19.12875418
1.12e-05,0.0,5.333333e-06,4.27e-05,20.40463815
1.12e-05,0.0,5.333333e-06,4.69e-05,21.59589511
1.12e-05,0.0,5.333333e-06,5.12e-05,22.72365924
1.12e-05,0.0,5.333333e-06,5.55e-05,23.80413583
1.12e-05,0.0,5.333333e-06,5.97e-05,24.84993142
1.12e-05,0.0,5.333333e-06,6.4e-05,25.87377201
1.12e-05,0.0,5.333333e-06,6.83e-05,26.88459784
1.12e-05,0.0,5.333333e-06,7.25e-05,27.89262905
1.12e-05,0.0,5.333333e-06,7.68e-05,28.90770396
1.12e-05,0.0,5.333333e-06,8.11e-05,29.94021663
1.12e-05,0.0,5.333333e-06,8.53e-05,31.00009495
1.12e-05,0.0,5.333333e-06,8.96e-05,32.10389774
1.12e-05,0.0003889991,2.4e-06,3.84e-05,18.65347525
1.12e-05,0.0003889991,2.4e-06,4.27e-05,19.93290769
1.12e-05,0.0003889991,2.4e-06,4.69e-05,21.12956433
1.12e-05,0.0003889991,2.4e-06,5.12e-05,22.26370528
1.12e-05,0.0003889991,2.4e-06,5.55e-05,23.35156624
1.12e-05,0.0003889991,2.4e-06,5.97e-05,24.4058354
1.12e-05,0.0003889991,2.4e-06,6.4e-05,25.43992596
1.12e-05,0.0003889991,2.4e-06,6.83e-05,26.46251016
1.12e-05,0.0003889991,2.4e-06,7.25e-05,27.48422104
1.12e-05,0.0003889991,2.4e-06,7.68e-05,28.51535154
1.12e-05,0.0003889991,2.4e-06,8.11e-05,29.56697693
1.12e-05,0.0003889991,2.4e-06,8.53e-05,30.64912227
1.12e-05,0.0003889991,2.4e-06,8.96e-05,31.78021907
1.12e-05,0.0003889991,2.666667e-06,3.84e-05,18.26753876
1.12e-05,0.0003889991,2.666667e-06,4.27e-05,19.55081398
1.12e-05,0.0003889991,2.666667e-06,4.69e-05,20.751949
1.12e-05,0.0003889991,2.666667e-06,5.12e-05,21.89194088
1.12e-05,0.0003889991,2.666667e-06,5.55e-05,22.98619924
1.12e-05,0.0003889991,2.666667e-06,5.97e-05,24.04781074
1.12e-05,0.0003889991,2.666667e-06,6.4e-05,25.09069906
1.12e-05,0.0003889991,2.666667e-06,6.83e-05,26.12334128
1.12e-05,0.0003889991,2.666667e-06,7.25e-05,27.15663164
1.12e-05,0.0003889991,2.666667e-06,7.68e-05,28.20129617
1.12e-05,0.0003889991,2.666667e-06,8.11e-05,29.26902616
1.12e-05,0.0003889991,2.666667e-06,8.53e-05,30.3713072
1.12e-05,0.0003889991,2.666667e-06,8.96e-05,31.53316181
1.12e-05,0.0003889991,2.933333e-06,3.84e-05,17.80242725
1.12e-05,0.0003889991,2.933333e-06,4.27e-05,19.09032604
1.12e-05,0.0003889991,2.933333e-06,4.69e-05,20.29568577
1.12e-05,0.0003889991,2.933333e-06,5.12e-05,21.44346297
1.12e-05,0.0003889991,2.933333e-06,5.55e-05,22.54500957
1.12e-05,0.0003889991,2.933333e-06,5.97e-05,23.61873895
1.12e-05,0.0003889991,2.933333e-06,6.4e-05,24.67279067
1.12e-05,0.0003889991,2.933333e-06,6.83e-05,25.71816438
1.12e-05,0.0003889991,2.933333e-06,7.25e-05,26.76583148
1.12e-05,0.0003889991,2.933333e-06,7.68e-05,27.82715695
1.12e-05,0.0003889991,2.933333e-06,8.11e-05,28.91488791
1.12e-05,0.0003889991,2.933333e-06,8.53e-05,30.05316765
1.12e-05,0.0003889991,2.933333e-06,8.96e-05,31.23957776
1.12e-05,0.0003889991,3.2e-06,3.84e-05,17.21991859
1.12e-05,0.0003889991,3.2e-06,4.27e-05,18.5156926
1.12e-05,0.0003889991,3.2e-06,4.69e-05,19.7312926
1.12e-05,0.0003889991,3.2e-06,5.12e-05,20.88759195
1.12e-05,0.0003889991,3.2e-06,5.55e-05,22.00019309
1.12e-05,0.0003889991,3.2e-06,5.97e-05,23.085352
1.12e-05,0.0003889991,3.2e-06,6.4e-05,24.15422605
1.12e-05,0.0003889991,3.2e-06,6.83e-05,25.21639253
1.12e-05,0.0003889991,3.2e-06,7.25e-05,26.28211835
1.12e-05,0.0003889991,3.2e-06,7.68e-05,27.37552027
1.12e-05,0.0003889991,3.2e-06,8.11e-05,28.49491027
1.12e-05,0.0003889991,3.2e-06,8.53e-05,29.66017007
1.12e-05,0.0003889991,3.2e-06,8.96e-05,30.88815395
1.12e-05,0.0003889991,3.466667e-06,3.84e-05,8.852613497
1.12e-05,0.0003889991,3.466667e-06,4.27e-05,9.941276275
1.12e-05,0.0003889991,3.466667e-06,4.69e-05,10.92563661
1.12e-05,0.0003889991,3.466667e-06,5.12e-05,11.82568473
1.12e-05,0.0003889991,3.466667e-06,5.55e-05,12.65653628
1.12e-05,0.0003889991,3.466667e-06,5.97e-05,13.42830987
1.12e-05,0.0003889991,3.466667e-06,6.4e-05,14.15234143
1.12e-05,0.0003889991,3.466667e-06,6.83e-05,14.83310253
1.12e-05,0.0003889991,3.466667e-06,7.25e-05,15.47710102
1.12e-05,0.0003889991,3.466667e-06,7.68e-05,16.0889544
1.12e-05,0.0003889991,3.466667e-06,8.11e-05,16.67251761
1.12e-05,0.0003889991,3.466667e-06,8.53e-05,17.2310332
1.12e-05,0.0003889991,3.466667e-06,8.96e-05,17.76725693
1.12e-05,0.0003889991,3.733333e-06,3.84e-05,8.15475682
1.12e-05,0.0003889991,3.733333e-06,4.27e-05,9.243567312
1.12e-05,0.0003889991,3.733333e-06,4.69e-05,10.22857784
1.12e-05,0.0003889991,3.733333e-06,5.12e-05,11.12957368
1.12e-05,0.0003889991,3.733333e-06,5.55e-05,11.96132423
1.12e-05,0.0003889991,3.733333e-06,5.97e-05,12.7350831
1.12e-05,0.0003889991,3.733333e-06,6.4e-05,13.45955139
1.12e-05,0.0003889991,3.733333e-06,6.83e-05,14.14166172
1.12e-05,0.0003889991,3.733333e-06,7.25e-05,14.78721977
1.12e-05,0.0003889991,3.733333e-06,7.68e-05,15.400743
1.12e-05,0.0003889991,3.733333e-06,8.11e-05,15.98608626
1.12e-05,0.0003889991,3.733333e-06,8.53e-05,16.54649286
1.12e-05,0.0003889991,3.733333e-06,8.96e-05,17.08472007
1.12e-05,0.0003889991,4.8e-06,3.84e-05,7.218079074
1.12e-05,0.0003889991,4.8e-06,4.27e-05,8.307223505
1.12e-05,0.0003889991,4.8e-06,4.69e-05,9.293887457
1.12e-05,0.0003889991,4.8e-06,5.12e-05,10.19634979
1.12e-05,0.0003889991,4.8e-06,5.55e-05,11.02975682
1.12e-05,0.0003889991,4.8e-06,5.97e-05,11.80538756
1.12e-05,0.0003889991,4.8e-06,6.4e-05,12.53184354
1.12e-05,0.0003889991,4.8e-06,6.83e-05,13.2154938
1.12e-05,0.0003889991,4.8e-06,7.25e-05,13.86367142
1.12e-05,0.0003889991,4.8e-06,7.68e-05,14.47992736
1.12e-05,0.0003889991,4.8e-06,8.11e-05,15.06812431
1.12e-05,0.0003889991,4.8e-06,8.53e-05,15.63151633
1.12e-05,0.0003889991,4.8e-06,8.96e-05,16.17287033
1.12e-05,0.0003889991,4.266667e-06,3.84e-05,7.631782556
1.12e-05,0.0003889991,4.266667e-06,4.27e-05,8.720887969
1.12e-05,0.0003889991,4.266667e-06,4.69e-05,9.706621508
1.12e-05,0.0003889991,4.266667e-06,5.12e-05,10.60840003
1.12e-05,0.0003889991,4.266667e-06,5.55e-05,11.44102083
1.12e-05,0.0003889991,4.266667e-06,5.97e-05,12.21577735
1.12e-05,0.0003889991,4.266667e-06,6.4e-05,12.94131946
1.12e-05,0.0003889991,4.266667e-06,6.83e-05,13.62441863
1.12e-05,0.0003889991,4.266667e-06,7.25e-05,14.27134136
1.12e-05,0.0003889991,4.266667e-06,7.68e-05,14.88630128
1.12e-05,0.0003889991,4.266667e-06,8.11e-05,15.47315704
1.12e-05,0.0003889991,4.266667e-06,8.53e-05,16.03515557
1.12e-05,0.0003889991,4.266667e-06,8.96e-05,16.57505755
1.12e-05,0.0003889991,4.533333e-06,3.84e-05,6.985032366
1.12e-05,0.0003889991,4.533333e-06,4.27e-05,8.074922573
1.12e-05,0.0003889991,4.533333e-06,4.69e-05,9.061456645
1.12e-05,0.0003889991,4.533333e-06,5.12e-05,9.964334199
1.12e-05,0.0003889991,4.533333e-06,5.55e-05,10.79821753
1.12e-05,0.0003889991,4.533333e-06,5.97e-05,11.57437399
1.12e-05,0.0003889991,4.533333e-06,6.4e-05,12.30136913
1.12e-05,0.0003889991,4.533333e-06,6.83e-05,12.98655167
1.12e-05,0.0003889991,4.533333e-06,7.25e-05,13.63407498
1.12e-05,0.0003889991,4.533333e-06,7.68e-05,14.25115463
1.12e-05,0.0003889991,4.533333e-06,8.11e-05,14.84018592
1.12e-05,0.0003889991,4.533333e-06,8.53e-05,15.40443253
1.12e-05,0.0003889991,4.533333e-06,8.96e-05,15.94666735
1.12e-05,0.0003889991,4e-06,3.84e-05,36.75615087
1.12e-05,0.0003889991,4e-06,4.27e-05,41.75066422
1.12e-05,0.0003889991,4e-06,4.69e-05,46.67521522
1.12e-05,0.0003889991,4e-06,5.12e-05,50.10575915
1.12e-05,0.0003889991,4e-06,5.55e-05,52.31794803
1.12e-05,0.0003889991,4e-06,5.97e-05,53.70958217
1.12e-05,0.0003889991,4e-06,6.4e-05,54.56110142
1.12e-05,0.0003889991,4e-06,6.83e-05,55.08006875
1.12e-05,0.0003889991,4e-06,7.25e-05,55.39459526
1.12e-05,0.0003889991,4e-06,7.68e-05,55.57850711
1.12e-05,0.0003889991,4e-06,8.11e-05,55.67346443
1.12e-05,0.0003889991,4e-06,8.53e-05,55.70285775
1.12e-05,0.0003889991,4e-06,8.96e-05,55.6795322
1.12e-05,0.0003889991,5.6e-06,3.84e-05,36.57821694
1.12e-05,0.0003889991,5.6e-06,4.27e-05,41.79606355
1.12e-05,0.0003889991,5.6e-06,4.69e-05,46.77843613
1.12e-05,0.0003889991,5.6e-06,5.12e-05,50.11800441
1.12e-05,0.0003889991,5.6e-06,5.55e-05,52.23037381
1.12e-05,0.0003889991,5.6e-06,5.97e-05,53.54703706
1.12e-05,0.0003889991,5.6e-06,6.4e-05,54.3547998
1.12e-05,0.0003889991,5.6e-06,6.83e-05,54.85232854
1.12e-05,0.0003889991,5.6e-06,7.25e-05,55.15931712
1.12e-05,0.0003889991,5.6e-06,7.68e-05,55.34413303
1.12e-05,0.0003889991,5.6e-06,8.11e-05,55.44538566
1.12e-05,0.0003889991,5.6e-06,8.53e-05,55.48490706
1.12e-05,0.0003889991,5.6e-06,8.96e-05,55.47486355
1.12e-05,0.0003889991,5.066667e-06,3.84e-05,36.45905456
1.12e-05,0.0003889991,5.066667e-06,4.27e-05,41.85246828
1.12e-05,0.0003889991,5.066667e-06,4.69e-05,46.86051955
1.12e-05,0.0003889991,5.066667e-06,5.12e-05,50.11932299
1.12e-05,0.0003889991,5.066667e-06,5.55e-05,52.15159652
1.12e-05,0.0003889991,5.066667e-06,5.97e-05,53.41082583
1.12e-05,0.0003889991,5.066667e-06,6.4e-05,54.18569396
1.12e-05,0.0003889991,5.066667e-06,6.83e-05,54.66731906
1.12e-05,0.0003889991,5.066667e-06,7.25e-05,54.96884328
1.12e-05,0.0003889991,5.066667e-06,7.68e-05,55.15450959
1.12e-05,0.0003889991,5.066667e-06,8.11e-05,55.26063985
1.12e-05,0.0003889991,5.066667e-06,8.53e-05,55.30789276
1.12e-05,0.0003889991,5.066667e-06,8.96e-05,55.30791253
1.12e-05,0.0003889991,5.333333e-06,3.84e-05,36.39947016
1.12e-05,0.0003889991,5.333333e-06,4.27e-05,41.89140754
1.12e-05,0.0003889991,5.333333e-06,4.69e-05,46.90623189
1.12e-05,0.0003889991,5.333333e-06,5.12e-05,50.11662262
1.12e-05,0.0003889991,5.333333e-06,5.55e-05,52.10361212
1.12e-05,0.0003889991,5.333333e-06,5.97e-05,53.33128252
1.12e-05,0.0003889991,5.333333e-06,6.4e-05,54.08828892
1.12e-05,0.0003889991,5.333333e-06,6.83e-05,54.56134718
1.12e-05,0.0003889991,5.333333e-06,7.25e-05,54.85996935
1.12e-05,0.0003889991,5.333333e-06,7.68e-05,55.04615322
1.12e-05,0.0003889991,5.333333e-06,8.11e-05,55.15498046
1.12e-05,0.0003889991,5.333333e-06,8.53e-05,55.20647141
1.12e-05,0.0003889991,5.333333e-06,8.96e-05,55.21198191
1.12e-05,4.48e-05,5.333333e-06,3.84e-05,19.17384111
1.12e-05,4.48e-05,5.333333e-06,4.27e-05,20.45067537
1.12e-05,4.48e-05,5.333333e-06,4.69e-05,21.64227284
1.12e-05,4.48e-05,5.333333e-06,5.12e-05,22.77052671
1.12e-05,4.48e-05,5.333333e-06,5.55e-05,23.84968759
1.12e-05,4.48e-05,5.333333e-06,5.97e-05,24.89812126
1.12e-05,4.48e-05,5.333333e-06,6.4e-05,25.91945868
1.12e-05,4.48e-05,5.333333e-06,6.83e-05,26.93380747
1.12e-05,4.48e-05,5.333333e-06,7.25e-05,27.94272691
1.12e-05,4.48e-05,5.333333e-06,7.68e-05,28.95885661
1.12e-05,4.48e-05,5.333333e-06,8.11e-05,29.99260063
1.12e-05,4.48e-05,5.333333e-06,8.53e-05,31.0541777
1.12e-05,4.48e-05,5.333333e-06,8.96e-05,32.158415
1.12e-05,4.48e-05,2.4e-06,3.84e-05,18.92397846
1.12e-05,4.48e-05,2.4e-06,4.27e-05,20.20152828
1.12e-05,4.48e-05,2.4e-06,4.69e-05,21.39577913
1.12e-05,4.48e-05,2.4e-06,5.12e-05,22.52752483
1.12e-05,4.48e-05,2.4e-06,5.55e-05,23.61082145
1.12e-05,4.48e-05,2.4e-06,5.97e-05,24.66347308
1.12e-05,4.48e-05,2.4e-06,6.4e-05,25.68930535
1.12e-05,4.48e-05,2.4e-06,6.83e-05,26.71060382
1.12e-05,4.48e-05,2.4e-06,7.25e-05,27.72673756
1.12e-05,4.48e-05,2.4e-06,7.68e-05,28.75134888
1.12e-05,4.48e-05,2.4e-06,8.11e-05,29.79516996
1.12e-05,4.48e-05,2.4e-06,8.53e-05,30.8688014
1.12e-05,4.48e-05,2.4e-06,8.96e-05,31.98657731
1.12e-05,4.48e-05,2.666667e-06,3.84e-05,18.31406557
1.12e-05,4.48e-05,2.666667e-06,4.27e-05,19.59739224
1.12e-05,4.48e-05,2.666667e-06,4.69e-05,20.79664748
1.12e-05,4.48e-05,2.666667e-06,5.12e-05,21.93908808
1.12e-05,4.48e-05,2.666667e-06,5.55e-05,23.03368008
1.12e-05,4.48e-05,2.666667e-06,5.97e-05,24.09728172
1.12e-05,4.48e-05,2.666667e-06,6.4e-05,25.14028436
1.12e-05,4.48e-05,2.666667e-06,6.83e-05,26.17386534
1.12e-05,4.48e-05,2.666667e-06,7.25e-05,27.20840883
1.12e-05,4.48e-05,2.666667e-06,7.68e-05,28.2545272
1.12e-05,4.48e-05,2.666667e-06,8.11e-05,29.32390781
1.12e-05,4.48e-05,2.666667e-06,8.53e-05,30.42931261
1.12e-05,4.48e-05,2.666667e-06,8.96e-05,31.59049025
1.12e-05,4.48e-05,2.933333e-06,3.84e-05,17.84942096
1.12e-05,4.48e-05,2.933333e-06,4.27e-05,19.13675574
1.12e-05,4.48e-05,2.933333e-06,4.69e-05,20.34622163
1.12e-05,4.48e-05,2.933333e-06,5.12e-05,21.49343938
1.12e-05,4.48e-05,2.933333e-06,5.55e-05,22.59611475
1.12e-05,4.48e-05,2.933333e-06,5.97e-05,23.66890897
1.12e-05,4.48e-05,2.933333e-06,6.4e-05,24.72306042
1.12e-05,4.48e-05,2.933333e-06,6.83e-05,25.76960725
1.12e-05,4.48e-05,2.933333e-06,7.25e-05,26.81896357
1.12e-05,4.48e-05,2.933333e-06,7.68e-05,27.8821991
1.12e-05,4.48e-05,2.933333e-06,8.11e-05,28.97193583
1.12e-05,4.48e-05,2.933333e-06,8.53e-05,30.10243105
1.12e-05,4.48e-05,2.933333e-06,8.96e-05,31.29825695
1.12e-05,4.48e-05,3.2e-06,3.84e-05,17.26749906
1.12e-05,4.48e-05,3.2e-06,4.27e-05,18.56375101
1.12e-05,4.48e-05,3.2e-06,4.69e-05,19.7797299
1.12e-05,4.48e-05,3.2e-06,5.12e-05,20.93669968
1.12e-05,4.48e-05,3.2e-06,5.55e-05,22.05079951
1.12e-05,4.48e-05,3.2e-06,5.97e-05,23.13629721
1.12e-05,4.48e-05,3.2e-06,6.4e-05,24.20544587
1.12e-05,4.48e-05,3.2e-06,6.83e-05,25.26935014
1.12e-05,4.48e-05,3.2e-06,7.25e-05,26.33792239
1.12e-05,4.48e-05,3.2e-06,7.68e-05,27.42281039
1.12e-05,4.48e-05,3.2e-06,8.11e-05,28.55112321
1.12e-05,4.48e-05,3.2e-06,8.53e-05,29.71833705
1.12e-05,4.48e-05,3.2e-06,8.96e-05,30.94872442
1.12e-05,4.48e-05,3.466667e-06,3.84e-05,8.899377854
1.12e-05,4.48e-05,3.466667e-06,4.27e-05,9.988284703
1.12e-05,4.48e-05,3.466667e-06,4.69e-05,10.97270604
1.12e-05,4.48e-05,3.466667e-06,5.12e-05,11.87294235
1.12e-05,4.48e-05,3.466667e-06,5.55e-05,12.70374892
1.12e-05,4.48e-05,3.466667e-06,5.97e-05,13.4761338
1.12e-05,4.48e-05,3.466667e-06,6.4e-05,14.19969393
1.12e-05,4.48e-05,3.466667e-06,6.83e-05,14.88052765
1.12e-05,4.48e-05,3.466667e-06,7.25e-05,15.52460817
1.12e-05,4.48e-05,3.466667e-06,7.68e-05,16.13654748
1.12e-05,4.48e-05,3.466667e-06,8.11e-05,16.72020013
1.12e-05,4.48e-05,3.466667e-06,8.53e-05,17.27880875
1.12e-05,4.48e-05,3.466667e-06,8.96e-05,17.81512921
1.12e-05,4.48e-05,3.733333e-06,3.84e-05,8.20230653
1.12e-05,4.48e-05,3.733333e-06,4.27e-05,9.291113534
1.12e-05,4.48e-05,3.733333e-06,4.69e-05,10.27623522
1.12e-05,4.48e-05,3.733333e-06,5.12e-05,11.17732601
1.12e-05,4.48e-05,3.733333e-06,5.55e-05,12.00912951
1.12e-05,4.48e-05,3.733333e-06,5.97e-05,12.7825983
1.12e-05,4.48e-05,3.733333e-06,6.4e-05,13.50751962
1.12e-05,4.48e-05,3.733333e-06,6.83e-05,14.18969818
1.12e-05,4.48e-05,3.733333e-06,7.25e-05,14.83532927
1.12e-05,4.48e-05,3.733333e-06,7.68e-05,15.44894698
1.12e-05,4.48e-05,3.733333e-06,8.11e-05,16.03438801
1.12e-05,4.48e-05,3.733333e-06,8.53e-05,16.59489587
1.12e-05,4.48e-05,3.733333e-06,8.96e-05,17.13322803
1.12e-05,4.48e-05,4.8e-06,3.84e-05,7.266489136
1.12e-05,4.48e-05,4.8e-06,4.27e-05,8.356171351
1.12e-05,4.48e-05,4.8e-06,4.69e-05,9.342421933
1.12e-05,4.48e-05,4.8e-06,5.12e-05,10.24496001
1.12e-05,4.48e-05,4.8e-06,5.55e-05,11.07776131
1.12e-05,4.48e-05,4.8e-06,5.97e-05,11.85389194
1.12e-05,4.48e-05,4.8e-06,6.4e-05,12.58078441
1.12e-05,4.48e-05,4.8e-06,6.83e-05,13.26471725
1.12e-05,4.48e-05,4.8e-06,7.25e-05,13.91258884
1.12e-05,4.48e-05,4.8e-06,7.68e-05,14.52896959
1.12e-05,4.48e-05,4.8e-06,8.11e-05,15.11729258
1.12e-05,4.48e-05,4.8e-06,8.53e-05,15.68081149
1.12e-05,4.48e-05,4.8e-06,8.96e-05,16.22229388
1.12e-05,4.48e-05,4.266667e-06,3.84e-05,7.679801949
1.12e-05,4.48e-05,4.266667e-06,4.27e-05,8.768734365
1.12e-05,4.48e-05,4.266667e-06,4.69e-05,9.754756702
1.12e-05,4.48e-05,4.266667e-06,5.12e-05,10.65660924
1.12e-05,4.48e-05,4.266667e-06,5.55e-05,11.48930799
1.12e-05,4.48e-05,4.266667e-06,5.97e-05,12.26379873
1.12e-05,4.48e-05,4.266667e-06,6.4e-05,12.98980573
1.12e-05,4.48e-05,4.266667e-06,6.83e-05,13.67300835
1.12e-05,4.48e-05,4.266667e-06,7.25e-05,14.31991481
1.12e-05,4.48e-05,4.266667e-06,7.68e-05,14.93498162
1.12e-05,4.48e-05,4.266667e-06,8.11e-05,15.52194654
1.12e-05,4.48e-05,4.266667e-06,8.53e-05,16.08405685
1.12e-05,4.48e-05,4.266667e-06,8.96e-05,16.62407367
1.12e-05,4.48e-05,4.533333e-06,3.84e-05,7.033664506
1.12e-05,4.48e-05,4.533333e-06,4.27e-05,8.12363308
1.12e-05,4.48e-05,4.533333e-06,4.69e-05,9.11022004
1.12e-05,4.48e-05,4.533333e-06,5.12e-05,10.01318222
1.12e-05,4.48e-05,4.533333e-06,5.55e-05,10.8467653
1.12e-05,4.48e-05,4.533333e-06,5.97e-05,11.62317655
1.12e-05,4.48e-05,4.533333e-06,6.4e-05,12.35058566
1.12e-05,4.48e-05,4.533333e-06,6.83e-05,13.03485887
1.12e-05,4.48e-05,4.533333e-06,7.25e-05,13.68315552
1.12e-05,4.48e-05,4.533333e-06,7.68e-05,14.30037675
1.12e-05,4.48e-05,4.533333e-06,8.11e-05,14.88955049
1.12e-05,4.48e-05,4.533333e-06,8.53e-05,15.45393755
1.12e-05,4.48e-05,4.533333e-06,8.96e-05,15.99631276
1.12e-05,4.48e-05,4e-06,3.84e-05,36.81957919
1.12e-05,4.48e-05,4e-06,4.27e-05,41.82420786
1.12e-05,4.48e-05,4e-06,4.69e-05,46.7441391
1.12e-05,4.48e-05,4e-06,5.12e-05,50.1643472
1.12e-05,4.48e-05,4e-06,5.55e-05,52.36918856
1.12e-05,4.48e-05,4e-06,5.97e-05,53.7548502
1.12e-05,4.48e-05,4e-06,6.4e-05,54.60240575
1.12e-05,4.48e-05,4e-06,6.83e-05,55.11874582
1.12e-05,4.48e-05,4e-06,7.25e-05,55.4314903
1.12e-05,4.48e-05,4e-06,7.68e-05,55.61411651
1.12e-05,4.48e-05,4e-06,8.11e-05,55.70806411
1.12e-05,4.48e-05,4e-06,8.53e-05,55.73658555
1.12e-05,4.48e-05,4e-06,8.96e-05,55.71243469
1.12e-05,4.48e-05,5.6e-06,3.84e-05,36.64358198
1.12e-05,4.48e-05,5.6e-06,4.27e-05,41.87233312
1.12e-05,4.48e-05,5.6e-06,4.69e-05,46.84797537
1.12e-05,4.48e-05,5.6e-06,5.12e-05,50.17651895
1.12e-05,4.48e-05,5.6e-06,5.55e-05,52.28129613
1.12e-05,4.48e-05,5.6e-06,5.97e-05,53.59216062
1.12e-05,4.48e-05,5.6e-06,6.4e-05,54.3961091
1.12e-05,4.48e-05,5.6e-06,6.83e-05,54.89112626
1.12e-05,4.48e-05,5.6e-06,7.25e-05,55.1964111
1.12e-05,4.48e-05,5.6e-06,7.68e-05,55.37999513
1.12e-05,4.48e-05,5.6e-06,8.11e-05,55.4802792
1.12e-05,4.48e-05,5.6e-06,8.53e-05,55.51896572
1.12e-05,4.48e-05,5.6e-06,8.96e-05,55.5081358
1.12e-05,4.48e-05,5.066667e-06,3.84e-05,36.52526847
1.12e-05,4.48e-05,5.066667e-06,4.27e-05,41.9307407
1.12e-05,4.48e-05,5.066667e-06,4.69e-05,46.93050963
1.12e-05,4.48e-05,5.066667e-06,5.12e-05,50.17775853
1.12e-05,4.48e-05,5.066667e-06,5.55e-05,52.20229144
1.12e-05,4.48e-05,5.066667e-06,5.97e-05,53.45585666
1.12e-05,4.48e-05,5.066667e-06,6.4e-05,54.22702729
1.12e-05,4.48e-05,5.066667e-06,6.83e-05,54.70622838
1.12e-05,4.48e-05,5.066667e-06,7.25e-05,55.00610741
1.12e-05,4.48e-05,5.066667e-06,7.68e-05,55.19058184
1.12e-05,4.48e-05,5.066667e-06,8.11e-05,55.29577402
1.12e-05,4.48e-05,5.066667e-06,8.53e-05,55.34221931
1.12e-05,4.48e-05,5.066667e-06,8.96e-05,55.34148121
1.013333e-05,0.000132012,5.333333e-06,3.84e-05,18.52647948
1.013333e-05,0.000132012,5.333333e-06,4.27e-05,19.78830527
1.013333e-05,0.000132012,5.333333e-06,4.69e-05,20.96465596
1.013333e-05,0.000132012,5.333333e-06,5.12e-05,22.07569325
1.013333e-05,0.000132012,5.333333e-06,5.55e-05,23.13711912
1.013333e-05,0.000132012,5.333333e-06,5.97e-05,24.16171423
1.013333e-05,0.000132012,5.333333e-06,6.4e-05,25.1591522
1.013333e-05,0.000132012,5.333333e-06,6.83e-05,26.14270124
1.013333e-05,0.000132012,5.333333e-06,7.25e-05,27.117705
1.013333e-05,0.000132012,5.333333e-06,7.68e-05,28.0933111
1.013333e-05,0.000132012,5.333333e-06,8.11e-05,29.08185705
1.013333e-05,0.000132012,5.333333e-06,8.53e-05,30.08995903
1.013333e-05,0.000132012,5.333333e-06,8.96e-05,31.12838898
1.013333e-05,0.000132012,2.4e-06,3.84e-05,18.26758095
1.013333e-05,0.000132012,2.4e-06,4.27e-05,19.53147718
1.013333e-05,0.000132012,2.4e-06,4.69e-05,20.71028263
1.013333e-05,0.000132012,2.4e-06,5.12e-05,21.8241973
1.013333e-05,0.000132012,2.4e-06,5.55e-05,22.88897672
1.013333e-05,0.000132012,2.4e-06,5.97e-05,23.91747027
1.013333e-05,0.000132012,2.4e-06,6.4e-05,24.91787946
1.013333e-05,0.000132012,2.4e-06,6.83e-05,25.90813443
1.013333e-05,0.000132012,2.4e-06,7.25e-05,26.88783202
1.013333e-05,0.000132012,2.4e-06,7.68e-05,27.87352049
1.013333e-05,0.000132012,2.4e-06,8.11e-05,28.86954909
1.013333e-05,0.000132012,2.4e-06,8.53e-05,29.88107172
1.013333e-05,0.000132012,2.4e-06,8.96e-05,30.93813512
1.013333e-05,0.000132012,2.666667e-06,3.84e-05,17.63781603
1.013333e-05,0.000132012,2.666667e-06,4.27e-05,18.90723159
1.013333e-05,0.000132012,2.666667e-06,4.69e-05,20.09247314
1.013333e-05,0.000132012,2.666667e-06,5.12e-05,21.21385807
1.013333e-05,0.000132012,2.666667e-06,5.55e-05,22.28728862
1.013333e-05,0.000132012,2.666667e-06,5.97e-05,23.3258001
1.013333e-05,0.000132012,2.666667e-06,6.4e-05,24.34058551
1.013333e-05,0.000132012,2.666667e-06,6.83e-05,25.33942728
1.013333e-05,0.000132012,2.666667e-06,7.25e-05,26.33873379
1.013333e-05,0.000132012,2.666667e-06,7.68e-05,27.34099665
1.013333e-05,0.000132012,2.666667e-06,8.11e-05,28.35674631
1.013333e-05,0.000132012,2.666667e-06,8.53e-05,29.40188309
1.013333e-05,0.000132012,2.666667e-06,8.96e-05,30.48403626
1.013333e-05,0.000132012,2.933333e-06,3.84e-05,17.1564641
1.013333e-05,0.000132012,2.933333e-06,4.27e-05,18.43015718
1.013333e-05,0.000132012,2.933333e-06,4.69e-05,19.62088892
1.013333e-05,0.000132012,2.933333e-06,5.12e-05,20.7485192
1.013333e-05,0.000132012,2.933333e-06,5.55e-05,21.82909658
1.013333e-05,0.000132012,2.933333e-06,5.97e-05,22.87582191
1.013333e-05,0.000132012,2.933333e-06,6.4e-05,23.90008721
1.013333e-05,0.000132012,2.933333e-06,6.83e-05,24.91223217
1.013333e-05,0.000132012,2.933333e-06,7.25e-05,25.92111916
1.013333e-05,0.000132012,2.933333e-06,7.68e-05,26.93947324
1.013333e-05,0.000132012,2.933333e-06,8.11e-05,27.97426305
1.013333e-05,0.000132012,2.933333e-06,8.53e-05,29.03923527
1.013333e-05,0.000132012,2.933333e-06,8.96e-05,30.13994196
1.013333e-05,0.000132012,3.2e-06,3.84e-05,16.55232153
1.013333e-05,0.000132012,3.2e-06,4.27e-05,17.83281438
1.013333e-05,0.000132012,3.2e-06,4.69e-05,19.0283789
1.013333e-05,0.000132012,3.2e-06,5.12e-05,20.16484892
1.013333e-05,0.000132012,3.2e-06,5.55e-05,21.25528509
1.013333e-05,0.000132012,3.2e-06,5.97e-05,22.31316725
1.013333e-05,0.000132012,3.2e-06,6.4e-05,23.35018931
1.013333e-05,0.000132012,3.2e-06,6.83e-05,24.37702085
1.013333e-05,0.000132012,3.2e-06,7.25e-05,25.40398426
1.013333e-05,0.000132012,3.2e-06,7.68e-05,26.44069717
1.013333e-05,0.000132012,3.2e-06,8.11e-05,27.49544596
1.013333e-05,0.000132012,3.2e-06,8.53e-05,28.59207586
1.013333e-05,0.000132012,3.2e-06,8.96e-05,29.73131371
1.013333e-05,0.000132012,3.466667e-06,3.84e-05,8.250042393
1.013333e-05,0.000132012,3.466667e-06,4.27e-05,9.336379922
1.013333e-05,0.000132012,3.466667e-06,4.69e-05,10.31842717
1.013333e-05,0.000132012,3.466667e-06,5.12e-05,11.2155658
1.013333e-05,0.000132012,3.466667e-06,5.55e-05,12.04397949
1.013333e-05,0.000132012,3.466667e-06,5.97e-05,12.81383365
1.013333e-05,0.000132012,3.466667e-06,6.4e-05,13.53402442
1.013333e-05,0.000132012,3.466667e-06,6.83e-05,14.21160669
1.013333e-05,0.000132012,3.466667e-06,7.25e-05,14.85264644
1.013333e-05,0.000132012,3.466667e-06,7.68e-05,15.46147702
1.013333e-05,0.000132012,3.466667e-06,8.11e-05,16.04046136
1.013333e-05,0.000132012,3.466667e-06,8.53e-05,16.59525226
1.013333e-05,0.000132012,3.466667e-06,8.96e-05,17.1273482
1.013333e-05,0.000132012,3.733333e-06,3.84e-05,7.53383254
1.013333e-05,0.000132012,3.733333e-06,4.27e-05,8.620459173
1.013333e-05,0.000132012,3.733333e-06,4.69e-05,9.603017773
1.013333e-05,0.000132012,3.733333e-06,5.12e-05,10.5013867
1.013333e-05,0.000132012,3.733333e-06,5.55e-05,11.32942513
1.013333e-05,0.000132012,3.733333e-06,5.97e-05,12.1007357
1.013333e-05,0.000132012,3.733333e-06,6.4e-05,12.82223131
1.013333e-05,0.000132012,3.733333e-06,6.83e-05,13.50110838
1.013333e-05,0.000132012,3.733333e-06,7.25e-05,14.14312052
1.013333e-05,0.000132012,3.733333e-06,7.68e-05,14.75356508
1.013333e-05,0.000132012,3.733333e-06,8.11e-05,15.33420505
1.013333e-05,0.000132012,3.733333e-06,8.53e-05,15.8905243
1.013333e-05,0.000132012,3.733333e-06,8.96e-05,16.42484702
1.013333e-05,0.000132012,4.8e-06,3.84e-05,6.569219833
1.013333e-05,0.000132012,4.8e-06,4.27e-05,7.656766375
1.013333e-05,0.000132012,4.8e-06,4.69e-05,8.64038776
1.013333e-05,0.000132012,4.8e-06,5.12e-05,9.54000607
1.013333e-05,0.000132012,4.8e-06,5.55e-05,10.3703703
1.013333e-05,0.000132012,4.8e-06,5.97e-05,11.14271232
1.013333e-05,0.000132012,4.8e-06,6.4e-05,11.86492303
1.013333e-05,0.000132012,4.8e-06,6.83e-05,12.54632491
1.013333e-05,0.000132012,4.8e-06,7.25e-05,13.19062657
1.013333e-05,0.000132012,4.8e-06,7.68e-05,13.80274592
1.013333e-05,0.000132012,4.8e-06,8.11e-05,14.38597037
1.013333e-05,0.000132012,4.8e-06,8.53e-05,14.94594249
1.013333e-05,0.000132012,4.8e-06,8.96e-05,15.48214208
1.013333e-05,0.000132012,4.266667e-06,3.84e-05,6.995844707
1.013333e-05,0.000132012,4.266667e-06,4.27e-05,8.082862911
1.013333e-05,0.000132012,4.266667e-06,4.69e-05,9.065944521
1.013333e-05,0.000132012,4.266667e-06,5.12e-05,9.964960436
1.013333e-05,0.000132012,4.266667e-06,5.55e-05,10.79464483
1.013333e-05,0.000132012,4.266667e-06,5.97e-05,11.56523182
1.013333e-05,0.000132012,4.266667e-06,6.4e-05,12.28816394
1.013333e-05,0.000132012,4.266667e-06,6.83e-05,12.96826799
1.013333e-05,0.000132012,4.266667e-06,7.25e-05,13.61146469
1.013333e-05,0.000132012,4.266667e-06,7.68e-05,14.22250981
1.013333e-05,0.000132012,4.266667e-06,8.11e-05,14.80600492
1.013333e-05,0.000132012,4.266667e-06,8.53e-05,15.36305506
1.013333e-05,0.000132012,4.266667e-06,8.96e-05,15.89856443
1.013333e-05,0.000132012,4.533333e-06,3.84e-05,6.328880883
1.013333e-05,0.000132012,4.533333e-06,4.27e-05,7.416354645
1.013333e-05,0.000132012,4.533333e-06,4.69e-05,8.400367043
1.013333e-05,0.000132012,4.533333e-06,5.12e-05,9.300374853
1.013333e-05,0.000132012,4.533333e-06,5.55e-05,10.13115694
1.013333e-05,0.000132012,4.533333e-06,5.97e-05,10.90395651
1.013333e-05,0.000132012,4.533333e-06,6.4e-05,11.62753251
1.013333e-05,0.000132012,4.533333e-06,6.83e-05,12.30838995
1.013333e-05,0.000132012,4.533333e-06,7.25e-05,12.95343042
1.013333e-05,0.000132012,4.533333e-06,7.68e-05,13.56621331
1.013333e-05,0.000132012,4.533333e-06,8.11e-05,14.15077187
1.013333e-05,0.000132012,4.533333e-06,8.53e-05,14.71097386
1.013333e-05,0.000132012,4.533333e-06,8.96e-05,15.24784906
1.013333e-05,0.000132012,4e-06,3.84e-05,35.39359922
1.013333e-05,0.000132012,4e-06,4.27e-05,39.949797
1.013333e-05,0.000132012,4e-06,4.69e-05,44.96775065
1.013333e-05,0.000132012,4e-06,5.12e-05,48.81971182
1.013333e-05,0.000132012,4e-06,5.55e-05,51.36002021
1.013333e-05,0.000132012,4e-06,5.97e-05,53.00177184
1.013333e-05,0.000132012,4e-06,6.4e-05,54.03136367
1.013333e-05,0.000132012,4e-06,6.83e-05,54.6696233
1.013333e-05,0.000132012,4e-06,7.25e-05,55.06474758
1.013333e-05,0.000132012,4e-06,7.68e-05,55.30593784
1.013333e-05,0.000132012,4e-06,8.11e-05,55.444847
1.013333e-05,0.000132012,4e-06,8.53e-05,55.51113578
1.013333e-05,0.000132012,4e-06,8.96e-05,55.5217326
1.013333e-05,0.000132012,5.6e-06,3.84e-05,35.12754696
1.013333e-05,0.000132012,5.6e-06,4.27e-05,39.88705067
1.013333e-05,0.000132012,5.6e-06,4.69e-05,45.03061253
1.013333e-05,0.000132012,5.6e-06,5.12e-05,48.83808537
1.013333e-05,0.000132012,5.6e-06,5.55e-05,51.28639803
1.013333e-05,0.000132012,5.6e-06,5.97e-05,52.84700857
1.013333e-05,0.000132012,5.6e-06,6.4e-05,53.82767011
1.013333e-05,0.000132012,5.6e-06,6.83e-05,54.43856617
1.013333e-05,0.000132012,5.6e-06,7.25e-05,54.82205813
1.013333e-05,0.000132012,5.6e-06,7.68e-05,55.06134082
1.013333e-05,0.000132012,5.6e-06,8.11e-05,55.20444082
1.013333e-05,0.000132012,5.6e-06,8.53e-05,55.27904716
1.013333e-05,0.000132012,5.6e-06,8.96e-05,55.30111813
1.013333e-05,0.000132012,5.066667e-06,3.84e-05,34.93380599
1.013333e-05,0.000132012,5.066667e-06,4.27e-05,39.85531166
1.013333e-05,0.000132012,5.066667e-06,4.69e-05,45.09142725
1.013333e-05,0.000132012,5.066667e-06,5.12e-05,48.84489282
1.013333e-05,0.000132012,5.066667e-06,5.55e-05,51.21798017
1.013333e-05,0.000132012,5.066667e-06,5.97e-05,52.71912321
1.013333e-05,0.000132012,5.066667e-06,6.4e-05,53.65965978
1.013333e-05,0.000132012,5.066667e-06,6.83e-05,54.25023242
1.013333e-05,0.000132012,5.066667e-06,7.25e-05,54.62524183
1.013333e-05,0.000132012,5.066667e-06,7.68e-05,54.86331094
1.013333e-05,0.000132012,5.066667e-06,8.11e-05,55.00974735
1.013333e-05,0.000132012,5.066667e-06,8.53e-05,55.09076317
1.013333e-05,0.000132012,5.066667e-06,8.96e-05,55.12158277
1.013333e-05,0.0003889991,5.333333e-06,3.84e-05,18.63988009
1.013333e-05,0.0003889991,5.333333e-06,4.27e-05,19.90238208
1.013333e-05,0.0003889991,5.333333e-06,4.69e-05,21.0794956
1.013333e-05,0.0003889991,5.333333e-06,5.12e-05,22.1913931
1.013333e-05,0.0003889991,5.333333e-06,5.55e-05,23.25379088
1.013333e-05,0.0003889991,5.333333e-06,5.97e-05,24.27948808
1.013333e-05,0.0003889991,5.333333e-06,6.4e-05,25.2781867
1.013333e-05,0.0003889991,5.333333e-06,6.83e-05,26.26317068
1.013333e-05,0.0003889991,5.333333e-06,7.25e-05,27.23984108
1.013333e-05,0.0003889991,5.333333e-06,7.68e-05,28.21733285
1.013333e-05,0.0003889991,5.333333e-06,8.11e-05,29.20816968
1.013333e-05,0.0003889991,5.333333e-06,8.53e-05,30.21894582
1.013333e-05,0.0003889991,5.333333e-06,8.96e-05,31.26054903
1.013333e-05,0.0003889991,2.4e-06,3.84e-05,18.38196494
1.013333e-05,0.0003889991,2.4e-06,4.27e-05,19.64655236
1.013333e-05,0.0003889991,2.4e-06,4.69e-05,20.82613834
1.013333e-05,0.0003889991,2.4e-06,5.12e-05,21.94093415
1.013333e-05,0.0003889991,2.4e-06,5.55e-05,23.00671039
1.013333e-05,0.0003889991,2.4e-06,5.97e-05,24.0363358
1.013333e-05,0.0003889991,2.4e-06,6.4e-05,25.03804619
1.013333e-05,0.0003889991,2.4e-06,6.83e-05,26.02977638
1.013333e-05,0.0003889991,2.4e-06,7.25e-05,27.0112214
1.013333e-05,0.0003889991,2.4e-06,7.68e-05,27.99886199
1.013333e-05,0.0003889991,2.4e-06,8.11e-05,28.99723522
1.013333e-05,0.0003889991,2.4e-06,8.53e-05,30.01145368
1.013333e-05,0.0003889991,2.4e-06,8.96e-05,31.07189124
1.013333e-05,0.0003889991,2.666667e-06,3.84e-05,17.75467382
1.013333e-05,0.0003889991,2.666667e-06,4.27e-05,19.02482148
1.013333e-05,0.0003889991,2.666667e-06,4.69e-05,20.21089166
1.013333e-05,0.0003889991,2.666667e-06,5.12e-05,21.3332145
1.013333e-05,0.0003889991,2.666667e-06,5.55e-05,22.40770919
1.013333e-05,0.0003889991,2.666667e-06,5.97e-05,23.44743286
1.013333e-05,0.0003889991,2.666667e-06,6.4e-05,24.46360629
1.013333e-05,0.0003889991,2.666667e-06,6.83e-05,25.46406136
1.013333e-05,0.0003889991,2.666667e-06,7.25e-05,26.46521047
1.013333e-05,0.0003889991,2.666667e-06,7.68e-05,27.46965219
1.013333e-05,0.0003889991,2.666667e-06,8.11e-05,28.48787794
1.013333e-05,0.0003889991,2.666667e-06,8.53e-05,29.53610728
1.013333e-05,0.0003889991,2.666667e-06,8.96e-05,30.62191483
1.013333e-05,0.0003889991,2.933333e-06,3.84e-05,17.27528828
1.013333e-05,0.0003889991,2.933333e-06,4.27e-05,18.5497592
1.013333e-05,0.0003889991,2.933333e-06,4.69e-05,19.74136161
1.013333e-05,0.0003889991,2.933333e-06,5.12e-05,20.86997924
1.013333e-05,0.0003889991,2.933333e-06,5.55e-05,21.95167919
1.013333e-05,0.0003889991,2.933333e-06,5.97e-05,22.99968627
1.013333e-05,0.0003889991,2.933333e-06,6.4e-05,24.02542297
1.013333e-05,0.0003889991,2.933333e-06,6.83e-05,25.03926807
1.013333e-05,0.0003889991,2.933333e-06,7.25e-05,26.05014376
1.013333e-05,0.0003889991,2.933333e-06,7.68e-05,27.07080709
1.013333e-05,0.0003889991,2.933333e-06,8.11e-05,28.10809052
1.013333e-05,0.0003889991,2.933333e-06,8.53e-05,29.17658168
1.013333e-05,0.0003889991,2.933333e-06,8.96e-05,30.28113627
1.013333e-05,0.0003889991,3.2e-06,3.84e-05,16.67374926
1.013333e-05,0.0003889991,3.2e-06,4.27e-05,17.95507694
1.013333e-05,0.0003889991,3.2e-06,4.69e-05,19.15156588
1.013333e-05,0.0003889991,3.2e-06,5.12e-05,20.28909374
1.013333e-05,0.0003889991,3.2e-06,5.55e-05,21.38073552
1.013333e-05,0.0003889991,3.2e-06,5.97e-05,22.43999796
1.013333e-05,0.0003889991,3.2e-06,6.4e-05,23.47860932
1.013333e-05,0.0003889991,3.2e-06,6.83e-05,24.50728289
1.013333e-05,0.0003889991,3.2e-06,7.25e-05,25.53639807
1.013333e-05,0.0003889991,3.2e-06,7.68e-05,26.57565271
1.013333e-05,0.0003889991,3.2e-06,8.11e-05,27.63351344
1.013333e-05,0.0003889991,3.2e-06,8.53e-05,28.7336149
1.013333e-05,0.0003889991,3.2e-06,8.96e-05,29.87719613
1.013333e-05,0.0003889991,3.466667e-06,3.84e-05,8.36551195
1.013333e-05,0.0003889991,3.466667e-06,4.27e-05,9.451955648
1.013333e-05,0.0003889991,3.466667e-06,4.69e-05,10.43412231
1.013333e-05,0.0003889991,3.466667e-06,5.12e-05,11.33139045
1.013333e-05,0.0003889991,3.466667e-06,5.55e-05,12.15994502
1.013333e-05,0.0003889991,3.466667e-06,5.97e-05,12.92994876
1.013333e-05,0.0003889991,3.466667e-06,6.4e-05,13.65029708
1.013333e-05,0.0003889991,3.466667e-06,6.83e-05,14.3280447
1.013333e-05,0.0003889991,3.466667e-06,7.25e-05,14.9692608
1.013333e-05,0.0003889991,3.466667e-06,7.68e-05,15.57826767
1.013333e-05,0.0003889991,3.466667e-06,8.11e-05,16.15744056
1.013333e-05,0.0003889991,3.466667e-06,8.53e-05,16.71242757
1.013333e-05,0.0003889991,3.466667e-06,8.96e-05,17.24472584
1.013333e-05,0.0003889991,3.733333e-06,3.84e-05,7.65194272
1.013333e-05,0.0003889991,3.733333e-06,4.27e-05,8.738681349
1.013333e-05,0.0003889991,3.733333e-06,4.69e-05,9.721365743
1.013333e-05,0.0003889991,3.733333e-06,5.12e-05,10.61987214
1.013333e-05,0.0003889991,3.733333e-06,5.55e-05,11.44805661
1.013333e-05,0.0003889991,3.733333e-06,5.97e-05,12.21952525
1.013333e-05,0.0003889991,3.733333e-06,6.4e-05,12.94118726
1.013333e-05,0.0003889991,3.733333e-06,6.83e-05,13.62023877
1.013333e-05,0.0003889991,3.733333e-06,7.25e-05,14.26243341
1.013333e-05,0.0003889991,3.733333e-06,7.68e-05,14.87307103
1.013333e-05,0.0003889991,3.733333e-06,8.11e-05,15.45389914
1.013333e-05,0.0003889991,3.733333e-06,8.53e-05,16.01043129
1.013333e-05,0.0003889991,3.733333e-06,8.96e-05,16.54497112
1.013333e-05,0.0003889991,4.8e-06,3.84e-05,6.691070373
1.013333e-05,0.0003889991,4.8e-06,4.27e-05,7.778738705
1.013333e-05,0.0003889991,4.8e-06,4.69e-05,8.762496613
1.013333e-05,0.0003889991,4.8e-06,5.12e-05,9.662263914
1.013333e-05,0.0003889991,4.8e-06,5.55e-05,10.49278821
1.013333e-05,0.0003889991,4.8e-06,5.97e-05,11.26530046
1.013333e-05,0.0003889991,4.8e-06,6.4e-05,11.98768907
1.013333e-05,0.0003889991,4.8e-06,6.83e-05,12.6692812
1.013333e-05,0.0003889991,4.8e-06,7.25e-05,13.31378139
1.013333e-05,0.0003889991,4.8e-06,7.68e-05,13.92610793
1.013333e-05,0.0003889991,4.8e-06,8.11e-05,14.50955776
1.013333e-05,0.0003889991,4.8e-06,8.53e-05,15.06974191
1.013333e-05,0.0003889991,4.8e-06,8.96e-05,15.60617818
1.013333e-05,0.0003889991,4.266667e-06,3.84e-05,7.116012232
1.013333e-05,0.0003889991,4.266667e-06,4.27e-05,8.20314761
1.013333e-05,0.0003889991,4.266667e-06,4.69e-05,9.186360674
1.013333e-05,0.0003889991,4.266667e-06,5.12e-05,10.08552015
1.013333e-05,0.0003889991,4.266667e-06,5.55e-05,10.91535882
1.013333e-05,0.0003889991,4.266667e-06,5.97e-05,11.68610786
1.013333e-05,0.0003889991,4.266667e-06,6.4e-05,12.40921444
1.013333e-05,0.0003889991,4.266667e-06,6.83e-05,13.08950117
1.013333e-05,0.0003889991,4.266667e-06,7.25e-05,13.73288879
1.013333e-05,0.0003889991,4.266667e-06,7.68e-05,14.34413327
1.013333e-05,0.0003889991,4.266667e-06,8.11e-05,14.92783651
1.013333e-05,0.0003889991,4.266667e-06,8.53e-05,15.48510299
1.013333e-05,0.0003889991,4.266667e-06,8.96e-05,16.02083793
1.013333e-05,0.0003889991,4.533333e-06,3.84e-05,6.451701565
1.013333e-05,0.0003889991,4.533333e-06,4.27e-05,7.539302386
1.013333e-05,0.0003889991,4.533333e-06,4.69e-05,8.523454442
1.013333e-05,0.0003889991,4.533333e-06,5.12e-05,9.42361456
1.013333e-05,0.0003889991,4.533333e-06,5.55e-05,10.25456024
1.013333e-05,0.0003889991,4.533333e-06,5.97e-05,11.02753379
1.013333e-05,0.0003889991,4.533333e-06,6.4e-05,11.75129355
1.013333e-05,0.0003889991,4.533333e-06,6.83e-05,12.43234305
1.013333e-05,0.0003889991,4.533333e-06,7.25e-05,13.07758678
1.013333e-05,0.0003889991,4.533333e-06,7.68e-05,13.69058167
1.013333e-05,0.0003889991,4.533333e-06,8.11e-05,14.27536131
1.013333e-05,0.0003889991,4.533333e-06,8.53e-05,14.83579364
1.013333e-05,0.0003889991,4.533333e-06,8.96e-05,15.37290868
1.013333e-05,0.0003889991,4e-06,3.84e-05,35.54228916
1.013333e-05,0.0003889991,4e-06,4.27e-05,40.12233387
1.013333e-05,0.0003889991,4e-06,4.69e-05,45.14133145
1.013333e-05,0.0003889991,4e-06,5.12e-05,48.97099337
1.013333e-05,0.0003889991,4e-06,5.55e-05,51.4933611
1.013333e-05,0.0003889991,4e-06,5.97e-05,53.12109267
1.013333e-05,0.0003889991,4e-06,6.4e-05,54.1405764
1.013333e-05,0.0003889991,4e-06,6.83e-05,54.77197607
1.013333e-05,0.0003889991,4e-06,7.25e-05,55.16246784
1.013333e-05,0.0003889991,4e-06,7.68e-05,55.40040118
1.013333e-05,0.0003889991,4e-06,8.11e-05,55.53685714
1.013333e-05,0.0003889991,4e-06,8.53e-05,55.60113569
1.013333e-05,0.0003889991,4e-06,8.96e-05,55.60993252
1.013333e-05,0.0003889991,5.6e-06,3.84e-05,35.28190826
1.013333e-05,0.0003889991,5.6e-06,4.27e-05,40.06680234
1.013333e-05,0.0003889991,5.6e-06,4.69e-05,45.20871959
1.013333e-05,0.0003889991,5.6e-06,5.12e-05,48.99061833
1.013333e-05,0.0003889991,5.6e-06,5.55e-05,51.42031311
1.013333e-05,0.0003889991,5.6e-06,5.97e-05,52.96744847
1.013333e-05,0.0003889991,5.6e-06,6.4e-05,53.93796959
1.013333e-05,0.0003889991,5.6e-06,6.83e-05,54.54232266
1.013333e-05,0.0003889991,5.6e-06,7.25e-05,54.92140789
1.013333e-05,0.0003889991,5.6e-06,7.68e-05,55.15758883
1.013333e-05,0.0003889991,5.6e-06,8.11e-05,55.29834969
1.013333e-05,0.0003889991,5.6e-06,8.53e-05,55.37104096
1.013333e-05,0.0003889991,5.6e-06,8.96e-05,55.39140392
1.013333e-05,0.0003889991,5.066667e-06,3.84e-05,35.09294895
1.013333e-05,0.0003889991,5.066667e-06,4.27e-05,40.04098752
1.013333e-05,0.0003889991,5.066667e-06,4.69e-05,45.27215631
1.013333e-05,0.0003889991,5.066667e-06,5.12e-05,48.99838281
1.013333e-05,0.0003889991,5.066667e-06,5.55e-05,51.35239516
1.013333e-05,0.0003889991,5.066667e-06,5.97e-05,52.83999519
1.013333e-05,0.0003889991,5.066667e-06,6.4e-05,53.77087035
1.013333e-05,0.0003889991,5.066667e-06,6.83e-05,54.35513565
1.013333e-05,0.0003889991,5.066667e-06,7.25e-05,54.72590377
1.013333e-05,0.0003889991,5.066667e-06,7.68e-05,54.96098418
1.013333e-05,0.0003889991,5.066667e-06,8.11e-05,55.10516431
1.013333e-05,0.0003889991,5.066667e-06,8.53e-05,55.18433405
1.013333e-05,0.0003889991,5.066667e-06,8.96e-05,55.21351214
1.013333e-05,4.48e-05,5.333333e-06,3.84e-05,18.73662042
1.013333e-05,4.48e-05,5.333333e-06,4.27e-05,19.99972942
1.013333e-05,4.48e-05,5.333333e-06,4.69e-05,21.17752785
1.013333e-05,4.48e-05,5.333333e-06,5.12e-05,22.29019787
1.013333e-05,4.48e-05,5.333333e-06,5.55e-05,23.35346872
1.013333e-05,4.48e-05,5.333333e-06,5.97e-05,24.38015625
1.013333e-05,4.48e-05,5.333333e-06,6.4e-05,25.37998754
1.013333e-05,4.48e-05,5.333333e-06,6.83e-05,26.36626241
1.013333e-05,4.48e-05,5.333333e-06,7.25e-05,27.34443165
1.013333e-05,4.48e-05,5.333333e-06,7.68e-05,28.32362324
1.013333e-05,4.48e-05,5.333333e-06,8.11e-05,29.31652146
1.013333e-05,4.48e-05,5.333333e-06,8.53e-05,30.32970665
1.013333e-05,4.48e-05,5.333333e-06,8.96e-05,31.37417095
1.013333e-05,4.48e-05,2.4e-06,3.84e-05,18.47952373
1.013333e-05,4.48e-05,2.4e-06,4.27e-05,19.74473165
1.013333e-05,4.48e-05,2.4e-06,4.69e-05,20.92501847
1.013333e-05,4.48e-05,2.4e-06,5.12e-05,22.04060565
1.013333e-05,4.48e-05,2.4e-06,5.55e-05,23.10727742
1.013333e-05,4.48e-05,2.4e-06,5.97e-05,24.13791999
1.013333e-05,4.48e-05,2.4e-06,6.4e-05,25.14079908
1.013333e-05,4.48e-05,2.4e-06,6.83e-05,26.13385691
1.013333e-05,4.48e-05,2.4e-06,7.25e-05,27.11687151
1.013333e-05,4.48e-05,2.4e-06,7.68e-05,28.10627244
1.013333e-05,4.48e-05,2.4e-06,8.11e-05,29.10675723
1.013333e-05,4.48e-05,2.4e-06,8.53e-05,30.12341163
1.013333e-05,4.48e-05,2.4e-06,8.96e-05,31.1868849
1.013333e-05,4.48e-05,2.666667e-06,3.84e-05,17.85429832
1.013333e-05,4.48e-05,2.666667e-06,4.27e-05,19.12510329
1.013333e-05,4.48e-05,2.666667e-06,4.69e-05,20.31191763
1.013333e-05,4.48e-05,2.666667e-06,5.12e-05,21.43508298
1.013333e-05,4.48e-05,2.666667e-06,5.55e-05,22.51053385
1.013333e-05,4.48e-05,2.666667e-06,5.97e-05,23.55134713
1.013333e-05,4.48e-05,2.666667e-06,6.4e-05,24.56876865
1.013333e-05,4.48e-05,2.666667e-06,6.83e-05,25.57067378
1.013333e-05,4.48e-05,2.666667e-06,7.25e-05,26.57348237
1.013333e-05,4.48e-05,2.666667e-06,7.68e-05,27.57988518
1.013333e-05,4.48e-05,2.666667e-06,8.11e-05,28.60034593
1.013333e-05,4.48e-05,2.666667e-06,8.53e-05,29.65136076
1.013333e-05,4.48e-05,2.666667e-06,8.96e-05,30.74046345
1.013333e-05,4.48e-05,2.933333e-06,3.84e-05,17.37656035
1.013333e-05,4.48e-05,2.933333e-06,4.27e-05,18.65172953
1.013333e-05,4.48e-05,2.933333e-06,4.69e-05,19.84411396
1.013333e-05,4.48e-05,2.933333e-06,5.12e-05,20.97361863
1.013333e-05,4.48e-05,2.933333e-06,5.55e-05,22.05632744
1.013333e-05,4.48e-05,2.933333e-06,5.97e-05,23.10548681
1.013333e-05,4.48e-05,2.933333e-06,6.4e-05,24.13254683
1.013333e-05,4.48e-05,2.933333e-06,6.83e-05,25.14792164
1.013333e-05,4.48e-05,2.933333e-06,7.25e-05,26.16058674
1.013333e-05,4.48e-05,2.933333e-06,7.68e-05,27.18333072
1.013333e-05,4.48e-05,2.933333e-06,8.11e-05,28.22285661
1.013333e-05,4.48e-05,2.933333e-06,8.53e-05,29.29452544
1.013333e-05,4.48e-05,2.933333e-06,8.96e-05,30.40255912
1.013333e-05,4.48e-05,3.2e-06,3.84e-05,16.77720988
1.013333e-05,4.48e-05,3.2e-06,4.27e-05,18.0592872
1.013333e-05,4.48e-05,3.2e-06,4.69e-05,19.25660637
1.013333e-05,4.48e-05,3.2e-06,5.12e-05,20.39508479
1.013333e-05,4.48e-05,3.2e-06,5.55e-05,21.48781026
1.013333e-05,4.48e-05,3.2e-06,5.97e-05,22.54831385
1.013333e-05,4.48e-05,3.2e-06,6.4e-05,23.58835489
1.013333e-05,4.48e-05,3.2e-06,6.83e-05,24.61868625
1.013333e-05,4.48e-05,3.2e-06,7.25e-05,25.649739
1.013333e-05,4.48e-05,3.2e-06,7.68e-05,26.69128286
1.013333e-05,4.48e-05,3.2e-06,8.11e-05,27.75194112
1.013333e-05,4.48e-05,3.2e-06,8.53e-05,28.85518267
1.013333e-05,4.48e-05,3.2e-06,8.96e-05,30.00268435
1.013333e-05,4.48e-05,3.466667e-06,3.84e-05,8.464078562
1.013333e-05,4.48e-05,3.466667e-06,4.27e-05,9.55061754
1.013333e-05,4.48e-05,3.466667e-06,4.69e-05,10.53289135
1.013333e-05,4.48e-05,3.466667e-06,5.12e-05,11.43027566
1.013333e-05,4.48e-05,3.466667e-06,5.55e-05,12.25895662
1.013333e-05,4.48e-05,3.466667e-06,5.97e-05,13.02909456
1.013333e-05,4.48e-05,3.466667e-06,6.4e-05,13.74958422
1.013333e-05,4.48e-05,3.466667e-06,6.83e-05,14.42748019
1.013333e-05,4.48e-05,3.466667e-06,7.25e-05,15.06885374
1.013333e-05,4.48e-05,3.466667e-06,7.68e-05,15.67801921
1.013333e-05,4.48e-05,3.466667e-06,8.11e-05,16.25736164
1.013333e-05,4.48e-05,3.466667e-06,8.53e-05,16.81252457
1.013333e-05,4.48e-05,3.466667e-06,8.96e-05,17.34500447
1.013333e-05,4.48e-05,3.733333e-06,3.84e-05,7.752707006
1.013333e-05,4.48e-05,3.733333e-06,4.27e-05,8.839546154
1.013333e-05,4.48e-05,3.733333e-06,4.69e-05,9.822343431
1.013333e-05,4.48e-05,3.733333e-06,5.12e-05,10.72097318
1.013333e-05,4.48e-05,3.733333e-06,5.55e-05,11.54928863
1.013333e-05,4.48e-05,3.733333e-06,5.97e-05,12.32089911
1.013333e-05,4.48e-05,3.733333e-06,6.4e-05,13.04271044
1.013333e-05,4.48e-05,3.733333e-06,6.83e-05,13.72191846
1.013333e-05,4.48e-05,3.733333e-06,7.25e-05,14.36427685
1.013333e-05,4.48e-05,3.733333e-06,7.68e-05,14.97508716
1.013333e-05,4.48e-05,3.733333e-06,8.11e-05,15.55608487
1.013333e-05,4.48e-05,3.733333e-06,8.53e-05,16.11280798
1.013333e-05,4.48e-05,3.733333e-06,8.96e-05,16.64754253
1.013333e-05,4.48e-05,4.8e-06,3.84e-05,6.794962847
1.013333e-05,4.48e-05,4.8e-06,4.27e-05,7.882740496
1.013333e-05,4.48e-05,4.8e-06,4.69e-05,8.866620935
1.013333e-05,4.48e-05,4.8e-06,5.12e-05,9.76652194
1.013333e-05,4.48e-05,4.8e-06,5.55e-05,10.59718987
1.013333e-05,4.48e-05,4.8e-06,5.97e-05,11.36985488
1.013333e-05,4.48e-05,4.8e-06,6.4e-05,12.09240306
1.013333e-05,4.48e-05,4.8e-06,6.83e-05,12.77416594
1.013333e-05,4.48e-05,4.8e-06,7.25e-05,13.41884432
1.013333e-05,4.48e-05,4.8e-06,7.68e-05,14.03135681
1.013333e-05,4.48e-05,4.8e-06,8.11e-05,14.61500794
1.013333e-05,4.48e-05,4.8e-06,8.53e-05,15.1753833
1.013333e-05,4.48e-05,4.8e-06,8.96e-05,15.71203218
1.013333e-05,4.48e-05,4.266667e-06,3.84e-05,7.218495191
1.013333e-05,4.48e-05,4.266667e-06,4.27e-05,8.305735747
1.013333e-05,4.48e-05,4.266667e-06,4.69e-05,9.289066782
1.013333e-05,4.48e-05,4.266667e-06,5.12e-05,10.18835509
1.013333e-05,4.48e-05,4.266667e-06,5.55e-05,11.01833219
1.013333e-05,4.48e-05,4.266667e-06,5.97e-05,11.78922656
1.013333e-05,4.48e-05,4.266667e-06,6.4e-05,12.51248973
1.013333e-05,4.48e-05,4.266667e-06,6.83e-05,13.19294039
1.013333e-05,4.48e-05,4.266667e-06,7.25e-05,13.83649934
1.013333e-05,4.48e-05,4.266667e-06,7.68e-05,14.44792272
1.013333e-05,4.48e-05,4.266667e-06,8.11e-05,15.03181241
1.013333e-05,4.48e-05,4.266667e-06,8.53e-05,15.58927339
1.013333e-05,4.48e-05,4.266667e-06,8.96e-05,16.12521077
1.013333e-05,4.48e-05,4.533333e-06,3.84e-05,6.556407623
1.013333e-05,4.48e-05,4.533333e-06,4.27e-05,7.64412251
1.013333e-05,4.48e-05,4.533333e-06,4.69e-05,8.628399913
1.013333e-05,4.48e-05,4.533333e-06,5.12e-05,9.528696719
1.013333e-05,4.48e-05,4.533333e-06,5.55e-05,10.3597892
1.013333e-05,4.48e-05,4.533333e-06,5.97e-05,11.13291887
1.013333e-05,4.48e-05,4.533333e-06,6.4e-05,11.85684354
1.013333e-05,4.48e-05,4.533333e-06,6.83e-05,12.53806535
1.013333e-05,4.48e-05,4.533333e-06,7.25e-05,13.18349152
1.013333e-05,4.48e-05,4.533333e-06,7.68e-05,13.79667669
1.013333e-05,4.48e-05,4.533333e-06,8.11e-05,14.38165475
1.013333e-05,4.48e-05,4.533333e-06,8.53e-05,14.94229356
1.013333e-05,4.48e-05,4.533333e-06,8.96e-05,15.47962418
1.013333e-05,4.48e-05,4e-06,3.84e-05,35.67081404
1.013333e-05,4.48e-05,4e-06,4.27e-05,40.27218764
1.013333e-05,4.48e-05,4e-06,4.69e-05,45.2915537
1.013333e-05,4.48e-05,4e-06,5.12e-05,49.10120391
1.013333e-05,4.48e-05,4e-06,5.55e-05,51.60757853
1.013333e-05,4.48e-05,4e-06,5.97e-05,53.22282668
1.013333e-05,4.48e-05,4e-06,6.4e-05,54.23332906
1.013333e-05,4.48e-05,4e-06,6.83e-05,54.8586423
1.013333e-05,4.48e-05,4e-06,7.25e-05,55.24502426
1.013333e-05,4.48e-05,4e-06,7.68e-05,55.48006514
1.013333e-05,4.48e-05,4e-06,8.11e-05,55.6143383
1.013333e-05,4.48e-05,4e-06,8.53e-05,55.67682367
1.013333e-05,4.48e-05,4e-06,8.96e-05,55.68401036
1.013333e-05,4.48e-05,5.6e-06,3.84e-05,35.41540744
1.013333e-05,4.48e-05,5.6e-06,4.27e-05,40.22297839
1.013333e-05,4.48e-05,5.6e-06,4.69e-05,45.36273323
1.013333e-05,4.48e-05,5.6e-06,5.12e-05,49.12178579
1.013333e-05,4.48e-05,5.6e-06,5.55e-05,51.53490373
1.013333e-05,4.48e-05,5.6e-06,5.97e-05,53.07001804
1.013333e-05,4.48e-05,5.6e-06,6.4e-05,54.03156464
1.013333e-05,4.48e-05,5.6e-06,6.83e-05,54.63011444
1.013333e-05,4.48e-05,5.6e-06,7.25e-05,55.00529089
1.013333e-05,4.48e-05,5.6e-06,7.68e-05,55.23871749
1.013333e-05,4.48e-05,5.6e-06,8.11e-05,55.37739722
1.013333e-05,4.48e-05,5.6e-06,8.53e-05,55.44838045
1.013333e-05,4.48e-05,5.6e-06,8.96e-05,55.46721586
1.013333e-05,4.48e-05,5.066667e-06,3.84e-05,35.23065199
1.013333e-05,4.48e-05,5.066667e-06,4.27e-05,40.20235655
1.013333e-05,4.48e-05,5.066667e-06,4.69e-05,45.42837499
1.013333e-05,4.48e-05,5.066667e-06,5.12e-05,49.13027914
1.013333e-05,4.48e-05,5.066667e-06,5.55e-05,51.46732309
1.013333e-05,4.48e-05,5.066667e-06,5.97e-05,52.94285554
1.013333e-05,4.48e-05,5.066667e-06,6.4e-05,53.86517942
1.013333e-05,4.48e-05,5.066667e-06,6.83e-05,54.44385207
1.013333e-05,4.48e-05,5.066667e-06,7.25e-05,54.81085877
1.013333e-05,4.48e-05,5.066667e-06,7.68e-05,55.04328552
1.013333e-05,4.48e-05,5.066667e-06,8.11e-05,55.18545847
1.013333e-05,4.48e-05,5.066667e-06,8.53e-05,55.26298192
1.013333e-05,4.48e-05,5.066667e-06,8.96e-05,55.29069217
1.066667e-05,0.000132012,5.333333e-06,3.84e-05,18.82048869
1.066667e-05,0.000132012,5.333333e-06,4.27e-05,20.08414783
1.066667e-05,0.000132012,5.333333e-06,4.69e-05,21.26256713
1.066667e-05,0.000132012,5.333333e-06,5.12e-05,22.3759376
1.066667e-05,0.000132012,5.333333e-06,5.55e-05,23.44000026
1.066667e-05,0.000132012,5.333333e-06,5.97e-05,24.4675862
1.066667e-05,0.000132012,5.333333e-06,6.4e-05,25.46844482
1.066667e-05,0.000132012,5.333333e-06,6.83e-05,26.45589204
1.066667e-05,0.000132012,5.333333e-06,7.25e-05,27.43542195
1.066667e-05,0.000132012,5.333333e-06,7.68e-05,28.41616054
1.066667e-05,0.000132012,5.333333e-06,8.11e-05,29.41093072
1.066667e-05,0.000132012,5.333333e-06,8.53e-05,30.42630623
1.066667e-05,0.000132012,5.333333e-06,8.96e-05,31.47337401
1.066667e-05,0.000132012,2.4e-06,3.84e-05,18.5640829
1.066667e-05,0.000132012,2.4e-06,4.27e-05,19.82985324
1.066667e-05,0.000132012,2.4e-06,4.69e-05,21.01077542
1.066667e-05,0.000132012,2.4e-06,5.12e-05,22.1270802
1.066667e-05,0.000132012,2.4e-06,5.55e-05,23.19456421
1.066667e-05,0.000132012,2.4e-06,5.97e-05,24.22612963
1.066667e-05,0.000132012,2.4e-06,6.4e-05,25.23006831
1.066667e-05,0.000132012,2.4e-06,6.83e-05,26.2243324
1.066667e-05,0.000132012,2.4e-06,7.25e-05,27.20877011
1.066667e-05,0.000132012,2.4e-06,7.68e-05,28.19977345
1.066667e-05,0.000132012,2.4e-06,8.11e-05,29.20217763
1.066667e-05,0.000132012,2.4e-06,8.53e-05,30.22105412
1.066667e-05,0.000132012,2.4e-06,8.96e-05,31.28728327
1.066667e-05,0.000132012,2.666667e-06,3.84e-05,17.94060686
1.066667e-05,0.000132012,2.666667e-06,4.27e-05,19.21200775
1.066667e-05,0.000132012,2.666667e-06,4.69e-05,20.39949683
1.066667e-05,0.000132012,2.666667e-06,5.12e-05,21.5234263
1.066667e-05,0.000132012,2.666667e-06,5.55e-05,22.59974463
1.066667e-05,0.000132012,2.666667e-06,5.97e-05,23.64154668
1.066667e-05,0.000132012,2.666667e-06,6.4e-05,24.6601012
1.066667e-05,0.000132012,2.666667e-06,6.83e-05,25.66332198
1.066667e-05,0.000132012,2.666667e-06,7.25e-05,26.66763933
1.066667e-05,0.000132012,2.666667e-06,7.68e-05,27.67582387
1.066667e-05,0.000132012,2.666667e-06,8.11e-05,28.69832151
1.066667e-05,0.000132012,2.666667e-06,8.53e-05,29.75186806
1.066667e-05,0.000132012,2.666667e-06,8.96e-05,30.84396928
1.066667e-05,0.000132012,2.933333e-06,3.84e-05,17.46426886
1.066667e-05,0.000132012,2.933333e-06,4.27e-05,18.74007085
1.066667e-05,0.000132012,2.933333e-06,4.69e-05,19.93316448
1.066667e-05,0.000132012,2.933333e-06,5.12e-05,21.06347377
1.066667e-05,0.000132012,2.933333e-06,5.55e-05,22.14709797
1.066667e-05,0.000132012,2.933333e-06,5.97e-05,23.1973032
1.066667e-05,0.000132012,2.933333e-06,6.4e-05,24.22556474
1.066667e-05,0.000132012,2.933333e-06,6.83e-05,25.24232902
1.066667e-05,0.000132012,2.933333e-06,7.25e-05,26.25661942
1.066667e-05,0.000132012,2.933333e-06,7.68e-05,27.28125576
1.066667e-05,0.000132012,2.933333e-06,8.11e-05,28.32282378
1.066667e-05,0.000132012,2.933333e-06,8.53e-05,29.39738214
1.066667e-05,0.000132012,2.933333e-06,8.96e-05,30.50859124
1.066667e-05,0.000132012,3.2e-06,3.84e-05,16.86678374
1.066667e-05,0.000132012,3.2e-06,4.27e-05,18.14954065
1.066667e-05,0.000132012,3.2e-06,4.69e-05,19.34761265
1.066667e-05,0.000132012,3.2e-06,5.12e-05,20.48695351
1.066667e-05,0.000132012,3.2e-06,5.55e-05,21.58066248
1.066667e-05,0.000132012,3.2e-06,5.97e-05,22.64229285
1.066667e-05,0.000132012,3.2e-06,6.4e-05,23.6836323
1.066667e-05,0.000132012,3.2e-06,6.83e-05,24.71546986
1.066667e-05,0.000132012,3.2e-06,7.25e-05,25.74828382
1.066667e-05,0.000132012,3.2e-06,7.68e-05,26.79190888
1.066667e-05,0.000132012,3.2e-06,8.11e-05,27.85510542
1.066667e-05,0.000132012,3.2e-06,8.53e-05,28.96121396
1.066667e-05,0.000132012,3.2e-06,8.96e-05,30.11228695
1.066667e-05,0.000132012,3.466667e-06,3.84e-05,8.549573303
1.066667e-05,0.000132012,3.466667e-06,4.27e-05,9.636198616
1.066667e-05,0.000132012,3.466667e-06,4.69e-05,10.6185695
1.066667e-05,0.000132012,3.466667e-06,5.12e-05,11.51605901
1.066667e-05,0.000132012,3.466667e-06,5.55e-05,12.34485449
1.066667e-05,0.000132012,3.466667e-06,5.97e-05,13.11511398
1.066667e-05,0.000132012,3.466667e-06,6.4e-05,13.83573168
1.066667e-05,0.000132012,3.466667e-06,6.83e-05,14.51376204
1.066667e-05,0.000132012,3.466667e-06,7.25e-05,15.15527754
1.066667e-05,0.000132012,3.466667e-06,7.68e-05,15.76458713
1.066667e-05,0.000132012,3.466667e-06,8.11e-05,16.3440834
1.066667e-05,0.000132012,3.466667e-06,8.53e-05,16.89940567
1.066667e-05,0.000132012,3.466667e-06,8.96e-05,17.4320502
1.066667e-05,0.000132012,3.733333e-06,3.84e-05,7.840056699
1.066667e-05,0.000132012,3.733333e-06,4.27e-05,8.926986942
1.066667e-05,0.000132012,3.733333e-06,4.69e-05,9.909886502
1.066667e-05,0.000132012,3.733333e-06,5.12e-05,10.808628
1.066667e-05,0.000132012,3.733333e-06,5.55e-05,11.63706207
1.066667e-05,0.000132012,3.733333e-06,5.97e-05,12.40880108
1.066667e-05,0.000132012,3.733333e-06,6.4e-05,13.1307477
1.066667e-05,0.000132012,3.733333e-06,6.83e-05,13.81009753
1.066667e-05,0.000132012,3.733333e-06,7.25e-05,14.45260428
1.066667e-05,0.000132012,3.733333e-06,7.68e-05,15.06357056
1.066667e-05,0.000132012,3.733333e-06,8.11e-05,15.64472273
1.066667e-05,0.000132012,3.733333e-06,8.53e-05,16.2016187
1.066667e-05,0.000132012,3.733333e-06,8.96e-05,16.73652957
1.066667e-05,0.000132012,4.8e-06,3.84e-05,6.884965401
1.066667e-05,0.000132012,4.8e-06,4.27e-05,7.972842129
1.066667e-05,0.000132012,4.8e-06,4.69e-05,8.956833612
1.066667e-05,0.000132012,4.8e-06,5.12e-05,9.856855778
1.066667e-05,0.000132012,4.8e-06,5.55e-05,10.68765387
1.066667e-05,0.000132012,4.8e-06,5.97e-05,11.46045729
1.066667e-05,0.000132012,4.8e-06,6.4e-05,12.18314997
1.066667e-05,0.000132012,4.8e-06,6.83e-05,12.86506763
1.066667e-05,0.000132012,4.8e-06,7.25e-05,13.5099075
1.066667e-05,0.000132012,4.8e-06,7.68e-05,14.12258851
1.066667e-05,0.000132012,4.8e-06,8.11e-05,14.70642115
1.066667e-05,0.000132012,4.8e-06,8.53e-05,15.26697073
1.066667e-05,0.000132012,4.8e-06,8.96e-05,15.8038124
1.066667e-05,0.000132012,4.266667e-06,3.84e-05,7.307300813
1.066667e-05,0.000132012,4.266667e-06,4.27e-05,8.394636695
1.066667e-05,0.000132012,4.266667e-06,4.69e-05,9.378074636
1.066667e-05,0.000132012,4.266667e-06,5.12e-05,10.27747967
1.066667e-05,0.000132012,4.266667e-06,5.55e-05,11.1075822
1.066667e-05,0.000132012,4.266667e-06,5.97e-05,11.87860817
1.066667e-05,0.000132012,4.266667e-06,6.4e-05,12.60201326
1.066667e-05,0.000132012,4.266667e-06,6.83e-05,13.28261248
1.066667e-05,0.000132012,4.266667e-06,7.25e-05,13.92632668
1.066667e-05,0.000132012,4.266667e-06,7.68e-05,14.53791217
1.066667e-05,0.000132012,4.266667e-06,8.11e-05,15.12197057
1.066667e-05,0.000132012,4.266667e-06,8.53e-05,15.67960806
1.066667e-05,0.000132012,4.266667e-06,8.96e-05,16.21572891
1.066667e-05,0.000132012,4.533333e-06,3.84e-05,6.647101954
1.066667e-05,0.000132012,4.533333e-06,4.27e-05,7.734920225
1.066667e-05,0.000132012,4.533333e-06,4.69e-05,8.719311235
1.066667e-05,0.000132012,4.533333e-06,5.12e-05,9.61973191
1.066667e-05,0.000132012,4.533333e-06,5.55e-05,10.45095743
1.066667e-05,0.000132012,4.533333e-06,5.97e-05,11.22422856
1.066667e-05,0.000132012,4.533333e-06,6.4e-05,11.94830267
1.066667e-05,0.000132012,4.533333e-06,6.83e-05,12.62968056
1.066667e-05,0.000132012,4.533333e-06,7.25e-05,13.2752721
1.066667e-05,0.000132012,4.533333e-06,7.68e-05,13.88862972
1.066667e-05,0.000132012,4.533333e-06,8.11e-05,14.47378761
1.066667e-05,0.000132012,4.533333e-06,8.53e-05,15.03461336
1.066667e-05,0.000132012,4.533333e-06,8.96e-05,15.5721396
1.066667e-05,0.000132012,4e-06,3.84e-05,35.78358547
1.066667e-05,0.000132012,4e-06,4.27e-05,40.40422271
1.066667e-05,0.000132012,4e-06,4.69e-05,45.4234604
1.066667e-05,0.000132012,4e-06,5.12e-05,49.21498435
1.066667e-05,0.000132012,4e-06,5.55e-05,51.70695341
1.066667e-05,0.000132012,4e-06,5.97e-05,53.31096951
1.066667e-05,0.000132012,4e-06,6.4e-05,54.3134063
1.066667e-05,0.000132012,4e-06,6.83e-05,54.93326065
1.066667e-05,0.000132012,4e-06,7.25e-05,55.31595673
1.066667e-05,0.000132012,4e-06,7.68e-05,55.54840103
1.066667e-05,0.000132012,4e-06,8.11e-05,55.68071125
1.066667e-05,0.000132012,4e-06,8.53e-05,55.7415804
1.066667e-05,0.000132012,4e-06,8.96e-05,55.74731218
1.066667e-05,0.000132012,5.6e-06,3.84e-05,35.53259658
1.066667e-05,0.000132012,5.6e-06,4.27e-05,40.36062174
1.066667e-05,0.000132012,5.6e-06,4.69e-05,45.49786371
1.066667e-05,0.000132012,5.6e-06,5.12e-05,49.2363026
1.066667e-05,0.000132012,5.6e-06,5.55e-05,51.63450469
1.066667e-05,0.000132012,5.6e-06,5.97e-05,53.15878509
1.066667e-05,0.000132012,5.6e-06,6.4e-05,54.11229984
1.066667e-05,0.000132012,5.6e-06,6.83e-05,54.7056461
1.066667e-05,0.000132012,5.6e-06,7.25e-05,55.07731738
1.066667e-05,0.000132012,5.6e-06,7.68e-05,55.30827153
1.066667e-05,0.000132012,5.6e-06,8.11e-05,55.44507989
1.066667e-05,0.000132012,5.6e-06,8.53e-05,55.51452377
1.066667e-05,0.000132012,5.6e-06,8.96e-05,55.53197908
1.066667e-05,0.000132012,5.066667e-06,3.84e-05,35.35158255
1.066667e-05,0.000132012,5.066667e-06,4.27e-05,40.3446074
1.066667e-05,0.000132012,5.066667e-06,4.69e-05,45.56538545
1.066667e-05,0.000132012,5.066667e-06,5.12e-05,49.23902131
1.066667e-05,0.000132012,5.066667e-06,5.55e-05,51.56714167
1.066667e-05,0.000132012,5.066667e-06,5.97e-05,53.03180903
1.066667e-05,0.000132012,5.066667e-06,6.4e-05,53.94647929
1.066667e-05,0.000132012,5.066667e-06,6.83e-05,54.52013839
1.066667e-05,0.000132012,5.066667e-06,7.25e-05,54.88377248
1.066667e-05,0.000132012,5.066667e-06,7.68e-05,55.11381734
1.066667e-05,0.000132012,5.066667e-06,8.11e-05,55.25418551
1.066667e-05,0.000132012,5.066667e-06,8.53e-05,55.33022539
1.066667e-05,0.000132012,5.066667e-06,8.96e-05,55.35660968
1.066667e-05,0.0003889991,5.333333e-06,3.84e-05,18.89418508
1.066667e-05,0.0003889991,5.333333e-06,4.27e-05,20.15834687
1.066667e-05,0.0003889991,5.333333e-06,4.69e-05,21.33733353
1.066667e-05,0.0003889991,5.333333e-06,5.12e-05,22.4513442
1.066667e-05,0.0003889991,5.333333e-06,5.55e-05,23.51613074
1.066667e-05,0.0003889991,5.333333e-06,5.97e-05,24.54453823
1.066667e-05,0.0003889991,5.333333e-06,6.4e-05,25.54633606
1.066667e-05,0.0003889991,5.333333e-06,6.83e-05,26.53485642
1.066667e-05,0.0003889991,5.333333e-06,7.25e-05,27.51563135
1.066667e-05,0.0003889991,5.333333e-06,7.68e-05,28.49778908
1.066667e-05,0.0003889991,5.333333e-06,8.11e-05,29.49427234
1.066667e-05,0.0003889991,5.333333e-06,8.53e-05,30.51165476
1.066667e-05,0.0003889991,5.333333e-06,8.96e-05,31.56110994
1.066667e-05,0.0003889991,2.4e-06,3.84e-05,18.63836961
1.066667e-05,0.0003889991,2.4e-06,4.27e-05,19.90465385
1.066667e-05,0.0003889991,2.4e-06,4.69e-05,21.08615668
1.066667e-05,0.0003889991,2.4e-06,5.12e-05,22.2031174
1.066667e-05,0.0003889991,2.4e-06,5.55e-05,23.27134403
1.066667e-05,0.0003889991,2.4e-06,5.97e-05,24.30375341
1.066667e-05,0.0003889991,2.4e-06,6.4e-05,25.30866042
1.066667e-05,0.0003889991,2.4e-06,6.83e-05,26.30402919
1.066667e-05,0.0003889991,2.4e-06,7.25e-05,27.28976743
1.066667e-05,0.0003889991,2.4e-06,7.68e-05,28.28224094
1.066667e-05,0.0003889991,2.4e-06,8.11e-05,29.28640342
1.066667e-05,0.0003889991,2.4e-06,8.53e-05,30.30732292
1.066667e-05,0.0003889991,2.4e-06,8.96e-05,31.376073
1.066667e-05,0.0003889991,2.666667e-06,3.84e-05,18.01639293
1.066667e-05,0.0003889991,2.666667e-06,4.27e-05,19.28833841
1.066667e-05,0.0003889991,2.666667e-06,4.69e-05,20.47644428
1.066667e-05,0.0003889991,2.666667e-06,5.12e-05,21.60107236
1.066667e-05,0.0003889991,2.666667e-06,5.55e-05,22.67818395
1.066667e-05,0.0003889991,2.666667e-06,5.97e-05,23.72089048
1.066667e-05,0.0003889991,2.666667e-06,6.4e-05,24.74048173
1.066667e-05,0.0003889991,2.666667e-06,6.83e-05,25.74490566
1.066667e-05,0.0003889991,2.666667e-06,7.25e-05,26.75060562
1.066667e-05,0.0003889991,2.666667e-06,7.68e-05,27.76042172
1.066667e-05,0.0003889991,2.666667e-06,8.11e-05,28.78479053
1.066667e-05,0.0003889991,2.666667e-06,8.53e-05,29.84065576
1.066667e-05,0.0003889991,2.666667e-06,8.96e-05,30.93550662
1.066667e-05,0.0003889991,2.933333e-06,3.84e-05,17.54125876
1.066667e-05,0.0003889991,2.933333e-06,4.27e-05,18.81763886
1.066667e-05,0.0003889991,2.933333e-06,4.69e-05,20.01138085
1.066667e-05,0.0003889991,2.933333e-06,5.12e-05,21.14242592
1.066667e-05,0.0003889991,2.933333e-06,5.55e-05,22.22688737
1.066667e-05,0.0003889991,2.933333e-06,5.97e-05,23.27804948
1.066667e-05,0.0003889991,2.933333e-06,6.4e-05,24.30741066
1.066667e-05,0.0003889991,2.933333e-06,6.83e-05,25.32544706
1.066667e-05,0.0003889991,2.933333e-06,7.25e-05,26.34122536
1.066667e-05,0.0003889991,2.933333e-06,7.68e-05,27.36759636
1.066667e-05,0.0003889991,2.933333e-06,8.11e-05,28.41104331
1.066667e-05,0.0003889991,2.933333e-06,8.53e-05,29.48824494
1.066667e-05,0.0003889991,2.933333e-06,8.96e-05,30.602375
1.066667e-05,0.0003889991,3.2e-06,3.84e-05,16.94538238
1.066667e-05,0.0003889991,3.2e-06,4.27e-05,18.22876031
1.066667e-05,0.0003889991,3.2e-06,4.69e-05,19.42752048
1.066667e-05,0.0003889991,3.2e-06,5.12e-05,20.56765014
1.066667e-05,0.0003889991,3.2e-06,5.55e-05,21.6622589
1.066667e-05,0.0003889991,3.2e-06,5.97e-05,22.72492041
1.066667e-05,0.0003889991,3.2e-06,6.4e-05,23.76744849
1.066667e-05,0.0003889991,3.2e-06,6.83e-05,24.80066539
1.066667e-05,0.0003889991,3.2e-06,7.25e-05,25.83509294
1.066667e-05,0.0003889991,3.2e-06,7.68e-05,26.88062496
1.066667e-05,0.0003889991,3.2e-06,8.11e-05,27.94614263
1.066667e-05,0.0003889991,3.2e-06,8.53e-05,29.05488915
1.066667e-05,0.0003889991,3.2e-06,8.96e-05,30.20924043
1.066667e-05,0.0003889991,3.466667e-06,3.84e-05,8.624729169
1.066667e-05,0.0003889991,3.466667e-06,4.27e-05,9.711433343
1.066667e-05,0.0003889991,3.466667e-06,4.69e-05,10.69389289
1.066667e-05,0.0003889991,3.466667e-06,5.12e-05,11.59147844
1.066667e-05,0.0003889991,3.466667e-06,5.55e-05,12.42037851
1.066667e-05,0.0003889991,3.466667e-06,5.97e-05,13.19074902
1.066667e-05,0.0003889991,3.466667e-06,6.4e-05,13.91148365
1.066667e-05,0.0003889991,3.466667e-06,6.83e-05,14.58963671
1.066667e-05,0.0003889991,3.466667e-06,7.25e-05,15.2312813
1.066667e-05,0.0003889991,3.466667e-06,7.68e-05,15.84072291
1.066667e-05,0.0003889991,3.466667e-06,8.11e-05,16.42035986
1.066667e-05,0.0003889991,3.466667e-06,8.53e-05,16.97582764
1.066667e-05,0.0003889991,3.466667e-06,8.96e-05,17.50862259
1.066667e-05,0.0003889991,3.733333e-06,3.84e-05,7.916797133
1.066667e-05,0.0003889991,3.733333e-06,4.27e-05,9.003810602
1.066667e-05,0.0003889991,3.733333e-06,4.69e-05,9.986803592
1.066667e-05,0.0003889991,3.733333e-06,5.12e-05,10.88564717
1.066667e-05,0.0003889991,3.733333e-06,5.55e-05,11.71418951
1.066667e-05,0.0003889991,3.733333e-06,5.97e-05,12.48604594
1.066667e-05,0.0003889991,3.733333e-06,6.4e-05,13.20811615
1.066667e-05,0.0003889991,3.733333e-06,6.83e-05,13.8875955
1.066667e-05,0.0003889991,3.733333e-06,7.25e-05,14.53023776
1.066667e-05,0.0003889991,3.733333e-06,7.68e-05,15.14134612
1.066667e-05,0.0003889991,3.733333e-06,8.11e-05,15.72264011
1.066667e-05,0.0003889991,3.733333e-06,8.53e-05,16.27969378
1.066667e-05,0.0003889991,3.733333e-06,8.96e-05,16.81476558
1.066667e-05,0.0003889991,4.8e-06,3.84e-05,6.963982389
1.066667e-05,0.0003889991,4.8e-06,4.27e-05,8.051949649
1.066667e-05,0.0003889991,4.8e-06,4.69e-05,9.036042591
1.066667e-05,0.0003889991,4.8e-06,5.12e-05,9.936175447
1.066667e-05,0.0003889991,4.8e-06,5.55e-05,10.76709244
1.066667e-05,0.0003889991,4.8e-06,5.97e-05,11.5400223
1.066667e-05,0.0003889991,4.8e-06,6.4e-05,12.26284691
1.066667e-05,0.0003889991,4.8e-06,6.83e-05,12.94490602
1.066667e-05,0.0003889991,4.8e-06,7.25e-05,13.58989345
1.066667e-05,0.0003889991,4.8e-06,7.68e-05,14.20272843
1.066667e-05,0.0003889991,4.8e-06,8.11e-05,14.78672608
1.066667e-05,0.0003889991,4.8e-06,8.53e-05,15.34743571
1.066667e-05,0.0003889991,4.8e-06,8.96e-05,15.88445361
1.066667e-05,0.0003889991,4.266667e-06,3.84e-05,7.385289337
1.066667e-05,0.0003889991,4.266667e-06,4.27e-05,8.472712323
1.066667e-05,0.0003889991,4.266667e-06,4.69e-05,9.456247928
1.066667e-05,0.0003889991,4.266667e-06,5.12e-05,10.35575959
1.066667e-05,0.0003889991,4.266667e-06,5.55e-05,11.18597669
1.066667e-05,0.0003889991,4.266667e-06,5.97e-05,11.9571228
1.066667e-05,0.0003889991,4.266667e-06,6.4e-05,12.68065758
1.066667e-05,0.0003889991,4.266667e-06,6.83e-05,13.36139251
1.066667e-05,0.0003889991,4.266667e-06,7.25e-05,14.00524854
1.066667e-05,0.0003889991,4.266667e-06,7.68e-05,14.61698212
1.066667e-05,0.0003889991,4.266667e-06,8.11e-05,15.20119443
1.066667e-05,0.0003889991,4.266667e-06,8.53e-05,15.7589934
1.066667e-05,0.0003889991,4.266667e-06,8.96e-05,16.29528188
1.066667e-05,0.0003889991,4.533333e-06,3.84e-05,6.7267141
1.066667e-05,0.0003889991,4.533333e-06,4.27e-05,7.814626827
1.066667e-05,0.0003889991,4.533333e-06,4.69e-05,8.799121643
1.066667e-05,0.0003889991,4.533333e-06,5.12e-05,9.699655489
1.066667e-05,0.0003889991,4.533333e-06,5.55e-05,10.53100254
1.066667e-05,0.0003889991,4.533333e-06,5.97e-05,11.30440291
1.066667e-05,0.0003889991,4.533333e-06,6.4e-05,12.02861355
1.066667e-05,0.0003889991,4.533333e-06,6.83e-05,12.71013398
1.066667e-05,0.0003889991,4.533333e-06,7.25e-05,13.35587664
1.066667e-05,0.0003889991,4.533333e-06,7.68e-05,13.96939184
1.066667e-05,0.0003889991,4.533333e-06,8.11e-05,14.55471405
1.066667e-05,0.0003889991,4.533333e-06,8.53e-05,15.11571043
1.066667e-05,0.0003889991,4.533333e-06,8.96e-05,15.65341562
1.066667e-05,0.0003889991,4e-06,3.84e-05,35.88377574
1.066667e-05,0.0003889991,4e-06,4.27e-05,40.52195409
1.066667e-05,0.0003889991,4e-06,4.69e-05,45.52964052
1.066667e-05,0.0003889991,4e-06,5.12e-05,49.31566885
1.066667e-05,0.0003889991,4e-06,5.55e-05,51.79454938
1.066667e-05,0.0003889991,4e-06,5.97e-05,53.38837066
1.066667e-05,0.0003889991,4e-06,6.4e-05,54.38349947
1.066667e-05,0.0003889991,4e-06,6.83e-05,54.99841334
1.066667e-05,0.0003889991,4e-06,7.25e-05,55.37777364
1.066667e-05,0.0003889991,4e-06,7.68e-05,55.60786587
1.066667e-05,0.0003889991,4e-06,8.11e-05,55.73839517
1.066667e-05,0.0003889991,4e-06,8.53e-05,55.79779491
1.066667e-05,0.0003889991,4e-06,8.96e-05,55.80220093
1.066667e-05,0.0003889991,5.6e-06,3.84e-05,35.6367515
1.066667e-05,0.0003889991,5.6e-06,4.27e-05,40.48337922
1.066667e-05,0.0003889991,5.6e-06,4.69e-05,45.61787143
1.066667e-05,0.0003889991,5.6e-06,5.12e-05,49.33755505
1.066667e-05,0.0003889991,5.6e-06,5.55e-05,51.72221727
1.066667e-05,0.0003889991,5.6e-06,5.97e-05,53.23664978
1.066667e-05,0.0003889991,5.6e-06,6.4e-05,54.18290916
1.066667e-05,0.0003889991,5.6e-06,6.83e-05,54.77154702
1.066667e-05,0.0003889991,5.6e-06,7.25e-05,55.14004633
1.066667e-05,0.0003889991,5.6e-06,7.68e-05,55.36876092
1.066667e-05,0.0003889991,5.6e-06,8.11e-05,55.50387148
1.066667e-05,0.0003889991,5.6e-06,8.53e-05,55.57191592
1.066667e-05,0.0003889991,5.6e-06,8.96e-05,55.58811375
1.066667e-05,0.0003889991,5.066667e-06,3.84e-05,35.45910161
1.066667e-05,0.0003889991,5.066667e-06,4.27e-05,40.47149454
1.066667e-05,0.0003889991,5.066667e-06,4.69e-05,45.68701475
1.066667e-05,0.0003889991,5.066667e-06,5.12e-05,49.34110803
1.066667e-05,0.0003889991,5.066667e-06,5.55e-05,51.65498226
1.066667e-05,0.0003889991,5.066667e-06,5.97e-05,53.10978184
1.066667e-05,0.0003889991,5.066667e-06,6.4e-05,54.01753795
1.066667e-05,0.0003889991,5.066667e-06,6.83e-05,54.58666137
1.066667e-05,0.0003889991,5.066667e-06,7.25e-05,54.94724373
1.066667e-05,0.0003889991,5.066667e-06,7.68e-05,55.17513116
1.066667e-05,0.0003889991,5.066667e-06,8.11e-05,55.31386203
1.066667e-05,0.0003889991,5.066667e-06,8.53e-05,55.38855327
1.066667e-05,0.0003889991,5.066667e-06,8.96e-05,55.41372952
1.066667e-05,4.48e-05,5.333333e-06,3.84e-05,18.95968839
1.066667e-05,4.48e-05,5.333333e-06,4.27e-05,20.22431258
1.066667e-05,4.48e-05,5.333333e-06,4.69e-05,21.40382125
1.066667e-05,4.48e-05,5.333333e-06,5.12e-05,22.51842106
1.066667e-05,4.48e-05,5.333333e-06,5.55e-05,23.58387387
1.066667e-05,4.48e-05,5.333333e-06,5.97e-05,24.61303771
1.066667e-05,4.48e-05,5.333333e-06,6.4e-05,25.61569999
1.066667e-05,4.48e-05,5.333333e-06,6.83e-05,26.60520931
1.066667e-05,4.48e-05,5.333333e-06,7.25e-05,27.58713111
1.066667e-05,4.48e-05,5.333333e-06,7.68e-05,28.57059945
1.066667e-05,4.48e-05,5.333333e-06,8.11e-05,29.56866073
1.066667e-05,4.48e-05,5.333333e-06,8.53e-05,30.58789416
1.066667e-05,4.48e-05,5.333333e-06,8.96e-05,31.63955294
1.066667e-05,4.48e-05,2.4e-06,3.84e-05,18.7043826
1.066667e-05,4.48e-05,2.4e-06,4.27e-05,19.97113963
1.066667e-05,4.48e-05,2.4e-06,4.69e-05,21.15317674
1.066667e-05,4.48e-05,2.4e-06,5.12e-05,22.27074113
1.066667e-05,4.48e-05,2.4e-06,5.55e-05,23.33965136
1.066667e-05,4.48e-05,2.4e-06,5.97e-05,24.3728378
1.066667e-05,4.48e-05,2.4e-06,6.4e-05,25.37863571
1.066667e-05,4.48e-05,2.4e-06,6.83e-05,26.37502297
1.066667e-05,4.48e-05,2.4e-06,7.25e-05,27.36195775
1.066667e-05,4.48e-05,2.4e-06,7.68e-05,28.35578905
1.066667e-05,4.48e-05,2.4e-06,8.11e-05,29.36157294
1.066667e-05,4.48e-05,2.4e-06,8.53e-05,30.38438324
1.066667e-05,4.48e-05,2.4e-06,8.96e-05,31.45545442
1.066667e-05,4.48e-05,2.666667e-06,3.84e-05,18.08370438
1.066667e-05,4.48e-05,2.666667e-06,4.27e-05,19.35615101
1.066667e-05,4.48e-05,2.666667e-06,4.69e-05,20.54482452
1.066667e-05,4.48e-05,2.666667e-06,5.12e-05,21.67009568
1.066667e-05,4.48e-05,2.666667e-06,5.55e-05,22.74793766
1.066667e-05,4.48e-05,2.666667e-06,5.97e-05,23.79147718
1.066667e-05,4.48e-05,2.666667e-06,6.4e-05,24.81202349
1.066667e-05,4.48e-05,2.666667e-06,6.83e-05,25.8175551
1.066667e-05,4.48e-05,2.666667e-06,7.25e-05,26.82453057
1.066667e-05,4.48e-05,2.666667e-06,7.68e-05,27.83585071
1.066667e-05,4.48e-05,2.666667e-06,8.11e-05,28.86195007
1.066667e-05,4.48e-05,2.666667e-06,8.53e-05,29.91995266
1.066667e-05,4.48e-05,2.666667e-06,8.96e-05,31.01734144
1.066667e-05,4.48e-05,2.933333e-06,3.84e-05,17.60961614
1.066667e-05,4.48e-05,2.933333e-06,4.27e-05,18.88652799
1.066667e-05,4.48e-05,2.933333e-06,4.69e-05,20.0808668
1.066667e-05,4.48e-05,2.933333e-06,5.12e-05,21.21258928
1.066667e-05,4.48e-05,2.933333e-06,5.55e-05,22.29782176
1.066667e-05,4.48e-05,2.933333e-06,5.97e-05,23.34986527
1.066667e-05,4.48e-05,2.933333e-06,6.4e-05,24.38023967
1.066667e-05,4.48e-05,2.933333e-06,6.83e-05,25.39944858
1.066667e-05,4.48e-05,2.933333e-06,7.25e-05,26.41659815
1.066667e-05,4.48e-05,2.933333e-06,7.68e-05,27.44456985
1.066667e-05,4.48e-05,2.933333e-06,8.11e-05,28.48976024
1.066667e-05,4.48e-05,2.933333e-06,8.53e-05,29.5693926
1.066667e-05,4.48e-05,2.933333e-06,8.96e-05,30.68622726
1.066667e-05,4.48e-05,3.2e-06,3.84e-05,17.0151414
1.066667e-05,4.48e-05,3.2e-06,4.27e-05,18.2990907
1.066667e-05,4.48e-05,3.2e-06,4.69e-05,19.49848422
1.066667e-05,4.48e-05,3.2e-06,5.12e-05,20.6393403
1.066667e-05,4.48e-05,3.2e-06,5.55e-05,21.73477785
1.066667e-05,4.48e-05,3.2e-06,5.97e-05,22.79838943
1.066667e-05,4.48e-05,3.2e-06,6.4e-05,23.84201299
1.066667e-05,4.48e-05,3.2e-06,6.83e-05,24.8765016
1.066667e-05,4.48e-05,3.2e-06,7.25e-05,25.91241737
1.066667e-05,4.48e-05,3.2e-06,7.68e-05,26.95970836
1.066667e-05,4.48e-05,3.2e-06,8.11e-05,28.02736281
1.066667e-05,4.48e-05,3.2e-06,8.53e-05,29.13855244
1.066667e-05,4.48e-05,3.2e-06,8.96e-05,30.29593268
1.066667e-05,4.48e-05,3.466667e-06,3.84e-05,8.69155054
1.066667e-05,4.48e-05,3.466667e-06,4.27e-05,9.778327247
1.066667e-05,4.48e-05,3.466667e-06,4.69e-05,10.76086832
1.066667e-05,4.48e-05,3.466667e-06,5.12e-05,11.65854216
1.066667e-05,4.48e-05,3.466667e-06,5.55e-05,12.48753842
1.066667e-05,4.48e-05,3.466667e-06,5.97e-05,13.25801101
1.066667e-05,4.48e-05,3.466667e-06,6.4e-05,13.97885315
1.066667e-05,4.48e-05,3.466667e-06,6.83e-05,14.65711906
1.066667e-05,4.48e-05,3.466667e-06,7.25e-05,15.29888183
1.066667e-05,4.48e-05,3.466667e-06,7.68e-05,15.90844523
1.066667e-05,4.48e-05,3.466667e-06,8.11e-05,16.48821168
1.066667e-05,4.48e-05,3.466667e-06,8.53e-05,17.04381324
1.066667e-05,4.48e-05,3.466667e-06,8.96e-05,17.57674659
1.066667e-05,4.48e-05,3.733333e-06,3.84e-05,7.984986249
1.066667e-05,4.48e-05,3.733333e-06,4.27e-05,9.072076275
1.066667e-05,4.48e-05,3.733333e-06,4.69e-05,10.0551552
1.066667e-05,4.48e-05,3.733333e-06,5.12e-05,10.95409265
1.066667e-05,4.48e-05,3.733333e-06,5.55e-05,11.78273451
1.066667e-05,4.48e-05,3.733333e-06,5.97e-05,12.55469897
1.066667e-05,4.48e-05,3.733333e-06,6.4e-05,13.27688285
1.066667e-05,4.48e-05,3.733333e-06,6.83e-05,13.95648132
1.066667e-05,4.48e-05,3.733333e-06,7.25e-05,14.59924821
1.066667e-05,4.48e-05,3.733333e-06,7.68e-05,15.21048688
1.066667e-05,4.48e-05,3.733333e-06,8.11e-05,15.79191203
1.066667e-05,4.48e-05,3.733333e-06,8.53e-05,16.3491105
1.066667e-05,4.48e-05,3.733333e-06,8.96e-05,16.88433023
1.066667e-05,4.48e-05,4.8e-06,3.84e-05,7.034145248
1.066667e-05,4.48e-05,4.8e-06,4.27e-05,8.122195801
1.066667e-05,4.48e-05,4.8e-06,4.69e-05,9.106382084
1.066667e-05,4.48e-05,4.8e-06,5.12e-05,10.00661676
1.066667e-05,4.48e-05,4.8e-06,5.55e-05,10.83764313
1.066667e-05,4.48e-05,4.8e-06,5.97e-05,11.6106893
1.066667e-05,4.48e-05,4.8e-06,6.4e-05,12.33363519
1.066667e-05,4.48e-05,4.8e-06,6.83e-05,13.01582447
1.066667e-05,4.48e-05,4.8e-06,7.25e-05,13.66094765
1.066667e-05,4.48e-05,4.8e-06,7.68e-05,14.27392427
1.066667e-05,4.48e-05,4.8e-06,8.11e-05,14.85807298
1.066667e-05,4.48e-05,4.8e-06,8.53e-05,15.41893068
1.066667e-05,4.48e-05,4.8e-06,8.96e-05,15.95611074
1.066667e-05,4.48e-05,4.266667e-06,3.84e-05,7.454559432
1.066667e-05,4.48e-05,4.266667e-06,4.27e-05,8.542062554
1.066667e-05,4.48e-05,4.266667e-06,4.69e-05,9.525687999
1.066667e-05,4.48e-05,4.266667e-06,5.12e-05,10.42529774
1.066667e-05,4.48e-05,4.266667e-06,5.55e-05,11.25562023
1.066667e-05,4.48e-05,4.266667e-06,5.97e-05,12.02687675
1.066667e-05,4.48e-05,4.266667e-06,6.4e-05,12.75053085
1.066667e-05,4.48e-05,4.266667e-06,6.83e-05,13.43139064
1.066667e-05,4.48e-05,4.266667e-06,7.25e-05,14.07537713
1.066667e-05,4.48e-05,4.266667e-06,7.68e-05,14.68724693
1.066667e-05,4.48e-05,4.266667e-06,8.11e-05,15.27160065
1.066667e-05,4.48e-05,4.266667e-06,8.53e-05,15.82954834
1.066667e-05,4.48e-05,4.266667e-06,8.96e-05,16.36599102
1.066667e-05,4.48e-05,4.533333e-06,3.84e-05,6.797394212
1.066667e-05,4.48e-05,4.533333e-06,4.27e-05,7.885393828
1.066667e-05,4.48e-05,4.533333e-06,4.69e-05,8.869984151
1.066667e-05,4.48e-05,4.533333e-06,5.12e-05,9.770622111
1.066667e-05,4.48e-05,4.533333e-06,5.55e-05,10.60208097
1.066667e-05,4.48e-05,4.533333e-06,5.97e-05,11.37560023
1.066667e-05,4.48e-05,4.533333e-06,6.4e-05,12.09993645
1.066667e-05,4.48e-05,4.533333e-06,6.83e-05,12.78158795
1.066667e-05,4.48e-05,4.533333e-06,7.25e-05,13.42746968
1.066667e-05,4.48e-05,4.533333e-06,7.68e-05,14.04112985
1.066667e-05,4.48e-05,4.533333e-06,8.11e-05,14.62660323
1.066667e-05,4.48e-05,4.533333e-06,8.53e-05,15.18775648
1.066667e-05,4.48e-05,4.533333e-06,8.96e-05,15.72562647
1.066667e-05,4.48e-05,4e-06,3.84e-05,35.97372946
1.066667e-05,4.48e-05,4e-06,4.27e-05,40.62799179
1.066667e-05,4.48e-05,4e-06,4.69e-05,45.63573176
1.066667e-05,4.48e-05,4e-06,5.12e-05,49.40571928
1.066667e-05,4.48e-05,4e-06,5.55e-05,51.8726202
1.066667e-05,4.48e-05,4e-06,5.97e-05,53.45407207
1.066667e-05,4.48e-05,4e-06,6.4e-05,54.44557638
1.066667e-05,4.48e-05,4e-06,6.83e-05,55.05598452
1.066667e-05,4.48e-05,4e-06,7.25e-05,55.43230256
1.066667e-05,4.48e-05,4e-06,7.68e-05,55.66024792
1.066667e-05,4.48e-05,4e-06,8.11e-05,55.78914927
1.066667e-05,4.48e-05,4e-06,8.53e-05,55.84720325
1.066667e-05,4.48e-05,4e-06,8.96e-05,55.85039251
1.066667e-05,4.48e-05,5.6e-06,3.84e-05,35.73029505
1.066667e-05,4.48e-05,5.6e-06,4.27e-05,40.59396059
1.066667e-05,4.48e-05,5.6e-06,4.69e-05,45.72554506
1.066667e-05,4.48e-05,5.6e-06,5.12e-05,49.42804274
1.066667e-05,4.48e-05,5.6e-06,5.55e-05,51.80032217
1.066667e-05,4.48e-05,5.6e-06,5.97e-05,53.30573778
1.066667e-05,4.48e-05,5.6e-06,6.4e-05,54.24539149
1.066667e-05,4.48e-05,5.6e-06,6.83e-05,54.829736
1.066667e-05,4.48e-05,5.6e-06,7.25e-05,55.19534262
1.066667e-05,4.48e-05,5.6e-06,7.68e-05,55.42201304
1.066667e-05,4.48e-05,5.6e-06,8.11e-05,55.55557163
1.066667e-05,4.48e-05,5.6e-06,8.53e-05,55.62233443
1.066667e-05,4.48e-05,5.6e-06,8.96e-05,55.63737826
1.066667e-05,4.48e-05,5.066667e-06,3.84e-05,35.55569651
1.066667e-05,4.48e-05,5.066667e-06,4.27e-05,40.58580936
1.066667e-05,4.48e-05,5.066667e-06,4.69e-05,45.79610118
1.066667e-05,4.48e-05,5.066667e-06,5.12e-05,49.43227688
1.066667e-05,4.48e-05,5.066667e-06,5.55e-05,51.73314718
1.066667e-05,4.48e-05,5.066667e-06,5.97e-05,53.17891845
1.066667e-05,4.48e-05,5.066667e-06,6.4e-05,54.08037916
1.066667e-05,4.48e-05,5.066667e-06,6.83e-05,54.64536736
1.066667e-05,4.48e-05,5.066667e-06,7.25e-05,55.00316685
1.066667e-05,4.48e-05,5.066667e-06,7.68e-05,55.22908512
1.066667e-05,4.48e-05,5.066667e-06,8.11e-05,55.36631936
1.066667e-05,4.48e-05,5.066667e-06,8.53e-05,55.43977554
1.066667e-05,4.48e-05,5.066667e-06,8.96e-05,55.46384322
4.8e-06,0.000132012,5.333333e-06,3.84e-05,19.0717064
4.8e-06,0.000132012,5.333333e-06,4.27e-05,20.33715645
4.8e-06,0.000132012,5.333333e-06,4.69e-05,21.51759763
4.8e-06,0.000132012,5.333333e-06,5.12e-05,22.63325012
4.8e-06,0.000132012,5.333333e-06,5.55e-05,23.69989378
4.8e-06,0.000132012,5.333333e-06,5.97e-05,24.73040987
4.8e-06,0.000132012,5.333333e-06,6.4e-05,25.73461704
4.8e-06,0.000132012,5.333333e-06,6.83e-05,26.72589693
4.8e-06,0.000132012,5.333333e-06,7.25e-05,27.70987067
4.8e-06,0.000132012,5.333333e-06,7.68e-05,28.69569268
4.8e-06,0.000132012,5.333333e-06,8.11e-05,29.69657683
4.8e-06,0.000132012,5.333333e-06,8.53e-05,30.71912752
4.8e-06,0.000132012,5.333333e-06,8.96e-05,31.7747397
4.8e-06,0.000132012,2.4e-06,3.84e-05,18.81723493
4.8e-06,0.000132012,2.4e-06,4.27e-05,20.08483647
4.8e-06,0.000132012,2.4e-06,4.69e-05,21.26782814
4.8e-06,0.000132012,2.4e-06,5.12e-05,22.38647132
4.8e-06,0.000132012,2.4e-06,5.55e-05,23.45660351
4.8e-06,0.000132012,2.4e-06,5.97e-05,24.49117945
4.8e-06,0.000132012,2.4e-06,6.4e-05,25.49856861
4.8e-06,0.000132012,2.4e-06,6.83e-05,26.4967805
4.8e-06,0.000132012,2.4e-06,7.25e-05,27.48585244
4.8e-06,0.000132012,2.4e-06,7.68e-05,28.48212201
4.8e-06,0.000132012,2.4e-06,8.11e-05,29.49081105
4.8e-06,0.000132012,2.4e-06,8.53e-05,30.51702697
4.8e-06,0.000132012,2.4e-06,8.96e-05,31.59224721
4.8e-06,0.000132012,2.666667e-06,3.84e-05,18.19869136
4.8e-06,0.000132012,2.666667e-06,4.27e-05,19.47203342
4.8e-06,0.000132012,2.666667e-06,4.69e-05,20.6617214
4.8e-06,0.000132012,2.666667e-06,5.12e-05,21.78814216
4.8e-06,0.000132012,2.666667e-06,5.55e-05,22.8672902
4.8e-06,0.000132012,2.666667e-06,5.97e-05,23.91231974
4.8e-06,0.000132012,2.666667e-06,6.4e-05,24.93457509
4.8e-06,0.000132012,2.666667e-06,6.83e-05,25.94208701
4.8e-06,0.000132012,2.666667e-06,7.25e-05,26.95134951
4.8e-06,0.000132012,2.666667e-06,7.68e-05,27.96536347
4.8e-06,0.000132012,2.666667e-06,8.11e-05,28.9945771
4.8e-06,0.000132012,2.666667e-06,8.53e-05,30.0564067
4.8e-06,0.000132012,2.666667e-06,8.96e-05,31.15834836
4.8e-06,0.000132012,2.933333e-06,3.84e-05,17.72633057
4.8e-06,0.000132012,2.933333e-06,4.27e-05,19.00419188
4.8e-06,0.000132012,2.933333e-06,4.69e-05,20.19959758
4.8e-06,0.000132012,2.933333e-06,5.12e-05,21.33253134
4.8e-06,0.000132012,2.933333e-06,5.55e-05,22.41914291
4.8e-06,0.000132012,2.933333e-06,5.97e-05,23.47276351
4.8e-06,0.000132012,2.933333e-06,6.4e-05,24.50495154
4.8e-06,0.000132012,2.933333e-06,6.83e-05,25.52626016
4.8e-06,0.000132012,2.933333e-06,7.25e-05,26.54586487
4.8e-06,0.000132012,2.933333e-06,7.68e-05,27.57670761
4.8e-06,0.000132012,2.933333e-06,8.11e-05,28.62505803
4.8e-06,0.000132012,2.933333e-06,8.53e-05,29.70901972
4.8e-06,0.000132012,2.933333e-06,8.96e-05,30.83072886
4.8e-06,0.000132012,3.2e-06,3.84e-05,17.13417971
4.8e-06,0.000132012,3.2e-06,4.27e-05,18.41914955
4.8e-06,0.000132012,3.2e-06,4.69e-05,19.619675
4.8e-06,0.000132012,3.2e-06,5.12e-05,20.76183046
4.8e-06,0.000132012,3.2e-06,5.55e-05,21.85875097
4.8e-06,0.000132012,3.2e-06,5.97e-05,22.9240631
4.8e-06,0.000132012,3.2e-06,6.4e-05,23.96964829
4.8e-06,0.000132012,3.2e-06,6.83e-05,25.0064151
4.8e-06,0.000132012,3.2e-06,7.25e-05,26.04499841
4.8e-06,0.000132012,3.2e-06,7.68e-05,27.09544244
4.8e-06,0.000132012,3.2e-06,8.11e-05,28.16691638
4.8e-06,0.000132012,3.2e-06,8.53e-05,29.28251038
4.8e-06,0.000132012,3.2e-06,8.96e-05,30.44533232
4.8e-06,0.000132012,3.466667e-06,3.84e-05,8.80585788
4.8e-06,0.000132012,3.466667e-06,4.27e-05,9.892764092
4.8e-06,0.000132012,3.466667e-06,4.69e-05,10.87545071
4.8e-06,0.000132012,3.466667e-06,5.12e-05,11.77328206
4.8e-06,0.000132012,3.466667e-06,5.55e-05,12.60245003
4.8e-06,0.000132012,3.466667e-06,5.97e-05,13.37310485
4.8e-06,0.000132012,3.466667e-06,6.4e-05,14.0941389
4.8e-06,0.000132012,3.466667e-06,6.83e-05,14.77260621
4.8e-06,0.000132012,3.466667e-06,7.25e-05,15.41457875
4.8e-06,0.000132012,3.466667e-06,7.68e-05,16.02436053
4.8e-06,0.000132012,3.466667e-06,8.11e-05,16.60435845
4.8e-06,0.000132012,3.466667e-06,8.53e-05,17.16019873
4.8e-06,0.000132012,3.466667e-06,8.96e-05,17.69337932
4.8e-06,0.000132012,3.733333e-06,3.84e-05,8.101531326
4.8e-06,0.000132012,3.733333e-06,4.27e-05,9.188758082
4.8e-06,0.000132012,3.733333e-06,4.69e-05,10.17199045
4.8e-06,0.000132012,3.733333e-06,5.12e-05,11.07109552
4.8e-06,0.000132012,3.733333e-06,5.55e-05,11.8999149
4.8e-06,0.000132012,3.733333e-06,5.97e-05,12.67207229
4.8e-06,0.000132012,3.733333e-06,6.4e-05,13.39445916
4.8e-06,0.000132012,3.733333e-06,6.83e-05,14.07427033
4.8e-06,0.000132012,3.733333e-06,7.25e-05,14.71725974
4.8e-06,0.000132012,3.733333e-06,7.68e-05,15.32873026
4.8e-06,0.000132012,3.733333e-06,8.11e-05,15.91039144
4.8e-06,0.000132012,3.733333e-06,8.53e-05,16.46784781
4.8e-06,0.000132012,3.733333e-06,8.96e-05,17.00333137
4.8e-06,0.000132012,4.8e-06,3.84e-05,7.153939603
4.8e-06,0.000132012,4.8e-06,4.27e-05,8.242138954
4.8e-06,0.000132012,4.8e-06,4.69e-05,9.226491973
4.8e-06,0.000132012,4.8e-06,5.12e-05,10.12690852
4.8e-06,0.000132012,4.8e-06,5.55e-05,10.95813022
4.8e-06,0.000132012,4.8e-06,5.97e-05,11.73138412
4.8e-06,0.000132012,4.8e-06,6.4e-05,12.45454638
4.8e-06,0.000132012,4.8e-06,6.83e-05,13.13696827
4.8e-06,0.000132012,4.8e-06,7.25e-05,13.78233399
4.8e-06,0.000132012,4.8e-06,7.68e-05,14.39556362
4.8e-06,0.000132012,4.8e-06,8.11e-05,14.97998024
4.8e-06,0.000132012,4.8e-06,8.53e-05,15.54110463
4.8e-06,0.000132012,4.8e-06,8.96e-05,16.07857439
4.8e-06,0.000132012,4.266667e-06,3.84e-05,7.57288155
4.8e-06,0.000132012,4.266667e-06,4.27e-05,8.660527824
4.8e-06,0.000132012,4.266667e-06,4.69e-05,9.644313723
4.8e-06,0.000132012,4.266667e-06,5.12e-05,10.54409862
4.8e-06,0.000132012,4.266667e-06,5.55e-05,11.37460928
4.8e-06,0.000132012,4.266667e-06,5.97e-05,12.14606277
4.8e-06,0.000132012,4.266667e-06,6.4e-05,12.86993006
4.8e-06,0.000132012,4.266667e-06,6.83e-05,13.55101288
4.8e-06,0.000132012,4.266667e-06,7.25e-05,14.19523237
4.8e-06,0.000132012,4.266667e-06,7.68e-05,14.80734545
4.8e-06,0.000132012,4.266667e-06,8.11e-05,15.39195131
4.8e-06,0.000132012,4.266667e-06,8.53e-05,15.95016504
4.8e-06,0.000132012,4.266667e-06,8.96e-05,16.48688313
4.8e-06,0.000132012,4.533333e-06,3.84e-05,6.918042987
4.8e-06,0.000132012,4.533333e-06,4.27e-05,8.006197781
4.8e-06,0.000132012,4.533333e-06,4.69e-05,8.990958731
4.8e-06,0.000132012,4.533333e-06,5.12e-05,9.891782665
4.8e-06,0.000132012,4.533333e-06,5.55e-05,10.72344122
4.8e-06,0.000132012,4.533333e-06,5.97e-05,11.49717282
4.8e-06,0.000132012,4.533333e-06,6.4e-05,12.22173335
4.8e-06,0.000132012,4.533333e-06,6.83e-05,12.90361882
4.8e-06,0.000132012,4.533333e-06,7.25e-05,13.54974905
4.8e-06,0.000132012,4.533333e-06,7.68e-05,14.16366823
4.8e-06,0.000132012,4.533333e-06,8.11e-05,14.74941163
4.8e-06,0.000132012,4.533333e-06,8.53e-05,15.31084484
4.8e-06,0.000132012,4.533333e-06,8.96e-05,15.84900965
4.8e-06,0.000132012,4e-06,3.84e-05,36.12961741
4.8e-06,0.000132012,4e-06,4.27e-05,40.81247288
4.8e-06,0.000132012,4e-06,4.69e-05,45.81942512
4.8e-06,0.000132012,4e-06,5.12e-05,49.56093389
4.8e-06,0.000132012,4e-06,5.55e-05,52.00658183
4.8e-06,0.000132012,4e-06,5.97e-05,53.57211893
4.8e-06,0.000132012,4e-06,6.4e-05,54.55122581
4.8e-06,0.000132012,4e-06,6.83e-05,55.15367858
4.8e-06,0.000132012,4e-06,7.25e-05,55.52462503
4.8e-06,0.000132012,4e-06,7.68e-05,55.7487754
4.8e-06,0.000132012,4e-06,8.11e-05,55.87479338
4.8e-06,0.000132012,4e-06,8.53e-05,55.93045767
4.8e-06,0.000132012,4e-06,8.96e-05,55.93148027
4.8e-06,0.000132012,5.6e-06,3.84e-05,35.89246686
4.8e-06,0.000132012,5.6e-06,4.27e-05,40.78637405
4.8e-06,0.000132012,5.6e-06,4.69e-05,45.91187664
4.8e-06,0.000132012,5.6e-06,5.12e-05,49.58384467
4.8e-06,0.000132012,5.6e-06,5.55e-05,51.93417833
4.8e-06,0.000132012,5.6e-06,5.97e-05,53.42359008
4.8e-06,0.000132012,5.6e-06,6.4e-05,54.35160669
4.8e-06,0.000132012,5.6e-06,6.83e-05,54.92837225
4.8e-06,0.000132012,5.6e-06,7.25e-05,55.28887155
4.8e-06,0.000132012,5.6e-06,7.68e-05,55.51192846
4.8e-06,0.000132012,5.6e-06,8.11e-05,55.64273818
4.8e-06,0.000132012,5.6e-06,8.53e-05,55.70722519
4.8e-06,0.000132012,5.6e-06,8.96e-05,55.72021423
4.8e-06,0.000132012,5.066667e-06,3.84e-05,35.72322151
4.8e-06,0.000132012,5.066667e-06,4.27e-05,40.78474028
4.8e-06,0.000132012,5.066667e-06,4.69e-05,45.98477421
4.8e-06,0.000132012,5.066667e-06,5.12e-05,49.58909976
4.8e-06,0.000132012,5.066667e-06,5.55e-05,51.86697895
4.8e-06,0.000132012,5.066667e-06,5.97e-05,53.29674142
4.8e-06,0.000132012,5.066667e-06,6.4e-05,54.18711067
4.8e-06,0.000132012,5.066667e-06,6.83e-05,54.74480033
4.8e-06,0.000132012,5.066667e-06,7.25e-05,55.09768671
4.8e-06,0.000132012,5.066667e-06,7.68e-05,55.3201241
4.8e-06,0.000132012,5.066667e-06,8.11e-05,55.45470749
4.8e-06,0.000132012,5.066667e-06,8.53e-05,55.52597066
4.8e-06,0.000132012,5.066667e-06,8.96e-05,55.5480646
4.8e-06,0.0003889991,5.333333e-06,3.84e-05,19.01848326
4.8e-06,0.0003889991,5.333333e-06,4.27e-05,20.28353534
4.8e-06,0.0003889991,5.333333e-06,4.69e-05,21.46352712
4.8e-06,0.0003889991,5.333333e-06,5.12e-05,22.57867226
4.8e-06,0.0003889991,5.333333e-06,5.55e-05,23.64474192
4.8e-06,0.0003889991,5.333333e-06,5.97e-05,24.67460615
4.8e-06,0.0003889991,5.333333e-06,6.4e-05,25.6780687
4.8e-06,0.0003889991,5.333333e-06,6.83e-05,26.66849468
4.8e-06,0.0003889991,5.333333e-06,7.25e-05,27.65147903
4.8e-06,0.0003889991,5.333333e-06,7.68e-05,28.63616472
4.8e-06,0.0003889991,5.333333e-06,8.11e-05,29.63568788
4.8e-06,0.0003889991,5.333333e-06,8.53e-05,30.6566382
4.8e-06,0.0003889991,5.333333e-06,8.96e-05,31.71034244
4.8e-06,0.0003889991,2.4e-06,3.84e-05,18.7636216
4.8e-06,0.0003889991,2.4e-06,4.27e-05,20.03081616
4.8e-06,0.0003889991,2.4e-06,4.69e-05,21.21334778
4.8e-06,0.0003889991,2.4e-06,5.12e-05,22.33147101
4.8e-06,0.0003889991,2.4e-06,5.55e-05,23.40101418
4.8e-06,0.0003889991,2.4e-06,5.97e-05,24.43492026
4.8e-06,0.0003889991,2.4e-06,6.4e-05,25.44154262
4.8e-06,0.0003889991,2.4e-06,6.83e-05,26.43887432
4.8e-06,0.0003889991,2.4e-06,7.25e-05,27.42691639
4.8e-06,0.0003889991,2.4e-06,7.68e-05,28.42200882
4.8e-06,0.0003889991,2.4e-06,8.11e-05,29.42929642
4.8e-06,0.0003889991,2.4e-06,8.53e-05,30.45386651
4.8e-06,0.0003889991,2.4e-06,8.96e-05,31.52708689
4.8e-06,0.0003889991,2.666667e-06,3.84e-05,18.14407819
4.8e-06,0.0003889991,2.666667e-06,4.27e-05,19.41698868
4.8e-06,0.0003889991,2.666667e-06,4.69e-05,20.60618769
4.8e-06,0.0003889991,2.666667e-06,5.12e-05,21.7320543
4.8e-06,0.0003889991,2.666667e-06,5.55e-05,22.8105727
4.8e-06,0.0003889991,2.666667e-06,5.97e-05,23.85488384
4.8e-06,0.0003889991,2.666667e-06,6.4e-05,24.87631509
4.8e-06,0.0003889991,2.666667e-06,6.83e-05,25.88287241
4.8e-06,0.0003889991,2.666667e-06,7.25e-05,26.89103136
4.8e-06,0.0003889991,2.666667e-06,7.68e-05,27.90374597
4.8e-06,0.0003889991,2.666667e-06,8.11e-05,28.93145498
4.8e-06,0.0003889991,2.666667e-06,8.53e-05,29.99143891
4.8e-06,0.0003889991,2.666667e-06,8.96e-05,31.09118335
4.8e-06,0.0003889991,2.933333e-06,3.84e-05,17.67090694
4.8e-06,0.0003889991,2.933333e-06,4.27e-05,18.94831076
4.8e-06,0.0003889991,2.933333e-06,4.69e-05,20.14320218
4.8e-06,0.0003889991,2.933333e-06,5.12e-05,21.275552
4.8e-06,0.0003889991,2.933333e-06,5.55e-05,22.36149867
4.8e-06,0.0003889991,2.933333e-06,5.97e-05,23.41435881
4.8e-06,0.0003889991,2.933333e-06,6.4e-05,24.44567222
4.8e-06,0.0003889991,2.933333e-06,6.83e-05,25.46596811
4.8e-06,0.0003889991,2.933333e-06,7.25e-05,26.48438874
4.8e-06,0.0003889991,2.933333e-06,7.68e-05,27.51384598
4.8e-06,0.0003889991,2.933333e-06,8.11e-05,28.56066541
4.8e-06,0.0003889991,2.933333e-06,8.53e-05,29.6425435
4.8e-06,0.0003889991,2.933333e-06,8.96e-05,30.76189647
4.8e-06,0.0003889991,3.2e-06,3.84e-05,17.07766434
4.8e-06,0.0003889991,3.2e-06,4.27e-05,18.36214238
4.8e-06,0.0003889991,3.2e-06,4.69e-05,19.56212225
4.8e-06,0.0003889991,3.2e-06,5.12e-05,20.70365122
4.8e-06,0.0003889991,3.2e-06,5.55e-05,21.79985666
4.8e-06,0.0003889991,3.2e-06,5.97e-05,22.8643487
4.8e-06,0.0003889991,3.2e-06,6.4e-05,23.90898777
4.8e-06,0.0003889991,3.2e-06,6.83e-05,24.94465561
4.8e-06,0.0003889991,3.2e-06,7.25e-05,25.98195191
4.8e-06,0.0003889991,3.2e-06,7.68e-05,27.03087466
4.8e-06,0.0003889991,3.2e-06,8.11e-05,28.10050754
4.8e-06,0.0003889991,3.2e-06,8.53e-05,29.21397243
4.8e-06,0.0003889991,3.2e-06,8.96e-05,30.37416692
4.8e-06,0.0003889991,3.466667e-06,3.84e-05,8.751542406
4.8e-06,0.0003889991,3.466667e-06,4.27e-05,9.838386216
4.8e-06,0.0003889991,3.466667e-06,4.69e-05,10.82100271
4.8e-06,0.0003889991,3.466667e-06,5.12e-05,11.71875819
4.8e-06,0.0003889991,3.466667e-06,5.55e-05,12.54784342
4.8e-06,0.0003889991,3.466667e-06,5.97e-05,13.31841044
4.8e-06,0.0003889991,3.466667e-06,6.4e-05,14.03935203
4.8e-06,0.0003889991,3.466667e-06,6.83e-05,14.71772231
4.8e-06,0.0003889991,3.466667e-06,7.25e-05,15.35959398
4.8e-06,0.0003889991,3.466667e-06,7.68e-05,15.96927038
4.8e-06,0.0003889991,3.466667e-06,8.11e-05,16.54915673
4.8e-06,0.0003889991,3.466667e-06,8.53e-05,17.104882
4.8e-06,0.0003889991,3.466667e-06,8.96e-05,17.63794344
4.8e-06,0.0003889991,3.733333e-06,3.84e-05,8.04616954
4.8e-06,0.0003889991,3.733333e-06,4.27e-05,9.133330407
4.8e-06,0.0003889991,3.733333e-06,4.69e-05,10.11648884
4.8e-06,0.0003889991,3.733333e-06,5.12e-05,11.01551314
4.8e-06,0.0003889991,3.733333e-06,5.55e-05,11.84424701
4.8e-06,0.0003889991,3.733333e-06,5.97e-05,12.61631143
4.8e-06,0.0003889991,3.733333e-06,6.4e-05,13.33860048
4.8e-06,0.0003889991,3.733333e-06,6.83e-05,14.01830916
4.8e-06,0.0003889991,3.733333e-06,7.25e-05,14.66119135
4.8e-06,0.0003889991,3.733333e-06,7.68e-05,15.27255029
4.8e-06,0.0003889991,3.733333e-06,8.11e-05,15.85409744
4.8e-06,0.0003889991,3.733333e-06,8.53e-05,16.41142965
4.8e-06,0.0003889991,3.733333e-06,8.96e-05,16.94678613
4.8e-06,0.0003889991,4.8e-06,3.84e-05,7.0970552
4.8e-06,0.0003889991,4.8e-06,4.27e-05,8.185182841
4.8e-06,0.0003889991,4.8e-06,4.69e-05,9.169455506
4.8e-06,0.0003889991,4.8e-06,5.12e-05,10.06978441
4.8e-06,0.0003889991,4.8e-06,5.55e-05,10.90091198
4.8e-06,0.0003889991,4.8e-06,5.97e-05,11.67406578
4.8e-06,0.0003889991,4.8e-06,6.4e-05,12.39712381
4.8e-06,0.0003889991,4.8e-06,6.83e-05,13.07943358
4.8e-06,0.0003889991,4.8e-06,7.25e-05,13.72468241
4.8e-06,0.0003889991,4.8e-06,7.68e-05,14.33779011
4.8e-06,0.0003889991,4.8e-06,8.11e-05,14.92207793
4.8e-06,0.0003889991,4.8e-06,8.53e-05,15.48307344
4.8e-06,0.0003889991,4.8e-06,8.96e-05,16.02040358
4.8e-06,0.0003889991,4.266667e-06,3.84e-05,7.516687456
4.8e-06,0.0003889991,4.266667e-06,4.27e-05,8.604264741
4.8e-06,0.0003889991,4.266667e-06,4.69e-05,9.587973319
4.8e-06,0.0003889991,4.266667e-06,5.12e-05,10.48767381
4.8e-06,0.0003889991,4.266667e-06,5.55e-05,11.3180938
4.8e-06,0.0003889991,4.266667e-06,5.97e-05,12.08945241
4.8e-06,0.0003889991,4.266667e-06,6.4e-05,12.81321695
4.8e-06,0.0003889991,4.266667e-06,6.83e-05,13.49419229
4.8e-06,0.0003889991,4.266667e-06,7.25e-05,14.1382995
4.8e-06,0.0003889991,4.266667e-06,7.68e-05,14.75029535
4.8e-06,0.0003889991,4.266667e-06,8.11e-05,15.33477976
4.8e-06,0.0003889991,4.266667e-06,8.53e-05,15.89286523
4.8e-06,0.0003889991,4.266667e-06,8.96e-05,16.4294506
4.8e-06,0.0003889991,4.533333e-06,3.84e-05,6.860757726
4.8e-06,0.0003889991,4.533333e-06,4.27e-05,7.948837742
4.8e-06,0.0003889991,4.533333e-06,4.69e-05,8.93351646
4.8e-06,0.0003889991,4.533333e-06,5.12e-05,9.834250769
4.8e-06,0.0003889991,4.533333e-06,5.55e-05,10.66581309
4.8e-06,0.0003889991,4.533333e-06,5.97e-05,11.43944236
4.8e-06,0.0003889991,4.533333e-06,6.4e-05,12.16389479
4.8e-06,0.0003889991,4.533333e-06,6.83e-05,12.84566754
4.8e-06,0.0003889991,4.533333e-06,7.25e-05,13.49167799
4.8e-06,0.0003889991,4.533333e-06,7.68e-05,14.10547235
4.8e-06,0.0003889991,4.533333e-06,8.11e-05,14.69108565
4.8e-06,0.0003889991,4.533333e-06,8.53e-05,15.25238395
4.8e-06,0.0003889991,4.533333e-06,8.96e-05,15.79040661
4.8e-06,0.0003889991,4e-06,3.84e-05,36.05522036
4.8e-06,0.0003889991,4e-06,4.27e-05,40.72431902
4.8e-06,0.0003889991,4e-06,4.69e-05,45.73179115
4.8e-06,0.0003889991,4e-06,5.12e-05,49.48699616
4.8e-06,0.0003889991,4e-06,5.55e-05,51.94286302
4.8e-06,0.0003889991,4e-06,5.97e-05,53.51605648
4.8e-06,0.0003889991,4e-06,6.4e-05,54.50111007
4.8e-06,0.0003889991,4e-06,6.83e-05,55.10738185
4.8e-06,0.0003889991,4e-06,7.25e-05,55.48090699
4.8e-06,0.0003889991,4e-06,7.68e-05,55.70687988
4.8e-06,0.0003889991,4e-06,8.11e-05,55.83428351
4.8e-06,0.0003889991,4e-06,8.53e-05,55.89109718
4.8e-06,0.0003889991,4e-06,8.96e-05,55.89316285
4.8e-06,0.0003889991,5.6e-06,3.84e-05,35.81506135
4.8e-06,0.0003889991,5.6e-06,4.27e-05,40.69442624
4.8e-06,0.0003889991,5.6e-06,4.69e-05,45.8230008
4.8e-06,0.0003889991,5.6e-06,5.12e-05,49.50965412
4.8e-06,0.0003889991,5.6e-06,5.55e-05,51.87053628
4.8e-06,0.0003889991,5.6e-06,5.97e-05,53.36764412
4.8e-06,0.0003889991,5.6e-06,6.4e-05,54.30124304
4.8e-06,0.0003889991,5.6e-06,6.83e-05,54.8816467
4.8e-06,0.0003889991,5.6e-06,7.25e-05,55.24459781
4.8e-06,0.0003889991,5.6e-06,7.68e-05,55.46939011
4.8e-06,0.0003889991,5.6e-06,8.11e-05,55.60152086
4.8e-06,0.0003889991,5.6e-06,8.53e-05,55.66710246
4.8e-06,0.0003889991,5.6e-06,8.96e-05,55.68108071
4.8e-06,0.0003889991,5.066667e-06,3.84e-05,35.64325123
4.8e-06,0.0003889991,5.066667e-06,4.27e-05,40.68967538
4.8e-06,0.0003889991,5.066667e-06,4.69e-05,45.89479862
4.8e-06,0.0003889991,5.066667e-06,5.12e-05,49.51444772
4.8e-06,0.0003889991,5.066667e-06,5.55e-05,51.80336922
4.8e-06,0.0003889991,5.066667e-06,5.97e-05,53.24082775
4.8e-06,0.0003889991,5.066667e-06,6.4e-05,54.13651772
4.8e-06,0.0003889991,5.066667e-06,6.83e-05,54.69771069
4.8e-06,0.0003889991,5.066667e-06,7.25e-05,55.05295561
4.8e-06,0.0003889991,5.066667e-06,7.68e-05,55.27706469
4.8e-06,0.0003889991,5.066667e-06,8.11e-05,55.412922
4.8e-06,0.0003889991,5.066667e-06,8.53e-05,55.48523995
4.8e-06,0.0003889991,5.066667e-06,8.96e-05,55.50828406
4.8e-06,4.48e-05,5.333333e-06,3.84e-05,19.16479599
4.8e-06,4.48e-05,5.333333e-06,4.27e-05,20.4309666
4.8e-06,4.48e-05,5.333333e-06,4.69e-05,21.6122216
4.8e-06,4.48e-05,5.333333e-06,5.12e-05,22.72879304
4.8e-06,4.48e-05,5.333333e-06,5.55e-05,23.79647662
4.8e-06,4.48e-05,5.333333e-06,5.97e-05,24.82817404
4.8e-06,4.48e-05,5.333333e-06,6.4e-05,25.83373006
4.8e-06,4.48e-05,5.333333e-06,6.83e-05,26.82655931
4.8e-06,4.48e-05,5.333333e-06,7.25e-05,27.81232719
4.8e-06,4.48e-05,5.333333e-06,7.68e-05,28.80021702
4.8e-06,4.48e-05,5.333333e-06,8.11e-05,29.80356829
4.8e-06,4.48e-05,5.333333e-06,8.53e-05,30.82902511
4.8e-06,4.48e-05,5.333333e-06,8.96e-05,31.88810531
4.8e-06,4.48e-05,2.4e-06,3.84e-05,18.91097755
4.8e-06,4.48e-05,2.4e-06,4.27e-05,20.17931606
4.8e-06,4.48e-05,2.4e-06,4.69e-05,21.36314092
4.8e-06,4.48e-05,2.4e-06,5.12e-05,22.48272602
4.8e-06,4.48e-05,2.4e-06,5.55e-05,23.55392551
4.8e-06,4.48e-05,2.4e-06,5.97e-05,24.58971554
4.8e-06,4.48e-05,2.4e-06,6.4e-05,25.59849298
4.8e-06,4.48e-05,2.4e-06,6.83e-05,26.59830295
4.8e-06,4.48e-05,2.4e-06,7.25e-05,27.58923947
4.8e-06,4.48e-05,2.4e-06,7.68e-05,28.58765079
4.8e-06,4.48e-05,2.4e-06,8.11e-05,29.59888427
4.8e-06,4.48e-05,2.4e-06,8.53e-05,30.62810302
4.8e-06,4.48e-05,2.4e-06,8.96e-05,31.70694583
4.8e-06,4.48e-05,2.666667e-06,3.84e-05,18.29411412
4.8e-06,4.48e-05,2.666667e-06,4.27e-05,19.5682379
4.8e-06,4.48e-05,2.666667e-06,4.69e-05,20.75881176
4.8e-06,4.48e-05,2.666667e-06,5.12e-05,21.8862367
4.8e-06,4.48e-05,2.666667e-06,5.55e-05,22.96652599
4.8e-06,4.48e-05,2.666667e-06,5.97e-05,24.01285808
4.8e-06,4.48e-05,2.666667e-06,6.4e-05,25.03660811
4.8e-06,4.48e-05,2.666667e-06,6.83e-05,26.0458498
4.8e-06,4.48e-05,2.666667e-06,7.25e-05,27.05711745
4.8e-06,4.48e-05,2.666667e-06,7.68e-05,28.07348988
4.8e-06,4.48e-05,2.666667e-06,8.11e-05,29.10544694
4.8e-06,4.48e-05,2.666667e-06,8.53e-05,30.17062494
4.8e-06,4.48e-05,2.666667e-06,8.96e-05,31.27656012
4.8e-06,4.48e-05,2.933333e-06,3.84e-05,17.82312124
4.8e-06,4.48e-05,2.933333e-06,4.27e-05,19.10181066
4.8e-06,4.48e-05,2.933333e-06,4.69e-05,20.29814833
4.8e-06,4.48e-05,2.933333e-06,5.12e-05,21.43214051
4.8e-06,4.48e-05,2.933333e-06,5.55e-05,22.51995758
4.8e-06,4.48e-05,2.933333e-06,5.97e-05,23.57495732
4.8e-06,4.48e-05,2.933333e-06,6.4e-05,24.60873211
4.8e-06,4.48e-05,2.933333e-06,6.83e-05,25.63187877
4.8e-06,4.48e-05,2.933333e-06,7.25e-05,26.653632
4.8e-06,4.48e-05,2.933333e-06,7.68e-05,27.68699289
4.8e-06,4.48e-05,2.933333e-06,8.11e-05,28.73816011
4.8e-06,4.48e-05,2.933333e-06,8.53e-05,29.82587615
4.8e-06,4.48e-05,2.933333e-06,8.96e-05,30.95188666
4.8e-06,4.48e-05,3.2e-06,3.84e-05,17.2328195
4.8e-06,4.48e-05,3.2e-06,4.27e-05,18.5186798
4.8e-06,4.48e-05,3.2e-06,4.69e-05,19.72019372
4.8e-06,4.48e-05,3.2e-06,5.12e-05,20.86348512
4.8e-06,4.48e-05,3.2e-06,5.55e-05,21.96170255
4.8e-06,4.48e-05,3.2e-06,5.97e-05,23.02850251
4.8e-06,4.48e-05,3.2e-06,6.4e-05,24.07580478
4.8e-06,4.48e-05,3.2e-06,6.83e-05,25.11456689
4.8e-06,4.48e-05,3.2e-06,7.25e-05,26.15548796
4.8e-06,4.48e-05,3.2e-06,7.68e-05,27.20869537
4.8e-06,4.48e-05,3.2e-06,8.11e-05,28.28350488
4.8e-06,4.48e-05,3.2e-06,8.53e-05,29.40298647
4.8e-06,4.48e-05,3.2e-06,8.96e-05,30.57059043
4.8e-06,4.48e-05,3.466667e-06,3.84e-05,8.900869481
4.8e-06,4.48e-05,3.466667e-06,4.27e-05,9.987888642
4.8e-06,4.48e-05,3.466667e-06,4.69e-05,10.97070217
4.8e-06,4.48e-05,3.466667e-06,5.12e-05,11.86867076
4.8e-06,4.48e-05,3.466667e-06,5.55e-05,12.69798849
4.8e-06,4.48e-05,3.466667e-06,5.97e-05,13.4688022
4.8e-06,4.48e-05,3.466667e-06,6.4e-05,14.19000356
4.8e-06,4.48e-05,3.466667e-06,6.83e-05,14.86864646
4.8e-06,4.48e-05,3.466667e-06,7.25e-05,15.5108006
4.8e-06,4.48e-05,3.466667e-06,7.68e-05,16.12077391
4.8e-06,4.48e-05,3.466667e-06,8.11e-05,16.70097389
4.8e-06,4.48e-05,3.466667e-06,8.53e-05,17.25702225
4.8e-06,4.48e-05,3.466667e-06,8.96e-05,17.79041863
4.8e-06,4.48e-05,3.733333e-06,3.84e-05,8.198292838
4.8e-06,4.48e-05,3.733333e-06,4.27e-05,9.285638891
4.8e-06,4.48e-05,3.733333e-06,4.69e-05,10.26900511
4.8e-06,4.48e-05,3.733333e-06,5.12e-05,11.16825637
4.8e-06,4.48e-05,3.733333e-06,5.55e-05,11.9972304
4.8e-06,4.48e-05,3.733333e-06,5.97e-05,12.76955616
4.8e-06,4.48e-05,3.733333e-06,6.4e-05,13.4921201
4.8e-06,4.48e-05,3.733333e-06,6.83e-05,14.1721168
4.8e-06,4.48e-05,3.733333e-06,7.25e-05,14.8153003
4.8e-06,4.48e-05,3.733333e-06,7.68e-05,15.42697215
4.8e-06,4.48e-05,3.733333e-06,8.11e-05,16.00884133
4.8e-06,4.48e-05,3.733333e-06,8.53e-05,16.56652182
4.8e-06,4.48e-05,3.733333e-06,8.96e-05,17.10223521
4.8e-06,4.48e-05,4.8e-06,3.84e-05,7.25326235
4.8e-06,4.48e-05,4.8e-06,4.27e-05,8.341591576
4.8e-06,4.48e-05,4.8e-06,4.69e-05,9.326090116
4.8e-06,4.48e-05,4.8e-06,5.12e-05,10.22666537
4.8e-06,4.48e-05,4.8e-06,5.55e-05,11.05805752
4.8e-06,4.48e-05,4.8e-06,5.97e-05,11.83149267
4.8e-06,4.48e-05,4.8e-06,6.4e-05,12.55484346
4.8e-06,4.48e-05,4.8e-06,6.83e-05,13.23746848
4.8e-06,4.48e-05,4.8e-06,7.25e-05,13.88304591
4.8e-06,4.48e-05,4.8e-06,7.68e-05,14.49649637
4.8e-06,4.48e-05,4.8e-06,8.11e-05,15.08114469
4.8e-06,4.48e-05,4.8e-06,8.53e-05,15.64250429
4.8e-06,4.48e-05,4.8e-06,8.96e-05,16.18022687
4.8e-06,4.48e-05,4.266667e-06,3.84e-05,7.671041276
4.8e-06,4.48e-05,4.266667e-06,4.27e-05,8.758812488
4.8e-06,4.48e-05,4.266667e-06,4.69e-05,9.742738391
4.8e-06,4.48e-05,4.266667e-06,5.12e-05,10.6426761
4.8e-06,4.48e-05,4.266667e-06,5.55e-05,11.47335093
4.8e-06,4.48e-05,4.266667e-06,5.97e-05,12.244976
4.8e-06,4.48e-05,4.266667e-06,6.4e-05,12.96902942
4.8e-06,4.48e-05,4.266667e-06,6.83e-05,13.65030686
4.8e-06,4.48e-05,4.266667e-06,7.25e-05,14.29472965
4.8e-06,4.48e-05,4.266667e-06,7.68e-05,14.90705499
4.8e-06,4.48e-05,4.266667e-06,8.11e-05,15.49188046
4.8e-06,4.48e-05,4.266667e-06,8.53e-05,16.05032675
4.8e-06,4.48e-05,4.266667e-06,8.96e-05,16.58728518
4.8e-06,4.48e-05,4.533333e-06,3.84e-05,7.018042124
4.8e-06,4.48e-05,4.533333e-06,4.27e-05,8.106332304
4.8e-06,4.48e-05,4.533333e-06,4.69e-05,9.091242196
4.8e-06,4.48e-05,4.533333e-06,5.12e-05,9.992228439
4.8e-06,4.48e-05,4.533333e-06,5.55e-05,10.82406126
4.8e-06,4.48e-05,4.533333e-06,5.97e-05,11.59797817
4.8e-06,4.48e-05,4.533333e-06,6.4e-05,12.32273444
4.8e-06,4.48e-05,4.533333e-06,6.83e-05,13.00482391
4.8e-06,4.48e-05,4.533333e-06,7.25e-05,13.65117112
4.8e-06,4.48e-05,4.533333e-06,7.68e-05,14.26531641
4.8e-06,4.48e-05,4.533333e-06,8.11e-05,14.85129558
4.8e-06,4.48e-05,4.533333e-06,8.53e-05,15.41297276
4.8e-06,4.48e-05,4.533333e-06,8.96e-05,15.95139531
4.8e-06,4.48e-05,4e-06,3.84e-05,36.26121292
4.8e-06,4.48e-05,4e-06,4.27e-05,40.96886713
4.8e-06,4.48e-05,4e-06,4.69e-05,45.97422297
4.8e-06,4.48e-05,4e-06,5.12e-05,49.69106419
4.8e-06,4.48e-05,4e-06,5.55e-05,52.11831572
4.8e-06,4.48e-05,4e-06,5.97e-05,53.67005104
4.8e-06,4.48e-05,4e-06,6.4e-05,54.6385192
4.8e-06,4.48e-05,4e-06,6.83e-05,55.23412556
4.8e-06,4.48e-05,4e-06,7.25e-05,55.60044884
4.8e-06,4.48e-05,4e-06,7.68e-05,55.82132842
4.8e-06,4.48e-05,4e-06,8.11e-05,55.94485534
4.8e-06,4.48e-05,4e-06,8.53e-05,55.9984487
4.8e-06,4.48e-05,4e-06,8.96e-05,55.99758734
4.8e-06,4.48e-05,5.6e-06,3.84e-05,36.02942298
4.8e-06,4.48e-05,5.6e-06,4.27e-05,40.94950803
4.8e-06,4.48e-05,5.6e-06,4.69e-05,46.06878906
4.8e-06,4.48e-05,5.6e-06,5.12e-05,49.71429651
4.8e-06,4.48e-05,5.6e-06,5.55e-05,52.04565651
4.8e-06,4.48e-05,5.6e-06,5.97e-05,53.52120905
4.8e-06,4.48e-05,5.6e-06,6.4e-05,54.4392373
4.8e-06,4.48e-05,5.6e-06,6.83e-05,55.0094816
4.8e-06,4.48e-05,5.6e-06,7.25e-05,55.36558523
4.8e-06,4.48e-05,5.6e-06,7.68e-05,55.58552753
4.8e-06,4.48e-05,5.6e-06,8.11e-05,55.71396223
4.8e-06,4.48e-05,5.6e-06,8.53e-05,55.77647695
4.8e-06,4.48e-05,5.6e-06,8.96e-05,55.78767936
4.8e-06,4.48e-05,5.066667e-06,3.84e-05,35.86475606
4.8e-06,4.48e-05,5.066667e-06,4.27e-05,40.95341043
4.8e-06,4.48e-05,5.066667e-06,4.69e-05,46.14354746
4.8e-06,4.48e-05,5.066667e-06,5.12e-05,49.72024961
4.8e-06,4.48e-05,5.066667e-06,5.55e-05,51.97830579
4.8e-06,4.48e-05,5.066667e-06,5.97e-05,53.39421995
4.8e-06,4.48e-05,5.066667e-06,6.4e-05,54.27506813
4.8e-06,4.48e-05,5.066667e-06,6.83e-05,54.82647891
4.8e-06,4.48e-05,5.066667e-06,7.25e-05,55.17513695
4.8e-06,4.48e-05,5.066667e-06,7.68e-05,55.394574
4.8e-06,4.48e-05,5.066667e-06,8.11e-05,55.52686701
4.8e-06,4.48e-05,5.066667e-06,8.53e-05,55.59622966
4.8e-06,4.48e-05,5.066667e-06,8.96e-05,55.61660753
5.333333e-06,0.000132012,5.333333e-06,3.84e-05,19.12024362
5.333333e-06,0.000132012,5.333333e-06,4.27e-05,20.38606548
5.333333e-06,0.000132012,5.333333e-06,4.69e-05,21.56692657
5.333333e-06,0.000132012,5.333333e-06,5.12e-05,22.68305318
5.333333e-06,0.000132012,5.333333e-06,5.55e-05,23.75023334
5.333333e-06,0.000132012,5.333333e-06,5.97e-05,24.78135883
5.333333e-06,0.000132012,5.333333e-06,6.4e-05,25.78626191
5.333333e-06,0.000132012,5.333333e-06,6.83e-05,26.77834074
5.333333e-06,0.000132012,5.333333e-06,7.25e-05,27.76323982
5.333333e-06,0.000132012,5.333333e-06,7.68e-05,28.75012713
5.333333e-06,0.000132012,5.333333e-06,8.11e-05,29.75228387
5.333333e-06,0.000132012,5.333333e-06,8.53e-05,30.77633276
5.333333e-06,0.000132012,5.333333e-06,8.96e-05,31.83373227
5.333333e-06,0.000132012,2.4e-06,3.84e-05,18.86611748
5.333333e-06,0.000132012,2.4e-06,4.27e-05,20.13409929
5.333333e-06,0.000132012,2.4e-06,4.69e-05,21.31752084
5.333333e-06,0.000132012,2.4e-06,5.12e-05,22.43664998
5.333333e-06,0.000132012,2.4e-06,5.55e-05,23.50733277
5.333333e-06,0.000132012,2.4e-06,5.97e-05,24.54253498
5.333333e-06,0.000132012,2.4e-06,6.4e-05,25.55064052
5.333333e-06,0.000132012,2.4e-06,6.83e-05,26.5496763
5.333333e-06,0.000132012,2.4e-06,7.25e-05,27.53971039
5.333333e-06,0.000132012,2.4e-06,7.68e-05,28.53708341
5.333333e-06,0.000132012,2.4e-06,8.11e-05,29.54708426
5.333333e-06,0.000132012,2.4e-06,8.53e-05,30.57484591
5.333333e-06,0.000132012,2.4e-06,8.96e-05,31.65193519
5.333333e-06,0.000132012,2.666667e-06,3.84e-05,18.24846129
5.333333e-06,0.000132012,2.666667e-06,4.27e-05,19.52220666
5.333333e-06,0.000132012,2.666667e-06,4.69e-05,20.71235167
5.333333e-06,0.000132012,2.666667e-06,5.12e-05,21.83929045
5.333333e-06,0.000132012,2.666667e-06,5.55e-05,22.91902718
5.333333e-06,0.000132012,2.666667e-06,5.97e-05,23.96472854
5.333333e-06,0.000132012,2.666667e-06,6.4e-05,24.98775473
5.333333e-06,0.000132012,2.666667e-06,6.83e-05,25.996159
5.333333e-06,0.000132012,2.666667e-06,7.25e-05,27.006455
5.333333e-06,0.000132012,2.666667e-06,7.68e-05,28.02168499
5.333333e-06,0.000132012,2.666667e-06,8.11e-05,29.05231109
5.333333e-06,0.000132012,2.666667e-06,8.53e-05,30.11586743
5.333333e-06,0.000132012,2.666667e-06,8.96e-05,31.2198673
5.333333e-06,0.000132012,2.933333e-06,3.84e-05,17.77682196
5.333333e-06,0.000132012,2.933333e-06,4.27e-05,19.05511062
5.333333e-06,0.000132012,2.933333e-06,4.69e-05,20.25099708
5.333333e-06,0.000132012,2.933333e-06,5.12e-05,21.3844768
5.333333e-06,0.000132012,2.933333e-06,5.55e-05,22.47171014
5.333333e-06,0.000132012,2.933333e-06,5.97e-05,23.52604201
5.333333e-06,0.000132012,2.933333e-06,6.4e-05,24.55904829
5.333333e-06,0.000132012,2.933333e-06,6.83e-05,25.58130464
5.333333e-06,0.000132012,2.933333e-06,7.25e-05,26.60201723
5.333333e-06,0.000132012,2.933333e-06,7.68e-05,27.63415779
5.333333e-06,0.000132012,2.933333e-06,8.11e-05,28.68395403
5.333333e-06,0.000132012,2.933333e-06,8.53e-05,29.76985631
5.333333e-06,0.000132012,2.933333e-06,8.96e-05,30.89377921
5.333333e-06,0.000132012,3.2e-06,3.84e-05,17.18564531
5.333333e-06,0.000132012,3.2e-06,4.27e-05,18.47107463
5.333333e-06,0.000132012,3.2e-06,4.69e-05,19.67211003
5.333333e-06,0.000132012,3.2e-06,5.12e-05,20.81485137
5.333333e-06,0.000132012,3.2e-06,5.55e-05,21.91244073
5.333333e-06,0.000132012,3.2e-06,5.97e-05,22.97852009
5.333333e-06,0.000132012,3.2e-06,6.4e-05,24.02499064
5.333333e-06,0.000132012,3.2e-06,6.83e-05,25.06278614
5.333333e-06,0.000132012,3.2e-06,7.25e-05,26.10257451
5.333333e-06,0.000132012,3.2e-06,7.68e-05,27.15444299
5.333333e-06,0.000132012,3.2e-06,8.11e-05,28.22763776
5.333333e-06,0.000132012,3.2e-06,8.53e-05,29.34523243
5.333333e-06,0.000132012,3.2e-06,8.96e-05,30.51051789
5.333333e-06,0.000132012,3.466667e-06,3.84e-05,8.855396182
5.333333e-06,0.000132012,3.466667e-06,4.27e-05,9.942360681
5.333333e-06,0.000132012,3.466667e-06,4.69e-05,10.92511279
5.333333e-06,0.000132012,3.466667e-06,5.12e-05,11.82301498
5.333333e-06,0.000132012,3.466667e-06,5.55e-05,12.65226024
5.333333e-06,0.000132012,3.466667e-06,5.97e-05,13.42299706
5.333333e-06,0.000132012,3.466667e-06,6.4e-05,14.14411745
5.333333e-06,0.000132012,3.466667e-06,6.83e-05,14.82267538
5.333333e-06,0.000132012,3.466667e-06,7.25e-05,15.4647418
5.333333e-06,0.000132012,3.466667e-06,7.68e-05,16.07462229
5.333333e-06,0.000132012,3.466667e-06,8.11e-05,16.65472446
5.333333e-06,0.000132012,3.466667e-06,8.53e-05,17.21067214
5.333333e-06,0.000132012,3.466667e-06,8.96e-05,17.74396407
5.333333e-06,0.000132012,3.733333e-06,3.84e-05,8.151995244
5.333333e-06,0.000132012,3.733333e-06,4.27e-05,9.239283557
5.333333e-06,0.000132012,3.733333e-06,4.69e-05,10.222585
5.333333e-06,0.000132012,3.733333e-06,5.12e-05,11.1217655
5.333333e-06,0.000132012,3.733333e-06,5.55e-05,11.95066472
5.333333e-06,0.000132012,3.733333e-06,5.97e-05,12.72290898
5.333333e-06,0.000132012,3.733333e-06,6.4e-05,13.44538722
5.333333e-06,0.000132012,3.733333e-06,6.83e-05,14.12529413
5.333333e-06,0.000132012,3.733333e-06,7.25e-05,14.76838369
5.333333e-06,0.000132012,3.733333e-06,7.68e-05,15.37995821
5.333333e-06,0.000132012,3.733333e-06,8.11e-05,15.96172648
5.333333e-06,0.000132012,3.733333e-06,8.53e-05,16.5192986
5.333333e-06,0.000132012,3.733333e-06,8.96e-05,17.0549008
5.333333e-06,0.000132012,4.8e-06,3.84e-05,7.205755854
5.333333e-06,0.000132012,4.8e-06,4.27e-05,8.294022214
5.333333e-06,0.000132012,4.8e-06,4.69e-05,9.278450317
5.333333e-06,0.000132012,4.8e-06,5.12e-05,10.17894875
5.333333e-06,0.000132012,4.8e-06,5.55e-05,11.0102584
5.333333e-06,0.000132012,4.8e-06,5.97e-05,11.78360583
5.333333e-06,0.000132012,4.8e-06,6.4e-05,12.5068654
5.333333e-06,0.000132012,4.8e-06,6.83e-05,13.18939208
5.333333e-06,0.000132012,4.8e-06,7.25e-05,13.83486703
5.333333e-06,0.000132012,4.8e-06,7.68e-05,14.4482106
5.333333e-06,0.000132012,4.8e-06,8.11e-05,15.03274702
5.333333e-06,0.000132012,4.8e-06,8.53e-05,15.59399247
5.333333e-06,0.000132012,4.8e-06,8.96e-05,16.13159269
5.333333e-06,0.000132012,4.266667e-06,3.84e-05,7.624084026
5.333333e-06,0.000132012,4.266667e-06,4.27e-05,8.711794764
5.333333e-06,0.000132012,4.266667e-06,4.69e-05,9.695652904
5.333333e-06,0.000132012,4.266667e-06,5.12e-05,10.59551665
5.333333e-06,0.000132012,4.266667e-06,5.55e-05,11.42611203
5.333333e-06,0.000132012,4.266667e-06,5.97e-05,12.19765409
5.333333e-06,0.000132012,4.266667e-06,6.4e-05,12.9216174
5.333333e-06,0.000132012,4.266667e-06,6.83e-05,13.60280064
5.333333e-06,0.000132012,4.266667e-06,7.25e-05,14.24712503
5.333333e-06,0.000132012,4.266667e-06,7.68e-05,14.85934764
5.333333e-06,0.000132012,4.266667e-06,8.11e-05,15.44406686
5.333333e-06,0.000132012,4.266667e-06,8.53e-05,16.00240054
5.333333e-06,0.000132012,4.266667e-06,8.96e-05,16.53924265
5.333333e-06,0.000132012,4.533333e-06,3.84e-05,6.970216029
5.333333e-06,0.000132012,4.533333e-06,4.27e-05,8.058440682
5.333333e-06,0.000132012,4.533333e-06,4.69e-05,9.043278478
5.333333e-06,0.000132012,4.533333e-06,5.12e-05,9.944186157
5.333333e-06,0.000132012,4.533333e-06,5.55e-05,10.77593463
5.333333e-06,0.000132012,4.533333e-06,5.97e-05,11.54976184
5.333333e-06,0.000132012,4.533333e-06,6.4e-05,12.27442337
5.333333e-06,0.000132012,4.533333e-06,6.83e-05,12.95641413
5.333333e-06,0.000132012,4.533333e-06,7.25e-05,13.60265629
5.333333e-06,0.000132012,4.533333e-06,7.68e-05,14.21669213
5.333333e-06,0.000132012,4.533333e-06,8.11e-05,14.80255717
5.333333e-06,0.000132012,4.533333e-06,8.53e-05,15.3641163
5.333333e-06,0.000132012,4.533333e-06,8.96e-05,15.90241404
5.333333e-06,0.000132012,4e-06,3.84e-05,36.19799579
5.333333e-06,0.000132012,4e-06,4.27e-05,40.89366547
5.333333e-06,0.000132012,4e-06,4.69e-05,45.89989863
5.333333e-06,0.000132012,4e-06,5.12e-05,49.62865778
5.333333e-06,0.000132012,4e-06,5.55e-05,52.0647962
5.333333e-06,0.000132012,4e-06,5.97e-05,53.62320178
5.333333e-06,0.000132012,4e-06,6.4e-05,54.59679854
5.333333e-06,0.000132012,4e-06,6.83e-05,55.19570764
5.333333e-06,0.000132012,4e-06,7.25e-05,55.56426121
5.333333e-06,0.000132012,4e-06,7.68e-05,55.7867192
5.333333e-06,0.000132012,4e-06,8.11e-05,55.91144896
5.333333e-06,0.000132012,4e-06,8.53e-05,55.96604304
5.333333e-06,0.000132012,4e-06,8.96e-05,55.96609278
5.333333e-06,0.000132012,5.6e-06,3.84e-05,35.96362468
5.333333e-06,0.000132012,5.6e-06,4.27e-05,40.87106472
5.333333e-06,0.000132012,5.6e-06,4.69e-05,45.99346236
5.333333e-06,0.000132012,5.6e-06,5.12e-05,49.65175582
5.333333e-06,0.000132012,5.6e-06,5.55e-05,51.99227904
5.333333e-06,0.000132012,5.6e-06,5.97e-05,53.47452734
5.333333e-06,0.000132012,5.6e-06,6.4e-05,54.39737094
5.333333e-06,0.000132012,5.6e-06,6.83e-05,54.97076099
5.333333e-06,0.000132012,5.6e-06,7.25e-05,55.32898517
5.333333e-06,0.000132012,5.6e-06,7.68e-05,55.55043056
5.333333e-06,0.000132012,5.6e-06,8.11e-05,55.68001208
5.333333e-06,0.000132012,5.6e-06,8.53e-05,55.74347986
5.333333e-06,0.000132012,5.6e-06,8.96e-05,55.75554631
5.333333e-06,0.000132012,5.066667e-06,3.84e-05,35.79675191
5.333333e-06,0.000132012,5.066667e-06,4.27e-05,40.87230459
5.333333e-06,0.000132012,5.066667e-06,4.69e-05,46.06734071
5.333333e-06,0.000132012,5.066667e-06,5.12e-05,49.65739268
5.333333e-06,0.000132012,5.066667e-06,5.55e-05,51.92501612
5.333333e-06,0.000132012,5.066667e-06,5.97e-05,53.34761907
5.333333e-06,0.000132012,5.066667e-06,6.4e-05,54.23305744
5.333333e-06,0.000132012,5.066667e-06,6.83e-05,54.78749694
5.333333e-06,0.000132012,5.066667e-06,7.25e-05,55.1381948
5.333333e-06,0.000132012,5.066667e-06,7.68e-05,55.35907979
5.333333e-06,0.000132012,5.066667e-06,8.11e-05,55.49247878
5.333333e-06,0.000132012,5.066667e-06,8.53e-05,55.56275981
5.333333e-06,0.000132012,5.066667e-06,8.96e-05,55.58396758
