a,b,c,d,pm
1.12e-05,0.000132012,2.4e-06,3.84e-05,87.25892675
1.12e-05,0.000132012,2.4e-06,4.27e-05,88.48425649
1.12e-05,0.000132012,2.4e-06,4.69e-05,89.62407255
1.12e-05,0.000132012,2.4e-06,5.12e-05,90.90816184
1.12e-05,0.000132012,2.4e-06,5.55e-05,92.11969459
1.12e-05,0.000132012,2.4e-06,5.97e-05,93.18546752
1.12e-05,0.000132012,2.4e-06,6.4e-05,94.13902737
1.12e-05,0.000132012,2.4e-06,6.83e-05,94.7999845
1.12e-05,0.000132012,2.4e-06,7.25e-05,95.02511744
1.12e-05,0.000132012,2.4e-06,7.68e-05,95.01821047
1.12e-05,0.000132012,2.4e-06,8.11e-05,94.80062339
1.12e-05,0.000132012,2.4e-06,8.53e-05,94.09516189
1.12e-05,0.000132012,2.4e-06,8.96e-05,92.45045759
1.12e-05,0.000132012,2.666667e-06,3.84e-05,88.75406112
1.12e-05,0.000132012,2.666667e-06,4.27e-05,89.93456528
1.12e-05,0.000132012,2.666667e-06,4.69e-05,91.03439531
1.12e-05,0.000132012,2.666667e-06,5.12e-05,92.27173687
1.12e-05,0.000132012,2.666667e-06,5.55e-05,93.45728779
1.12e-05,0.000132012,2.666667e-06,5.97e-05,94.50429522
1.12e-05,0.000132012,2.666667e-06,6.4e-05,95.44508946
1.12e-05,0.000132012,2.666667e-06,6.83e-05,96.03102689
1.12e-05,0.000132012,2.666667e-06,7.25e-05,96.19394027
1.12e-05,0.000132012,2.666667e-06,7.68e-05,96.12415433
1.12e-05,0.000132012,2.666667e-06,8.11e-05,95.84085376
1.12e-05,0.000132012,2.666667e-06,8.53e-05,94.72915124
1.12e-05,0.000132012,2.666667e-06,8.96e-05,92.85888036
1.12e-05,0.000132012,2.933333e-06,3.84e-05,90.49933619
1.12e-05,0.000132012,2.933333e-06,4.27e-05,91.62569989
1.12e-05,0.000132012,2.933333e-06,4.69e-05,92.68448998
1.12e-05,0.000132012,2.933333e-06,5.12e-05,93.86828396
1.12e-05,0.000132012,2.933333e-06,5.55e-05,95.02784605
1.12e-05,0.000132012,2.933333e-06,5.97e-05,96.05723285
1.12e-05,0.000132012,2.933333e-06,6.4e-05,96.98710578
1.12e-05,0.000132012,2.933333e-06,6.83e-05,97.48730048
1.12e-05,0.000132012,2.933333e-06,7.25e-05,97.58315739
1.12e-05,0.000132012,2.933333e-06,7.68e-05,97.44473166
1.12e-05,0.000132012,2.933333e-06,8.11e-05,97.08820895
1.12e-05,0.000132012,2.933333e-06,8.53e-05,95.43631928
1.12e-05,0.000132012,2.933333e-06,8.96e-05,93.25738442
1.12e-05,0.000132012,3.2e-06,3.84e-05,92.60427995
1.12e-05,0.000132012,3.2e-06,4.27e-05,93.670726
1.12e-05,0.000132012,3.2e-06,4.69e-05,94.68006222
1.12e-05,0.000132012,3.2e-06,5.12e-05,95.80086818
1.12e-05,0.000132012,3.2e-06,5.55e-05,96.93510349
1.12e-05,0.000132012,3.2e-06,5.97e-05,97.94974122
1.12e-05,0.000132012,3.2e-06,6.4e-05,98.8721372
1.12e-05,0.000132012,3.2e-06,6.83e-05,99.27470453
1.12e-05,0.000132012,3.2e-06,7.25e-05,99.2985927
1.12e-05,0.000132012,3.2e-06,7.68e-05,99.08563362
1.12e-05,0.000132012,3.2e-06,8.11e-05,98.32932963
1.12e-05,0.000132012,3.2e-06,8.53e-05,96.20804618
1.12e-05,0.000132012,3.2e-06,8.96e-05,93.67336683
1.12e-05,0.000132012,3.466667e-06,3.84e-05,86.7949393
1.12e-05,0.000132012,3.466667e-06,4.27e-05,84.66260863
1.12e-05,0.000132012,3.466667e-06,4.69e-05,83.50160997
1.12e-05,0.000132012,3.466667e-06,5.12e-05,82.45931632
1.12e-05,0.000132012,3.466667e-06,5.55e-05,81.504382
1.12e-05,0.000132012,3.466667e-06,5.97e-05,80.61853392
1.12e-05,0.000132012,3.466667e-06,6.4e-05,80.37123022
1.12e-05,0.000132012,3.466667e-06,6.83e-05,80.2801537
1.12e-05,0.000132012,3.466667e-06,7.25e-05,80.1860831
1.12e-05,0.000132012,3.466667e-06,7.68e-05,80.08806335
1.12e-05,0.000132012,3.466667e-06,8.11e-05,79.98629115
1.12e-05,0.000132012,3.466667e-06,8.53e-05,79.8814777
1.12e-05,0.000132012,3.466667e-06,8.96e-05,79.77460345
1.12e-05,0.000132012,3.733333e-06,3.84e-05,91.65851295
1.12e-05,0.000132012,3.733333e-06,4.27e-05,88.66459339
1.12e-05,0.000132012,3.733333e-06,4.69e-05,87.43103557
1.12e-05,0.000132012,3.733333e-06,5.12e-05,86.30960092
1.12e-05,0.000132012,3.733333e-06,5.55e-05,85.27530222
1.12e-05,0.000132012,3.733333e-06,5.97e-05,84.3010913
1.12e-05,0.000132012,3.733333e-06,6.4e-05,83.60751238
1.12e-05,0.000132012,3.733333e-06,6.83e-05,83.4716373
1.12e-05,0.000132012,3.733333e-06,7.25e-05,83.33351345
1.12e-05,0.000132012,3.733333e-06,7.68e-05,83.1920486
1.12e-05,0.000132012,3.733333e-06,8.11e-05,83.04775889
1.12e-05,0.000132012,3.733333e-06,8.53e-05,82.90133152
1.12e-05,0.000132012,3.733333e-06,8.96e-05,82.75368985
1.12e-05,0.000132012,4.8e-06,3.84e-05,97.9378595
1.12e-05,0.000132012,4.8e-06,4.27e-05,94.65753414
1.12e-05,0.000132012,4.8e-06,4.69e-05,92.40439008
1.12e-05,0.000132012,4.8e-06,5.12e-05,91.20370738
1.12e-05,0.000132012,4.8e-06,5.55e-05,90.07899575
1.12e-05,0.000132012,4.8e-06,5.97e-05,89.01501353
1.12e-05,0.000132012,4.8e-06,6.4e-05,88.00376307
1.12e-05,0.000132012,4.8e-06,6.83e-05,87.49281667
1.12e-05,0.000132012,4.8e-06,7.25e-05,87.30777359
1.12e-05,0.000132012,4.8e-06,7.68e-05,87.11702878
1.12e-05,0.000132012,4.8e-06,8.11e-05,86.92395776
1.12e-05,0.000132012,4.8e-06,8.53e-05,86.72926195
1.12e-05,0.000132012,4.8e-06,8.96e-05,86.53382643
1.12e-05,0.000132012,4.266667e-06,3.84e-05,95.19864888
1.12e-05,0.000132012,4.266667e-06,4.27e-05,91.99552014
1.12e-05,0.000132012,4.266667e-06,4.69e-05,90.24746783
1.12e-05,0.000132012,4.266667e-06,5.12e-05,89.07840991
1.12e-05,0.000132012,4.266667e-06,5.55e-05,87.99009246
1.12e-05,0.000132012,4.266667e-06,5.97e-05,86.96351097
1.12e-05,0.000132012,4.266667e-06,6.4e-05,85.99222166
1.12e-05,0.000132012,4.266667e-06,6.83e-05,85.75150768
1.12e-05,0.000132012,4.266667e-06,7.25e-05,85.5853826
1.12e-05,0.000132012,4.266667e-06,7.68e-05,85.41535279
1.12e-05,0.000132012,4.266667e-06,8.11e-05,85.24285244
1.12e-05,0.000132012,4.266667e-06,8.53e-05,85.06857184
1.12e-05,0.000132012,4.266667e-06,8.96e-05,84.8934119
1.12e-05,0.000132012,4.533333e-06,3.84e-05,99.45785989
1.12e-05,0.000132012,4.533333e-06,4.27e-05,96.14243056
1.12e-05,0.000132012,4.533333e-06,4.69e-05,93.59378307
1.12e-05,0.000132012,4.533333e-06,5.12e-05,92.37727855
1.12e-05,0.000132012,4.533333e-06,5.55e-05,91.23424204
1.12e-05,0.000132012,4.533333e-06,5.97e-05,90.15064803
1.12e-05,0.000132012,4.533333e-06,6.4e-05,89.11840755
1.12e-05,0.000132012,4.533333e-06,6.83e-05,88.4511949
1.12e-05,0.000132012,4.533333e-06,7.25e-05,88.25708472
1.12e-05,0.000132012,4.533333e-06,7.68e-05,88.05518864
1.12e-05,0.000132012,4.533333e-06,8.11e-05,87.85103059
1.12e-05,0.000132012,4.533333e-06,8.53e-05,87.64531785
1.12e-05,0.000132012,4.533333e-06,8.96e-05,87.43891679
1.12e-05,0.000132012,4e-06,3.84e-05,97.48893279
1.12e-05,0.000132012,4e-06,4.27e-05,92.3237253
1.12e-05,0.000132012,4e-06,4.69e-05,87.83429907
1.12e-05,0.000132012,4e-06,5.12e-05,85.10860944
1.12e-05,0.000132012,4e-06,5.55e-05,82.14122872
1.12e-05,0.000132012,4e-06,5.97e-05,78.51464608
1.12e-05,0.000132012,4e-06,6.4e-05,74.38641083
1.12e-05,0.000132012,4e-06,6.83e-05,70.3108262
1.12e-05,0.000132012,4e-06,7.25e-05,66.67270769
1.12e-05,0.000132012,4e-06,7.68e-05,63.55373999
1.12e-05,0.000132012,4e-06,8.11e-05,60.89792651
1.12e-05,0.000132012,4e-06,8.53e-05,58.65328973
1.12e-05,0.000132012,4e-06,8.96e-05,56.93292742
1.12e-05,0.000132012,5.6e-06,3.84e-05,97.28726933
1.12e-05,0.000132012,5.6e-06,4.27e-05,91.3134411
1.12e-05,0.000132012,5.6e-06,4.69e-05,86.93783319
1.12e-05,0.000132012,5.6e-06,5.12e-05,83.92638604
1.12e-05,0.000132012,5.6e-06,5.55e-05,80.74591243
1.12e-05,0.000132012,5.6e-06,5.97e-05,77.05074667
1.12e-05,0.000132012,5.6e-06,6.4e-05,72.99736913
1.12e-05,0.000132012,5.6e-06,6.83e-05,69.05428794
1.12e-05,0.000132012,5.6e-06,7.25e-05,65.53603396
1.12e-05,0.000132012,5.6e-06,7.68e-05,62.80298643
1.12e-05,0.000132012,5.6e-06,8.11e-05,60.5637445
1.12e-05,0.000132012,5.6e-06,8.53e-05,58.61630616
1.12e-05,0.000132012,5.6e-06,8.96e-05,56.91423638
1.12e-05,0.000132012,5.066667e-06,3.84e-05,96.99367908
1.12e-05,0.000132012,5.066667e-06,4.27e-05,90.38505094
1.12e-05,0.000132012,5.066667e-06,4.69e-05,86.11290022
1.12e-05,0.000132012,5.066667e-06,5.12e-05,82.86674069
1.12e-05,0.000132012,5.066667e-06,5.55e-05,79.51436163
1.12e-05,0.000132012,5.066667e-06,5.97e-05,75.76056439
1.12e-05,0.000132012,5.066667e-06,6.4e-05,71.76108375
1.12e-05,0.000132012,5.066667e-06,6.83e-05,68.01029302
1.12e-05,0.000132012,5.066667e-06,7.25e-05,65.15193768
1.12e-05,0.000132012,5.066667e-06,7.68e-05,62.61538852
1.12e-05,0.000132012,5.066667e-06,8.11e-05,60.40152103
1.12e-05,0.000132012,5.066667e-06,8.53e-05,58.47167297
1.12e-05,0.000132012,5.066667e-06,8.96e-05,56.78183335
1.12e-05,0.000132012,5.333333e-06,3.84e-05,96.77849889
1.12e-05,0.000132012,5.333333e-06,4.27e-05,89.81346172
1.12e-05,0.000132012,5.333333e-06,4.69e-05,85.6004672
1.12e-05,0.000132012,5.333333e-06,5.12e-05,82.2208667
1.12e-05,0.000132012,5.333333e-06,5.55e-05,78.77065688
1.12e-05,0.000132012,5.333333e-06,5.97e-05,74.98251537
1.12e-05,0.000132012,5.333333e-06,6.4e-05,71.01141245
1.12e-05,0.000132012,5.333333e-06,6.83e-05,67.81718311
1.12e-05,0.000132012,5.333333e-06,7.25e-05,64.98316176
1.12e-05,0.000132012,5.333333e-06,7.68e-05,62.46517946
1.12e-05,0.000132012,5.333333e-06,8.11e-05,60.26430346
1.12e-05,0.000132012,5.333333e-06,8.53e-05,58.34324915
1.12e-05,0.000132012,5.333333e-06,8.96e-05,56.65932117
1.12e-05,0.0,5.333333e-06,3.84e-05,85.57083514
1.12e-05,0.0,5.333333e-06,4.27e-05,86.84255574
1.12e-05,0.0,5.333333e-06,4.69e-05,88.02291278
1.12e-05,0.0,5.333333e-06,5.12e-05,89.29630355
1.12e-05,0.0,5.333333e-06,5.55e-05,90.54398688
1.12e-05,0.0,5.333333e-06,5.97e-05,91.63800314
1.12e-05,0.0,5.333333e-06,6.4e-05,92.60775768
1.12e-05,0.0,5.333333e-06,6.83e-05,93.45051836
1.12e-05,0.0,5.333333e-06,7.25e-05,93.78930775
1.12e-05,0.0,5.333333e-06,7.68e-05,93.89758349
1.12e-05,0.0,5.333333e-06,8.11e-05,93.7989716
1.12e-05,0.0,5.333333e-06,8.53e-05,93.51361288
1.12e-05,0.0,5.333333e-06,8.96e-05,92.48521681
1.12e-05,0.0003889991,2.4e-06,3.84e-05,87.45518034
1.12e-05,0.0003889991,2.4e-06,4.27e-05,88.66845542
1.12e-05,0.0003889991,2.4e-06,4.69e-05,89.79810965
1.12e-05,0.0003889991,2.4e-06,5.12e-05,91.01448902
1.12e-05,0.0003889991,2.4e-06,5.55e-05,92.22330474
1.12e-05,0.0003889991,2.4e-06,5.97e-05,93.28808172
1.12e-05,0.0003889991,2.4e-06,6.4e-05,94.23548626
1.12e-05,0.0003889991,2.4e-06,6.83e-05,94.99752524
1.12e-05,0.0003889991,2.4e-06,7.25e-05,95.25232736
1.12e-05,0.0003889991,2.4e-06,7.68e-05,95.27711548
1.12e-05,0.0003889991,2.4e-06,8.11e-05,95.09297469
1.12e-05,0.0003889991,2.4e-06,8.53e-05,94.68480025
1.12e-05,0.0003889991,2.4e-06,8.96e-05,93.10811483
1.12e-05,0.0003889991,2.666667e-06,3.84e-05,88.93439906
1.12e-05,0.0003889991,2.666667e-06,4.27e-05,90.10226926
1.12e-05,0.0003889991,2.666667e-06,4.69e-05,91.19416276
1.12e-05,0.0003889991,2.666667e-06,5.12e-05,92.36510158
1.12e-05,0.0003889991,2.666667e-06,5.55e-05,93.54746105
1.12e-05,0.0003889991,2.666667e-06,5.97e-05,94.59304737
1.12e-05,0.0003889991,2.666667e-06,6.4e-05,95.52653647
1.12e-05,0.0003889991,2.666667e-06,6.83e-05,96.22434869
1.12e-05,0.0003889991,2.666667e-06,7.25e-05,96.41812216
1.12e-05,0.0003889991,2.666667e-06,7.68e-05,96.38146345
1.12e-05,0.0003889991,2.666667e-06,8.11e-05,96.13321686
1.12e-05,0.0003889991,2.666667e-06,8.53e-05,95.35310881
1.12e-05,0.0003889991,2.666667e-06,8.96e-05,93.53705947
1.12e-05,0.0003889991,2.933333e-06,3.84e-05,90.66058642
1.12e-05,0.0003889991,2.933333e-06,4.27e-05,91.77841235
1.12e-05,0.0003889991,2.933333e-06,4.69e-05,92.83093026
1.12e-05,0.0003889991,2.933333e-06,5.12e-05,93.94818679
1.12e-05,0.0003889991,2.933333e-06,5.55e-05,95.10544566
1.12e-05,0.0003889991,2.933333e-06,5.97e-05,96.12858503
1.12e-05,0.0003889991,2.933333e-06,6.4e-05,97.05017225
1.12e-05,0.0003889991,2.933333e-06,6.83e-05,97.67441612
1.12e-05,0.0003889991,2.933333e-06,7.25e-05,97.80314963
1.12e-05,0.0003889991,2.933333e-06,7.68e-05,97.70021789
1.12e-05,0.0003889991,2.933333e-06,8.11e-05,97.38108953
1.12e-05,0.0003889991,2.933333e-06,8.53e-05,96.07730002
1.12e-05,0.0003889991,2.933333e-06,8.96e-05,93.99876887
1.12e-05,0.0003889991,3.2e-06,3.84e-05,92.74163207
1.12e-05,0.0003889991,3.2e-06,4.27e-05,93.7990804
1.12e-05,0.0003889991,3.2e-06,4.69e-05,94.79809597
1.12e-05,0.0003889991,3.2e-06,5.12e-05,95.85568666
1.12e-05,0.0003889991,3.2e-06,5.55e-05,96.98806159
1.12e-05,0.0003889991,3.2e-06,5.97e-05,97.99823204
1.12e-05,0.0003889991,3.2e-06,6.4e-05,98.91224882
1.12e-05,0.0003889991,3.2e-06,6.83e-05,99.45266208
1.12e-05,0.0003889991,3.2e-06,7.25e-05,99.51380845
1.12e-05,0.0003889991,3.2e-06,7.68e-05,99.31975207
1.12e-05,0.0003889991,3.2e-06,8.11e-05,98.91070001
1.12e-05,0.0003889991,3.2e-06,8.53e-05,96.91240408
1.12e-05,0.0003889991,3.2e-06,8.96e-05,94.47301316
1.12e-05,0.0003889991,3.466667e-06,3.84e-05,87.57640245
1.12e-05,0.0003889991,3.466667e-06,4.27e-05,85.1921232
1.12e-05,0.0003889991,3.466667e-06,4.69e-05,84.045465
1.12e-05,0.0003889991,3.466667e-06,5.12e-05,83.01597135
1.12e-05,0.0003889991,3.466667e-06,5.55e-05,82.0709095
1.12e-05,0.0003889991,3.466667e-06,5.97e-05,81.19801809
1.12e-05,0.0003889991,3.466667e-06,6.4e-05,80.7534666
1.12e-05,0.0003889991,3.466667e-06,6.83e-05,80.66561471
1.12e-05,0.0003889991,3.466667e-06,7.25e-05,80.57466439
1.12e-05,0.0003889991,3.466667e-06,7.68e-05,80.47976741
1.12e-05,0.0003889991,3.466667e-06,8.11e-05,80.38105193
1.12e-05,0.0003889991,3.466667e-06,8.53e-05,80.27920785
1.12e-05,0.0003889991,3.466667e-06,8.96e-05,80.17519421
1.12e-05,0.0003889991,3.733333e-06,3.84e-05,92.38697392
1.12e-05,0.0003889991,3.733333e-06,4.27e-05,89.32509429
1.12e-05,0.0003889991,3.733333e-06,4.69e-05,87.9256497
1.12e-05,0.0003889991,3.733333e-06,5.12e-05,86.82149608
1.12e-05,0.0003889991,3.733333e-06,5.55e-05,85.79871707
1.12e-05,0.0003889991,3.733333e-06,5.97e-05,84.84130626
1.12e-05,0.0003889991,3.733333e-06,6.4e-05,83.95259816
1.12e-05,0.0003889991,3.733333e-06,6.83e-05,83.82171924
1.12e-05,0.0003889991,3.733333e-06,7.25e-05,83.68801712
1.12e-05,0.0003889991,3.733333e-06,7.68e-05,83.55115547
1.12e-05,0.0003889991,3.733333e-06,8.11e-05,83.41131743
1.12e-05,0.0003889991,3.733333e-06,8.53e-05,83.26917999
1.12e-05,0.0003889991,3.733333e-06,8.96e-05,83.1256544
1.12e-05,0.0003889991,4.8e-06,3.84e-05,98.59238096
1.12e-05,0.0003889991,4.8e-06,4.27e-05,95.36528715
1.12e-05,0.0003889991,4.8e-06,4.69e-05,92.8346616
1.12e-05,0.0003889991,4.8e-06,5.12e-05,91.6569821
1.12e-05,0.0003889991,4.8e-06,5.55e-05,90.55248151
1.12e-05,0.0003889991,4.8e-06,5.97e-05,89.50760153
1.12e-05,0.0003889991,4.8e-06,6.4e-05,88.5141036
1.12e-05,0.0003889991,4.8e-06,6.83e-05,87.79864804
1.12e-05,0.0003889991,4.8e-06,7.25e-05,87.61726655
1.12e-05,0.0003889991,4.8e-06,7.68e-05,87.43301896
1.12e-05,0.0003889991,4.8e-06,8.11e-05,87.2462073
1.12e-05,0.0003889991,4.8e-06,8.53e-05,87.05752603
1.12e-05,0.0003889991,4.8e-06,8.96e-05,86.86785829
1.12e-05,0.0003889991,4.266667e-06,3.84e-05,95.88644117
1.12e-05,0.0003889991,4.266667e-06,4.27e-05,92.72260373
1.12e-05,0.0003889991,4.266667e-06,4.69e-05,90.705909
1.12e-05,0.0003889991,4.266667e-06,5.12e-05,89.55738003
1.12e-05,0.0003889991,4.266667e-06,5.55e-05,88.48605221
1.12e-05,0.0003889991,4.266667e-06,5.97e-05,87.47715163
1.12e-05,0.0003889991,4.266667e-06,6.4e-05,86.52143655
1.12e-05,0.0003889991,4.266667e-06,6.83e-05,86.07616791
1.12e-05,0.0003889991,4.266667e-06,7.25e-05,85.91471824
1.12e-05,0.0003889991,4.266667e-06,7.68e-05,85.75034976
1.12e-05,0.0003889991,4.266667e-06,8.11e-05,85.58330575
1.12e-05,0.0003889991,4.266667e-06,8.53e-05,85.41427298
1.12e-05,0.0003889991,4.266667e-06,8.96e-05,85.24414612
1.12e-05,0.0003889991,4.533333e-06,3.84e-05,100.0932254
1.12e-05,0.0003889991,4.533333e-06,4.27e-05,96.83189532
1.12e-05,0.0003889991,4.533333e-06,4.69e-05,94.00829835
1.12e-05,0.0003889991,4.533333e-06,5.12e-05,92.81621881
1.12e-05,0.0003889991,4.533333e-06,5.55e-05,91.69486526
1.12e-05,0.0003889991,4.533333e-06,5.97e-05,90.63138046
1.12e-05,0.0003889991,4.533333e-06,6.4e-05,89.61812661
1.12e-05,0.0003889991,4.533333e-06,6.83e-05,88.7428546
1.12e-05,0.0003889991,4.533333e-06,7.25e-05,88.55530353
1.12e-05,0.0003889991,4.533333e-06,7.68e-05,88.36039864
1.12e-05,0.0003889991,4.533333e-06,8.11e-05,88.16297915
1.12e-05,0.0003889991,4.533333e-06,8.53e-05,87.96373156
1.12e-05,0.0003889991,4.533333e-06,8.96e-05,87.76352915
1.12e-05,0.0003889991,4e-06,3.84e-05,98.16592666
1.12e-05,0.0003889991,4e-06,4.27e-05,93.15253744
1.12e-05,0.0003889991,4e-06,4.69e-05,88.78299492
1.12e-05,0.0003889991,4e-06,5.12e-05,85.95829176
1.12e-05,0.0003889991,4e-06,5.55e-05,83.07460405
1.12e-05,0.0003889991,4e-06,5.97e-05,79.49781215
1.12e-05,0.0003889991,4e-06,6.4e-05,75.37393662
1.12e-05,0.0003889991,4e-06,6.83e-05,71.27119955
1.12e-05,0.0003889991,4e-06,7.25e-05,67.59784827
1.12e-05,0.0003889991,4e-06,7.68e-05,64.44739779
1.12e-05,0.0003889991,4e-06,8.11e-05,61.76646528
1.12e-05,0.0003889991,4e-06,8.53e-05,59.47182325
1.12e-05,0.0003889991,4e-06,8.96e-05,57.53237701
1.12e-05,0.0003889991,5.6e-06,3.84e-05,98.03062799
1.12e-05,0.0003889991,5.6e-06,4.27e-05,92.21616445
1.12e-05,0.0003889991,5.6e-06,4.69e-05,87.7588354
1.12e-05,0.0003889991,5.6e-06,5.12e-05,84.84653188
1.12e-05,0.0003889991,5.6e-06,5.55e-05,81.75252802
1.12e-05,0.0003889991,5.6e-06,5.97e-05,78.10639412
1.12e-05,0.0003889991,5.6e-06,6.4e-05,74.05492799
1.12e-05,0.0003889991,5.6e-06,6.83e-05,70.08274105
1.12e-05,0.0003889991,5.6e-06,7.25e-05,66.52775562
1.12e-05,0.0003889991,5.6e-06,7.68e-05,63.48428154
1.12e-05,0.0003889991,5.6e-06,8.11e-05,61.23016211
1.12e-05,0.0003889991,5.6e-06,8.53e-05,59.26926838
1.12e-05,0.0003889991,5.6e-06,8.96e-05,57.55516065
1.12e-05,0.0003889991,5.066667e-06,3.84e-05,97.78886697
1.12e-05,0.0003889991,5.066667e-06,4.27e-05,91.34619205
1.12e-05,0.0003889991,5.066667e-06,4.69e-05,86.98666746
1.12e-05,0.0003889991,5.066667e-06,5.12e-05,83.84431891
1.12e-05,0.0003889991,5.066667e-06,5.55e-05,80.5799151
1.12e-05,0.0003889991,5.066667e-06,5.97e-05,76.87388875
1.12e-05,0.0003889991,5.066667e-06,6.4e-05,72.87414378
1.12e-05,0.0003889991,5.066667e-06,6.83e-05,69.00162674
1.12e-05,0.0003889991,5.066667e-06,7.25e-05,65.88242272
1.12e-05,0.0003889991,5.066667e-06,7.68e-05,63.3310452
1.12e-05,0.0003889991,5.066667e-06,8.11e-05,61.1027662
1.12e-05,0.0003889991,5.066667e-06,8.53e-05,59.15981609
1.12e-05,0.0003889991,5.066667e-06,8.96e-05,57.45821206
1.12e-05,0.0003889991,5.333333e-06,3.84e-05,97.60148024
1.12e-05,0.0003889991,5.333333e-06,4.27e-05,90.80717661
1.12e-05,0.0003889991,5.333333e-06,4.69e-05,86.50484199
1.12e-05,0.0003889991,5.333333e-06,5.12e-05,83.23141725
1.12e-05,0.0003889991,5.333333e-06,5.55e-05,79.86968138
1.12e-05,0.0003889991,5.333333e-06,5.97e-05,76.12829144
1.12e-05,0.0003889991,5.333333e-06,6.4e-05,72.15557775
1.12e-05,0.0003889991,5.333333e-06,6.83e-05,68.5792748
1.12e-05,0.0003889991,5.333333e-06,7.25e-05,65.73365143
1.12e-05,0.0003889991,5.333333e-06,7.68e-05,63.20122675
1.12e-05,0.0003889991,5.333333e-06,8.11e-05,60.98623078
1.12e-05,0.0003889991,5.333333e-06,8.53e-05,59.05229862
1.12e-05,0.0003889991,5.333333e-06,8.96e-05,57.35678244
1.12e-05,4.48e-05,5.333333e-06,3.84e-05,85.4617296
1.12e-05,4.48e-05,5.333333e-06,4.27e-05,86.73811106
1.12e-05,4.48e-05,5.333333e-06,4.69e-05,87.9245669
1.12e-05,4.48e-05,5.333333e-06,5.12e-05,89.23373649
1.12e-05,4.48e-05,5.333333e-06,5.55e-05,90.4860551
1.12e-05,4.48e-05,5.333333e-06,5.97e-05,91.57731803
1.12e-05,4.48e-05,5.333333e-06,6.4e-05,92.553555
1.12e-05,4.48e-05,5.333333e-06,6.83e-05,93.34771939
1.12e-05,4.48e-05,5.333333e-06,7.25e-05,93.67188602
1.12e-05,4.48e-05,5.333333e-06,7.68e-05,93.76464879
1.12e-05,4.48e-05,5.333333e-06,8.11e-05,93.64972031
1.12e-05,4.48e-05,5.333333e-06,8.53e-05,93.34683582
1.12e-05,4.48e-05,5.333333e-06,8.96e-05,92.17075301
1.12e-05,4.48e-05,2.4e-06,3.84e-05,86.46879067
1.12e-05,4.48e-05,2.4e-06,4.27e-05,87.71626081
1.12e-05,4.48e-05,2.4e-06,4.69e-05,88.8756161
1.12e-05,4.48e-05,2.4e-06,5.12e-05,90.15327269
1.12e-05,4.48e-05,2.4e-06,5.55e-05,91.38368429
1.12e-05,4.48e-05,2.4e-06,5.97e-05,92.45926668
1.12e-05,4.48e-05,2.4e-06,6.4e-05,93.42446186
1.12e-05,4.48e-05,2.4e-06,6.83e-05,94.17105502
1.12e-05,4.48e-05,2.4e-06,7.25e-05,94.44933082
1.12e-05,4.48e-05,2.4e-06,7.68e-05,94.49654212
1.12e-05,4.48e-05,2.4e-06,8.11e-05,94.3351245
1.12e-05,4.48e-05,2.4e-06,8.53e-05,93.98166138
1.12e-05,4.48e-05,2.4e-06,8.96e-05,92.49846665
1.12e-05,4.48e-05,2.666667e-06,3.84e-05,88.84203995
1.12e-05,4.48e-05,2.666667e-06,4.27e-05,90.01619909
1.12e-05,4.48e-05,2.666667e-06,4.69e-05,91.11840582
1.12e-05,4.48e-05,2.666667e-06,5.12e-05,92.31894171
1.12e-05,4.48e-05,2.666667e-06,5.55e-05,93.50306394
1.12e-05,4.48e-05,2.666667e-06,5.97e-05,94.54782534
1.12e-05,4.48e-05,2.666667e-06,6.4e-05,95.48374416
1.12e-05,4.48e-05,2.666667e-06,6.83e-05,96.12571547
1.12e-05,4.48e-05,2.666667e-06,7.25e-05,96.30360702
1.12e-05,4.48e-05,2.666667e-06,7.68e-05,96.24997013
1.12e-05,4.48e-05,2.666667e-06,8.11e-05,95.98374947
1.12e-05,4.48e-05,2.666667e-06,8.53e-05,95.03165419
1.12e-05,4.48e-05,2.666667e-06,8.96e-05,93.17973271
1.12e-05,4.48e-05,2.933333e-06,3.84e-05,90.57808258
1.12e-05,4.48e-05,2.933333e-06,4.27e-05,91.70317708
1.12e-05,4.48e-05,2.933333e-06,4.69e-05,92.75345811
1.12e-05,4.48e-05,2.933333e-06,5.12e-05,93.90642244
1.12e-05,4.48e-05,2.933333e-06,5.55e-05,95.06479873
1.12e-05,4.48e-05,2.933333e-06,5.97e-05,96.09229841
1.12e-05,4.48e-05,2.933333e-06,6.4e-05,97.01661117
1.12e-05,4.48e-05,2.933333e-06,6.83e-05,97.57891304
1.12e-05,4.48e-05,2.933333e-06,7.25e-05,97.69065576
1.12e-05,4.48e-05,2.933333e-06,7.68e-05,97.56949173
1.12e-05,4.48e-05,2.933333e-06,8.11e-05,97.23121187
1.12e-05,4.48e-05,2.933333e-06,8.53e-05,95.75978566
1.12e-05,4.48e-05,2.933333e-06,8.96e-05,93.61828784
1.12e-05,4.48e-05,3.2e-06,3.84e-05,92.67144355
1.12e-05,4.48e-05,3.2e-06,4.27e-05,93.73363401
1.12e-05,4.48e-05,3.2e-06,4.69e-05,94.73785669
1.12e-05,4.48e-05,3.2e-06,5.12e-05,95.82771005
1.12e-05,4.48e-05,3.2e-06,5.55e-05,96.96099054
1.12e-05,4.48e-05,3.2e-06,5.97e-05,97.97380757
1.12e-05,4.48e-05,3.2e-06,6.4e-05,98.89064592
1.12e-05,4.48e-05,3.2e-06,6.83e-05,99.36164244
1.12e-05,4.48e-05,3.2e-06,7.25e-05,99.40330806
1.12e-05,4.48e-05,3.2e-06,7.68e-05,99.20994573
1.12e-05,4.48e-05,3.2e-06,8.11e-05,98.62775178
1.12e-05,4.48e-05,3.2e-06,8.53e-05,96.55102944
1.12e-05,4.48e-05,3.2e-06,8.96e-05,94.06255957
1.12e-05,4.48e-05,3.466667e-06,3.84e-05,87.1762809
1.12e-05,4.48e-05,3.466667e-06,4.27e-05,84.9198935
1.12e-05,4.48e-05,3.466667e-06,4.69e-05,83.76573994
1.12e-05,4.48e-05,3.466667e-06,5.12e-05,82.72929296
1.12e-05,4.48e-05,3.466667e-06,5.55e-05,81.77927984
1.12e-05,4.48e-05,3.466667e-06,5.97e-05,80.89888436
1.12e-05,4.48e-05,3.466667e-06,6.4e-05,80.55687761
1.12e-05,4.48e-05,3.466667e-06,6.83e-05,80.4673714
1.12e-05,4.48e-05,3.466667e-06,7.25e-05,80.37477233
1.12e-05,4.48e-05,3.466667e-06,7.68e-05,80.27825386
1.12e-05,4.48e-05,3.466667e-06,8.11e-05,80.17795361
1.12e-05,4.48e-05,3.466667e-06,8.53e-05,80.07457195
1.12e-05,4.48e-05,3.466667e-06,8.96e-05,79.96907855
1.12e-05,4.48e-05,3.733333e-06,3.84e-05,92.01226238
1.12e-05,4.48e-05,3.733333e-06,4.27e-05,88.93292114
1.12e-05,4.48e-05,3.733333e-06,4.69e-05,87.67142539
1.12e-05,4.48e-05,3.733333e-06,5.12e-05,86.55820994
1.12e-05,4.48e-05,3.733333e-06,5.55e-05,85.52763368
1.12e-05,4.48e-05,3.733333e-06,5.97e-05,84.56478783
1.12e-05,4.48e-05,3.733333e-06,6.4e-05,83.77519848
1.12e-05,4.48e-05,3.733333e-06,6.83e-05,83.64184847
1.12e-05,4.48e-05,3.733333e-06,7.25e-05,83.50574976
1.12e-05,4.48e-05,3.733333e-06,7.68e-05,83.36650722
1.12e-05,4.48e-05,3.733333e-06,8.11e-05,83.22436851
1.12e-05,4.48e-05,3.733333e-06,8.53e-05,83.08001544
1.12e-05,4.48e-05,3.733333e-06,8.96e-05,82.93436519
1.12e-05,4.48e-05,4.8e-06,3.84e-05,98.25612787
1.12e-05,4.48e-05,4.8e-06,4.27e-05,94.99980363
1.12e-05,4.48e-05,4.8e-06,4.69e-05,92.61370523
1.12e-05,4.48e-05,4.8e-06,5.12e-05,91.42412872
1.12e-05,4.48e-05,4.8e-06,5.55e-05,90.31207893
1.12e-05,4.48e-05,4.8e-06,5.97e-05,89.25544466
1.12e-05,4.48e-05,4.8e-06,6.4e-05,88.25150989
1.12e-05,4.48e-05,4.8e-06,6.83e-05,87.64176284
1.12e-05,4.48e-05,4.8e-06,7.25e-05,87.45825811
1.12e-05,4.48e-05,4.8e-06,7.68e-05,87.27065824
1.12e-05,4.48e-05,4.8e-06,8.11e-05,87.08061966
1.12e-05,4.48e-05,4.8e-06,8.53e-05,86.88883893
1.12e-05,4.48e-05,4.8e-06,8.96e-05,86.69619983
1.12e-05,4.48e-05,4.266667e-06,3.84e-05,95.53289907
1.12e-05,4.48e-05,4.266667e-06,4.27e-05,92.34785924
1.12e-05,4.48e-05,4.266667e-06,4.69e-05,90.47040411
1.12e-05,4.48e-05,4.266667e-06,5.12e-05,89.31120683
1.12e-05,4.48e-05,4.266667e-06,5.55e-05,88.23036081
1.12e-05,4.48e-05,4.266667e-06,5.97e-05,87.21436027
1.12e-05,4.48e-05,4.266667e-06,6.4e-05,86.24909618
1.12e-05,4.48e-05,4.266667e-06,6.83e-05,85.90954489
1.12e-05,4.48e-05,4.266667e-06,7.25e-05,85.74546066
1.12e-05,4.48e-05,4.266667e-06,7.68e-05,85.57816903
1.12e-05,4.48e-05,4.266667e-06,8.11e-05,85.40830932
1.12e-05,4.48e-05,4.266667e-06,8.53e-05,85.23656971
1.12e-05,4.48e-05,4.266667e-06,8.96e-05,85.06384778
1.12e-05,4.48e-05,4.533333e-06,3.84e-05,99.76690825
1.12e-05,4.48e-05,4.533333e-06,4.27e-05,96.47739269
1.12e-05,4.48e-05,4.533333e-06,4.69e-05,93.79544613
1.12e-05,4.48e-05,4.533333e-06,5.12e-05,92.59079034
1.12e-05,4.48e-05,4.533333e-06,5.55e-05,91.45989836
1.12e-05,4.48e-05,4.533333e-06,5.97e-05,90.38514689
1.12e-05,4.48e-05,4.533333e-06,6.4e-05,89.36099989
1.12e-05,4.48e-05,4.533333e-06,6.83e-05,88.59531956
1.12e-05,4.48e-05,4.533333e-06,7.25e-05,88.40211235
1.12e-05,4.48e-05,4.533333e-06,7.68e-05,88.20360173
1.12e-05,4.48e-05,4.533333e-06,8.11e-05,88.00271003
1.12e-05,4.48e-05,4.533333e-06,8.53e-05,87.80013243
1.12e-05,4.48e-05,4.533333e-06,8.96e-05,87.59673828
1.12e-05,4.48e-05,4e-06,3.84e-05,97.81939778
1.12e-05,4.48e-05,4e-06,4.27e-05,92.72816782
1.12e-05,4.48e-05,4e-06,4.69e-05,88.2969564
1.12e-05,4.48e-05,4e-06,5.12e-05,85.52335526
1.12e-05,4.48e-05,4e-06,5.55e-05,82.5963469
1.12e-05,4.48e-05,4e-06,5.97e-05,78.99361415
1.12e-05,4.48e-05,4e-06,6.4e-05,74.86721946
1.12e-05,4.48e-05,4e-06,6.83e-05,70.77834747
1.12e-05,4.48e-05,4e-06,7.25e-05,67.12312394
1.12e-05,4.48e-05,4e-06,7.68e-05,63.98889504
1.12e-05,4.48e-05,4e-06,8.11e-05,61.32089843
1.12e-05,4.48e-05,4e-06,8.53e-05,59.03626644
1.12e-05,4.48e-05,4e-06,8.96e-05,57.2260022
1.12e-05,4.48e-05,5.6e-06,3.84e-05,97.64979071
1.12e-05,4.48e-05,5.6e-06,4.27e-05,91.75372389
1.12e-05,4.48e-05,5.6e-06,4.69e-05,87.33870514
1.12e-05,4.48e-05,5.6e-06,5.12e-05,84.37527537
1.12e-05,4.48e-05,5.6e-06,5.55e-05,81.23646756
1.12e-05,4.48e-05,5.6e-06,5.97e-05,77.56472732
1.12e-05,4.48e-05,5.6e-06,6.4e-05,73.51197824
1.12e-05,4.48e-05,5.6e-06,6.83e-05,69.55465717
1.12e-05,4.48e-05,5.6e-06,7.25e-05,66.01857325
1.12e-05,4.48e-05,5.6e-06,7.68e-05,63.1358164
1.12e-05,4.48e-05,5.6e-06,8.11e-05,60.88927674
1.12e-05,4.48e-05,5.6e-06,8.53e-05,58.93524142
1.12e-05,4.48e-05,5.6e-06,8.96e-05,57.227269
1.12e-05,4.48e-05,5.066667e-06,3.84e-05,97.38094687
1.12e-05,4.48e-05,5.066667e-06,4.27e-05,90.85355849
1.12e-05,4.48e-05,5.066667e-06,4.69e-05,86.53936825
1.12e-05,4.48e-05,5.066667e-06,5.12e-05,83.34344204
1.12e-05,4.48e-05,5.066667e-06,5.55e-05,80.03340669
1.12e-05,4.48e-05,5.066667e-06,5.97e-05,76.30237454
1.12e-05,4.48e-05,5.066667e-06,6.4e-05,72.3024473
1.12e-05,4.48e-05,5.066667e-06,6.83e-05,68.44559074
1.12e-05,4.48e-05,5.066667e-06,7.25e-05,65.50860464
1.12e-05,4.48e-05,5.066667e-06,7.68e-05,62.96475726
1.12e-05,4.48e-05,5.066667e-06,8.11e-05,60.74381474
1.12e-05,4.48e-05,5.066667e-06,8.53e-05,58.80753826
1.12e-05,4.48e-05,5.066667e-06,8.96e-05,57.11192622
1.013333e-05,0.000132012,5.333333e-06,3.84e-05,86.557521
1.013333e-05,0.000132012,5.333333e-06,4.27e-05,87.73679883
1.013333e-05,0.000132012,5.333333e-06,4.69e-05,88.83867545
1.013333e-05,0.000132012,5.333333e-06,5.12e-05,89.87143899
1.013333e-05,0.000132012,5.333333e-06,5.55e-05,90.85677131
1.013333e-05,0.000132012,5.333333e-06,5.97e-05,91.88474308
1.013333e-05,0.000132012,5.333333e-06,6.4e-05,92.85130685
1.013333e-05,0.000132012,5.333333e-06,6.83e-05,93.71248077
1.013333e-05,0.000132012,5.333333e-06,7.25e-05,94.49214264
1.013333e-05,0.000132012,5.333333e-06,7.68e-05,95.20355088
1.013333e-05,0.000132012,5.333333e-06,8.11e-05,95.5519012
1.013333e-05,0.000132012,5.333333e-06,8.53e-05,95.55988545
1.013333e-05,0.000132012,5.333333e-06,8.96e-05,95.40487143
1.013333e-05,0.000132012,2.4e-06,3.84e-05,87.536287
1.013333e-05,0.000132012,2.4e-06,4.27e-05,88.63268566
1.013333e-05,0.000132012,2.4e-06,4.69e-05,89.70905287
1.013333e-05,0.000132012,2.4e-06,5.12e-05,90.7203482
1.013333e-05,0.000132012,2.4e-06,5.55e-05,91.68757853
1.013333e-05,0.000132012,2.4e-06,5.97e-05,92.69594937
1.013333e-05,0.000132012,2.4e-06,6.4e-05,93.65001257
1.013333e-05,0.000132012,2.4e-06,6.83e-05,94.49740599
1.013333e-05,0.000132012,2.4e-06,7.25e-05,95.27006393
1.013333e-05,0.000132012,2.4e-06,7.68e-05,95.97037186
1.013333e-05,0.000132012,2.4e-06,8.11e-05,96.24645225
1.013333e-05,0.000132012,2.4e-06,8.53e-05,96.22421608
1.013333e-05,0.000132012,2.4e-06,8.96e-05,96.01548084
1.013333e-05,0.000132012,2.666667e-06,3.84e-05,89.84129223
1.013333e-05,0.000132012,2.666667e-06,4.27e-05,90.73008119
1.013333e-05,0.000132012,2.666667e-06,4.69e-05,91.74907296
1.013333e-05,0.000132012,2.666667e-06,5.12e-05,92.71195695
1.013333e-05,0.000132012,2.666667e-06,5.55e-05,93.63826752
1.013333e-05,0.000132012,2.666667e-06,5.97e-05,94.60208282
1.013333e-05,0.000132012,2.666667e-06,6.4e-05,95.52244668
1.013333e-05,0.000132012,2.666667e-06,6.83e-05,96.35477182
1.013333e-05,0.000132012,2.666667e-06,7.25e-05,97.1054294
1.013333e-05,0.000132012,2.666667e-06,7.68e-05,97.79634134
1.013333e-05,0.000132012,2.666667e-06,8.11e-05,97.90305686
1.013333e-05,0.000132012,2.666667e-06,8.53e-05,97.77509316
1.013333e-05,0.000132012,2.666667e-06,8.96e-05,97.47727683
1.013333e-05,0.000132012,2.933333e-06,3.84e-05,91.53478611
1.013333e-05,0.000132012,2.933333e-06,4.27e-05,92.25975338
1.013333e-05,0.000132012,2.933333e-06,4.69e-05,93.23868002
1.013333e-05,0.000132012,2.933333e-06,5.12e-05,94.16773766
1.013333e-05,0.000132012,2.933333e-06,5.55e-05,95.06544062
1.013333e-05,0.000132012,2.933333e-06,5.97e-05,95.99809887
1.013333e-05,0.000132012,2.933333e-06,6.4e-05,96.90179916
1.013333e-05,0.000132012,2.933333e-06,6.83e-05,97.71932887
1.013333e-05,0.000132012,2.933333e-06,7.25e-05,98.46683053
1.013333e-05,0.000132012,2.933333e-06,7.68e-05,99.13586921
1.013333e-05,0.000132012,2.933333e-06,8.11e-05,99.1366021
1.013333e-05,0.000132012,2.933333e-06,8.53e-05,98.94255995
1.013333e-05,0.000132012,2.933333e-06,8.96e-05,98.58543896
1.013333e-05,0.000132012,3.2e-06,3.84e-05,93.58454726
1.013333e-05,0.000132012,3.2e-06,4.27e-05,94.09539844
1.013333e-05,0.000132012,3.2e-06,4.69e-05,95.03277403
1.013333e-05,0.000132012,3.2e-06,5.12e-05,95.92227618
1.013333e-05,0.000132012,3.2e-06,5.55e-05,96.78672026
1.013333e-05,0.000132012,3.2e-06,5.97e-05,97.6831599
1.013333e-05,0.000132012,3.2e-06,6.4e-05,98.57249907
1.013333e-05,0.000132012,3.2e-06,6.83e-05,99.38182897
1.013333e-05,0.000132012,3.2e-06,7.25e-05,100.1246596
1.013333e-05,0.000132012,3.2e-06,7.68e-05,100.7195913
1.013333e-05,0.000132012,3.2e-06,8.11e-05,100.6562452
1.013333e-05,0.000132012,3.2e-06,8.53e-05,100.3874695
1.013333e-05,0.000132012,3.2e-06,8.96e-05,99.94021067
1.013333e-05,0.000132012,3.466667e-06,3.84e-05,92.59503341
1.013333e-05,0.000132012,3.466667e-06,4.27e-05,90.08783623
1.013333e-05,0.000132012,3.466667e-06,4.69e-05,87.82140016
1.013333e-05,0.000132012,3.466667e-06,5.12e-05,86.48761977
1.013333e-05,0.000132012,3.466667e-06,5.55e-05,85.69750446
1.013333e-05,0.000132012,3.466667e-06,5.97e-05,84.96227464
1.013333e-05,0.000132012,3.466667e-06,6.4e-05,84.2716501
1.013333e-05,0.000132012,3.466667e-06,6.83e-05,83.61905676
1.013333e-05,0.000132012,3.466667e-06,7.25e-05,83.0048937
1.013333e-05,0.000132012,3.466667e-06,7.68e-05,82.86149828
1.013333e-05,0.000132012,3.466667e-06,8.11e-05,82.80588322
1.013333e-05,0.000132012,3.466667e-06,8.53e-05,82.7495268
1.013333e-05,0.000132012,3.466667e-06,8.96e-05,82.68959411
1.013333e-05,0.000132012,3.733333e-06,3.84e-05,96.92327943
1.013333e-05,0.000132012,3.733333e-06,4.27e-05,94.34028013
1.013333e-05,0.000132012,3.733333e-06,4.69e-05,91.97794294
1.013333e-05,0.000132012,3.733333e-06,5.12e-05,89.91923824
1.013333e-05,0.000132012,3.733333e-06,5.55e-05,89.09039659
1.013333e-05,0.000132012,3.733333e-06,5.97e-05,88.30566283
1.013333e-05,0.000132012,3.733333e-06,6.4e-05,87.56374747
1.013333e-05,0.000132012,3.733333e-06,6.83e-05,86.85833349
1.013333e-05,0.000132012,3.733333e-06,7.25e-05,86.18538216
1.013333e-05,0.000132012,3.733333e-06,7.68e-05,85.6732591
1.013333e-05,0.000132012,3.733333e-06,8.11e-05,85.59437821
1.013333e-05,0.000132012,3.733333e-06,8.53e-05,85.50290275
1.013333e-05,0.000132012,3.733333e-06,8.96e-05,85.41217745
1.013333e-05,0.000132012,4.8e-06,3.84e-05,102.4935683
1.013333e-05,0.000132012,4.8e-06,4.27e-05,99.81343324
1.013333e-05,0.000132012,4.8e-06,4.69e-05,97.36616233
1.013333e-05,0.000132012,4.8e-06,5.12e-05,95.08019613
1.013333e-05,0.000132012,4.8e-06,5.55e-05,93.38467687
1.013333e-05,0.000132012,4.8e-06,5.97e-05,92.55435905
1.013333e-05,0.000132012,4.8e-06,6.4e-05,91.7634731
1.013333e-05,0.000132012,4.8e-06,6.83e-05,90.999155
1.013333e-05,0.000132012,4.8e-06,7.25e-05,90.26553624
1.013333e-05,0.000132012,4.8e-06,7.68e-05,89.55965037
1.013333e-05,0.000132012,4.8e-06,8.11e-05,89.09647176
1.013333e-05,0.000132012,4.8e-06,8.53e-05,88.97446503
1.013333e-05,0.000132012,4.8e-06,8.96e-05,88.84901346
1.013333e-05,0.000132012,4.266667e-06,3.84e-05,100.0466643
1.013333e-05,0.000132012,4.266667e-06,4.27e-05,97.42779169
1.013333e-05,0.000132012,4.266667e-06,4.69e-05,95.01236655
1.013333e-05,0.000132012,4.266667e-06,5.12e-05,92.76854374
1.013333e-05,0.000132012,4.266667e-06,5.55e-05,91.51984076
1.013333e-05,0.000132012,4.266667e-06,5.97e-05,90.71234461
1.013333e-05,0.000132012,4.266667e-06,6.4e-05,89.93722482
1.013333e-05,0.000132012,4.266667e-06,6.83e-05,89.19763823
1.013333e-05,0.000132012,4.266667e-06,7.25e-05,88.48936108
1.013333e-05,0.000132012,4.266667e-06,7.68e-05,87.80975092
1.013333e-05,0.000132012,4.266667e-06,8.11e-05,87.57713372
1.013333e-05,0.000132012,4.266667e-06,8.53e-05,87.46911785
1.013333e-05,0.000132012,4.266667e-06,8.96e-05,87.35988913
1.013333e-05,0.000132012,4.533333e-06,3.84e-05,104.241118
1.013333e-05,0.000132012,4.533333e-06,4.27e-05,101.1364657
1.013333e-05,0.000132012,4.533333e-06,4.69e-05,98.67468936
1.013333e-05,0.000132012,4.533333e-06,5.12e-05,96.3682506
1.013333e-05,0.000132012,4.533333e-06,5.55e-05,94.413575
1.013333e-05,0.000132012,4.533333e-06,5.97e-05,93.5737538
1.013333e-05,0.000132012,4.533333e-06,6.4e-05,92.76883025
1.013333e-05,0.000132012,4.533333e-06,6.83e-05,91.99636921
1.013333e-05,0.000132012,4.533333e-06,7.25e-05,91.24921253
1.013333e-05,0.000132012,4.533333e-06,7.68e-05,90.52938193
1.013333e-05,0.000132012,4.533333e-06,8.11e-05,89.92499715
1.013333e-05,0.000132012,4.533333e-06,8.53e-05,89.80051428
1.013333e-05,0.000132012,4.533333e-06,8.96e-05,89.66821946
1.013333e-05,0.000132012,4e-06,3.84e-05,102.2937656
1.013333e-05,0.000132012,4e-06,4.27e-05,99.50954162
1.013333e-05,0.000132012,4e-06,4.69e-05,95.96089406
1.013333e-05,0.000132012,4e-06,5.12e-05,93.1294716
1.013333e-05,0.000132012,4e-06,5.55e-05,90.32111033
1.013333e-05,0.000132012,4e-06,5.97e-05,87.27568822
1.013333e-05,0.000132012,4e-06,6.4e-05,83.55686688
1.013333e-05,0.000132012,4e-06,6.83e-05,79.37189398
1.013333e-05,0.000132012,4e-06,7.25e-05,75.36236299
1.013333e-05,0.000132012,4e-06,7.68e-05,71.83867173
1.013333e-05,0.000132012,4e-06,8.11e-05,68.83248429
1.013333e-05,0.000132012,4e-06,8.53e-05,66.27509747
1.013333e-05,0.000132012,4e-06,8.96e-05,64.0839162
1.013333e-05,0.000132012,5.6e-06,3.84e-05,102.9366963
1.013333e-05,0.000132012,5.6e-06,4.27e-05,99.36037899
1.013333e-05,0.000132012,5.6e-06,4.69e-05,95.21707214
1.013333e-05,0.000132012,5.6e-06,5.12e-05,92.08881967
1.013333e-05,0.000132012,5.6e-06,5.55e-05,89.36057992
1.013333e-05,0.000132012,5.6e-06,5.97e-05,86.48815623
1.013333e-05,0.000132012,5.6e-06,6.4e-05,82.79540307
1.013333e-05,0.000132012,5.6e-06,6.83e-05,78.72005907
1.013333e-05,0.000132012,5.6e-06,7.25e-05,74.8236013
1.013333e-05,0.000132012,5.6e-06,7.68e-05,71.38454875
1.013333e-05,0.000132012,5.6e-06,8.11e-05,68.43362687
1.013333e-05,0.000132012,5.6e-06,8.53e-05,65.90919008
1.013333e-05,0.000132012,5.6e-06,8.96e-05,63.73546994
1.013333e-05,0.000132012,5.066667e-06,3.84e-05,103.3841476
1.013333e-05,0.000132012,5.066667e-06,4.27e-05,99.05503699
1.013333e-05,0.000132012,5.066667e-06,4.69e-05,94.52218271
1.013333e-05,0.000132012,5.066667e-06,5.12e-05,91.17578022
1.013333e-05,0.000132012,5.066667e-06,5.55e-05,88.69992889
1.013333e-05,0.000132012,5.066667e-06,5.97e-05,85.7416842
1.013333e-05,0.000132012,5.066667e-06,6.4e-05,82.07142861
1.013333e-05,0.000132012,5.066667e-06,6.83e-05,78.07768086
1.013333e-05,0.000132012,5.066667e-06,7.25e-05,74.26910679
1.013333e-05,0.000132012,5.066667e-06,7.68e-05,70.89772862
1.013333e-05,0.000132012,5.066667e-06,8.11e-05,67.99213334
1.013333e-05,0.000132012,5.066667e-06,8.53e-05,65.49553381
1.013333e-05,0.000132012,5.066667e-06,8.96e-05,63.33727271
1.013333e-05,0.0003889991,5.333333e-06,3.84e-05,86.330876
1.013333e-05,0.0003889991,5.333333e-06,4.27e-05,87.5447797
1.013333e-05,0.0003889991,5.333333e-06,4.69e-05,88.66215061
1.013333e-05,0.0003889991,5.333333e-06,5.12e-05,89.71056385
1.013333e-05,0.0003889991,5.333333e-06,5.55e-05,90.71205563
1.013333e-05,0.0003889991,5.333333e-06,5.97e-05,91.79105187
1.013333e-05,0.0003889991,5.333333e-06,6.4e-05,92.76255313
1.013333e-05,0.0003889991,5.333333e-06,6.83e-05,93.62860466
1.013333e-05,0.0003889991,5.333333e-06,7.25e-05,94.41324141
1.013333e-05,0.0003889991,5.333333e-06,7.68e-05,95.12985645
1.013333e-05,0.0003889991,5.333333e-06,8.11e-05,95.30477416
1.013333e-05,0.0003889991,5.333333e-06,8.53e-05,95.28240976
1.013333e-05,0.0003889991,5.333333e-06,8.96e-05,95.09555891
1.013333e-05,0.0003889991,2.4e-06,3.84e-05,87.26817951
1.013333e-05,0.0003889991,2.4e-06,4.27e-05,88.45139657
1.013333e-05,0.0003889991,2.4e-06,4.69e-05,89.54310096
1.013333e-05,0.0003889991,2.4e-06,5.12e-05,90.56995971
1.013333e-05,0.0003889991,2.4e-06,5.55e-05,91.5533237
1.013333e-05,0.0003889991,2.4e-06,5.97e-05,92.61151003
1.013333e-05,0.0003889991,2.4e-06,6.4e-05,93.5708903
1.013333e-05,0.0003889991,2.4e-06,6.83e-05,94.42347796
1.013333e-05,0.0003889991,2.4e-06,7.25e-05,95.20144941
1.013333e-05,0.0003889991,2.4e-06,7.68e-05,95.88403037
1.013333e-05,0.0003889991,2.4e-06,8.11e-05,96.00038027
1.013333e-05,0.0003889991,2.4e-06,8.53e-05,95.94748651
1.013333e-05,0.0003889991,2.4e-06,8.96e-05,95.70588855
1.013333e-05,0.0003889991,2.666667e-06,3.84e-05,89.52471264
1.013333e-05,0.0003889991,2.666667e-06,4.27e-05,90.57491129
1.013333e-05,0.0003889991,2.666667e-06,4.69e-05,91.60885966
1.013333e-05,0.0003889991,2.666667e-06,5.12e-05,92.58708457
1.013333e-05,0.0003889991,2.666667e-06,5.55e-05,93.52944423
1.013333e-05,0.0003889991,2.666667e-06,5.97e-05,94.54114419
1.013333e-05,0.0003889991,2.666667e-06,6.4e-05,95.46763661
1.013333e-05,0.0003889991,2.666667e-06,6.83e-05,96.30610459
1.013333e-05,0.0003889991,2.666667e-06,7.25e-05,97.06290225
1.013333e-05,0.0003889991,2.666667e-06,7.68e-05,97.63288166
1.013333e-05,0.0003889991,2.666667e-06,8.11e-05,97.66200737
1.013333e-05,0.0003889991,2.666667e-06,8.53e-05,97.50142059
1.013333e-05,0.0003889991,2.666667e-06,8.96e-05,97.16904392
1.013333e-05,0.0003889991,2.933333e-06,3.84e-05,91.23764807
1.013333e-05,0.0003889991,2.933333e-06,4.27e-05,92.12449254
1.013333e-05,0.0003889991,2.933333e-06,4.69e-05,93.11808479
1.013333e-05,0.0003889991,2.933333e-06,5.12e-05,94.06230278
1.013333e-05,0.0003889991,2.933333e-06,5.55e-05,94.9759728
1.013333e-05,0.0003889991,2.933333e-06,5.97e-05,95.95595035
1.013333e-05,0.0003889991,2.933333e-06,6.4e-05,96.86646279
1.013333e-05,0.0003889991,2.933333e-06,6.83e-05,97.69077929
1.013333e-05,0.0003889991,2.933333e-06,7.25e-05,98.44514315
1.013333e-05,0.0003889991,2.933333e-06,7.68e-05,98.93190252
1.013333e-05,0.0003889991,2.933333e-06,8.11e-05,98.90155173
1.013333e-05,0.0003889991,2.933333e-06,8.53e-05,98.67333967
1.013333e-05,0.0003889991,2.933333e-06,8.96e-05,98.28039327
1.013333e-05,0.0003889991,3.2e-06,3.84e-05,93.31147433
1.013333e-05,0.0003889991,3.2e-06,4.27e-05,93.98491348
1.013333e-05,0.0003889991,3.2e-06,4.69e-05,94.9366919
1.013333e-05,0.0003889991,3.2e-06,5.12e-05,95.84111023
1.013333e-05,0.0003889991,3.2e-06,5.55e-05,96.72139905
1.013333e-05,0.0003889991,3.2e-06,5.97e-05,97.66548603
1.013333e-05,0.0003889991,3.2e-06,6.4e-05,98.56253613
1.013333e-05,0.0003889991,3.2e-06,6.83e-05,99.3795537
1.013333e-05,0.0003889991,3.2e-06,7.25e-05,100.1301356
1.013333e-05,0.0003889991,3.2e-06,7.68e-05,100.526544
1.013333e-05,0.0003889991,3.2e-06,8.11e-05,100.4303845
1.013333e-05,0.0003889991,3.2e-06,8.53e-05,100.1261896
1.013333e-05,0.0003889991,3.2e-06,8.96e-05,99.64058151
1.013333e-05,0.0003889991,3.466667e-06,3.84e-05,91.83463492
1.013333e-05,0.0003889991,3.466667e-06,4.27e-05,89.28626161
1.013333e-05,0.0003889991,3.466667e-06,4.69e-05,86.98775516
1.013333e-05,0.0003889991,3.466667e-06,5.12e-05,85.94464571
1.013333e-05,0.0003889991,3.466667e-06,5.55e-05,85.14001487
1.013333e-05,0.0003889991,3.466667e-06,5.97e-05,84.39182111
1.013333e-05,0.0003889991,3.466667e-06,6.4e-05,83.68948812
1.013333e-05,0.0003889991,3.466667e-06,6.83e-05,83.02625292
1.013333e-05,0.0003889991,3.466667e-06,7.25e-05,82.52460468
1.013333e-05,0.0003889991,3.466667e-06,7.68e-05,82.47440733
1.013333e-05,0.0003889991,3.466667e-06,8.11e-05,82.41560764
1.013333e-05,0.0003889991,3.466667e-06,8.53e-05,82.35620235
1.013333e-05,0.0003889991,3.466667e-06,8.96e-05,82.29341092
1.013333e-05,0.0003889991,3.733333e-06,3.84e-05,96.2268647
1.013333e-05,0.0003889991,3.733333e-06,4.27e-05,93.59188714
1.013333e-05,0.0003889991,3.733333e-06,4.69e-05,91.18737021
1.013333e-05,0.0003889991,3.733333e-06,5.12e-05,89.42524082
1.013333e-05,0.0003889991,3.733333e-06,5.55e-05,88.57826204
1.013333e-05,0.0003889991,3.733333e-06,5.97e-05,87.77696549
1.013333e-05,0.0003889991,3.733333e-06,6.4e-05,87.01995294
1.013333e-05,0.0003889991,3.733333e-06,6.83e-05,86.30069481
1.013333e-05,0.0003889991,3.733333e-06,7.25e-05,85.61500654
1.013333e-05,0.0003889991,3.733333e-06,7.68e-05,85.32103573
1.013333e-05,0.0003889991,3.733333e-06,8.11e-05,85.23791789
1.013333e-05,0.0003889991,3.733333e-06,8.53e-05,85.14230977
1.013333e-05,0.0003889991,3.733333e-06,8.96e-05,85.04766758
1.013333e-05,0.0003889991,4.8e-06,3.84e-05,101.8412132
1.013333e-05,0.0003889991,4.8e-06,4.27e-05,99.14051541
1.013333e-05,0.0003889991,4.8e-06,4.69e-05,96.63903263
1.013333e-05,0.0003889991,4.8e-06,5.12e-05,94.30717266
1.013333e-05,0.0003889991,4.8e-06,5.55e-05,92.93248338
1.013333e-05,0.0003889991,4.8e-06,5.97e-05,92.08152698
1.013333e-05,0.0003889991,4.8e-06,6.4e-05,91.27162443
1.013333e-05,0.0003889991,4.8e-06,6.83e-05,90.48951226
1.013333e-05,0.0003889991,4.8e-06,7.25e-05,89.7393651
1.013333e-05,0.0003889991,4.8e-06,7.68e-05,89.01808818
1.013333e-05,0.0003889991,4.8e-06,8.11e-05,88.78450268
1.013333e-05,0.0003889991,4.8e-06,8.53e-05,88.65708136
1.013333e-05,0.0003889991,4.8e-06,8.96e-05,88.52649948
1.013333e-05,0.0003889991,4.266667e-06,3.84e-05,99.39902831
1.013333e-05,0.0003889991,4.266667e-06,4.27e-05,96.7210777
1.013333e-05,0.0003889991,4.266667e-06,4.69e-05,94.25652437
1.013333e-05,0.0003889991,4.266667e-06,5.12e-05,91.97177104
1.013333e-05,0.0003889991,4.266667e-06,5.55e-05,91.04128099
1.013333e-05,0.0003889991,4.266667e-06,5.97e-05,90.21497903
1.013333e-05,0.0003889991,4.266667e-06,6.4e-05,89.42240494
1.013333e-05,0.0003889991,4.266667e-06,6.83e-05,88.66672651
1.013333e-05,0.0003889991,4.266667e-06,7.25e-05,87.94355789
1.013333e-05,0.0003889991,4.266667e-06,7.68e-05,87.34891853
1.013333e-05,0.0003889991,4.266667e-06,8.11e-05,87.24558983
1.013333e-05,0.0003889991,4.266667e-06,8.53e-05,87.13276835
1.013333e-05,0.0003889991,4.266667e-06,8.96e-05,87.01892614
1.013333e-05,0.0003889991,4.533333e-06,3.84e-05,103.1901832
1.013333e-05,0.0003889991,4.533333e-06,4.27e-05,100.4828254
1.013333e-05,0.0003889991,4.533333e-06,4.69e-05,97.96413437
1.013333e-05,0.0003889991,4.533333e-06,5.12e-05,95.60911318
1.013333e-05,0.0003889991,4.533333e-06,5.55e-05,93.97610452
1.013333e-05,0.0003889991,4.533333e-06,5.97e-05,93.11472099
1.013333e-05,0.0003889991,4.533333e-06,6.4e-05,92.28978657
1.013333e-05,0.0003889991,4.533333e-06,6.83e-05,91.49872769
1.013333e-05,0.0003889991,4.533333e-06,7.25e-05,90.73414166
1.013333e-05,0.0003889991,4.533333e-06,7.68e-05,89.99804643
1.013333e-05,0.0003889991,4.533333e-06,8.11e-05,89.62389753
1.013333e-05,0.0003889991,4.533333e-06,8.53e-05,89.49369121
1.013333e-05,0.0003889991,4.533333e-06,8.96e-05,89.35598251
1.013333e-05,0.0003889991,4e-06,3.84e-05,101.8358856
1.013333e-05,0.0003889991,4e-06,4.27e-05,98.84964176
1.013333e-05,0.0003889991,4e-06,4.69e-05,95.08297931
1.013333e-05,0.0003889991,4e-06,5.12e-05,92.13383664
1.013333e-05,0.0003889991,4e-06,5.55e-05,89.22857686
1.013333e-05,0.0003889991,4e-06,5.97e-05,86.33633777
1.013333e-05,0.0003889991,4e-06,6.4e-05,82.57761384
1.013333e-05,0.0003889991,4e-06,6.83e-05,78.39969254
1.013333e-05,0.0003889991,4e-06,7.25e-05,74.42190526
1.013333e-05,0.0003889991,4e-06,7.68e-05,70.93347404
1.013333e-05,0.0003889991,4e-06,8.11e-05,67.95744924
1.013333e-05,0.0003889991,4e-06,8.53e-05,65.42367577
1.013333e-05,0.0003889991,4e-06,8.96e-05,63.25050024
1.013333e-05,0.0003889991,5.6e-06,3.84e-05,102.4425544
1.013333e-05,0.0003889991,5.6e-06,4.27e-05,98.53195606
1.013333e-05,0.0003889991,5.6e-06,4.69e-05,94.25668444
1.013333e-05,0.0003889991,5.6e-06,5.12e-05,91.00811112
1.013333e-05,0.0003889991,5.6e-06,5.55e-05,88.42005529
1.013333e-05,0.0003889991,5.6e-06,5.97e-05,85.46196213
1.013333e-05,0.0003889991,5.6e-06,6.4e-05,81.73065856
1.013333e-05,0.0003889991,5.6e-06,6.83e-05,77.66349958
1.013333e-05,0.0003889991,5.6e-06,7.25e-05,73.80014984
1.013333e-05,0.0003889991,5.6e-06,7.68e-05,70.39780632
1.013333e-05,0.0003889991,5.6e-06,8.11e-05,67.47840784
1.013333e-05,0.0003889991,5.6e-06,8.53e-05,64.9787473
1.013333e-05,0.0003889991,5.6e-06,8.96e-05,62.82396936
1.013333e-05,0.0003889991,5.066667e-06,3.84e-05,102.8610858
1.013333e-05,0.0003889991,5.066667e-06,4.27e-05,98.16302773
1.013333e-05,0.0003889991,5.066667e-06,4.69e-05,93.49645179
1.013333e-05,0.0003889991,5.066667e-06,5.12e-05,90.18131438
1.013333e-05,0.0003889991,5.066667e-06,5.55e-05,87.69174822
1.013333e-05,0.0003889991,5.066667e-06,5.97e-05,84.64588025
1.013333e-05,0.0003889991,5.066667e-06,6.4e-05,80.93642563
1.013333e-05,0.0003889991,5.066667e-06,6.83e-05,76.95175562
1.013333e-05,0.0003889991,5.066667e-06,7.25e-05,73.17736787
1.013333e-05,0.0003889991,5.066667e-06,7.68e-05,69.84387925
1.013333e-05,0.0003889991,5.066667e-06,8.11e-05,66.97095421
1.013333e-05,0.0003889991,5.066667e-06,8.53e-05,64.50014521
1.013333e-05,0.0003889991,5.066667e-06,8.96e-05,62.36167302
1.013333e-05,4.48e-05,5.333333e-06,3.84e-05,86.14680987
1.013333e-05,4.48e-05,5.333333e-06,4.27e-05,87.37434633
1.013333e-05,4.48e-05,5.333333e-06,4.69e-05,88.50502495
1.013333e-05,4.48e-05,5.333333e-06,5.12e-05,89.56688516
1.013333e-05,4.48e-05,5.333333e-06,5.55e-05,90.60729825
1.013333e-05,4.48e-05,5.333333e-06,5.97e-05,91.70642942
1.013333e-05,4.48e-05,5.333333e-06,6.4e-05,92.68196209
1.013333e-05,4.48e-05,5.333333e-06,6.83e-05,93.55199438
1.013333e-05,4.48e-05,5.333333e-06,7.25e-05,94.34070299
1.013333e-05,4.48e-05,5.333333e-06,7.68e-05,94.95300163
1.013333e-05,4.48e-05,5.333333e-06,8.11e-05,95.08257523
1.013333e-05,4.48e-05,5.333333e-06,8.53e-05,95.03301468
1.013333e-05,4.48e-05,5.333333e-06,8.96e-05,94.81764652
1.013333e-05,4.48e-05,2.4e-06,3.84e-05,87.09374372
1.013333e-05,4.48e-05,2.4e-06,4.27e-05,88.2903623
1.013333e-05,4.48e-05,2.4e-06,4.69e-05,89.39522569
1.013333e-05,4.48e-05,2.4e-06,5.12e-05,90.43544659
1.013333e-05,4.48e-05,2.4e-06,5.55e-05,91.45410802
1.013333e-05,4.48e-05,2.4e-06,5.97e-05,92.53500034
1.013333e-05,4.48e-05,2.4e-06,6.4e-05,93.49873847
1.013333e-05,4.48e-05,2.4e-06,6.83e-05,94.35557691
1.013333e-05,4.48e-05,2.4e-06,7.25e-05,95.13791163
1.013333e-05,4.48e-05,2.4e-06,7.68e-05,95.68894858
1.013333e-05,4.48e-05,2.4e-06,8.11e-05,95.7790012
1.013333e-05,4.48e-05,2.4e-06,8.53e-05,95.69861057
1.013333e-05,4.48e-05,2.4e-06,8.96e-05,95.4275725
1.013333e-05,4.48e-05,2.666667e-06,3.84e-05,89.30957882
1.013333e-05,4.48e-05,2.666667e-06,4.27e-05,90.43675974
1.013333e-05,4.48e-05,2.666667e-06,4.69e-05,91.48350766
1.013333e-05,4.48e-05,2.666667e-06,5.12e-05,92.47487771
1.013333e-05,4.48e-05,2.666667e-06,5.55e-05,93.44139119
1.013333e-05,4.48e-05,2.666667e-06,5.97e-05,94.48524777
1.013333e-05,4.48e-05,2.666667e-06,6.4e-05,95.41679142
1.013333e-05,4.48e-05,2.666667e-06,6.83e-05,96.26032793
1.013333e-05,4.48e-05,2.666667e-06,7.25e-05,97.02219457
1.013333e-05,4.48e-05,2.666667e-06,7.68e-05,97.44288501
1.013333e-05,4.48e-05,2.666667e-06,8.11e-05,97.44476151
1.013333e-05,4.48e-05,2.666667e-06,8.53e-05,97.25488829
1.013333e-05,4.48e-05,2.666667e-06,8.96e-05,96.89150368
1.013333e-05,4.48e-05,2.933333e-06,3.84e-05,90.97307023
1.013333e-05,4.48e-05,2.933333e-06,4.27e-05,92.00378762
1.013333e-05,4.48e-05,2.933333e-06,4.69e-05,93.00990517
1.013333e-05,4.48e-05,2.933333e-06,5.12e-05,93.9670934
1.013333e-05,4.48e-05,2.933333e-06,5.55e-05,94.89457001
1.013333e-05,4.48e-05,2.933333e-06,5.97e-05,95.91654259
1.013333e-05,4.48e-05,2.933333e-06,6.4e-05,96.83269343
1.013333e-05,4.48e-05,2.933333e-06,6.83e-05,97.6626297
1.013333e-05,4.48e-05,2.933333e-06,7.25e-05,98.42268523
1.013333e-05,4.48e-05,2.933333e-06,7.68e-05,98.74765498
1.013333e-05,4.48e-05,2.933333e-06,8.11e-05,98.68937203
1.013333e-05,4.48e-05,2.933333e-06,8.53e-05,98.43042834
1.013333e-05,4.48e-05,2.933333e-06,8.96e-05,98.00529412
1.013333e-05,4.48e-05,3.2e-06,3.84e-05,93.06778343
1.013333e-05,4.48e-05,3.2e-06,4.27e-05,93.88592548
1.013333e-05,4.48e-05,3.2e-06,4.69e-05,94.84997676
1.013333e-05,4.48e-05,3.2e-06,5.12e-05,95.76713023
1.013333e-05,4.48e-05,3.2e-06,5.55e-05,96.66099155
1.013333e-05,4.48e-05,3.2e-06,5.97e-05,97.64756597
1.013333e-05,4.48e-05,3.2e-06,6.4e-05,98.55102785
1.013333e-05,4.48e-05,3.2e-06,6.83e-05,99.37444031
1.013333e-05,4.48e-05,3.2e-06,7.25e-05,100.131478
1.013333e-05,4.48e-05,3.2e-06,7.68e-05,100.3516474
1.013333e-05,4.48e-05,3.2e-06,8.11e-05,100.2259378
1.013333e-05,4.48e-05,3.2e-06,8.53e-05,99.88985599
1.013333e-05,4.48e-05,3.2e-06,8.96e-05,99.36975479
1.013333e-05,4.48e-05,3.466667e-06,3.84e-05,91.15974382
1.013333e-05,4.48e-05,3.466667e-06,4.27e-05,88.57686473
1.013333e-05,4.48e-05,3.466667e-06,4.69e-05,86.34997466
1.013333e-05,4.48e-05,3.466667e-06,5.12e-05,85.463334
1.013333e-05,4.48e-05,3.466667e-06,5.55e-05,84.64623655
1.013333e-05,4.48e-05,3.466667e-06,5.97e-05,83.88690248
1.013333e-05,4.48e-05,3.466667e-06,6.4e-05,83.17450386
1.013333e-05,4.48e-05,3.466667e-06,6.83e-05,82.50211787
1.013333e-05,4.48e-05,3.466667e-06,7.25e-05,82.18517224
1.013333e-05,4.48e-05,3.466667e-06,7.68e-05,82.13199257
1.013333e-05,4.48e-05,3.466667e-06,8.11e-05,82.07038912
1.013333e-05,4.48e-05,3.466667e-06,8.53e-05,82.00828759
1.013333e-05,4.48e-05,3.466667e-06,8.96e-05,81.94295835
1.013333e-05,4.48e-05,3.733333e-06,3.84e-05,95.60732844
1.013333e-05,4.48e-05,3.733333e-06,4.27e-05,92.9279322
1.013333e-05,4.48e-05,3.733333e-06,4.69e-05,90.48773153
1.013333e-05,4.48e-05,3.733333e-06,5.12e-05,88.98673496
1.013333e-05,4.48e-05,3.733333e-06,5.55e-05,88.12397157
1.013333e-05,4.48e-05,3.733333e-06,5.97e-05,87.30825837
1.013333e-05,4.48e-05,3.733333e-06,6.4e-05,86.53810709
1.013333e-05,4.48e-05,3.733333e-06,6.83e-05,85.80680442
1.013333e-05,4.48e-05,3.733333e-06,7.25e-05,85.11003951
1.013333e-05,4.48e-05,3.733333e-06,7.68e-05,85.00915823
1.013333e-05,4.48e-05,3.733333e-06,8.11e-05,84.92227075
1.013333e-05,4.48e-05,3.733333e-06,8.53e-05,84.82297832
1.013333e-05,4.48e-05,3.733333e-06,8.96e-05,84.72483528
1.013333e-05,4.48e-05,4.8e-06,3.84e-05,101.2979239
1.013333e-05,4.48e-05,4.8e-06,4.27e-05,98.54155245
1.013333e-05,4.48e-05,4.8e-06,4.69e-05,95.99334632
1.013333e-05,4.48e-05,4.8e-06,5.12e-05,93.62226403
1.013333e-05,4.48e-05,4.8e-06,5.55e-05,92.53049705
1.013333e-05,4.48e-05,4.8e-06,5.97e-05,91.66138873
1.013333e-05,4.48e-05,4.8e-06,6.4e-05,90.83476972
1.013333e-05,4.48e-05,4.8e-06,6.83e-05,90.03702456
1.013333e-05,4.48e-05,4.8e-06,7.25e-05,89.27236699
1.013333e-05,4.48e-05,4.8e-06,7.68e-05,88.62740735
1.013333e-05,4.48e-05,4.8e-06,8.11e-05,88.50778431
1.013333e-05,4.48e-05,4.8e-06,8.53e-05,88.37550306
1.013333e-05,4.48e-05,4.8e-06,8.96e-05,88.24030984
1.013333e-05,4.48e-05,4.266667e-06,3.84e-05,98.82189166
1.013333e-05,4.48e-05,4.266667e-06,4.27e-05,96.09294793
1.013333e-05,4.48e-05,4.266667e-06,4.69e-05,93.58635337
1.013333e-05,4.48e-05,4.266667e-06,5.12e-05,91.51253252
1.013333e-05,4.48e-05,4.266667e-06,5.55e-05,90.61627124
1.013333e-05,4.48e-05,4.266667e-06,5.97e-05,89.77349636
1.013333e-05,4.48e-05,4.266667e-06,6.4e-05,88.96563759
1.013333e-05,4.48e-05,4.266667e-06,6.83e-05,88.19587509
1.013333e-05,4.48e-05,4.266667e-06,7.25e-05,87.45968111
1.013333e-05,4.48e-05,4.266667e-06,7.68e-05,87.05963737
1.013333e-05,4.48e-05,4.266667e-06,8.11e-05,86.9517406
1.013333e-05,4.48e-05,4.266667e-06,8.53e-05,86.83461629
1.013333e-05,4.48e-05,4.266667e-06,8.96e-05,86.71663615
1.013333e-05,4.48e-05,4.533333e-06,3.84e-05,102.6659659
1.013333e-05,4.48e-05,4.533333e-06,4.27e-05,99.90054151
1.013333e-05,4.48e-05,4.533333e-06,4.69e-05,97.33262686
1.013333e-05,4.48e-05,4.533333e-06,5.12e-05,94.93592279
1.013333e-05,4.48e-05,4.533333e-06,5.55e-05,93.58698471
1.013333e-05,4.48e-05,4.533333e-06,5.97e-05,92.7065996
1.013333e-05,4.48e-05,4.533333e-06,6.4e-05,91.86404045
1.013333e-05,4.48e-05,4.533333e-06,6.83e-05,91.05661265
1.013333e-05,4.48e-05,4.533333e-06,7.25e-05,90.27669733
1.013333e-05,4.48e-05,4.533333e-06,7.68e-05,89.52630907
1.013333e-05,4.48e-05,4.533333e-06,8.11e-05,89.35669236
1.013333e-05,4.48e-05,4.533333e-06,8.53e-05,89.22134362
1.013333e-05,4.48e-05,4.533333e-06,8.96e-05,89.07876336
1.013333e-05,4.48e-05,4e-06,3.84e-05,101.4223566
1.013333e-05,4.48e-05,4e-06,4.27e-05,98.1762776
1.013333e-05,4.48e-05,4e-06,4.69e-05,94.2972795
1.013333e-05,4.48e-05,4e-06,5.12e-05,91.24514625
1.013333e-05,4.48e-05,4e-06,5.55e-05,88.43243524
1.013333e-05,4.48e-05,4e-06,5.97e-05,85.49610675
1.013333e-05,4.48e-05,4e-06,6.4e-05,81.70428468
1.013333e-05,4.48e-05,4e-06,6.83e-05,77.53429364
1.013333e-05,4.48e-05,4e-06,7.25e-05,73.58530548
1.013333e-05,4.48e-05,4e-06,7.68e-05,70.12822746
1.013333e-05,4.48e-05,4e-06,8.11e-05,67.1788794
1.013333e-05,4.48e-05,4e-06,8.53e-05,64.66599141
1.013333e-05,4.48e-05,4e-06,8.96e-05,62.50879239
1.013333e-05,4.48e-05,5.6e-06,3.84e-05,101.9962703
1.013333e-05,4.48e-05,5.6e-06,4.27e-05,97.78935445
1.013333e-05,4.48e-05,5.6e-06,4.69e-05,93.39824569
1.013333e-05,4.48e-05,5.6e-06,5.12e-05,90.0450067
1.013333e-05,4.48e-05,5.6e-06,5.55e-05,87.57747216
1.013333e-05,4.48e-05,5.6e-06,5.97e-05,84.54564326
1.013333e-05,4.48e-05,5.6e-06,6.4e-05,80.7826765
1.013333e-05,4.48e-05,5.6e-06,6.83e-05,76.72464374
1.013333e-05,4.48e-05,5.6e-06,7.25e-05,72.89137153
1.013333e-05,4.48e-05,5.6e-06,7.68e-05,69.5216744
1.013333e-05,4.48e-05,5.6e-06,8.11e-05,66.6301475
1.013333e-05,4.48e-05,5.6e-06,8.53e-05,64.15239093
1.013333e-05,4.48e-05,5.6e-06,8.96e-05,62.01441282
1.013333e-05,4.48e-05,5.066667e-06,3.84e-05,102.3886312
1.013333e-05,4.48e-05,5.066667e-06,4.27e-05,97.36398908
1.013333e-05,4.48e-05,5.066667e-06,4.69e-05,92.58049794
1.013333e-05,4.48e-05,5.066667e-06,5.12e-05,89.37604043
1.013333e-05,4.48e-05,5.066667e-06,5.55e-05,86.7895769
1.013333e-05,4.48e-05,5.066667e-06,5.97e-05,83.66861247
1.013333e-05,4.48e-05,5.066667e-06,6.4e-05,79.92727502
1.013333e-05,4.48e-05,5.066667e-06,6.83e-05,75.95269032
1.013333e-05,4.48e-05,5.066667e-06,7.25e-05,72.20939413
1.013333e-05,4.48e-05,5.066667e-06,7.68e-05,68.90960304
1.013333e-05,4.48e-05,5.066667e-06,8.11e-05,66.06555322
1.013333e-05,4.48e-05,5.066667e-06,8.53e-05,63.6175337
1.013333e-05,4.48e-05,5.066667e-06,8.96e-05,61.49660342
1.066667e-05,0.000132012,5.333333e-06,3.84e-05,85.98181165
1.066667e-05,0.000132012,5.333333e-06,4.27e-05,87.22120981
1.066667e-05,0.000132012,5.333333e-06,4.69e-05,88.36344964
1.066667e-05,0.000132012,5.333333e-06,5.12e-05,89.43699718
1.066667e-05,0.000132012,5.333333e-06,5.55e-05,90.52643776
1.066667e-05,0.000132012,5.333333e-06,5.97e-05,91.62899268
1.066667e-05,0.000132012,5.333333e-06,6.4e-05,92.60783316
1.066667e-05,0.000132012,5.333333e-06,6.83e-05,93.48112817
1.066667e-05,0.000132012,5.333333e-06,7.25e-05,94.27318416
1.066667e-05,0.000132012,5.333333e-06,7.68e-05,94.77435707
1.066667e-05,0.000132012,5.333333e-06,8.11e-05,94.88044177
1.066667e-05,0.000132012,5.333333e-06,8.53e-05,94.80623325
1.066667e-05,0.000132012,5.333333e-06,8.96e-05,94.56502884
1.066667e-05,0.000132012,2.4e-06,3.84e-05,86.93729778
1.066667e-05,0.000132012,2.4e-06,4.27e-05,88.14556212
1.066667e-05,0.000132012,2.4e-06,4.69e-05,89.26184593
1.066667e-05,0.000132012,2.4e-06,5.12e-05,90.31367139
1.066667e-05,0.000132012,2.4e-06,5.55e-05,91.38019196
1.066667e-05,0.000132012,2.4e-06,5.97e-05,92.46476397
1.066667e-05,0.000132012,2.4e-06,6.4e-05,93.43209412
1.066667e-05,0.000132012,2.4e-06,6.83e-05,94.29242795
1.066667e-05,0.000132012,2.4e-06,7.25e-05,95.07836409
1.066667e-05,0.000132012,2.4e-06,7.68e-05,95.51130845
1.066667e-05,0.000132012,2.4e-06,8.11e-05,95.5775078
1.066667e-05,0.000132012,2.4e-06,8.53e-05,95.47217435
1.066667e-05,0.000132012,2.4e-06,8.96e-05,95.17446365
1.066667e-05,0.000132012,2.666667e-06,3.84e-05,89.17393478
1.066667e-05,0.000132012,2.666667e-06,4.27e-05,90.31225592
1.066667e-05,0.000132012,2.666667e-06,4.69e-05,91.37008447
1.066667e-05,0.000132012,2.666667e-06,5.12e-05,92.37284858
1.066667e-05,0.000132012,2.666667e-06,5.55e-05,93.38513437
1.066667e-05,0.000132012,2.666667e-06,5.97e-05,94.43330986
1.066667e-05,0.000132012,2.666667e-06,6.4e-05,95.36904431
1.066667e-05,0.000132012,2.666667e-06,6.83e-05,96.21678987
1.066667e-05,0.000132012,2.666667e-06,7.25e-05,96.98286608
1.066667e-05,0.000132012,2.666667e-06,7.68e-05,97.26958441
1.066667e-05,0.000132012,2.666667e-06,8.11e-05,97.24670775
1.066667e-05,0.000132012,2.666667e-06,8.53e-05,97.03025108
1.066667e-05,0.000132012,2.666667e-06,8.96e-05,96.6387333
1.066667e-05,0.000132012,2.933333e-06,3.84e-05,90.80420446
1.066667e-05,0.000132012,2.933333e-06,4.27e-05,91.89476058
1.066667e-05,0.000132012,2.933333e-06,4.69e-05,92.91169996
1.066667e-05,0.000132012,2.933333e-06,5.12e-05,93.88011343
1.066667e-05,0.000132012,2.933333e-06,5.55e-05,94.85244645
1.066667e-05,0.000132012,2.933333e-06,5.97e-05,95.87924615
1.066667e-05,0.000132012,2.933333e-06,6.4e-05,96.80009784
1.066667e-05,0.000132012,2.933333e-06,6.83e-05,97.63471984
1.066667e-05,0.000132012,2.933333e-06,7.25e-05,98.39952836
1.066667e-05,0.000132012,2.933333e-06,7.68e-05,98.57931355
1.066667e-05,0.000132012,2.933333e-06,8.11e-05,98.49564182
1.066667e-05,0.000132012,2.933333e-06,8.53e-05,98.20876652
1.066667e-05,0.000132012,2.933333e-06,8.96e-05,97.75438886
1.066667e-05,0.000132012,3.2e-06,3.84e-05,92.84799468
1.066667e-05,0.000132012,3.2e-06,4.27e-05,93.79616585
1.066667e-05,0.000132012,3.2e-06,4.69e-05,94.77079719
1.066667e-05,0.000132012,3.2e-06,5.12e-05,95.69894998
1.066667e-05,0.000132012,3.2e-06,5.55e-05,96.62239622
1.066667e-05,0.000132012,3.2e-06,5.97e-05,97.62935688
1.066667e-05,0.000132012,3.2e-06,6.4e-05,98.53819255
1.066667e-05,0.000132012,3.2e-06,6.83e-05,99.366965
1.066667e-05,0.000132012,3.2e-06,7.25e-05,100.1294193
1.066667e-05,0.000132012,3.2e-06,7.68e-05,100.1914152
1.066667e-05,0.000132012,3.2e-06,8.11e-05,100.0388084
1.066667e-05,0.000132012,3.2e-06,8.53e-05,99.67370556
1.066667e-05,0.000132012,3.2e-06,8.96e-05,98.86238148
1.066667e-05,0.000132012,3.466667e-06,3.84e-05,90.55457552
1.066667e-05,0.000132012,3.466667e-06,4.27e-05,87.94242528
1.066667e-05,0.000132012,3.466667e-06,4.69e-05,85.9309665
1.066667e-05,0.000132012,3.466667e-06,5.12e-05,85.03207474
1.066667e-05,0.000132012,3.466667e-06,5.55e-05,84.20413518
1.066667e-05,0.000132012,3.466667e-06,5.97e-05,83.43510677
1.066667e-05,0.000132012,3.466667e-06,6.4e-05,82.71394515
1.066667e-05,0.000132012,3.466667e-06,6.83e-05,82.03359058
1.066667e-05,0.000132012,3.466667e-06,7.25e-05,81.88148635
1.066667e-05,0.000132012,3.466667e-06,7.68e-05,81.82565845
1.066667e-05,0.000132012,3.466667e-06,8.11e-05,81.76155505
1.066667e-05,0.000132012,3.466667e-06,8.53e-05,81.69703959
1.066667e-05,0.000132012,3.466667e-06,8.96e-05,81.62943027
1.066667e-05,0.000132012,3.733333e-06,3.84e-05,95.05063322
1.066667e-05,0.000132012,3.733333e-06,4.27e-05,92.33283454
1.066667e-05,0.000132012,3.733333e-06,4.69e-05,89.86207908
1.066667e-05,0.000132012,3.733333e-06,5.12e-05,88.59333897
1.066667e-05,0.000132012,3.733333e-06,5.55e-05,87.71667906
1.066667e-05,0.000132012,3.733333e-06,5.97e-05,86.88827156
1.066667e-05,0.000132012,3.733333e-06,6.4e-05,86.10655298
1.066667e-05,0.000132012,3.733333e-06,6.83e-05,85.36464925
1.066667e-05,0.000132012,3.733333e-06,7.25e-05,84.81432693
1.066667e-05,0.000132012,3.733333e-06,7.68e-05,84.72989876
1.066667e-05,0.000132012,3.733333e-06,8.11e-05,84.63962
1.066667e-05,0.000132012,3.733333e-06,8.53e-05,84.53700809
1.066667e-05,0.000132012,3.733333e-06,8.96e-05,84.43570334
1.066667e-05,0.000132012,4.8e-06,3.84e-05,100.8083706
1.066667e-05,0.000132012,4.8e-06,4.27e-05,98.00312085
1.066667e-05,0.000132012,4.8e-06,4.69e-05,95.41419301
1.066667e-05,0.000132012,4.8e-06,5.12e-05,93.10263234
1.066667e-05,0.000132012,4.8e-06,5.55e-05,92.16939998
1.066667e-05,0.000132012,4.8e-06,5.97e-05,91.28415759
1.066667e-05,0.000132012,4.8e-06,6.4e-05,90.44268795
1.066667e-05,0.000132012,4.8e-06,6.83e-05,89.63106186
1.066667e-05,0.000132012,4.8e-06,7.25e-05,88.85352891
1.066667e-05,0.000132012,4.8e-06,7.68e-05,88.38379712
1.066667e-05,0.000132012,4.8e-06,8.11e-05,88.25961625
1.066667e-05,0.000132012,4.8e-06,8.53e-05,88.12293116
1.066667e-05,0.000132012,4.8e-06,8.96e-05,87.98355476
1.066667e-05,0.000132012,4.266667e-06,3.84e-05,98.30248469
1.066667e-05,0.000132012,4.266667e-06,4.27e-05,95.52903441
1.066667e-05,0.000132012,4.266667e-06,4.69e-05,92.9860445
1.066667e-05,0.000132012,4.266667e-06,5.12e-05,91.1471468
1.066667e-05,0.000132012,4.266667e-06,5.55e-05,90.23482714
1.066667e-05,0.000132012,4.266667e-06,5.97e-05,89.37746415
1.066667e-05,0.000132012,4.266667e-06,6.4e-05,88.55607302
1.066667e-05,0.000132012,4.266667e-06,6.83e-05,87.77384731
1.066667e-05,0.000132012,4.266667e-06,7.25e-05,87.02613362
1.066667e-05,0.000132012,4.266667e-06,7.68e-05,86.80041549
1.066667e-05,0.000132012,4.266667e-06,8.11e-05,86.6883961
1.066667e-05,0.000132012,4.266667e-06,8.53e-05,86.56738095
1.066667e-05,0.000132012,4.266667e-06,8.96e-05,86.44565333
1.066667e-05,0.000132012,4.533333e-06,3.84e-05,102.1932651
1.066667e-05,0.000132012,4.533333e-06,4.27e-05,99.37671564
1.066667e-05,0.000132012,4.533333e-06,4.69e-05,96.76575999
1.066667e-05,0.000132012,4.533333e-06,5.12e-05,94.33288291
1.066667e-05,0.000132012,4.533333e-06,5.55e-05,93.23726628
1.066667e-05,0.000132012,4.533333e-06,5.97e-05,92.33996212
1.066667e-05,0.000132012,4.533333e-06,6.4e-05,91.48171803
1.066667e-05,0.000132012,4.533333e-06,6.83e-05,90.65973231
1.066667e-05,0.000132012,4.533333e-06,7.25e-05,89.86619284
1.066667e-05,0.000132012,4.533333e-06,7.68e-05,89.2548814
1.066667e-05,0.000132012,4.533333e-06,8.11e-05,89.11695175
1.066667e-05,0.000132012,4.533333e-06,8.53e-05,88.97694002
1.066667e-05,0.000132012,4.533333e-06,8.96e-05,88.82993656
1.066667e-05,0.000132012,4e-06,3.84e-05,101.0446594
1.066667e-05,0.000132012,4e-06,4.27e-05,97.56537339
1.066667e-05,0.000132012,4e-06,4.69e-05,93.58607259
1.066667e-05,0.000132012,4e-06,5.12e-05,90.44267414
1.066667e-05,0.000132012,4e-06,5.55e-05,87.73378843
1.066667e-05,0.000132012,4e-06,5.97e-05,84.73614079
1.066667e-05,0.000132012,4e-06,6.4e-05,80.91648231
1.066667e-05,0.000132012,4e-06,6.83e-05,76.75489734
1.066667e-05,0.000132012,4e-06,7.25e-05,72.83220393
1.066667e-05,0.000132012,4e-06,7.68e-05,69.40328226
1.066667e-05,0.000132012,4e-06,8.11e-05,66.47779195
1.066667e-05,0.000132012,4e-06,8.53e-05,63.98359481
1.066667e-05,0.000132012,4e-06,8.96e-05,61.84074375
1.066667e-05,0.000132012,5.6e-06,3.84e-05,101.588692
1.066667e-05,0.000132012,5.6e-06,4.27e-05,97.11625919
1.066667e-05,0.000132012,5.6e-06,4.69e-05,92.62215497
1.066667e-05,0.000132012,5.6e-06,5.12e-05,89.31890076
1.066667e-05,0.000132012,5.6e-06,5.55e-05,86.81436891
1.066667e-05,0.000132012,5.6e-06,5.97e-05,83.71828612
1.066667e-05,0.000132012,5.6e-06,6.4e-05,79.92895549
1.066667e-05,0.000132012,5.6e-06,6.83e-05,75.88054036
1.066667e-05,0.000132012,5.6e-06,7.25e-05,72.0747524
1.066667e-05,0.000132012,5.6e-06,7.68e-05,68.73437013
1.066667e-05,0.000132012,5.6e-06,8.11e-05,65.86775839
1.066667e-05,0.000132012,5.6e-06,8.53e-05,63.40959322
1.066667e-05,0.000132012,5.6e-06,8.96e-05,61.28669429
1.066667e-05,0.000132012,5.066667e-06,3.84e-05,101.9571422
1.066667e-05,0.000132012,5.066667e-06,4.27e-05,96.64026798
1.066667e-05,0.000132012,5.066667e-06,4.69e-05,91.75320959
1.066667e-05,0.000132012,5.066667e-06,5.12e-05,88.64942971
1.066667e-05,0.000132012,5.066667e-06,5.55e-05,85.97345083
1.066667e-05,0.000132012,5.066667e-06,5.97e-05,82.78731648
1.066667e-05,0.000132012,5.066667e-06,6.4e-05,79.01969612
1.066667e-05,0.000132012,5.066667e-06,6.83e-05,75.0557101
1.066667e-05,0.000132012,5.066667e-06,7.25e-05,71.3408428
1.066667e-05,0.000132012,5.066667e-06,7.68e-05,68.07130533
1.066667e-05,0.000132012,5.066667e-06,8.11e-05,65.2530555
1.066667e-05,0.000132012,5.066667e-06,8.53e-05,62.82540752
1.066667e-05,0.000132012,5.066667e-06,8.96e-05,60.89874736
1.066667e-05,0.0003889991,5.333333e-06,3.84e-05,85.8323625
1.066667e-05,0.0003889991,5.333333e-06,4.27e-05,87.0821804
1.066667e-05,0.0003889991,5.333333e-06,4.69e-05,88.23456096
1.066667e-05,0.0003889991,5.333333e-06,5.12e-05,89.31836429
1.066667e-05,0.0003889991,5.333333e-06,5.55e-05,90.45197421
1.066667e-05,0.0003889991,5.333333e-06,5.97e-05,91.55735333
1.066667e-05,0.0003889991,5.333333e-06,6.4e-05,92.53891294
1.066667e-05,0.0003889991,5.333333e-06,6.83e-05,93.41488514
1.066667e-05,0.0003889991,5.333333e-06,7.25e-05,94.20969655
1.066667e-05,0.0003889991,5.333333e-06,7.68e-05,94.61015113
1.066667e-05,0.0003889991,5.333333e-06,8.11e-05,94.6947394
1.066667e-05,0.0003889991,5.333333e-06,8.53e-05,94.59797793
1.066667e-05,0.0003889991,5.333333e-06,8.96e-05,94.33313998
1.066667e-05,0.0003889991,2.4e-06,3.84e-05,86.79552262
1.066667e-05,0.0003889991,2.4e-06,4.27e-05,88.01400445
1.066667e-05,0.0003889991,2.4e-06,4.69e-05,89.14029557
1.066667e-05,0.0003889991,2.4e-06,5.12e-05,90.20229643
1.066667e-05,0.0003889991,2.4e-06,5.55e-05,91.31196075
1.066667e-05,0.0003889991,2.4e-06,5.97e-05,92.3995807
1.066667e-05,0.0003889991,2.4e-06,6.4e-05,93.36987994
1.066667e-05,0.0003889991,2.4e-06,6.83e-05,94.23309321
1.066667e-05,0.0003889991,2.4e-06,7.25e-05,95.02200864
1.066667e-05,0.0003889991,2.4e-06,7.68e-05,95.34794718
1.066667e-05,0.0003889991,2.4e-06,8.11e-05,95.39230475
1.066667e-05,0.0003889991,2.4e-06,8.53e-05,95.26412797
1.066667e-05,0.0003889991,2.4e-06,8.96e-05,94.94202043
1.066667e-05,0.0003889991,2.666667e-06,3.84e-05,89.05082389
1.066667e-05,0.0003889991,2.666667e-06,4.27e-05,90.19888915
1.066667e-05,0.0003889991,2.666667e-06,4.69e-05,91.2664034
1.066667e-05,0.0003889991,2.666667e-06,5.12e-05,92.27913936
1.066667e-05,0.0003889991,2.666667e-06,5.55e-05,93.33275227
1.066667e-05,0.0003889991,2.666667e-06,5.97e-05,94.38453532
1.066667e-05,0.0003889991,2.666667e-06,6.4e-05,95.32376063
1.066667e-05,0.0003889991,2.666667e-06,6.83e-05,96.17501485
1.066667e-05,0.0003889991,2.666667e-06,7.25e-05,96.94459852
1.066667e-05,0.0003889991,2.666667e-06,7.68e-05,97.10996643
1.066667e-05,0.0003889991,2.666667e-06,8.11e-05,97.0643918
1.066667e-05,0.0003889991,2.666667e-06,8.53e-05,96.82357824
1.066667e-05,0.0003889991,2.666667e-06,8.96e-05,96.40629314
1.066667e-05,0.0003889991,2.933333e-06,3.84e-05,90.69531369
1.066667e-05,0.0003889991,2.933333e-06,4.27e-05,91.7952657
1.066667e-05,0.0003889991,2.933333e-06,4.69e-05,92.8216461
1.066667e-05,0.0003889991,2.933333e-06,5.12e-05,93.79986881
1.066667e-05,0.0003889991,2.933333e-06,5.55e-05,94.81275059
1.066667e-05,0.0003889991,2.933333e-06,5.97e-05,95.84360363
1.066667e-05,0.0003889991,2.933333e-06,6.4e-05,96.7683935
1.066667e-05,0.0003889991,2.933333e-06,6.83e-05,97.60693995
1.066667e-05,0.0003889991,2.933333e-06,7.25e-05,98.33321698
1.066667e-05,0.0003889991,2.933333e-06,7.68e-05,98.42401904
1.066667e-05,0.0003889991,2.933333e-06,8.11e-05,98.31704632
1.066667e-05,0.0003889991,2.933333e-06,8.53e-05,98.00455697
1.066667e-05,0.0003889991,2.933333e-06,8.96e-05,97.45807983
1.066667e-05,0.0003889991,3.2e-06,3.84e-05,92.67066501
1.066667e-05,0.0003889991,3.2e-06,4.27e-05,93.71394101
1.066667e-05,0.0003889991,3.2e-06,4.69e-05,94.69778218
1.066667e-05,0.0003889991,3.2e-06,5.12e-05,95.6355273
1.066667e-05,0.0003889991,3.2e-06,5.55e-05,96.59923752
1.066667e-05,0.0003889991,3.2e-06,5.97e-05,97.61083832
1.066667e-05,0.0003889991,3.2e-06,6.4e-05,98.52420323
1.066667e-05,0.0003889991,3.2e-06,6.83e-05,99.35749211
1.066667e-05,0.0003889991,3.2e-06,7.25e-05,100.0156137
1.066667e-05,0.0003889991,3.2e-06,7.68e-05,100.0432276
1.066667e-05,0.0003889991,3.2e-06,8.11e-05,99.86591579
1.066667e-05,0.0003889991,3.2e-06,8.53e-05,99.47415583
1.066667e-05,0.0003889991,3.2e-06,8.96e-05,98.3239886
1.066667e-05,0.0003889991,3.466667e-06,3.84e-05,90.00714875
1.066667e-05,0.0003889991,3.466667e-06,4.27e-05,87.36990907
1.066667e-05,0.0003889991,3.466667e-06,4.69e-05,85.55176403
1.066667e-05,0.0003889991,3.466667e-06,5.12e-05,84.64211279
1.066667e-05,0.0003889991,3.466667e-06,5.55e-05,83.80464307
1.066667e-05,0.0003889991,3.466667e-06,5.97e-05,83.02708816
1.066667e-05,0.0003889991,3.466667e-06,6.4e-05,82.29821567
1.066667e-05,0.0003889991,3.466667e-06,6.83e-05,81.65234411
1.066667e-05,0.0003889991,3.466667e-06,7.25e-05,81.60716855
1.066667e-05,0.0003889991,3.466667e-06,7.68e-05,81.54896282
1.066667e-05,0.0003889991,3.466667e-06,8.11e-05,81.48260647
1.066667e-05,0.0003889991,3.466667e-06,8.53e-05,81.4159074
1.066667e-05,0.0003889991,3.466667e-06,8.96e-05,81.34622887
1.066667e-05,0.0003889991,3.733333e-06,3.84e-05,94.54609361
1.066667e-05,0.0003889991,3.733333e-06,4.27e-05,91.79476216
1.066667e-05,0.0003889991,3.733333e-06,4.69e-05,89.29757262
1.066667e-05,0.0003889991,3.733333e-06,5.12e-05,88.23720973
1.066667e-05,0.0003889991,3.733333e-06,5.55e-05,87.34819516
1.066667e-05,0.0003889991,3.733333e-06,5.97e-05,86.50849981
1.066667e-05,0.0003889991,3.733333e-06,6.4e-05,85.71649683
1.066667e-05,0.0003889991,3.733333e-06,6.83e-05,84.96517008
1.066667e-05,0.0003889991,3.733333e-06,7.25e-05,84.56517523
1.066667e-05,0.0003889991,3.733333e-06,7.68e-05,84.4774573
1.066667e-05,0.0003889991,3.733333e-06,8.11e-05,84.38409905
1.066667e-05,0.0003889991,3.733333e-06,8.53e-05,84.27846949
1.066667e-05,0.0003889991,3.733333e-06,8.96e-05,84.17428417
1.066667e-05,0.0003889991,4.8e-06,3.84e-05,100.3635411
1.066667e-05,0.0003889991,4.8e-06,4.27e-05,97.51498254
1.066667e-05,0.0003889991,4.8e-06,4.69e-05,94.89022206
1.066667e-05,0.0003889991,4.8e-06,5.12e-05,92.79112619
1.066667e-05,0.0003889991,4.8e-06,5.55e-05,91.84213636
1.066667e-05,0.0003889991,4.8e-06,5.97e-05,90.94242408
1.066667e-05,0.0003889991,4.8e-06,6.4e-05,90.08764202
1.066667e-05,0.0003889991,4.8e-06,6.83e-05,89.26357863
1.066667e-05,0.0003889991,4.8e-06,7.25e-05,88.4745167
1.066667e-05,0.0003889991,4.8e-06,7.68e-05,88.16329487
1.066667e-05,0.0003889991,4.8e-06,8.11e-05,88.03495813
1.066667e-05,0.0003889991,4.8e-06,8.53e-05,87.89425008
1.066667e-05,0.0003889991,4.8e-06,8.96e-05,87.75104906
1.066667e-05,0.0003889991,4.266667e-06,3.84e-05,97.8310666
1.066667e-05,0.0003889991,4.266667e-06,4.27e-05,95.01839967
1.066667e-05,0.0003889991,4.266667e-06,4.69e-05,92.44358832
1.066667e-05,0.0003889991,4.266667e-06,5.12e-05,90.81607526
1.066667e-05,0.0003889991,4.266667e-06,5.55e-05,89.88939802
1.066667e-05,0.0003889991,4.266667e-06,5.97e-05,89.0189953
1.066667e-05,0.0003889991,4.266667e-06,6.4e-05,88.18551084
1.066667e-05,0.0003889991,4.266667e-06,6.83e-05,87.39215241
1.066667e-05,0.0003889991,4.266667e-06,7.25e-05,86.67973174
1.066667e-05,0.0003889991,4.266667e-06,7.68e-05,86.56592539
1.066667e-05,0.0003889991,4.266667e-06,8.11e-05,86.45015342
1.066667e-05,0.0003889991,4.266667e-06,8.53e-05,86.32559041
1.066667e-05,0.0003889991,4.266667e-06,8.96e-05,86.20044094
1.066667e-05,0.0003889991,4.533333e-06,3.84e-05,101.7634706
1.066667e-05,0.0003889991,4.533333e-06,4.27e-05,98.90149937
1.066667e-05,0.0003889991,4.533333e-06,4.69e-05,96.25255332
1.066667e-05,0.0003889991,4.533333e-06,5.12e-05,93.88018948
1.066667e-05,0.0003889991,4.533333e-06,5.55e-05,92.92016741
1.066667e-05,0.0003889991,4.533333e-06,5.97e-05,92.00766513
1.066667e-05,0.0003889991,4.533333e-06,6.4e-05,91.13533835
1.066667e-05,0.0003889991,4.533333e-06,6.83e-05,90.30028982
1.066667e-05,0.0003889991,4.533333e-06,7.25e-05,89.49453295
1.066667e-05,0.0003889991,4.533333e-06,7.68e-05,89.04217192
1.066667e-05,0.0003889991,4.533333e-06,8.11e-05,88.89983598
1.066667e-05,0.0003889991,4.533333e-06,8.53e-05,88.75556279
1.066667e-05,0.0003889991,4.533333e-06,8.96e-05,88.60451223
1.066667e-05,0.0003889991,4e-06,3.84e-05,100.6963995
1.066667e-05,0.0003889991,4e-06,4.27e-05,97.00587432
1.066667e-05,0.0003889991,4e-06,4.69e-05,92.94355044
1.066667e-05,0.0003889991,4e-06,5.12e-05,89.710884
1.066667e-05,0.0003889991,4e-06,5.55e-05,87.09420058
1.066667e-05,0.0003889991,4e-06,5.97e-05,84.04225163
1.066667e-05,0.0003889991,4e-06,6.4e-05,80.19890819
1.066667e-05,0.0003889991,4e-06,6.83e-05,76.0459547
1.066667e-05,0.0003889991,4e-06,7.25e-05,72.14741245
1.066667e-05,0.0003889991,4e-06,7.68e-05,68.74399445
1.066667e-05,0.0003889991,4e-06,8.11e-05,65.84004552
1.066667e-05,0.0003889991,4e-06,8.53e-05,63.36274355
1.066667e-05,0.0003889991,4e-06,8.96e-05,61.23291056
1.066667e-05,0.0003889991,5.6e-06,3.84e-05,101.2129413
1.066667e-05,0.0003889991,5.6e-06,4.27e-05,96.50038576
1.066667e-05,0.0003889991,5.6e-06,4.69e-05,91.91368881
1.066667e-05,0.0003889991,5.6e-06,5.12e-05,88.6944118
1.066667e-05,0.0003889991,5.6e-06,5.55e-05,86.11681381
1.066667e-05,0.0003889991,5.6e-06,5.97e-05,82.96414578
1.066667e-05,0.0003889991,5.6e-06,6.4e-05,79.15261081
1.066667e-05,0.0003889991,5.6e-06,6.83e-05,75.114027
1.066667e-05,0.0003889991,5.6e-06,7.25e-05,71.33349392
1.066667e-05,0.0003889991,5.6e-06,7.68e-05,68.01965798
1.066667e-05,0.0003889991,5.6e-06,8.11e-05,65.17553045
1.066667e-05,0.0003889991,5.6e-06,8.53e-05,62.73506369
1.066667e-05,0.0003889991,5.6e-06,8.96e-05,60.62583825
1.066667e-05,0.0003889991,5.066667e-06,3.84e-05,101.5593646
1.066667e-05,0.0003889991,5.066667e-06,4.27e-05,95.9785642
1.066667e-05,0.0003889991,5.066667e-06,4.69e-05,90.99872358
1.066667e-05,0.0003889991,5.066667e-06,5.12e-05,87.98040836
1.066667e-05,0.0003889991,5.066667e-06,5.55e-05,85.22829341
1.066667e-05,0.0003889991,5.066667e-06,5.97e-05,81.9849955
1.066667e-05,0.0003889991,5.066667e-06,6.4e-05,78.19546452
1.066667e-05,0.0003889991,5.066667e-06,6.83e-05,74.24228675
1.066667e-05,0.0003889991,5.066667e-06,7.25e-05,70.55355058
1.066667e-05,0.0003889991,5.066667e-06,7.68e-05,67.31140128
1.066667e-05,0.0003889991,5.066667e-06,8.11e-05,64.51642143
1.066667e-05,0.0003889991,5.066667e-06,8.53e-05,62.22748717
1.066667e-05,0.0003889991,5.066667e-06,8.96e-05,60.42045856
1.066667e-05,4.48e-05,5.333333e-06,3.84e-05,85.69578686
1.066667e-05,4.48e-05,5.333333e-06,4.27e-05,86.95483235
1.066667e-05,4.48e-05,5.333333e-06,4.69e-05,88.11618019
1.066667e-05,4.48e-05,5.333333e-06,5.12e-05,89.2090564
1.066667e-05,4.48e-05,5.333333e-06,5.55e-05,90.38275588
1.066667e-05,4.48e-05,5.333333e-06,5.97e-05,91.49046441
1.066667e-05,4.48e-05,5.333333e-06,6.4e-05,92.47425654
1.066667e-05,4.48e-05,5.333333e-06,6.83e-05,93.35242087
1.066667e-05,4.48e-05,5.333333e-06,7.25e-05,94.14949636
1.066667e-05,4.48e-05,5.333333e-06,7.68e-05,94.4579364
1.066667e-05,4.48e-05,5.333333e-06,8.11e-05,94.5226917
1.066667e-05,4.48e-05,5.333333e-06,8.53e-05,94.40512496
1.066667e-05,4.48e-05,5.333333e-06,8.96e-05,94.11848986
1.066667e-05,4.48e-05,2.4e-06,3.84e-05,86.66589401
1.066667e-05,4.48e-05,2.4e-06,4.27e-05,87.89341341
1.066667e-05,4.48e-05,2.4e-06,4.69e-05,89.02854521
1.066667e-05,4.48e-05,2.4e-06,5.12e-05,90.09954106
1.066667e-05,4.48e-05,2.4e-06,5.55e-05,91.24838453
1.066667e-05,4.48e-05,2.4e-06,5.97e-05,92.3385311
1.066667e-05,4.48e-05,2.4e-06,6.4e-05,93.31128462
1.066667e-05,4.48e-05,2.4e-06,6.83e-05,94.17686711
1.066667e-05,4.48e-05,2.4e-06,7.25e-05,94.96824569
1.066667e-05,4.48e-05,2.4e-06,7.68e-05,95.1964485
1.066667e-05,4.48e-05,2.4e-06,8.11e-05,95.22064393
1.066667e-05,4.48e-05,2.4e-06,8.53e-05,95.07137511
1.066667e-05,4.48e-05,2.4e-06,8.96e-05,94.72676941
1.066667e-05,4.48e-05,2.666667e-06,3.84e-05,88.93808944
1.066667e-05,4.48e-05,2.666667e-06,4.27e-05,90.09474771
1.066667e-05,4.48e-05,2.666667e-06,4.69e-05,91.17079776
1.066667e-05,4.48e-05,2.666667e-06,5.12e-05,92.19233223
1.066667e-05,4.48e-05,2.666667e-06,5.55e-05,93.28352392
1.066667e-05,4.48e-05,2.666667e-06,5.97e-05,94.33832764
1.066667e-05,4.48e-05,2.666667e-06,6.4e-05,95.28046536
1.066667e-05,4.48e-05,2.666667e-06,6.83e-05,96.13464847
1.066667e-05,4.48e-05,2.666667e-06,7.25e-05,96.82772186
1.066667e-05,4.48e-05,2.666667e-06,7.68e-05,96.9617255
1.066667e-05,4.48e-05,2.666667e-06,8.11e-05,96.8951697
1.066667e-05,4.48e-05,2.666667e-06,8.53e-05,96.63185978
1.066667e-05,4.48e-05,2.666667e-06,8.96e-05,96.19078263
1.066667e-05,4.48e-05,2.933333e-06,3.84e-05,90.59544965
1.066667e-05,4.48e-05,2.933333e-06,4.27e-05,91.70366794
1.066667e-05,4.48e-05,2.933333e-06,4.69e-05,92.73835241
1.066667e-05,4.48e-05,2.933333e-06,5.12e-05,93.72521716
1.066667e-05,4.48e-05,2.933333e-06,5.55e-05,94.77500753
1.066667e-05,4.48e-05,2.933333e-06,5.97e-05,95.8092755
1.066667e-05,4.48e-05,2.933333e-06,6.4e-05,96.73737326
1.066667e-05,4.48e-05,2.933333e-06,6.83e-05,97.5792139
1.066667e-05,4.48e-05,2.933333e-06,7.25e-05,98.20915218
1.066667e-05,4.48e-05,2.933333e-06,7.68e-05,98.27958119
1.066667e-05,4.48e-05,2.933333e-06,8.11e-05,98.15104667
1.066667e-05,4.48e-05,2.933333e-06,8.53e-05,97.81488812
1.066667e-05,4.48e-05,2.933333e-06,8.96e-05,97.00054059
1.066667e-05,4.48e-05,3.2e-06,3.84e-05,92.58681582
1.066667e-05,4.48e-05,3.2e-06,4.27e-05,93.63795918
1.066667e-05,4.48e-05,3.2e-06,4.69e-05,94.62988344
1.066667e-05,4.48e-05,3.2e-06,5.12e-05,95.57606238
1.066667e-05,4.48e-05,3.2e-06,5.55e-05,96.57646805
1.066667e-05,4.48e-05,3.2e-06,5.97e-05,97.59200362
1.066667e-05,4.48e-05,3.2e-06,6.4e-05,98.50919979
1.066667e-05,4.48e-05,3.2e-06,6.83e-05,99.34630675
1.066667e-05,4.48e-05,3.2e-06,7.25e-05,99.89855693
1.066667e-05,4.48e-05,3.2e-06,7.68e-05,99.90507395
1.066667e-05,4.48e-05,3.2e-06,8.11e-05,99.70489386
1.066667e-05,4.48e-05,3.2e-06,8.53e-05,99.28845479
1.066667e-05,4.48e-05,3.2e-06,8.96e-05,97.82910857
1.066667e-05,4.48e-05,3.466667e-06,3.84e-05,89.50818896
1.066667e-05,4.48e-05,3.466667e-06,4.27e-05,86.84925219
1.066667e-05,4.48e-05,3.466667e-06,4.69e-05,85.20589465
1.066667e-05,4.48e-05,3.466667e-06,5.12e-05,84.28670753
1.066667e-05,4.48e-05,3.466667e-06,5.55e-05,83.44078397
1.066667e-05,4.48e-05,3.466667e-06,5.97e-05,82.65566075
1.066667e-05,4.48e-05,3.466667e-06,6.4e-05,81.91994062
1.066667e-05,4.48e-05,3.466667e-06,6.83e-05,81.40472931
1.066667e-05,4.48e-05,3.466667e-06,7.25e-05,81.3573331
1.066667e-05,4.48e-05,3.466667e-06,7.68e-05,81.29697204
1.066667e-05,4.48e-05,3.466667e-06,8.11e-05,81.22856684
1.066667e-05,4.48e-05,3.466667e-06,8.53e-05,81.15987508
1.066667e-05,4.48e-05,3.466667e-06,8.96e-05,81.08830255
1.066667e-05,4.48e-05,3.733333e-06,3.84e-05,94.08541712
1.066667e-05,4.48e-05,3.733333e-06,4.27e-05,91.30455262
1.066667e-05,4.48e-05,3.733333e-06,4.69e-05,88.88820529
1.066667e-05,4.48e-05,3.733333e-06,5.12e-05,87.9122991
1.066667e-05,4.48e-05,3.733333e-06,5.55e-05,87.01220783
1.066667e-05,4.48e-05,3.733333e-06,5.97e-05,86.16239028
1.066667e-05,4.48e-05,3.733333e-06,6.4e-05,85.3611659
1.066667e-05,4.48e-05,3.733333e-06,6.83e-05,84.60139193
1.066667e-05,4.48e-05,3.733333e-06,7.25e-05,84.3381058
1.066667e-05,4.48e-05,3.733333e-06,7.68e-05,84.24738652
1.066667e-05,4.48e-05,3.733333e-06,8.11e-05,84.15120956
1.066667e-05,4.48e-05,3.733333e-06,8.53e-05,84.04281565
1.066667e-05,4.48e-05,3.733333e-06,8.96e-05,83.93598607
1.066667e-05,4.48e-05,4.8e-06,3.84e-05,99.95641828
1.066667e-05,4.48e-05,4.8e-06,4.27e-05,97.06917882
1.066667e-05,4.48e-05,4.8e-06,4.69e-05,94.41262503
1.066667e-05,4.48e-05,4.8e-06,5.12e-05,92.50648997
1.066667e-05,4.48e-05,4.8e-06,5.55e-05,91.54325402
1.066667e-05,4.48e-05,4.8e-06,5.97e-05,90.63046355
1.066667e-05,4.48e-05,4.8e-06,6.4e-05,89.76365493
1.066667e-05,4.48e-05,4.8e-06,6.83e-05,88.92836037
1.066667e-05,4.48e-05,4.8e-06,7.25e-05,88.12889371
1.066667e-05,4.48e-05,4.8e-06,7.68e-05,87.96208995
1.066667e-05,4.48e-05,4.8e-06,8.11e-05,87.82993736
1.066667e-05,4.48e-05,4.8e-06,8.53e-05,87.68552865
1.066667e-05,4.48e-05,4.8e-06,8.96e-05,87.53880707
1.066667e-05,4.48e-05,4.266667e-06,3.84e-05,97.40006396
1.066667e-05,4.48e-05,4.266667e-06,4.27e-05,94.55255575
1.066667e-05,4.48e-05,4.266667e-06,4.69e-05,91.94968253
1.066667e-05,4.48e-05,4.266667e-06,5.12e-05,90.51377321
1.066667e-05,4.48e-05,4.266667e-06,5.55e-05,89.57415601
1.066667e-05,4.48e-05,4.266667e-06,5.97e-05,88.69200381
1.066667e-05,4.48e-05,4.266667e-06,6.4e-05,87.84762478
1.066667e-05,4.48e-05,4.266667e-06,6.83e-05,87.04424145
1.066667e-05,4.48e-05,4.266667e-06,7.25e-05,86.46943865
1.066667e-05,4.48e-05,4.266667e-06,7.68e-05,86.35207816
1.066667e-05,4.48e-05,4.266667e-06,8.11e-05,86.23286524
1.066667e-05,4.48e-05,4.266667e-06,8.53e-05,86.10504379
1.066667e-05,4.48e-05,4.266667e-06,8.96e-05,85.97674765
1.066667e-05,4.48e-05,4.533333e-06,3.84e-05,101.3698723
1.066667e-05,4.48e-05,4.533333e-06,4.27e-05,98.46722957
1.066667e-05,4.48e-05,4.533333e-06,4.69e-05,95.78447677
1.066667e-05,4.48e-05,4.533333e-06,5.12e-05,93.60540335
1.066667e-05,4.48e-05,4.533333e-06,5.55e-05,92.63044418
1.066667e-05,4.48e-05,4.533333e-06,5.97e-05,91.70418548
1.066667e-05,4.48e-05,4.533333e-06,6.4e-05,90.81911771
1.066667e-05,4.48e-05,4.533333e-06,6.83e-05,89.97225771
1.066667e-05,4.48e-05,4.533333e-06,7.25e-05,89.15546009
1.066667e-05,4.48e-05,4.533333e-06,7.68e-05,88.84801047
1.066667e-05,4.48e-05,4.533333e-06,8.11e-05,88.7016247
1.066667e-05,4.48e-05,4.533333e-06,8.53e-05,88.55343066
1.066667e-05,4.48e-05,4.533333e-06,8.96e-05,88.39865243
1.066667e-05,4.48e-05,4e-06,3.84e-05,100.3726733
1.066667e-05,4.48e-05,4e-06,4.27e-05,96.48928667
1.066667e-05,4.48e-05,4e-06,4.69e-05,92.34385259
1.066667e-05,4.48e-05,4e-06,5.12e-05,89.03788159
1.066667e-05,4.48e-05,4e-06,5.55e-05,86.50399929
1.066667e-05,4.48e-05,4e-06,5.97e-05,83.41142573
1.066667e-05,4.48e-05,4e-06,6.4e-05,79.53984205
1.066667e-05,4.48e-05,4e-06,6.83e-05,75.39558783
1.066667e-05,4.48e-05,4e-06,7.25e-05,71.51934938
1.066667e-05,4.48e-05,4e-06,7.68e-05,68.13920664
1.066667e-05,4.48e-05,4e-06,8.11e-05,65.25486919
1.066667e-05,4.48e-05,4e-06,8.53e-05,62.79297167
1.066667e-05,4.48e-05,4e-06,8.96e-05,60.67505442
1.066667e-05,4.48e-05,5.6e-06,3.84e-05,100.8637375
1.066667e-05,4.48e-05,5.6e-06,4.27e-05,95.93228921
1.066667e-05,4.48e-05,5.6e-06,4.69e-05,91.26155332
1.066667e-05,4.48e-05,5.6e-06,5.12e-05,88.11760072
1.066667e-05,4.48e-05,5.6e-06,5.55e-05,85.47407655
1.066667e-05,4.48e-05,5.6e-06,5.97e-05,82.27112142
1.066667e-05,4.48e-05,5.6e-06,6.4e-05,78.44070367
1.066667e-05,4.48e-05,5.6e-06,6.83e-05,74.41199156
1.066667e-05,4.48e-05,5.6e-06,7.25e-05,70.65478594
1.066667e-05,4.48e-05,5.6e-06,7.68e-05,67.36516826
1.066667e-05,4.48e-05,5.6e-06,8.11e-05,64.54149887
1.066667e-05,4.48e-05,5.6e-06,8.53e-05,62.11715872
1.066667e-05,4.48e-05,5.6e-06,8.96e-05,60.02044137
1.066667e-05,4.48e-05,5.066667e-06,3.84e-05,101.1897241
1.066667e-05,4.48e-05,5.066667e-06,4.27e-05,95.36864686
1.066667e-05,4.48e-05,5.066667e-06,4.69e-05,90.30486968
1.066667e-05,4.48e-05,5.066667e-06,5.12e-05,87.36314297
1.066667e-05,4.48e-05,5.066667e-06,5.55e-05,84.54248627
1.066667e-05,4.48e-05,5.066667e-06,5.97e-05,81.24858216
1.066667e-05,4.48e-05,5.066667e-06,6.4e-05,77.44061363
1.066667e-05,4.48e-05,5.066667e-06,6.83e-05,73.49826516
1.066667e-05,4.48e-05,5.066667e-06,7.25e-05,69.83366815
1.066667e-05,4.48e-05,5.066667e-06,7.68e-05,66.61649548
1.066667e-05,4.48e-05,5.066667e-06,8.11e-05,63.84267637
1.066667e-05,4.48e-05,5.066667e-06,8.53e-05,61.77742704
1.066667e-05,4.48e-05,5.066667e-06,8.96e-05,59.9783963
4.8e-06,0.000132012,5.333333e-06,3.84e-05,85.45340112
4.8e-06,0.000132012,5.333333e-06,4.27e-05,86.72805699
4.8e-06,0.000132012,5.333333e-06,4.69e-05,87.90454169
4.8e-06,0.000132012,5.333333e-06,5.12e-05,89.01274198
4.8e-06,0.000132012,5.333333e-06,5.55e-05,90.25670499
4.8e-06,0.000132012,5.333333e-06,5.97e-05,91.36789356
4.8e-06,0.000132012,5.333333e-06,6.4e-05,92.35498899
4.8e-06,0.000132012,5.333333e-06,6.83e-05,93.2363765
4.8e-06,0.000132012,5.333333e-06,7.25e-05,93.9443868
4.8e-06,0.000132012,5.333333e-06,7.68e-05,94.1822629
4.8e-06,0.000132012,5.333333e-06,8.11e-05,94.21136667
4.8e-06,0.000132012,5.333333e-06,8.53e-05,94.05640331
4.8e-06,0.000132012,5.333333e-06,8.96e-05,93.7305985
4.8e-06,0.000132012,2.4e-06,3.84e-05,86.43566412
4.8e-06,0.000132012,2.4e-06,4.27e-05,87.67844583
4.8e-06,0.000132012,2.4e-06,4.69e-05,88.82847964
4.8e-06,0.000132012,2.4e-06,5.12e-05,89.91465146
4.8e-06,0.000132012,2.4e-06,5.55e-05,91.13220437
4.8e-06,0.000132012,2.4e-06,5.97e-05,92.22616243
4.8e-06,0.000132012,2.4e-06,6.4e-05,93.2025958
4.8e-06,0.000132012,2.4e-06,6.83e-05,94.07169566
4.8e-06,0.000132012,2.4e-06,7.25e-05,94.732236
4.8e-06,0.000132012,2.4e-06,7.68e-05,94.92190859
4.8e-06,0.000132012,2.4e-06,8.11e-05,94.90983402
4.8e-06,0.000132012,2.4e-06,8.53e-05,94.72260401
4.8e-06,0.000132012,2.4e-06,8.96e-05,94.33757971
4.8e-06,0.000132012,2.666667e-06,3.84e-05,88.7374139
4.8e-06,0.000132012,2.666667e-06,4.27e-05,89.90852045
4.8e-06,0.000132012,2.666667e-06,4.69e-05,90.99890766
4.8e-06,0.000132012,2.666667e-06,5.12e-05,92.03524599
4.8e-06,0.000132012,2.666667e-06,5.55e-05,93.19244262
4.8e-06,0.000132012,2.666667e-06,5.97e-05,94.25189006
4.8e-06,0.000132012,2.666667e-06,6.4e-05,95.1984723
4.8e-06,0.000132012,2.666667e-06,6.83e-05,96.05712678
4.8e-06,0.000132012,2.666667e-06,7.25e-05,96.59423246
4.8e-06,0.000132012,2.666667e-06,7.68e-05,96.69256056
4.8e-06,0.000132012,2.666667e-06,8.11e-05,96.58818865
4.8e-06,0.000132012,2.666667e-06,8.53e-05,96.28438016
4.8e-06,0.000132012,2.666667e-06,8.96e-05,95.48270758
4.8e-06,0.000132012,2.933333e-06,3.84e-05,90.41728433
4.8e-06,0.000132012,2.933333e-06,4.27e-05,91.53935379
4.8e-06,0.000132012,2.933333e-06,4.69e-05,92.58794651
4.8e-06,0.000132012,2.933333e-06,5.12e-05,93.58931983
4.8e-06,0.000132012,2.933333e-06,5.55e-05,94.70401722
4.8e-06,0.000132012,2.933333e-06,5.97e-05,95.74359491
4.8e-06,0.000132012,2.933333e-06,6.4e-05,96.67680471
4.8e-06,0.000132012,2.933333e-06,6.83e-05,97.52372672
4.8e-06,0.000132012,2.933333e-06,7.25e-05,97.98312619
4.8e-06,0.000132012,2.933333e-06,7.68e-05,98.01679353
4.8e-06,0.000132012,2.933333e-06,8.11e-05,97.84932296
4.8e-06,0.000132012,2.933333e-06,8.53e-05,97.47054587
4.8e-06,0.000132012,2.933333e-06,8.96e-05,96.18283177
4.8e-06,0.000132012,3.2e-06,3.84e-05,92.43665729
4.8e-06,0.000132012,3.2e-06,4.27e-05,93.50092101
4.8e-06,0.000132012,3.2e-06,4.69e-05,94.50634042
4.8e-06,0.000132012,3.2e-06,5.12e-05,95.46663605
4.8e-06,0.000132012,3.2e-06,5.55e-05,96.53167284
4.8e-06,0.000132012,3.2e-06,5.97e-05,97.55339834
4.8e-06,0.000132012,3.2e-06,6.4e-05,98.47659187
4.8e-06,0.000132012,3.2e-06,6.83e-05,99.31966531
4.8e-06,0.000132012,3.2e-06,7.25e-05,99.68451682
4.8e-06,0.000132012,3.2e-06,7.68e-05,99.65290673
4.8e-06,0.000132012,3.2e-06,8.11e-05,99.41144034
4.8e-06,0.000132012,3.2e-06,8.53e-05,98.95042894
4.8e-06,0.000132012,3.2e-06,8.96e-05,96.94498604
4.8e-06,0.000132012,3.466667e-06,3.84e-05,88.62792582
4.8e-06,0.000132012,3.466667e-06,4.27e-05,85.93349323
4.8e-06,0.000132012,3.466667e-06,4.69e-05,84.59487838
4.8e-06,0.000132012,3.466667e-06,5.12e-05,83.65951048
4.8e-06,0.000132012,3.466667e-06,5.55e-05,82.7992227
4.8e-06,0.000132012,3.466667e-06,5.97e-05,82.00122737
4.8e-06,0.000132012,3.466667e-06,6.4e-05,81.2538522
4.8e-06,0.000132012,3.466667e-06,6.83e-05,80.96791144
4.8e-06,0.000132012,3.466667e-06,7.25e-05,80.91664889
4.8e-06,0.000132012,3.466667e-06,7.68e-05,80.85250551
4.8e-06,0.000132012,3.466667e-06,8.11e-05,80.78048945
4.8e-06,0.000132012,3.466667e-06,8.53e-05,80.70826938
4.8e-06,0.000132012,3.466667e-06,8.96e-05,80.63332958
4.8e-06,0.000132012,3.733333e-06,3.84e-05,93.27077971
4.8e-06,0.000132012,3.733333e-06,4.27e-05,90.44030303
4.8e-06,0.000132012,3.733333e-06,4.69e-05,88.33548763
4.8e-06,0.000132012,3.733333e-06,5.12e-05,87.33810749
4.8e-06,0.000132012,3.733333e-06,5.55e-05,86.41891952
4.8e-06,0.000132012,3.733333e-06,5.97e-05,85.55164534
4.8e-06,0.000132012,3.733333e-06,6.4e-05,84.73451964
4.8e-06,0.000132012,3.733333e-06,6.83e-05,84.0325994
4.8e-06,0.000132012,3.733333e-06,7.25e-05,83.93720552
4.8e-06,0.000132012,3.733333e-06,7.68e-05,83.84117978
4.8e-06,0.000132012,3.733333e-06,8.11e-05,83.73999637
4.8e-06,0.000132012,3.733333e-06,8.53e-05,83.62668879
4.8e-06,0.000132012,3.733333e-06,8.96e-05,83.51514546
4.8e-06,0.000132012,4.8e-06,3.84e-05,99.23417041
4.8e-06,0.000132012,4.8e-06,4.27e-05,96.28066101
4.8e-06,0.000132012,4.8e-06,4.69e-05,93.57013492
4.8e-06,0.000132012,4.8e-06,5.12e-05,92.00242223
4.8e-06,0.000132012,4.8e-06,5.55e-05,91.01434807
4.8e-06,0.000132012,4.8e-06,5.97e-05,90.07876462
4.8e-06,0.000132012,4.8e-06,6.4e-05,89.19100889
4.8e-06,0.000132012,4.8e-06,6.83e-05,88.33616357
4.8e-06,0.000132012,4.8e-06,7.25e-05,87.74695503
4.8e-06,0.000132012,4.8e-06,7.68e-05,87.60626062
4.8e-06,0.000132012,4.8e-06,8.11e-05,87.46730939
4.8e-06,0.000132012,4.8e-06,8.53e-05,87.31628946
4.8e-06,0.000132012,4.8e-06,8.96e-05,87.16327388
4.8e-06,0.000132012,4.266667e-06,3.84e-05,96.63654329
4.8e-06,0.000132012,4.266667e-06,4.27e-05,93.72978165
4.8e-06,0.000132012,4.266667e-06,4.69e-05,91.07967835
4.8e-06,0.000132012,4.266667e-06,5.12e-05,89.97893073
4.8e-06,0.000132012,4.266667e-06,5.55e-05,89.01684664
4.8e-06,0.000132012,4.266667e-06,5.97e-05,88.11430092
4.8e-06,0.000132012,4.266667e-06,6.4e-05,87.25101672
4.8e-06,0.000132012,4.266667e-06,6.83e-05,86.43024726
4.8e-06,0.000132012,4.266667e-06,7.25e-05,86.09785394
4.8e-06,0.000132012,4.266667e-06,7.68e-05,85.97418487
4.8e-06,0.000132012,4.266667e-06,8.11e-05,85.84884994
4.8e-06,0.000132012,4.266667e-06,8.53e-05,85.71521872
4.8e-06,0.000132012,4.266667e-06,8.96e-05,85.58130268
4.8e-06,0.000132012,4.533333e-06,3.84e-05,100.6710491
4.8e-06,0.000132012,4.533333e-06,4.27e-05,97.69848001
4.8e-06,0.000132012,4.533333e-06,4.69e-05,94.95810227
4.8e-06,0.000132012,4.533333e-06,5.12e-05,93.11850509
4.8e-06,0.000132012,4.533333e-06,5.55e-05,92.11745075
4.8e-06,0.000132012,4.533333e-06,5.97e-05,91.16717062
4.8e-06,0.000132012,4.533333e-06,6.4e-05,90.25986836
4.8e-06,0.000132012,4.533333e-06,6.83e-05,89.39241211
4.8e-06,0.000132012,4.533333e-06,7.25e-05,88.65415701
4.8e-06,0.000132012,4.533333e-06,7.68e-05,88.50447395
4.8e-06,0.000132012,4.533333e-06,8.11e-05,88.35086349
4.8e-06,0.000132012,4.533333e-06,8.53e-05,88.19566463
4.8e-06,0.000132012,4.533333e-06,8.96e-05,88.03421731
4.8e-06,0.000132012,4e-06,3.84e-05,99.78428897
4.8e-06,0.000132012,4e-06,4.27e-05,95.55962741
4.8e-06,0.000132012,4e-06,4.69e-05,91.26741242
4.8e-06,0.000132012,4e-06,5.12e-05,87.98240256
4.8e-06,0.000132012,4e-06,5.55e-05,85.44299255
4.8e-06,0.000132012,4e-06,5.97e-05,82.2651766
4.8e-06,0.000132012,4e-06,6.4e-05,78.36254988
4.8e-06,0.000132012,4e-06,6.83e-05,74.23553563
4.8e-06,0.000132012,4e-06,7.25e-05,70.39929865
4.8e-06,0.000132012,4e-06,7.68e-05,67.06029837
4.8e-06,0.000132012,4e-06,8.11e-05,64.21054186
4.8e-06,0.000132012,4e-06,8.53e-05,61.77588115
4.8e-06,0.000132012,4e-06,8.96e-05,59.67915809
4.8e-06,0.000132012,5.6e-06,3.84e-05,100.2293013
4.8e-06,0.000132012,5.6e-06,4.27e-05,94.91136616
4.8e-06,0.000132012,5.6e-06,4.69e-05,90.09281146
4.8e-06,0.000132012,5.6e-06,5.12e-05,87.07935337
4.8e-06,0.000132012,5.6e-06,5.55e-05,84.32112377
4.8e-06,0.000132012,5.6e-06,5.97e-05,81.03249474
4.8e-06,0.000132012,5.6e-06,6.4e-05,77.17190835
4.8e-06,0.000132012,5.6e-06,6.83e-05,73.16266851
4.8e-06,0.000132012,5.6e-06,7.25e-05,69.4472981
4.8e-06,0.000132012,5.6e-06,7.68e-05,66.20046253
4.8e-06,0.000132012,5.6e-06,8.11e-05,63.41283523
4.8e-06,0.000132012,5.6e-06,8.53e-05,61.01698206
4.8e-06,0.000132012,5.6e-06,8.96e-05,59.18549521
4.8e-06,0.000132012,5.066667e-06,3.84e-05,100.3299926
4.8e-06,0.000132012,5.066667e-06,4.27e-05,94.27376277
4.8e-06,0.000132012,5.066667e-06,4.69e-05,89.2152586
4.8e-06,0.000132012,5.066667e-06,5.12e-05,86.2538678
4.8e-06,0.000132012,5.066667e-06,5.55e-05,83.31433257
4.8e-06,0.000132012,5.066667e-06,5.97e-05,79.93467456
4.8e-06,0.000132012,5.066667e-06,6.4e-05,76.09772048
4.8e-06,0.000132012,5.066667e-06,6.83e-05,72.17667124
4.8e-06,0.000132012,5.066667e-06,7.25e-05,68.55535922
4.8e-06,0.000132012,5.066667e-06,7.68e-05,65.3822791
4.8e-06,0.000132012,5.066667e-06,8.11e-05,63.00156528
4.8e-06,0.000132012,5.066667e-06,8.53e-05,60.96610469
4.8e-06,0.000132012,5.066667e-06,8.96e-05,59.18178936
4.8e-06,0.0003889991,5.333333e-06,3.84e-05,85.5700111
4.8e-06,0.0003889991,5.333333e-06,4.27e-05,86.83728524
4.8e-06,0.0003889991,5.333333e-06,4.69e-05,88.0066178
4.8e-06,0.0003889991,5.333333e-06,5.12e-05,89.10757601
4.8e-06,0.0003889991,5.333333e-06,5.55e-05,90.31789706
4.8e-06,0.0003889991,5.333333e-06,5.97e-05,91.42752096
4.8e-06,0.0003889991,5.333333e-06,6.4e-05,92.41313776
4.8e-06,0.0003889991,5.333333e-06,6.83e-05,93.29308683
4.8e-06,0.0003889991,5.333333e-06,7.25e-05,94.06166986
4.8e-06,0.0003889991,5.333333e-06,7.68e-05,94.31580888
4.8e-06,0.0003889991,5.333333e-06,8.11e-05,94.36213746
4.8e-06,0.0003889991,5.333333e-06,8.53e-05,94.22524187
4.8e-06,0.0003889991,5.333333e-06,8.96e-05,93.91836009
4.8e-06,0.0003889991,2.4e-06,3.84e-05,86.54645524
4.8e-06,0.0003889991,2.4e-06,4.27e-05,87.78202428
4.8e-06,0.0003889991,2.4e-06,4.69e-05,88.92502048
4.8e-06,0.0003889991,2.4e-06,5.12e-05,90.00402301
4.8e-06,0.0003889991,2.4e-06,5.55e-05,91.18867189
4.8e-06,0.0003889991,2.4e-06,5.97e-05,92.28090891
4.8e-06,0.0003889991,2.4e-06,6.4e-05,93.25568532
4.8e-06,0.0003889991,2.4e-06,6.83e-05,94.12320856
4.8e-06,0.0003889991,2.4e-06,7.25e-05,94.84868592
4.8e-06,0.0003889991,2.4e-06,7.68e-05,95.05493164
4.8e-06,0.0003889991,2.4e-06,8.11e-05,95.06038508
4.8e-06,0.0003889991,2.4e-06,8.53e-05,94.89150374
4.8e-06,0.0003889991,2.4e-06,8.96e-05,94.5260038
4.8e-06,0.0003889991,2.666667e-06,3.84e-05,88.83405895
4.8e-06,0.0003889991,2.666667e-06,4.27e-05,89.99834818
4.8e-06,0.0003889991,2.666667e-06,4.69e-05,91.08197313
4.8e-06,0.0003889991,2.666667e-06,5.12e-05,92.11132481
4.8e-06,0.0003889991,2.666667e-06,5.55e-05,93.23689731
4.8e-06,0.0003889991,2.666667e-06,5.97e-05,94.29423073
4.8e-06,0.0003889991,2.666667e-06,6.4e-05,95.23879621
4.8e-06,0.0003889991,2.666667e-06,6.83e-05,96.09542163
4.8e-06,0.0003889991,2.666667e-06,7.25e-05,96.70748622
4.8e-06,0.0003889991,2.666667e-06,7.68e-05,96.82306465
4.8e-06,0.0003889991,2.666667e-06,8.11e-05,96.73697986
4.8e-06,0.0003889991,2.666667e-06,8.53e-05,96.4527476
4.8e-06,0.0003889991,2.666667e-06,8.96e-05,95.85229519
4.8e-06,0.0003889991,2.933333e-06,3.84e-05,90.50315597
4.8e-06,0.0003889991,2.933333e-06,4.27e-05,91.61869789
4.8e-06,0.0003889991,2.933333e-06,4.69e-05,92.66073737
4.8e-06,0.0003889991,2.933333e-06,5.12e-05,93.65526881
4.8e-06,0.0003889991,2.933333e-06,5.55e-05,94.73885612
4.8e-06,0.0003889991,2.933333e-06,5.97e-05,95.776005
4.8e-06,0.0003889991,2.933333e-06,6.4e-05,96.70688263
4.8e-06,0.0003889991,2.933333e-06,6.83e-05,97.55148856
4.8e-06,0.0003889991,2.933333e-06,7.25e-05,98.09284015
4.8e-06,0.0003889991,2.933333e-06,7.68e-05,98.144291
4.8e-06,0.0003889991,2.933333e-06,8.11e-05,97.99566223
4.8e-06,0.0003889991,2.933333e-06,8.53e-05,97.63748597
4.8e-06,0.0003889991,2.933333e-06,8.96e-05,96.57707395
4.8e-06,0.0003889991,3.2e-06,3.84e-05,92.5091255
4.8e-06,0.0003889991,3.2e-06,4.27e-05,93.56721667
4.8e-06,0.0003889991,3.2e-06,4.69e-05,94.56628474
4.8e-06,0.0003889991,3.2e-06,5.12e-05,95.51993048
4.8e-06,0.0003889991,3.2e-06,5.55e-05,96.55397432
4.8e-06,0.0003889991,3.2e-06,5.97e-05,97.57285462
4.8e-06,0.0003889991,3.2e-06,6.4e-05,98.49329733
4.8e-06,0.0003889991,3.2e-06,6.83e-05,99.33363634
4.8e-06,0.0003889991,3.2e-06,7.25e-05,99.7885395
4.8e-06,0.0003889991,3.2e-06,7.68e-05,99.77538286
4.8e-06,0.0003889991,3.2e-06,8.11e-05,99.55389215
4.8e-06,0.0003889991,3.2e-06,8.53e-05,99.11444952
4.8e-06,0.0003889991,3.2e-06,8.96e-05,97.37118745
4.8e-06,0.0003889991,3.466667e-06,3.84e-05,89.05039351
4.8e-06,0.0003889991,3.466667e-06,4.27e-05,86.37254873
4.8e-06,0.0003889991,3.466667e-06,4.69e-05,84.88828112
4.8e-06,0.0003889991,3.466667e-06,5.12e-05,83.96057556
4.8e-06,0.0003889991,3.466667e-06,5.55e-05,83.10709326
4.8e-06,0.0003889991,3.466667e-06,5.97e-05,82.31519864
4.8e-06,0.0003889991,3.466667e-06,6.4e-05,81.57334887
4.8e-06,0.0003889991,3.466667e-06,6.83e-05,81.17758219
4.8e-06,0.0003889991,3.466667e-06,7.25e-05,81.12816763
4.8e-06,0.0003889991,3.466667e-06,7.68e-05,81.06583696
4.8e-06,0.0003889991,3.466667e-06,8.11e-05,80.99555387
4.8e-06,0.0003889991,3.466667e-06,8.53e-05,80.9250298
4.8e-06,0.0003889991,3.466667e-06,8.96e-05,80.85171081
4.8e-06,0.0003889991,3.733333e-06,3.84e-05,93.66205952
4.8e-06,0.0003889991,3.733333e-06,4.27e-05,90.85498931
4.8e-06,0.0003889991,3.733333e-06,4.69e-05,88.60101578
4.8e-06,0.0003889991,3.733333e-06,5.12e-05,87.6138598
4.8e-06,0.0003889991,3.733333e-06,5.55e-05,86.70376473
4.8e-06,0.0003889991,3.733333e-06,5.97e-05,85.84480351
4.8e-06,0.0003889991,3.733333e-06,6.4e-05,85.03524987
4.8e-06,0.0003889991,3.733333e-06,6.83e-05,84.26784737
4.8e-06,0.0003889991,3.733333e-06,7.25e-05,84.12968969
4.8e-06,0.0003889991,3.733333e-06,7.68e-05,84.03621294
4.8e-06,0.0003889991,3.733333e-06,8.11e-05,83.93743815
4.8e-06,0.0003889991,3.733333e-06,8.53e-05,83.82649507
4.8e-06,0.0003889991,3.733333e-06,8.96e-05,83.71722222
4.8e-06,0.0003889991,4.8e-06,3.84e-05,99.58144805
4.8e-06,0.0003889991,4.8e-06,4.27e-05,96.65941965
4.8e-06,0.0003889991,4.8e-06,4.69e-05,93.97445123
4.8e-06,0.0003889991,4.8e-06,5.12e-05,92.24466813
4.8e-06,0.0003889991,4.8e-06,5.55e-05,91.26846566
4.8e-06,0.0003889991,4.8e-06,5.97e-05,90.34377492
4.8e-06,0.0003889991,4.8e-06,6.4e-05,89.46602764
4.8e-06,0.0003889991,4.8e-06,6.83e-05,88.62052187
4.8e-06,0.0003889991,4.8e-06,7.25e-05,87.91449029
4.8e-06,0.0003889991,4.8e-06,7.68e-05,87.77720151
4.8e-06,0.0003889991,4.8e-06,8.11e-05,87.64152396
4.8e-06,0.0003889991,4.8e-06,8.53e-05,87.49369043
4.8e-06,0.0003889991,4.8e-06,8.96e-05,87.34370901
4.8e-06,0.0003889991,4.266667e-06,3.84e-05,97.00349009
4.8e-06,0.0003889991,4.266667e-06,4.27e-05,94.12480443
4.8e-06,0.0003889991,4.266667e-06,4.69e-05,91.49699896
4.8e-06,0.0003889991,4.266667e-06,5.12e-05,90.23588382
4.8e-06,0.0003889991,4.266667e-06,5.55e-05,89.28452294
4.8e-06,0.0003889991,4.266667e-06,5.97e-05,88.3917098
4.8e-06,0.0003889991,4.266667e-06,6.4e-05,87.53744722
4.8e-06,0.0003889991,4.266667e-06,6.83e-05,86.72497289
4.8e-06,0.0003889991,4.266667e-06,7.25e-05,86.2763125
4.8e-06,0.0003889991,4.266667e-06,7.68e-05,86.15567751
4.8e-06,0.0003889991,4.266667e-06,8.11e-05,86.03328925
4.8e-06,0.0003889991,4.266667e-06,8.53e-05,85.90245641
4.8e-06,0.0003889991,4.266667e-06,8.96e-05,85.7712488
4.8e-06,0.0003889991,4.533333e-06,3.84e-05,101.0071554
4.8e-06,0.0003889991,4.533333e-06,4.27e-05,98.06784463
4.8e-06,0.0003889991,4.533333e-06,4.69e-05,95.35479291
4.8e-06,0.0003889991,4.533333e-06,5.12e-05,93.35254414
4.8e-06,0.0003889991,4.533333e-06,5.55e-05,92.36397065
4.8e-06,0.0003889991,4.533333e-06,5.97e-05,91.42517773
4.8e-06,0.0003889991,4.533333e-06,6.4e-05,90.52850595
4.8e-06,0.0003889991,4.533333e-06,6.83e-05,89.67089431
4.8e-06,0.0003889991,4.533333e-06,7.25e-05,88.84405188
4.8e-06,0.0003889991,4.533333e-06,7.68e-05,88.669536
4.8e-06,0.0003889991,4.533333e-06,8.11e-05,88.51940574
4.8e-06,0.0003889991,4.533333e-06,8.53e-05,88.36758294
4.8e-06,0.0003889991,4.533333e-06,8.96e-05,88.20935131
4.8e-06,0.0003889991,4e-06,3.84e-05,100.0696501
4.8e-06,0.0003889991,4e-06,4.27e-05,96.00896505
4.8e-06,0.0003889991,4e-06,4.69e-05,91.78725407
4.8e-06,0.0003889991,4e-06,5.12e-05,88.44320672
4.8e-06,0.0003889991,4e-06,5.55e-05,85.95560665
4.8e-06,0.0003889991,4e-06,5.97e-05,82.81829747
4.8e-06,0.0003889991,4e-06,6.4e-05,78.93013923
4.8e-06,0.0003889991,4e-06,6.83e-05,74.79455234
4.8e-06,0.0003889991,4e-06,7.25e-05,70.9390147
4.8e-06,0.0003889991,4e-06,7.68e-05,67.58025469
4.8e-06,0.0003889991,4e-06,8.11e-05,64.71390128
4.8e-06,0.0003889991,4e-06,8.53e-05,62.26615489
4.8e-06,0.0003889991,4e-06,8.96e-05,60.15922778
4.8e-06,0.0003889991,5.6e-06,3.84e-05,100.5369511
4.8e-06,0.0003889991,5.6e-06,4.27e-05,95.40457582
4.8e-06,0.0003889991,5.6e-06,4.69e-05,90.65692733
4.8e-06,0.0003889991,5.6e-06,5.12e-05,87.58118242
4.8e-06,0.0003889991,5.6e-06,5.55e-05,84.8777454
4.8e-06,0.0003889991,5.6e-06,5.97e-05,81.62974558
4.8e-06,0.0003889991,5.6e-06,6.4e-05,77.78313762
4.8e-06,0.0003889991,5.6e-06,6.83e-05,73.76422922
4.8e-06,0.0003889991,5.6e-06,7.25e-05,70.02867464
4.8e-06,0.0003889991,5.6e-06,7.68e-05,66.76129673
4.8e-06,0.0003889991,5.6e-06,8.11e-05,63.95637663
4.8e-06,0.0003889991,5.6e-06,8.53e-05,61.54684163
4.8e-06,0.0003889991,5.6e-06,8.96e-05,59.54923942
4.8e-06,0.0003889991,5.066667e-06,3.84e-05,100.7616309
4.8e-06,0.0003889991,5.066667e-06,4.27e-05,94.80250404
4.8e-06,0.0003889991,5.066667e-06,4.69e-05,89.69221557
4.8e-06,0.0003889991,5.066667e-06,5.12e-05,86.78972924
4.8e-06,0.0003889991,5.066667e-06,5.55e-05,83.90691791
4.8e-06,0.0003889991,5.066667e-06,5.97e-05,80.56785077
4.8e-06,0.0003889991,5.066667e-06,6.4e-05,76.74424526
4.8e-06,0.0003889991,5.066667e-06,6.83e-05,72.81263018
4.8e-06,0.0003889991,5.066667e-06,7.25e-05,69.17043631
4.8e-06,0.0003889991,5.066667e-06,7.68e-05,65.97618979
4.8e-06,0.0003889991,5.066667e-06,8.11e-05,63.40183164
4.8e-06,0.0003889991,5.066667e-06,8.53e-05,61.3584632
4.8e-06,0.0003889991,5.066667e-06,8.96e-05,59.566983
4.8e-06,4.48e-05,5.333333e-06,3.84e-05,85.24269993
4.8e-06,4.48e-05,5.333333e-06,4.27e-05,86.53004075
4.8e-06,4.48e-05,5.333333e-06,4.69e-05,87.71878756
4.8e-06,4.48e-05,5.333333e-06,5.12e-05,88.87169536
4.8e-06,4.48e-05,5.333333e-06,5.55e-05,90.14322927
4.8e-06,4.48e-05,5.333333e-06,5.97e-05,91.25668687
4.8e-06,4.48e-05,5.333333e-06,6.4e-05,92.24588905
4.8e-06,4.48e-05,5.333333e-06,6.83e-05,93.12930031
4.8e-06,4.48e-05,5.333333e-06,7.25e-05,93.72816857
4.8e-06,4.48e-05,5.333333e-06,7.68e-05,93.93631074
4.8e-06,4.48e-05,5.333333e-06,8.11e-05,93.93394204
4.8e-06,4.48e-05,5.333333e-06,8.53e-05,93.74596477
4.8e-06,4.48e-05,5.333333e-06,8.96e-05,93.38558852
4.8e-06,4.48e-05,2.4e-06,3.84e-05,86.23532591
4.8e-06,4.48e-05,2.4e-06,4.27e-05,87.49048063
4.8e-06,4.48e-05,2.4e-06,4.69e-05,88.65256314
4.8e-06,4.48e-05,2.4e-06,5.12e-05,89.77771212
4.8e-06,4.48e-05,2.4e-06,5.55e-05,91.02713906
4.8e-06,4.48e-05,2.4e-06,5.97e-05,92.12363329
4.8e-06,4.48e-05,2.4e-06,6.4e-05,93.10248144
4.8e-06,4.48e-05,2.4e-06,6.83e-05,93.97383771
4.8e-06,4.48e-05,2.4e-06,7.25e-05,94.51743349
4.8e-06,4.48e-05,2.4e-06,7.68e-05,94.67679079
4.8e-06,4.48e-05,2.4e-06,8.11e-05,94.63266793
4.8e-06,4.48e-05,2.4e-06,8.53e-05,94.4118698
4.8e-06,4.48e-05,2.4e-06,8.96e-05,93.87352868
4.8e-06,4.48e-05,2.666667e-06,3.84e-05,88.56226178
4.8e-06,4.48e-05,2.666667e-06,4.27e-05,89.7450122
4.8e-06,4.48e-05,2.666667e-06,4.69e-05,90.84693549
4.8e-06,4.48e-05,2.666667e-06,5.12e-05,91.90485777
4.8e-06,4.48e-05,2.666667e-06,5.55e-05,93.10875877
4.8e-06,4.48e-05,2.666667e-06,5.97e-05,94.17141527
4.8e-06,4.48e-05,2.666667e-06,6.4e-05,95.12102169
4.8e-06,4.48e-05,2.666667e-06,6.83e-05,95.98271721
4.8e-06,4.48e-05,2.666667e-06,7.25e-05,96.3849197
4.8e-06,4.48e-05,2.666667e-06,7.68e-05,96.45166223
4.8e-06,4.48e-05,2.666667e-06,8.11e-05,96.31379452
4.8e-06,4.48e-05,2.666667e-06,8.53e-05,95.9741702
4.8e-06,4.48e-05,2.666667e-06,8.96e-05,94.81140579
4.8e-06,4.48e-05,2.933333e-06,3.84e-05,90.26130757
4.8e-06,4.48e-05,2.933333e-06,4.27e-05,91.39448759
4.8e-06,4.48e-05,2.933333e-06,4.69e-05,92.45422763
4.8e-06,4.48e-05,2.933333e-06,5.12e-05,93.46726646
4.8e-06,4.48e-05,2.933333e-06,5.55e-05,94.63744651
4.8e-06,4.48e-05,2.933333e-06,5.97e-05,95.68077386
4.8e-06,4.48e-05,2.933333e-06,6.4e-05,96.61754884
4.8e-06,4.48e-05,2.933333e-06,6.83e-05,97.46799789
4.8e-06,4.48e-05,2.933333e-06,7.25e-05,97.77995485
4.8e-06,4.48e-05,2.933333e-06,7.68e-05,97.78102155
4.8e-06,4.48e-05,2.933333e-06,8.11e-05,97.57896571
4.8e-06,4.48e-05,2.933333e-06,8.53e-05,97.16251072
4.8e-06,4.48e-05,2.933333e-06,8.96e-05,95.46703508
4.8e-06,4.48e-05,3.2e-06,3.84e-05,92.30453259
4.8e-06,4.48e-05,3.2e-06,4.27e-05,93.37925197
4.8e-06,4.48e-05,3.2e-06,4.69e-05,94.39544063
4.8e-06,4.48e-05,3.2e-06,5.12e-05,95.3670399
4.8e-06,4.48e-05,3.2e-06,5.55e-05,96.48741424
4.8e-06,4.48e-05,3.2e-06,5.97e-05,97.51360613
4.8e-06,4.48e-05,3.2e-06,6.4e-05,98.44108447
4.8e-06,4.48e-05,3.2e-06,6.83e-05,99.28840292
4.8e-06,4.48e-05,3.2e-06,7.25e-05,99.4912511
4.8e-06,4.48e-05,3.2e-06,7.68e-05,99.42576746
4.8e-06,4.48e-05,3.2e-06,8.11e-05,99.14766667
4.8e-06,4.48e-05,3.2e-06,8.53e-05,98.29890918
4.8e-06,4.48e-05,3.2e-06,8.96e-05,96.17152832
4.8e-06,4.48e-05,3.466667e-06,3.84e-05,87.870919
4.8e-06,4.48e-05,3.466667e-06,4.27e-05,85.14886597
4.8e-06,4.48e-05,3.466667e-06,4.69e-05,84.06823242
4.8e-06,4.48e-05,3.466667e-06,5.12e-05,83.11962022
4.8e-06,4.48e-05,3.466667e-06,5.55e-05,82.24755226
4.8e-06,4.48e-05,3.466667e-06,5.97e-05,81.4389857
4.8e-06,4.48e-05,3.466667e-06,6.4e-05,80.68202846
4.8e-06,4.48e-05,3.466667e-06,6.83e-05,80.59181958
4.8e-06,4.48e-05,3.466667e-06,7.25e-05,80.5372757
4.8e-06,4.48e-05,3.466667e-06,7.68e-05,80.46989033
4.8e-06,4.48e-05,3.466667e-06,8.11e-05,80.39476373
4.8e-06,4.48e-05,3.466667e-06,8.53e-05,80.31948702
4.8e-06,4.48e-05,3.466667e-06,8.96e-05,80.24161549
4.8e-06,4.48e-05,3.733333e-06,3.84e-05,92.56820501
4.8e-06,4.48e-05,3.733333e-06,4.27e-05,89.69771122
4.8e-06,4.48e-05,3.733333e-06,4.69e-05,87.85829679
4.8e-06,4.48e-05,3.733333e-06,5.12e-05,86.84298813
4.8e-06,4.48e-05,3.733333e-06,5.55e-05,85.90785198
4.8e-06,4.48e-05,3.733333e-06,5.97e-05,85.02599226
4.8e-06,4.48e-05,3.733333e-06,6.4e-05,84.19558166
4.8e-06,4.48e-05,3.733333e-06,6.83e-05,83.6917682
4.8e-06,4.48e-05,3.733333e-06,7.25e-05,83.59167631
4.8e-06,4.48e-05,3.733333e-06,7.68e-05,83.49106927
4.8e-06,4.48e-05,3.733333e-06,8.11e-05,83.38553841
4.8e-06,4.48e-05,3.733333e-06,8.53e-05,83.2679615
4.8e-06,4.48e-05,3.733333e-06,8.96e-05,83.15230792
4.8e-06,4.48e-05,4.8e-06,3.84e-05,98.60882699
4.8e-06,4.48e-05,4.8e-06,4.27e-05,95.6004871
4.8e-06,4.48e-05,4.8e-06,4.69e-05,92.84582453
4.8e-06,4.48e-05,4.8e-06,5.12e-05,91.56664855
4.8e-06,4.48e-05,4.8e-06,5.55e-05,90.55754548
4.8e-06,4.48e-05,4.8e-06,5.97e-05,89.60267366
4.8e-06,4.48e-05,4.8e-06,6.4e-05,88.69720513
4.8e-06,4.48e-05,4.8e-06,6.83e-05,87.82583848
4.8e-06,4.48e-05,4.8e-06,7.25e-05,87.44577921
4.8e-06,4.48e-05,4.8e-06,7.68e-05,87.29893668
4.8e-06,4.48e-05,4.8e-06,8.11e-05,87.15406826
4.8e-06,4.48e-05,4.8e-06,8.53e-05,86.9972739
4.8e-06,4.48e-05,4.8e-06,8.96e-05,86.83875721
4.8e-06,4.48e-05,4.266667e-06,3.84e-05,95.97662106
4.8e-06,4.48e-05,4.266667e-06,4.27e-05,93.02129413
4.8e-06,4.48e-05,4.266667e-06,4.69e-05,90.56983598
4.8e-06,4.48e-05,4.266667e-06,5.12e-05,89.51709711
4.8e-06,4.48e-05,4.266667e-06,5.55e-05,88.53608765
4.8e-06,4.48e-05,4.266667e-06,5.97e-05,87.61636938
4.8e-06,4.48e-05,4.266667e-06,6.4e-05,86.73716972
4.8e-06,4.48e-05,4.266667e-06,6.83e-05,85.90250598
4.8e-06,4.48e-05,4.266667e-06,7.25e-05,85.77725983
4.8e-06,4.48e-05,4.266667e-06,7.68e-05,85.64812203
4.8e-06,4.48e-05,4.266667e-06,8.11e-05,85.51746509
4.8e-06,4.48e-05,4.266667e-06,8.53e-05,85.37877016
4.8e-06,4.48e-05,4.266667e-06,8.96e-05,85.23994595
4.8e-06,4.48e-05,4.533333e-06,3.84e-05,100.0653819
4.8e-06,4.48e-05,4.533333e-06,4.27e-05,97.03469827
4.8e-06,4.48e-05,4.533333e-06,4.69e-05,94.24695044
4.8e-06,4.48e-05,4.533333e-06,5.12e-05,92.69728032
4.8e-06,4.48e-05,4.533333e-06,5.55e-05,91.67407953
4.8e-06,4.48e-05,4.533333e-06,5.97e-05,90.70342422
4.8e-06,4.48e-05,4.533333e-06,6.4e-05,89.77727661
4.8e-06,4.48e-05,4.533333e-06,6.83e-05,88.89238031
4.8e-06,4.48e-05,4.533333e-06,7.25e-05,88.36378902
4.8e-06,4.48e-05,4.533333e-06,7.68e-05,88.20758988
4.8e-06,4.48e-05,4.533333e-06,8.11e-05,88.04768185
4.8e-06,4.48e-05,4.533333e-06,8.53e-05,87.88636723
4.8e-06,4.48e-05,4.533333e-06,8.96e-05,87.71908683
4.8e-06,4.48e-05,4e-06,3.84e-05,99.25721339
4.8e-06,4.48e-05,4e-06,4.27e-05,94.73765921
4.8e-06,4.48e-05,4e-06,4.69e-05,90.3185361
4.8e-06,4.48e-05,4e-06,5.12e-05,87.13793407
4.8e-06,4.48e-05,4e-06,5.55e-05,84.50653338
4.8e-06,4.48e-05,4e-06,5.97e-05,81.25803523
4.8e-06,4.48e-05,4e-06,6.4e-05,77.33147941
4.8e-06,4.48e-05,4e-06,6.83e-05,73.22118679
4.8e-06,4.48e-05,4e-06,7.25e-05,69.42000173
4.8e-06,4.48e-05,4e-06,7.68e-05,66.11648863
4.8e-06,4.48e-05,4e-06,8.11e-05,63.29650312
4.8e-06,4.48e-05,4e-06,8.53e-05,60.88539207
4.8e-06,4.48e-05,4e-06,8.96e-05,58.80714478
4.8e-06,4.48e-05,5.6e-06,3.84e-05,99.58494508
4.8e-06,4.48e-05,5.6e-06,4.27e-05,94.01036833
4.8e-06,4.48e-05,5.6e-06,4.69e-05,89.06462842
4.8e-06,4.48e-05,5.6e-06,5.12e-05,86.16157307
4.8e-06,4.48e-05,5.6e-06,5.55e-05,83.30638225
4.8e-06,4.48e-05,5.6e-06,5.97e-05,79.94724038
4.8e-06,4.48e-05,5.6e-06,6.4e-05,76.0639177
4.8e-06,4.48e-05,5.6e-06,6.83e-05,72.07346456
4.8e-06,4.48e-05,5.6e-06,7.25e-05,68.39473771
4.8e-06,4.48e-05,5.6e-06,7.68e-05,65.18476848
4.8e-06,4.48e-05,5.6e-06,8.11e-05,62.42813338
4.8e-06,4.48e-05,5.6e-06,8.53e-05,60.30304315
4.8e-06,4.48e-05,5.6e-06,8.96e-05,58.51763284
4.8e-06,4.48e-05,5.066667e-06,3.84e-05,99.54041752
4.8e-06,4.48e-05,5.066667e-06,4.27e-05,93.30887157
4.8e-06,4.48e-05,5.066667e-06,4.69e-05,88.3419329
4.8e-06,4.48e-05,5.066667e-06,5.12e-05,85.27537599
4.8e-06,4.48e-05,5.066667e-06,5.55e-05,82.23575706
4.8e-06,4.48e-05,5.066667e-06,5.97e-05,78.78600565
4.8e-06,4.48e-05,5.066667e-06,6.4e-05,74.92771954
4.8e-06,4.48e-05,5.066667e-06,6.83e-05,71.02714764
4.8e-06,4.48e-05,5.066667e-06,7.25e-05,67.44373117
4.8e-06,4.48e-05,5.066667e-06,7.68e-05,64.57908238
4.8e-06,4.48e-05,5.066667e-06,8.11e-05,62.26809517
4.8e-06,4.48e-05,5.066667e-06,8.53e-05,60.24740023
4.8e-06,4.48e-05,5.066667e-06,8.96e-05,58.47644888
5.333333e-06,0.000132012,5.333333e-06,3.84e-05,85.34465022
5.333333e-06,0.000132012,5.333333e-06,4.27e-05,86.62596226
5.333333e-06,0.000132012,5.333333e-06,4.69e-05,87.80888615
5.333333e-06,0.000132012,5.333333e-06,5.12e-05,88.92831521
5.333333e-06,0.000132012,5.333333e-06,5.55e-05,90.19862981
5.333333e-06,0.000132012,5.333333e-06,5.97e-05,91.31108272
5.333333e-06,0.000132012,5.333333e-06,6.4e-05,92.29936002
5.333333e-06,0.000132012,5.333333e-06,6.83e-05,93.18188844
5.333333e-06,0.000132012,5.333333e-06,7.25e-05,93.83350493
5.333333e-06,0.000132012,5.333333e-06,7.68e-05,94.05609063
5.333333e-06,0.000132012,5.333333e-06,8.11e-05,94.06900677
5.333333e-06,0.000132012,5.333333e-06,8.53e-05,93.89706333
5.333333e-06,0.000132012,5.333333e-06,8.96e-05,93.55347663
5.333333e-06,0.000132012,2.4e-06,3.84e-05,86.33228738
5.333333e-06,0.000132012,2.4e-06,4.27e-05,87.5815652
5.333333e-06,0.000132012,2.4e-06,4.69e-05,88.73792901
5.333333e-06,0.000132012,2.4e-06,5.12e-05,89.83055307
5.333333e-06,0.000132012,2.4e-06,5.55e-05,91.07849147
5.333333e-06,0.000132012,2.4e-06,5.97e-05,92.17385431
5.333333e-06,0.000132012,2.4e-06,6.4e-05,93.15163087
5.333333e-06,0.000132012,2.4e-06,6.83e-05,94.02199456
5.333333e-06,0.000132012,2.4e-06,7.25e-05,94.62209964
5.333333e-06,0.000132012,2.4e-06,7.68e-05,94.79618517
5.333333e-06,0.000132012,2.4e-06,8.11e-05,94.76763038
5.333333e-06,0.000132012,2.4e-06,8.53e-05,94.56314195
5.333333e-06,0.000132012,2.4e-06,8.96e-05,94.15977458
5.333333e-06,0.000132012,2.666667e-06,3.84e-05,88.64709965
5.333333e-06,0.000132012,2.666667e-06,4.27e-05,89.82432812
5.333333e-06,0.000132012,2.666667e-06,4.69e-05,90.92078302
5.333333e-06,0.000132012,2.666667e-06,5.12e-05,91.96339754
5.333333e-06,0.000132012,2.666667e-06,5.55e-05,93.14982035
5.333333e-06,0.000132012,2.666667e-06,5.97e-05,94.21102602
5.333333e-06,0.000132012,2.666667e-06,6.4e-05,95.15927277
5.333333e-06,0.000132012,2.666667e-06,6.83e-05,96.0196015
5.333333e-06,0.000132012,2.666667e-06,7.25e-05,96.48697684
5.333333e-06,0.000132012,2.666667e-06,7.68e-05,96.56906981
5.333333e-06,0.000132012,2.666667e-06,8.11e-05,96.44748306
5.333333e-06,0.000132012,2.666667e-06,8.53e-05,96.12526062
5.333333e-06,0.000132012,2.666667e-06,8.96e-05,95.13674719
5.333333e-06,0.000132012,2.933333e-06,3.84e-05,90.33691625
5.333333e-06,0.000132012,2.933333e-06,4.27e-05,91.46483373
5.333333e-06,0.000132012,2.933333e-06,4.69e-05,92.51929515
5.333333e-06,0.000132012,2.933333e-06,5.12e-05,93.52680536
5.333333e-06,0.000132012,2.933333e-06,5.55e-05,94.67027195
5.333333e-06,0.000132012,2.933333e-06,5.97e-05,95.71189157
5.333333e-06,0.000132012,2.933333e-06,6.4e-05,96.64704991
5.333333e-06,0.000132012,2.933333e-06,6.83e-05,97.49590246
5.333333e-06,0.000132012,2.933333e-06,7.25e-05,97.87908262
5.333333e-06,0.000132012,2.933333e-06,7.68e-05,97.89599936
5.333333e-06,0.000132012,2.933333e-06,8.11e-05,97.71076662
5.333333e-06,0.000132012,2.933333e-06,8.53e-05,97.31261533
5.333333e-06,0.000132012,2.933333e-06,8.96e-05,95.81389021
5.333333e-06,0.000132012,3.2e-06,3.84e-05,92.36866195
5.333333e-06,0.000132012,3.2e-06,4.27e-05,93.43843764
5.333333e-06,0.000132012,3.2e-06,4.69e-05,94.44953257
5.333333e-06,0.000132012,3.2e-06,5.12e-05,95.41578061
5.333333e-06,0.000132012,3.2e-06,5.55e-05,96.50950161
5.333333e-06,0.000132012,3.2e-06,5.97e-05,97.53364489
5.333333e-06,0.000132012,3.2e-06,6.4e-05,98.4591645
5.333333e-06,0.000132012,3.2e-06,6.83e-05,99.30454538
5.333333e-06,0.000132012,3.2e-06,7.25e-05,99.58564873
5.333333e-06,0.000132012,3.2e-06,7.68e-05,99.53664114
5.333333e-06,0.000132012,3.2e-06,8.11e-05,99.27635389
5.333333e-06,0.000132012,3.2e-06,8.53e-05,98.62698501
5.333333e-06,0.000132012,3.2e-06,8.96e-05,96.54625969
5.333333e-06,0.000132012,3.466667e-06,3.84e-05,88.23605891
5.333333e-06,0.000132012,3.466667e-06,4.27e-05,85.52698881
5.333333e-06,0.000132012,3.466667e-06,4.69e-05,84.32241922
5.333333e-06,0.000132012,3.466667e-06,5.12e-05,83.38011688
5.333333e-06,0.000132012,3.466667e-06,5.55e-05,82.51366416
5.333333e-06,0.000132012,3.466667e-06,5.97e-05,81.71013846
5.333333e-06,0.000132012,3.466667e-06,6.4e-05,80.95775175
5.333333e-06,0.000132012,3.466667e-06,6.83e-05,80.77331067
5.333333e-06,0.000132012,3.466667e-06,7.25e-05,80.72034516
5.333333e-06,0.000132012,3.466667e-06,7.68e-05,80.65452305
5.333333e-06,0.000132012,3.466667e-06,8.11e-05,80.58089811
5.333333e-06,0.000132012,3.466667e-06,8.53e-05,80.50709905
5.333333e-06,0.000132012,3.466667e-06,8.96e-05,80.43064651
5.333333e-06,0.000132012,3.733333e-06,3.84e-05,92.90732514
5.333333e-06,0.000132012,3.733333e-06,4.27e-05,90.05582044
5.333333e-06,0.000132012,3.733333e-06,4.69e-05,88.08870888
5.333333e-06,0.000132012,3.733333e-06,5.12e-05,87.08198407
5.333333e-06,0.000132012,3.733333e-06,5.55e-05,86.15448423
5.333333e-06,0.000132012,3.733333e-06,5.97e-05,85.27960929
5.333333e-06,0.000132012,3.733333e-06,6.4e-05,84.45556056
5.333333e-06,0.000132012,3.733333e-06,6.83e-05,83.85628853
5.333333e-06,0.000132012,3.733333e-06,7.25e-05,83.75846282
5.333333e-06,0.000132012,3.733333e-06,7.68e-05,83.66006809
5.333333e-06,0.000132012,3.733333e-06,8.11e-05,83.55663963
5.333333e-06,0.000132012,3.733333e-06,8.53e-05,83.44112754
5.333333e-06,0.000132012,3.733333e-06,8.96e-05,83.32746358
5.333333e-06,0.000132012,4.8e-06,3.84e-05,98.91095804
5.333333e-06,0.000132012,4.8e-06,4.27e-05,95.92880569
5.333333e-06,0.000132012,4.8e-06,4.69e-05,93.19516112
5.333333e-06,0.000132012,4.8e-06,5.12e-05,91.77713128
5.333333e-06,0.000132012,4.8e-06,5.55e-05,90.77813098
5.333333e-06,0.000132012,4.8e-06,5.97e-05,89.83252471
5.333333e-06,0.000132012,4.8e-06,6.4e-05,88.9355633
5.333333e-06,0.000132012,4.8e-06,6.83e-05,88.07213032
5.333333e-06,0.000132012,4.8e-06,7.25e-05,87.59122775
5.333333e-06,0.000132012,4.8e-06,7.68e-05,87.44735821
5.333333e-06,0.000132012,4.8e-06,8.11e-05,87.30535227
5.333333e-06,0.000132012,4.8e-06,8.53e-05,87.1513538
5.333333e-06,0.000132012,4.8e-06,8.96e-05,86.99550105
5.333333e-06,0.000132012,4.266667e-06,3.84e-05,96.29532237
5.333333e-06,0.000132012,4.266667e-06,4.27e-05,93.36313552
5.333333e-06,0.000132012,4.266667e-06,4.69e-05,90.78277601
5.333333e-06,0.000132012,4.266667e-06,5.12e-05,89.74010233
5.333333e-06,0.000132012,4.266667e-06,5.55e-05,88.76817389
5.333333e-06,0.000132012,4.266667e-06,5.97e-05,87.85669487
5.333333e-06,0.000132012,4.266667e-06,6.4e-05,86.98513096
5.333333e-06,0.000132012,4.266667e-06,6.83e-05,86.15675106
5.333333e-06,0.000132012,4.266667e-06,7.25e-05,85.93205016
5.333333e-06,0.000132012,4.266667e-06,7.68e-05,85.80555553
5.333333e-06,0.000132012,4.266667e-06,8.11e-05,85.67747261
5.333333e-06,0.000132012,4.266667e-06,8.53e-05,85.54122831
5.333333e-06,0.000132012,4.266667e-06,8.96e-05,85.40478062
5.333333e-06,0.000132012,4.533333e-06,3.84e-05,100.3580781
5.333333e-06,0.000132012,4.533333e-06,4.27e-05,97.35518157
5.333333e-06,0.000132012,4.533333e-06,4.69e-05,94.59002139
5.333333e-06,0.000132012,4.533333e-06,5.12e-05,92.9007708
5.333333e-06,0.000132012,4.533333e-06,5.55e-05,91.88821589
5.333333e-06,0.000132012,4.533333e-06,5.97e-05,90.92735369
5.333333e-06,0.000132012,4.533333e-06,6.4e-05,90.01026225
5.333333e-06,0.000132012,4.533333e-06,6.83e-05,89.13374485
5.333333e-06,0.000132012,4.533333e-06,7.25e-05,88.5040382
5.333333e-06,0.000132012,4.533333e-06,7.68e-05,88.35099072
5.333333e-06,0.000132012,4.533333e-06,8.11e-05,88.19413021
5.333333e-06,0.000132012,4.533333e-06,8.53e-05,88.03577635
5.333333e-06,0.000132012,4.533333e-06,8.96e-05,87.87132106
5.333333e-06,0.000132012,4e-06,3.84e-05,99.51414193
5.333333e-06,0.000132012,4e-06,4.27e-05,95.13701665
5.333333e-06,0.000132012,4e-06,4.69e-05,90.77922514
5.333333e-06,0.000132012,4e-06,5.12e-05,87.54845881
5.333333e-06,0.000132012,4e-06,5.55e-05,84.96129232
5.333333e-06,0.000132012,4e-06,5.97e-05,81.74657981
5.333333e-06,0.000132012,4e-06,6.4e-05,77.83124506
5.333333e-06,0.000132012,4e-06,6.83e-05,73.71266994
5.333333e-06,0.000132012,4e-06,7.25e-05,69.89450296
5.333333e-06,0.000132012,4e-06,7.68e-05,66.57385836
5.333333e-06,0.000132012,4e-06,8.11e-05,63.73950521
5.333333e-06,0.000132012,4e-06,8.53e-05,61.31701545
5.333333e-06,0.000132012,4e-06,8.96e-05,59.22982211
5.333333e-06,0.000132012,5.6e-06,3.84e-05,99.9381444
5.333333e-06,0.000132012,5.6e-06,4.27e-05,94.44791996
5.333333e-06,0.000132012,5.6e-06,4.69e-05,89.56357421
5.333333e-06,0.000132012,5.6e-06,5.12e-05,86.60742707
5.333333e-06,0.000132012,5.6e-06,5.55e-05,83.79880745
5.333333e-06,0.000132012,5.6e-06,5.97e-05,80.47330749
5.333333e-06,0.000132012,5.6e-06,6.4e-05,76.60058096
5.333333e-06,0.000132012,5.6e-06,6.83e-05,72.60083397
5.333333e-06,0.000132012,5.6e-06,7.25e-05,68.90435666
5.333333e-06,0.000132012,5.6e-06,7.68e-05,65.67659465
5.333333e-06,0.000132012,5.6e-06,8.11e-05,62.90500706
5.333333e-06,0.000132012,5.6e-06,8.53e-05,60.63461407
5.333333e-06,0.000132012,5.6e-06,8.96e-05,58.84251542
5.333333e-06,0.000132012,5.066667e-06,3.84e-05,99.92402276
5.333333e-06,0.000132012,5.066667e-06,4.27e-05,93.77728373
5.333333e-06,0.000132012,5.066667e-06,4.69e-05,88.76636077
5.333333e-06,0.000132012,5.066667e-06,5.12e-05,85.75047009
5.333333e-06,0.000132012,5.066667e-06,5.55e-05,82.75887372
5.333333e-06,0.000132012,5.066667e-06,5.97e-05,79.34250605
5.333333e-06,0.000132012,5.066667e-06,6.4e-05,75.49409549
5.333333e-06,0.000132012,5.066667e-06,6.83e-05,71.58340189
5.333333e-06,0.000132012,5.066667e-06,7.25e-05,67.98163131
5.333333e-06,0.000132012,5.066667e-06,7.68e-05,64.94336664
5.333333e-06,0.000132012,5.066667e-06,8.11e-05,62.62465137
5.333333e-06,0.000132012,5.066667e-06,8.53e-05,60.59673395
5.333333e-06,0.000132012,5.066667e-06,8.96e-05,58.81924787
