a,b,c,d,ugf
1.12e-05,0.000132012,2.4e-06,3.84e-05,13004823.7
1.12e-05,0.000132012,2.4e-06,4.27e-05,14389267.27
1.12e-05,0.000132012,2.4e-06,4.69e-05,15560052.61
1.12e-05,0.000132012,2.4e-06,5.12e-05,17487860.56
1.12e-05,0.000132012,2.4e-06,5.55e-05,19517781.98
1.12e-05,0.000132012,2.4e-06,5.97e-05,21330874.74
1.12e-05,0.000132012,2.4e-06,6.4e-05,22962364.13
1.12e-05,0.000132012,2.4e-06,6.83e-05,25036822.75
1.12e-05,0.000132012,2.4e-06,7.25e-05,28150012.75
1.12e-05,0.000132012,2.4e-06,7.68e-05,31016649.37
1.12e-05,0.000132012,2.4e-06,8.11e-05,33669065.75
1.12e-05,0.000132012,2.4e-06,8.53e-05,36133361.52
1.12e-05,0.000132012,2.4e-06,8.96e-05,40525803.65
1.12e-05,0.000132012,2.4e-06,3.84e-05,12930777.43
1.12e-05,0.000132012,2.4e-06,4.27e-05,14343496.06
1.12e-05,0.000132012,2.4e-06,4.69e-05,15536351.64
1.12e-05,0.000132012,2.4e-06,5.12e-05,17481919.76
1.12e-05,0.000132012,2.4e-06,5.55e-05,19550530.79
1.12e-05,0.000132012,2.4e-06,5.97e-05,21397590.88
1.12e-05,0.000132012,2.4e-06,6.4e-05,23058497.92
1.12e-05,0.000132012,2.4e-06,6.83e-05,25321909.41
1.12e-05,0.000132012,2.4e-06,7.25e-05,28497489.76
1.12e-05,0.000132012,2.4e-06,7.68e-05,31420489.92
1.12e-05,0.000132012,2.4e-06,8.11e-05,34124016.56
1.12e-05,0.000132012,2.4e-06,8.53e-05,36963135.81
1.12e-05,0.000132012,2.4e-06,8.96e-05,41603667.11
1.12e-05,0.000132012,2.666667e-06,3.84e-05,12791047.32
1.12e-05,0.000132012,2.666667e-06,4.27e-05,14253024.58
1.12e-05,0.000132012,2.666667e-06,4.69e-05,15487477.49
1.12e-05,0.000132012,2.666667e-06,5.12e-05,17447808.4
1.12e-05,0.000132012,2.666667e-06,5.55e-05,19585365.67
1.12e-05,0.000132012,2.666667e-06,5.97e-05,21492248.84
1.12e-05,0.000132012,2.666667e-06,6.4e-05,23204926.13
1.12e-05,0.000132012,2.666667e-06,6.83e-05,25774995.26
1.12e-05,0.000132012,2.666667e-06,7.25e-05,29061290.47
1.12e-05,0.000132012,2.666667e-06,7.68e-05,32084065.23
1.12e-05,0.000132012,2.666667e-06,8.11e-05,34877874.43
1.12e-05,0.000132012,2.666667e-06,8.53e-05,38640691.11
1.12e-05,0.000132012,2.666667e-06,8.96e-05,43415050.67
1.12e-05,0.000132012,2.666667e-06,3.84e-05,12725609.72
1.12e-05,0.000132012,2.666667e-06,4.27e-05,14209209.47
1.12e-05,0.000132012,2.666667e-06,4.69e-05,15461767.88
1.12e-05,0.000132012,2.666667e-06,5.12e-05,17424361.91
1.12e-05,0.000132012,2.666667e-06,5.55e-05,19592777.43
1.12e-05,0.000132012,2.666667e-06,5.97e-05,21526289.27
1.12e-05,0.000132012,2.666667e-06,6.4e-05,23262011.09
1.12e-05,0.000132012,2.666667e-06,6.83e-05,25959288.41
1.12e-05,0.000132012,2.666667e-06,7.25e-05,29295126.55
1.12e-05,0.000132012,2.666667e-06,7.68e-05,32362432.58
1.12e-05,0.000132012,2.666667e-06,8.11e-05,35196461.3
1.12e-05,0.000132012,2.666667e-06,8.53e-05,39354449.19
1.12e-05,0.000132012,2.666667e-06,8.96e-05,44190465.19
1.12e-05,0.000132012,2.933333e-06,3.84e-05,12439785.03
1.12e-05,0.000132012,2.933333e-06,4.27e-05,14014477.96
1.12e-05,0.000132012,2.933333e-06,4.69e-05,15338830.2
1.12e-05,0.000132012,2.933333e-06,5.12e-05,17287187.47
1.12e-05,0.000132012,2.933333e-06,5.55e-05,19582813.93
1.12e-05,0.000132012,2.933333e-06,5.97e-05,21626196.85
1.12e-05,0.000132012,2.933333e-06,6.4e-05,23457325.87
1.12e-05,0.000132012,2.933333e-06,6.83e-05,26632737.63
1.12e-05,0.000132012,2.933333e-06,7.25e-05,30174016.2
1.12e-05,0.000132012,2.933333e-06,7.68e-05,33424956.63
1.12e-05,0.000132012,2.933333e-06,8.11e-05,36544528.91
1.12e-05,0.000132012,2.933333e-06,8.53e-05,42138307.54
1.12e-05,0.000132012,2.933333e-06,8.96e-05,47269132.62
1.12e-05,0.000132012,2.933333e-06,3.84e-05,12546347.58
1.12e-05,0.000132012,2.933333e-06,4.27e-05,14088324.94
1.12e-05,0.000132012,2.933333e-06,4.69e-05,15386282.26
1.12e-05,0.000132012,2.933333e-06,5.12e-05,17343612.64
1.12e-05,0.000132012,2.933333e-06,5.55e-05,19592962.94
1.12e-05,0.000132012,2.933333e-06,5.97e-05,21596352.36
1.12e-05,0.000132012,2.933333e-06,6.4e-05,23392657.51
1.12e-05,0.000132012,2.933333e-06,6.83e-05,26401544.92
1.12e-05,0.000132012,2.933333e-06,7.25e-05,29867903.18
1.12e-05,0.000132012,2.933333e-06,7.68e-05,33052097.27
1.12e-05,0.000132012,2.933333e-06,8.11e-05,35991486.0
1.12e-05,0.000132012,2.933333e-06,8.53e-05,41150375.31
1.12e-05,0.000132012,2.933333e-06,8.96e-05,46177294.78
1.12e-05,0.000132012,3.2e-06,3.84e-05,12603374.68
1.12e-05,0.000132012,3.2e-06,4.27e-05,14125279.36
1.12e-05,0.000132012,3.2e-06,4.69e-05,15410970.22
1.12e-05,0.000132012,3.2e-06,5.12e-05,17371489.97
1.12e-05,0.000132012,3.2e-06,5.55e-05,19595591.68
1.12e-05,0.000132012,3.2e-06,5.97e-05,21577158.01
1.12e-05,0.000132012,3.2e-06,6.4e-05,23354515.49
1.12e-05,0.000132012,3.2e-06,6.83e-05,26269185.12
1.12e-05,0.000132012,3.2e-06,7.25e-05,29694717.79
1.12e-05,0.000132012,3.2e-06,7.68e-05,32842422.41
1.12e-05,0.000132012,3.2e-06,8.11e-05,35748954.06
1.12e-05,0.000132012,3.2e-06,8.53e-05,40600054.64
1.12e-05,0.000132012,3.2e-06,8.96e-05,45550742.86
1.12e-05,0.000132012,3.2e-06,3.84e-05,12296574.47
1.12e-05,0.000132012,3.2e-06,4.27e-05,13914157.18
1.12e-05,0.000132012,3.2e-06,4.69e-05,15272929.78
1.12e-05,0.000132012,3.2e-06,5.12e-05,17203798.56
1.12e-05,0.000132012,3.2e-06,5.55e-05,19560916.38
1.12e-05,0.000132012,3.2e-06,5.97e-05,21656801.63
1.12e-05,0.000132012,3.2e-06,6.4e-05,23533903.33
1.12e-05,0.000132012,3.2e-06,6.83e-05,26918126.21
1.12e-05,0.000132012,3.2e-06,7.25e-05,30557874.78
1.12e-05,0.000132012,3.2e-06,7.68e-05,33895964.4
1.12e-05,0.000132012,3.2e-06,8.11e-05,37690897.26
1.12e-05,0.000132012,3.2e-06,8.53e-05,43435775.7
1.12e-05,0.000132012,3.2e-06,8.96e-05,48674988.28
1.12e-05,0.000132012,3.466667e-06,3.84e-05,12342272.55
1.12e-05,0.000132012,3.466667e-06,4.27e-05,13946273.57
1.12e-05,0.000132012,3.466667e-06,4.69e-05,15294184.9
1.12e-05,0.000132012,3.466667e-06,5.12e-05,17231295.89
1.12e-05,0.000132012,3.466667e-06,5.55e-05,19568754.35
1.12e-05,0.000132012,3.466667e-06,5.97e-05,21648016.31
1.12e-05,0.000132012,3.466667e-06,6.4e-05,23510526.92
1.12e-05,0.000132012,3.466667e-06,6.83e-05,26829659.11
1.12e-05,0.000132012,3.466667e-06,7.25e-05,30438222.77
1.12e-05,0.000132012,3.466667e-06,7.68e-05,33748793.34
1.12e-05,0.000132012,3.466667e-06,8.11e-05,37312341.19
1.12e-05,0.000132012,3.466667e-06,8.53e-05,43034248.06
1.12e-05,0.000132012,3.466667e-06,8.96e-05,48232583.65
1.12e-05,0.000132012,3.466667e-06,3.84e-05,4368852.773
1.12e-05,0.000132012,3.466667e-06,4.27e-05,4940406.028
1.12e-05,0.000132012,3.466667e-06,4.69e-05,5558629.011
1.12e-05,0.000132012,3.466667e-06,5.12e-05,6064619.186
1.12e-05,0.000132012,3.466667e-06,5.55e-05,6488569.114
1.12e-05,0.000132012,3.466667e-06,5.97e-05,6850278.016
1.12e-05,0.000132012,3.466667e-06,6.4e-05,7444584.749
1.12e-05,0.000132012,3.466667e-06,6.83e-05,8033086.017
1.12e-05,0.000132012,3.466667e-06,7.25e-05,8554185.326
1.12e-05,0.000132012,3.466667e-06,7.68e-05,9020033.597
1.12e-05,0.000132012,3.466667e-06,8.11e-05,9439794.423
1.12e-05,0.000132012,3.466667e-06,8.53e-05,9820568.601
1.12e-05,0.000132012,3.466667e-06,8.96e-05,10167966.01
1.12e-05,0.000132012,3.733333e-06,3.84e-05,4233613.47
1.12e-05,0.000132012,3.733333e-06,4.27e-05,4716609.619
1.12e-05,0.000132012,3.733333e-06,4.69e-05,5369351.754
1.12e-05,0.000132012,3.733333e-06,5.12e-05,5902852.934
1.12e-05,0.000132012,3.733333e-06,5.55e-05,6348798.649
1.12e-05,0.000132012,3.733333e-06,5.97e-05,6729690.941
1.12e-05,0.000132012,3.733333e-06,6.4e-05,7218439.476
1.12e-05,0.000132012,3.733333e-06,6.83e-05,7833934.792
1.12e-05,0.000132012,3.733333e-06,7.25e-05,8378439.712
1.12e-05,0.000132012,3.733333e-06,7.68e-05,8864806.345
1.12e-05,0.000132012,3.733333e-06,8.11e-05,9302672.161
1.12e-05,0.000132012,3.733333e-06,8.53e-05,9699533.782
1.12e-05,0.000132012,3.733333e-06,8.96e-05,10061314.01
1.12e-05,0.000132012,3.733333e-06,3.84e-05,4173059.894
1.12e-05,0.000132012,3.733333e-06,4.27e-05,4617292.617
1.12e-05,0.000132012,3.733333e-06,4.69e-05,5285130.699
1.12e-05,0.000132012,3.733333e-06,5.12e-05,5830655.901
1.12e-05,0.000132012,3.733333e-06,5.55e-05,6286564.47
1.12e-05,0.000132012,3.733333e-06,5.97e-05,6675539.983
1.12e-05,0.000132012,3.733333e-06,6.4e-05,7117081.576
1.12e-05,0.000132012,3.733333e-06,6.83e-05,7744350.277
1.12e-05,0.000132012,3.733333e-06,7.25e-05,8299070.725
1.12e-05,0.000132012,3.733333e-06,7.68e-05,8794420.642
1.12e-05,0.000132012,3.733333e-06,8.11e-05,9240221.127
1.12e-05,0.000132012,3.733333e-06,8.53e-05,9644140.192
1.12e-05,0.000132012,3.733333e-06,8.96e-05,10012236.23
1.12e-05,0.000132012,4.8e-06,3.84e-05,4063246.178
1.12e-05,0.000132012,4.8e-06,4.27e-05,4504017.761
1.12e-05,0.000132012,4.8e-06,4.69e-05,5133266.819
1.12e-05,0.000132012,4.8e-06,5.12e-05,5700193.995
1.12e-05,0.000132012,4.8e-06,5.55e-05,6173824.406
1.12e-05,0.000132012,4.8e-06,5.97e-05,6577265.282
1.12e-05,0.000132012,4.8e-06,6.4e-05,6933517.956
1.12e-05,0.000132012,4.8e-06,6.83e-05,7581691.441
1.12e-05,0.000132012,4.8e-06,7.25e-05,8154540.332
1.12e-05,0.000132012,4.8e-06,7.68e-05,8665905.97
1.12e-05,0.000132012,4.8e-06,8.11e-05,9125862.021
1.12e-05,0.000132012,4.8e-06,8.53e-05,9542380.07
1.12e-05,0.000132012,4.8e-06,8.96e-05,9921758.76
1.12e-05,0.000132012,4.8e-06,3.84e-05,3878365.755
1.12e-05,0.000132012,4.8e-06,4.27e-05,4352105.861
1.12e-05,0.000132012,4.8e-06,4.69e-05,4880232.487
1.12e-05,0.000132012,4.8e-06,5.12e-05,5482186.741
1.12e-05,0.000132012,4.8e-06,5.55e-05,5984750.653
1.12e-05,0.000132012,4.8e-06,5.97e-05,6412086.585
1.12e-05,0.000132012,4.8e-06,6.4e-05,6780652.012
1.12e-05,0.000132012,4.8e-06,6.83e-05,7308497.877
1.12e-05,0.000132012,4.8e-06,7.25e-05,7910634.567
1.12e-05,0.000132012,4.8e-06,7.68e-05,8448319.693
1.12e-05,0.000132012,4.8e-06,8.11e-05,8931552.625
1.12e-05,0.000132012,4.8e-06,8.53e-05,9368800.611
1.12e-05,0.000132012,4.8e-06,8.96e-05,9766756.192
1.12e-05,0.000132012,4.266667e-06,3.84e-05,3920959.653
1.12e-05,0.000132012,4.266667e-06,4.27e-05,4387194.273
1.12e-05,0.000132012,4.266667e-06,4.69e-05,4938226.871
1.12e-05,0.000132012,4.266667e-06,5.12e-05,5532210.305
1.12e-05,0.000132012,4.266667e-06,5.55e-05,6028199.684
1.12e-05,0.000132012,4.266667e-06,5.97e-05,6450076.568
1.12e-05,0.000132012,4.266667e-06,6.4e-05,6813992.771
1.12e-05,0.000132012,4.266667e-06,6.83e-05,7371278.693
1.12e-05,0.000132012,4.266667e-06,7.25e-05,7966820.834
1.12e-05,0.000132012,4.266667e-06,7.68e-05,8498500.919
1.12e-05,0.000132012,4.266667e-06,8.11e-05,8976422.31
1.12e-05,0.000132012,4.266667e-06,8.53e-05,9408939.675
1.12e-05,0.000132012,4.266667e-06,8.96e-05,9802655.435
1.12e-05,0.000132012,4.266667e-06,3.84e-05,4013147.939
1.12e-05,0.000132012,4.266667e-06,4.27e-05,4462752.375
1.12e-05,0.000132012,4.266667e-06,4.69e-05,5064367.708
1.12e-05,0.000132012,4.266667e-06,5.12e-05,5640901.883
1.12e-05,0.000132012,4.266667e-06,5.55e-05,6122478.074
1.12e-05,0.000132012,4.266667e-06,5.97e-05,6532446.778
1.12e-05,0.000132012,4.266667e-06,6.4e-05,6886206.27
1.12e-05,0.000132012,4.266667e-06,6.83e-05,7507518.352
1.12e-05,0.000132012,4.266667e-06,7.25e-05,8088465.092
1.12e-05,0.000132012,4.266667e-06,7.68e-05,8607033.52
1.12e-05,0.000132012,4.266667e-06,8.11e-05,9073358.572
1.12e-05,0.000132012,4.266667e-06,8.53e-05,9495547.903
1.12e-05,0.000132012,4.266667e-06,8.96e-05,9880007.839
1.12e-05,0.000132012,4.533333e-06,3.84e-05,3837825.324
1.12e-05,0.000132012,4.533333e-06,4.27e-05,4318686.778
1.12e-05,0.000132012,4.533333e-06,4.69e-05,4825206.371
1.12e-05,0.000132012,4.533333e-06,5.12e-05,5434698.784
1.12e-05,0.000132012,4.533333e-06,5.55e-05,5943473.904
1.12e-05,0.000132012,4.533333e-06,5.97e-05,6375981.14
1.12e-05,0.000132012,4.533333e-06,6.4e-05,6748947.712
1.12e-05,0.000132012,4.533333e-06,6.83e-05,7248873.283
1.12e-05,0.000132012,4.533333e-06,7.25e-05,7857183.379
1.12e-05,0.000132012,4.533333e-06,7.68e-05,8400561.273
1.12e-05,0.000132012,4.533333e-06,8.11e-05,8888827.221
1.12e-05,0.000132012,4.533333e-06,8.53e-05,9330557.078
1.12e-05,0.000132012,4.533333e-06,8.96e-05,9732529.254
1.12e-05,0.000132012,4.533333e-06,3.84e-05,3799162.638
1.12e-05,0.000132012,4.533333e-06,4.27e-05,4286798.274
1.12e-05,0.000132012,4.533333e-06,4.69e-05,4772887.345
1.12e-05,0.000132012,4.533333e-06,5.12e-05,5389528.698
1.12e-05,0.000132012,4.533333e-06,5.55e-05,5904187.669
1.12e-05,0.000132012,4.533333e-06,5.97e-05,6341604.229
1.12e-05,0.000132012,4.533333e-06,6.4e-05,6718747.245
1.12e-05,0.000132012,4.533333e-06,6.83e-05,7192147.349
1.12e-05,0.000132012,4.533333e-06,7.25e-05,7806238.635
1.12e-05,0.000132012,4.533333e-06,7.68e-05,8355028.681
1.12e-05,0.000132012,4.533333e-06,8.11e-05,8848078.942
1.12e-05,0.000132012,4.533333e-06,8.53e-05,9294066.82
1.12e-05,0.000132012,4.533333e-06,8.96e-05,9699854.376
1.12e-05,0.000132012,4e-06,3.84e-05,56492009.13
1.12e-05,0.000132012,4e-06,4.27e-05,71216470.57
1.12e-05,0.000132012,4e-06,4.69e-05,81311069.27
1.12e-05,0.000132012,4e-06,5.12e-05,91533998.21
1.12e-05,0.000132012,4e-06,5.55e-05,99816653.11
1.12e-05,0.000132012,4e-06,5.97e-05,106114688.7
1.12e-05,0.000132012,4e-06,6.4e-05,111058073.0
1.12e-05,0.000132012,4e-06,6.83e-05,114996468.6
1.12e-05,0.000132012,4e-06,7.25e-05,118136574.1
1.12e-05,0.000132012,4e-06,7.68e-05,120636003.6
1.12e-05,0.000132012,4e-06,8.11e-05,122627617.3
1.12e-05,0.000132012,4e-06,8.53e-05,124217536.1
1.12e-05,0.000132012,4e-06,8.96e-05,125486428.9
1.12e-05,0.000132012,4e-06,3.84e-05,58447199.08
1.12e-05,0.000132012,4e-06,4.27e-05,73125356.44
1.12e-05,0.000132012,4e-06,4.69e-05,83120794.83
1.12e-05,0.000132012,4e-06,5.12e-05,94254258.76
1.12e-05,0.000132012,4e-06,5.55e-05,102369802.1
1.12e-05,0.000132012,4e-06,5.97e-05,108533056.5
1.12e-05,0.000132012,4e-06,6.4e-05,113344844.6
1.12e-05,0.000132012,4e-06,6.83e-05,117156225.7
1.12e-05,0.000132012,4e-06,7.25e-05,120185223.0
1.12e-05,0.000132012,4e-06,7.68e-05,122593839.5
1.12e-05,0.000132012,4e-06,8.11e-05,124513336.6
1.12e-05,0.000132012,4e-06,8.53e-05,126198969.8
1.12e-05,0.000132012,4e-06,8.96e-05,128677520.7
1.12e-05,0.000132012,5.6e-06,3.84e-05,61756508.26
1.12e-05,0.000132012,5.6e-06,4.27e-05,76350592.16
1.12e-05,0.000132012,5.6e-06,4.69e-05,88008654.88
1.12e-05,0.000132012,5.6e-06,5.12e-05,98782299.52
1.12e-05,0.000132012,5.6e-06,5.55e-05,106632024.5
1.12e-05,0.000132012,5.6e-06,5.97e-05,112582777.8
1.12e-05,0.000132012,5.6e-06,6.4e-05,117186773.9
1.12e-05,0.000132012,5.6e-06,6.83e-05,120795890.9
1.12e-05,0.000132012,5.6e-06,7.25e-05,123646283.6
1.12e-05,0.000132012,5.6e-06,7.68e-05,125921327.5
1.12e-05,0.000132012,5.6e-06,8.11e-05,129393331.8
1.12e-05,0.000132012,5.6e-06,8.53e-05,132277972.0
1.12e-05,0.000132012,5.6e-06,8.96e-05,134662909.9
1.12e-05,0.000132012,5.6e-06,3.84e-05,63180016.47
1.12e-05,0.000132012,5.6e-06,4.27e-05,77734958.61
1.12e-05,0.000132012,5.6e-06,4.69e-05,90089481.13
1.12e-05,0.000132012,5.6e-06,5.12e-05,100700319.3
1.12e-05,0.000132012,5.6e-06,5.55e-05,108442331.4
1.12e-05,0.000132012,5.6e-06,5.97e-05,114307733.2
1.12e-05,0.000132012,5.6e-06,6.4e-05,118828177.6
1.12e-05,0.000132012,5.6e-06,6.83e-05,122355306.4
1.12e-05,0.000132012,5.6e-06,7.25e-05,125132633.1
1.12e-05,0.000132012,5.6e-06,7.68e-05,128594753.1
1.12e-05,0.000132012,5.6e-06,8.11e-05,132005173.9
1.12e-05,0.000132012,5.6e-06,8.53e-05,134840406.5
1.12e-05,0.000132012,5.6e-06,8.96e-05,137186400.7
1.12e-05,0.000132012,5.066667e-06,3.84e-05,65680947.71
1.12e-05,0.000132012,5.066667e-06,4.27e-05,80161826.94
1.12e-05,0.000132012,5.066667e-06,4.69e-05,93691850.76
1.12e-05,0.000132012,5.066667e-06,5.12e-05,104027061.3
1.12e-05,0.000132012,5.066667e-06,5.55e-05,111589506.7
1.12e-05,0.000132012,5.066667e-06,5.97e-05,117313747.7
1.12e-05,0.000132012,5.066667e-06,6.4e-05,121695912.9
1.12e-05,0.000132012,5.066667e-06,6.83e-05,125086397.9
1.12e-05,0.000132012,5.066667e-06,7.25e-05,129242049.4
1.12e-05,0.000132012,5.066667e-06,7.68e-05,133208616.1
1.12e-05,0.000132012,5.066667e-06,8.11e-05,136514425.6
1.12e-05,0.000132012,5.066667e-06,8.53e-05,139265483.6
1.12e-05,0.000132012,5.066667e-06,8.96e-05,141544918.7
1.12e-05,0.000132012,5.066667e-06,3.84e-05,66790518.64
1.12e-05,0.000132012,5.066667e-06,4.27e-05,81236225.62
1.12e-05,0.000132012,5.066667e-06,4.69e-05,95268587.11
1.12e-05,0.000132012,5.066667e-06,5.12e-05,105485812.5
1.12e-05,0.000132012,5.066667e-06,5.55e-05,112972525.9
1.12e-05,0.000132012,5.066667e-06,5.97e-05,118637703.2
1.12e-05,0.000132012,5.066667e-06,6.4e-05,122961979.6
1.12e-05,0.000132012,5.066667e-06,6.83e-05,126600864.7
1.12e-05,0.000132012,5.066667e-06,7.25e-05,131310357.5
1.12e-05,0.000132012,5.066667e-06,7.68e-05,135222031.6
1.12e-05,0.000132012,5.066667e-06,8.11e-05,138482853.5
1.12e-05,0.000132012,5.066667e-06,8.53e-05,141197609.3
1.12e-05,0.000132012,5.066667e-06,8.96e-05,143448249.5
1.12e-05,0.000132012,5.333333e-06,3.84e-05,70567181.12
1.12e-05,0.000132012,5.333333e-06,4.27e-05,85865928.26
1.12e-05,0.000132012,5.333333e-06,4.69e-05,100501894.0
1.12e-05,0.000132012,5.333333e-06,5.12e-05,110340276.2
1.12e-05,0.000132012,5.333333e-06,5.55e-05,117588822.6
1.12e-05,0.000132012,5.333333e-06,5.97e-05,123070396.7
1.12e-05,0.000132012,5.333333e-06,6.4e-05,128138297.7
1.12e-05,0.000132012,5.333333e-06,6.83e-05,133644599.2
1.12e-05,0.000132012,5.333333e-06,7.25e-05,138141996.9
1.12e-05,0.000132012,5.333333e-06,7.68e-05,141876418.0
1.12e-05,0.000132012,5.333333e-06,8.11e-05,144991408.9
1.12e-05,0.000132012,5.333333e-06,8.53e-05,147588014.3
1.12e-05,0.000132012,5.333333e-06,8.96e-05,149744515.3
1.12e-05,0.000132012,5.333333e-06,3.84e-05,68786140.07
1.12e-05,0.000132012,5.333333e-06,4.27e-05,83165007.81
1.12e-05,0.000132012,5.333333e-06,4.69e-05,98072163.2
1.12e-05,0.000132012,5.333333e-06,5.12e-05,108083898.6
1.12e-05,0.000132012,5.333333e-06,5.55e-05,115440443.2
1.12e-05,0.000132012,5.333333e-06,5.97e-05,121004839.8
1.12e-05,0.000132012,5.333333e-06,6.4e-05,125230302.8
1.12e-05,0.000132012,5.333333e-06,6.83e-05,130382096.4
1.12e-05,0.000132012,5.333333e-06,7.25e-05,134976697.4
1.12e-05,0.000132012,5.333333e-06,7.68e-05,138792471.2
1.12e-05,0.000132012,5.333333e-06,8.11e-05,141974503.4
1.12e-05,0.000132012,5.333333e-06,8.53e-05,144625518.7
1.12e-05,0.000132012,5.333333e-06,8.96e-05,146825456.2
1.12e-05,0.0003889991,2.4e-06,3.84e-05,12772633.85
1.12e-05,0.0003889991,2.4e-06,4.27e-05,14177921.93
1.12e-05,0.0003889991,2.4e-06,4.69e-05,15365117.06
1.12e-05,0.0003889991,2.4e-06,5.12e-05,17073835.97
1.12e-05,0.0003889991,2.4e-06,5.55e-05,19125964.38
1.12e-05,0.0003889991,2.4e-06,5.97e-05,20958161.59
1.12e-05,0.0003889991,2.4e-06,6.4e-05,22609191.51
1.12e-05,0.0003889991,2.4e-06,6.83e-05,24259570.32
1.12e-05,0.0003889991,2.4e-06,7.25e-05,27405154.66
1.12e-05,0.0003889991,2.4e-06,7.68e-05,30301540.71
1.12e-05,0.0003889991,2.4e-06,8.11e-05,32981546.8
1.12e-05,0.0003889991,2.4e-06,8.53e-05,35470697.49
1.12e-05,0.0003889991,2.4e-06,8.96e-05,39265211.05
1.12e-05,0.0003889991,2.4e-06,3.84e-05,12693999.13
1.12e-05,0.0003889991,2.4e-06,4.27e-05,14128898.52
1.12e-05,0.0003889991,2.4e-06,4.69e-05,15339302.99
1.12e-05,0.0003889991,2.4e-06,5.12e-05,17060479.84
1.12e-05,0.0003889991,2.4e-06,5.55e-05,19152808.51
1.12e-05,0.0003889991,2.4e-06,5.97e-05,21019658.26
1.12e-05,0.0003889991,2.4e-06,6.4e-05,22701145.03
1.12e-05,0.0003889991,2.4e-06,6.83e-05,24533556.38
1.12e-05,0.0003889991,2.4e-06,7.25e-05,27742634.69
1.12e-05,0.0003889991,2.4e-06,7.68e-05,30696416.82
1.12e-05,0.0003889991,2.4e-06,8.11e-05,33428561.85
1.12e-05,0.0003889991,2.4e-06,8.53e-05,35964329.98
1.12e-05,0.0003889991,2.4e-06,8.96e-05,40333306.42
1.12e-05,0.0003889991,2.666667e-06,3.84e-05,12549120.34
1.12e-05,0.0003889991,2.666667e-06,4.27e-05,14032795.16
1.12e-05,0.0003889991,2.666667e-06,4.69e-05,15283903.71
1.12e-05,0.0003889991,2.666667e-06,5.12e-05,17014059.72
1.12e-05,0.0003889991,2.666667e-06,5.55e-05,19177120.29
1.12e-05,0.0003889991,2.666667e-06,5.97e-05,21104988.44
1.12e-05,0.0003889991,2.666667e-06,6.4e-05,22840145.04
1.12e-05,0.0003889991,2.666667e-06,6.83e-05,24966598.63
1.12e-05,0.0003889991,2.666667e-06,7.25e-05,28288206.63
1.12e-05,0.0003889991,2.666667e-06,7.68e-05,31343500.62
1.12e-05,0.0003889991,2.666667e-06,8.11e-05,34167687.41
1.12e-05,0.0003889991,2.666667e-06,8.53e-05,37269944.88
1.12e-05,0.0003889991,2.666667e-06,8.96e-05,42120590.24
1.12e-05,0.0003889991,2.666667e-06,3.84e-05,12480591.14
1.12e-05,0.0003889991,2.666667e-06,4.27e-05,13986579.76
1.12e-05,0.0003889991,2.666667e-06,4.69e-05,15255640.01
1.12e-05,0.0003889991,2.666667e-06,5.12e-05,16985305.93
1.12e-05,0.0003889991,2.666667e-06,5.55e-05,19179813.48
1.12e-05,0.0003889991,2.666667e-06,5.97e-05,21134842.62
1.12e-05,0.0003889991,2.666667e-06,6.4e-05,22893881.98
1.12e-05,0.0003889991,2.666667e-06,6.83e-05,25141776.08
1.12e-05,0.0003889991,2.666667e-06,7.25e-05,28513670.21
1.12e-05,0.0003889991,2.666667e-06,7.68e-05,31614217.21
1.12e-05,0.0003889991,2.666667e-06,8.11e-05,34479415.66
1.12e-05,0.0003889991,2.666667e-06,8.53e-05,37972059.98
1.12e-05,0.0003889991,2.666667e-06,8.96e-05,42905042.31
1.12e-05,0.0003889991,2.933333e-06,3.84e-05,12181838.72
1.12e-05,0.0003889991,2.933333e-06,4.27e-05,13778262.85
1.12e-05,0.0003889991,2.933333e-06,4.69e-05,15123163.42
1.12e-05,0.0003889991,2.933333e-06,5.12e-05,16825304.87
1.12e-05,0.0003889991,2.933333e-06,5.55e-05,19147354.02
1.12e-05,0.0003889991,2.933333e-06,5.97e-05,21217457.64
1.12e-05,0.0003889991,2.933333e-06,6.4e-05,23074839.68
1.12e-05,0.0003889991,2.933333e-06,6.83e-05,25776293.47
1.12e-05,0.0003889991,2.933333e-06,7.25e-05,29355399.9
1.12e-05,0.0003889991,2.933333e-06,7.68e-05,32641674.84
1.12e-05,0.0003889991,2.933333e-06,8.11e-05,35693378.31
1.12e-05,0.0003889991,2.933333e-06,8.53e-05,40740297.69
1.12e-05,0.0003889991,2.933333e-06,8.96e-05,45928807.72
1.12e-05,0.0003889991,2.933333e-06,3.84e-05,12293129.06
1.12e-05,0.0003889991,2.933333e-06,4.27e-05,13857031.14
1.12e-05,0.0003889991,2.933333e-06,4.69e-05,15171867.33
1.12e-05,0.0003889991,2.933333e-06,5.12e-05,16887813.45
1.12e-05,0.0003889991,2.933333e-06,5.55e-05,19163560.66
1.12e-05,0.0003889991,2.933333e-06,5.97e-05,21193896.47
1.12e-05,0.0003889991,2.933333e-06,6.4e-05,23015527.23
1.12e-05,0.0003889991,2.933333e-06,6.83e-05,25559534.56
1.12e-05,0.0003889991,2.933333e-06,7.25e-05,29063403.55
1.12e-05,0.0003889991,2.933333e-06,7.68e-05,32282391.57
1.12e-05,0.0003889991,2.933333e-06,8.11e-05,35254980.43
1.12e-05,0.0003889991,2.933333e-06,8.53e-05,39762810.98
1.12e-05,0.0003889991,2.933333e-06,8.96e-05,44851210.77
1.12e-05,0.0003889991,3.2e-06,3.84e-05,12352728.18
1.12e-05,0.0003889991,3.2e-06,4.27e-05,13898664.4
1.12e-05,0.0003889991,3.2e-06,4.69e-05,15199505.72
1.12e-05,0.0003889991,3.2e-06,5.12e-05,16918437.66
1.12e-05,0.0003889991,3.2e-06,5.55e-05,19169451.19
1.12e-05,0.0003889991,3.2e-06,5.97e-05,21178139.11
1.12e-05,0.0003889991,3.2e-06,6.4e-05,22980238.11
1.12e-05,0.0003889991,3.2e-06,6.83e-05,25434916.9
1.12e-05,0.0003889991,3.2e-06,7.25e-05,28897608.04
1.12e-05,0.0003889991,3.2e-06,7.68e-05,32079692.01
1.12e-05,0.0003889991,3.2e-06,8.11e-05,35018802.26
1.12e-05,0.0003889991,3.2e-06,8.53e-05,39197675.25
1.12e-05,0.0003889991,3.2e-06,8.96e-05,44253131.93
1.12e-05,0.0003889991,3.2e-06,3.84e-05,12032435.71
1.12e-05,0.0003889991,3.2e-06,4.27e-05,13673943.46
1.12e-05,0.0003889991,3.2e-06,4.69e-05,15052682.72
1.12e-05,0.0003889991,3.2e-06,5.12e-05,16733109.05
1.12e-05,0.0003889991,3.2e-06,5.55e-05,19117224.84
1.12e-05,0.0003889991,3.2e-06,5.97e-05,21239853.31
1.12e-05,0.0003889991,3.2e-06,6.4e-05,23144088.89
1.12e-05,0.0003889991,3.2e-06,6.83e-05,26042203.11
1.12e-05,0.0003889991,3.2e-06,7.25e-05,29719308.73
1.12e-05,0.0003889991,3.2e-06,7.68e-05,33115121.34
1.12e-05,0.0003889991,3.2e-06,8.11e-05,36235975.1
1.12e-05,0.0003889991,3.2e-06,8.53e-05,41994349.87
1.12e-05,0.0003889991,3.2e-06,8.96e-05,47315657.47
1.12e-05,0.0003889991,3.466667e-06,3.84e-05,12080087.99
1.12e-05,0.0003889991,3.466667e-06,4.27e-05,13705060.95
1.12e-05,0.0003889991,3.466667e-06,4.69e-05,15075367.67
1.12e-05,0.0003889991,3.466667e-06,5.12e-05,16763346.15
1.12e-05,0.0003889991,3.466667e-06,5.55e-05,19127711.48
1.12e-05,0.0003889991,3.466667e-06,5.97e-05,21233662.5
1.12e-05,0.0003889991,3.466667e-06,6.4e-05,23123071.85
1.12e-05,0.0003889991,3.466667e-06,6.83e-05,25959972.1
1.12e-05,0.0003889991,3.466667e-06,7.25e-05,29606172.17
1.12e-05,0.0003889991,3.466667e-06,7.68e-05,32971212.76
1.12e-05,0.0003889991,3.466667e-06,8.11e-05,36065979.26
1.12e-05,0.0003889991,3.466667e-06,8.53e-05,41600185.9
1.12e-05,0.0003889991,3.466667e-06,8.96e-05,46879302.43
1.12e-05,0.0003889991,3.466667e-06,3.84e-05,4298576.738
1.12e-05,0.0003889991,3.466667e-06,4.27e-05,4813960.527
1.12e-05,0.0003889991,3.466667e-06,4.69e-05,5445145.962
1.12e-05,0.0003889991,3.466667e-06,5.12e-05,5961230.578
1.12e-05,0.0003889991,3.466667e-06,5.55e-05,6393476.627
1.12e-05,0.0003889991,3.466667e-06,5.97e-05,6761648.604
1.12e-05,0.0003889991,3.466667e-06,6.4e-05,7267658.04
1.12e-05,0.0003889991,3.466667e-06,6.83e-05,7867226.151
1.12e-05,0.0003889991,3.466667e-06,7.25e-05,8397828.55
1.12e-05,0.0003889991,3.466667e-06,7.68e-05,8871926.832
1.12e-05,0.0003889991,3.466667e-06,8.11e-05,9298941.568
1.12e-05,0.0003889991,3.466667e-06,8.53e-05,9686156.85
1.12e-05,0.0003889991,3.466667e-06,8.96e-05,10039322.34
1.12e-05,0.0003889991,3.733333e-06,3.84e-05,4160363.536
1.12e-05,0.0003889991,3.733333e-06,4.27e-05,4585351.981
1.12e-05,0.0003889991,3.733333e-06,4.69e-05,5251463.152
1.12e-05,0.0003889991,3.733333e-06,5.12e-05,5795489.565
1.12e-05,0.0003889991,3.733333e-06,5.55e-05,6250485.059
1.12e-05,0.0003889991,3.733333e-06,5.97e-05,6638029.819
1.12e-05,0.0003889991,3.733333e-06,6.4e-05,7035115.817
1.12e-05,0.0003889991,3.733333e-06,6.83e-05,7662100.719
1.12e-05,0.0003889991,3.733333e-06,7.25e-05,8216529.081
1.12e-05,0.0003889991,3.733333e-06,7.68e-05,8711491.605
1.12e-05,0.0003889991,3.733333e-06,8.11e-05,9156924.608
1.12e-05,0.0003889991,3.733333e-06,8.53e-05,9560512.765
1.12e-05,0.0003889991,3.733333e-06,8.96e-05,9928322.48
1.12e-05,0.0003889991,3.733333e-06,3.84e-05,4098456.556
1.12e-05,0.0003889991,3.733333e-06,4.27e-05,4527352.833
1.12e-05,0.0003889991,3.733333e-06,4.69e-05,5165274.013
1.12e-05,0.0003889991,3.733333e-06,5.12e-05,5721507.338
1.12e-05,0.0003889991,3.733333e-06,5.55e-05,6186475.671
1.12e-05,0.0003889991,3.733333e-06,5.97e-05,6582343.708
1.12e-05,0.0003889991,3.733333e-06,6.4e-05,6930894.335
1.12e-05,0.0003889991,3.733333e-06,6.83e-05,7569831.24
1.12e-05,0.0003889991,3.733333e-06,7.25e-05,8134681.928
1.12e-05,0.0003889991,3.733333e-06,7.68e-05,8638780.815
1.12e-05,0.0003889991,3.733333e-06,8.11e-05,9092287.282
1.12e-05,0.0003889991,3.733333e-06,8.53e-05,9503059.45
1.12e-05,0.0003889991,3.733333e-06,8.96e-05,9877300.977
1.12e-05,0.0003889991,4.8e-06,3.84e-05,3986198.679
1.12e-05,0.0003889991,4.8e-06,4.27e-05,4435087.457
1.12e-05,0.0003889991,4.8e-06,4.69e-05,5009848.647
1.12e-05,0.0003889991,4.8e-06,5.12e-05,5587802.326
1.12e-05,0.0003889991,4.8e-06,5.55e-05,6070561.302
1.12e-05,0.0003889991,4.8e-06,5.97e-05,6481286.401
1.12e-05,0.0003889991,4.8e-06,6.4e-05,6835713.165
1.12e-05,0.0003889991,4.8e-06,6.83e-05,7402261.922
1.12e-05,0.0003889991,4.8e-06,7.25e-05,7985681.032
1.12e-05,0.0003889991,4.8e-06,7.68e-05,8506068.46
1.12e-05,0.0003889991,4.8e-06,8.11e-05,8973978.353
1.12e-05,0.0003889991,4.8e-06,8.53e-05,9397575.936
1.12e-05,0.0003889991,4.8e-06,8.96e-05,9783307.945
1.12e-05,0.0003889991,4.8e-06,3.84e-05,3797232.465
1.12e-05,0.0003889991,4.8e-06,4.27e-05,4279078.606
1.12e-05,0.0003889991,4.8e-06,4.69e-05,4750851.256
1.12e-05,0.0003889991,4.8e-06,5.12e-05,5364334.87
1.12e-05,0.0003889991,4.8e-06,5.55e-05,5876288.822
1.12e-05,0.0003889991,4.8e-06,5.97e-05,6311430.719
1.12e-05,0.0003889991,4.8e-06,6.4e-05,6686548.275
1.12e-05,0.0003889991,4.8e-06,6.83e-05,7120476.925
1.12e-05,0.0003889991,4.8e-06,7.25e-05,7734375.306
1.12e-05,0.0003889991,4.8e-06,7.68e-05,8281517.909
1.12e-05,0.0003889991,4.8e-06,8.11e-05,8773101.147
1.12e-05,0.0003889991,4.8e-06,8.53e-05,9217793.184
1.12e-05,0.0003889991,4.8e-06,8.96e-05,9622438.637
1.12e-05,0.0003889991,4.266667e-06,3.84e-05,3840764.136
1.12e-05,0.0003889991,4.266667e-06,4.27e-05,4315100.274
1.12e-05,0.0003889991,4.266667e-06,4.69e-05,4810213.727
1.12e-05,0.0003889991,4.266667e-06,5.12e-05,5415615.53
1.12e-05,0.0003889991,4.266667e-06,5.55e-05,5920920.457
1.12e-05,0.0003889991,4.266667e-06,5.97e-05,6350497.022
1.12e-05,0.0003889991,4.266667e-06,6.4e-05,6720896.65
1.12e-05,0.0003889991,4.266667e-06,6.83e-05,7185299.398
1.12e-05,0.0003889991,4.266667e-06,7.25e-05,7792246.252
1.12e-05,0.0003889991,4.266667e-06,7.68e-05,8333286.791
1.12e-05,0.0003889991,4.266667e-06,8.11e-05,8819470.528
1.12e-05,0.0003889991,4.266667e-06,8.53e-05,9259350.688
1.12e-05,0.0003889991,4.266667e-06,8.96e-05,9659680.964
1.12e-05,0.0003889991,4.266667e-06,3.84e-05,3934989.566
1.12e-05,0.0003889991,4.266667e-06,4.27e-05,4392897.753
1.12e-05,0.0003889991,4.266667e-06,4.69e-05,4939328.513
1.12e-05,0.0003889991,4.266667e-06,5.12e-05,5527029.939
1.12e-05,0.0003889991,4.266667e-06,5.55e-05,6017788.683
1.12e-05,0.0003889991,4.266667e-06,5.97e-05,6435199.348
1.12e-05,0.0003889991,4.266667e-06,6.4e-05,6795289.189
1.12e-05,0.0003889991,4.266667e-06,6.83e-05,7325816.195
1.12e-05,0.0003889991,4.266667e-06,7.25e-05,7917580.996
1.12e-05,0.0003889991,4.266667e-06,7.68e-05,8445292.708
1.12e-05,0.0003889991,4.266667e-06,8.11e-05,8919682.294
1.12e-05,0.0003889991,4.266667e-06,8.53e-05,9349052.554
1.12e-05,0.0003889991,4.266667e-06,8.96e-05,9739959.1
1.12e-05,0.0003889991,4.533333e-06,3.84e-05,3755802.702
1.12e-05,0.0003889991,4.533333e-06,4.27e-05,4244743.454
1.12e-05,0.0003889991,4.533333e-06,4.69e-05,4694528.532
1.12e-05,0.0003889991,4.533333e-06,5.12e-05,5315651.163
1.12e-05,0.0003889991,4.533333e-06,5.55e-05,5833893.621
1.12e-05,0.0003889991,4.533333e-06,5.97e-05,6274301.676
1.12e-05,0.0003889991,4.533333e-06,6.4e-05,6653884.465
1.12e-05,0.0003889991,4.533333e-06,6.83e-05,7058852.243
1.12e-05,0.0003889991,4.533333e-06,7.25e-05,7679338.628
1.12e-05,0.0003889991,4.533333e-06,7.68e-05,8232261.748
1.12e-05,0.0003889991,4.533333e-06,8.11e-05,8728958.987
1.12e-05,0.0003889991,4.533333e-06,8.53e-05,9178208.105
1.12e-05,0.0003889991,4.533333e-06,8.96e-05,9586940.16
1.12e-05,0.0003889991,4.533333e-06,3.84e-05,3716295.585
1.12e-05,0.0003889991,4.533333e-06,4.27e-05,4212369.734
1.12e-05,0.0003889991,4.533333e-06,4.69e-05,4640979.974
1.12e-05,0.0003889991,4.533333e-06,5.12e-05,5269341.445
1.12e-05,0.0003889991,4.533333e-06,5.55e-05,5793546.102
1.12e-05,0.0003889991,4.533333e-06,5.97e-05,6238949.394
1.12e-05,0.0003889991,4.533333e-06,6.4e-05,6622768.574
1.12e-05,0.0003889991,4.533333e-06,6.83e-05,7001626.299
1.12e-05,0.0003889991,4.533333e-06,7.25e-05,7626900.298
1.12e-05,0.0003889991,4.533333e-06,7.68e-05,8185316.931
1.12e-05,0.0003889991,4.533333e-06,8.11e-05,8686871.296
1.12e-05,0.0003889991,4.533333e-06,8.53e-05,9140447.841
1.12e-05,0.0003889991,4.533333e-06,8.96e-05,9553060.16
1.12e-05,0.0003889991,4e-06,3.84e-05,54716259.2
1.12e-05,0.0003889991,4e-06,4.27e-05,69532954.11
1.12e-05,0.0003889991,4e-06,4.69e-05,79821322.93
1.12e-05,0.0003889991,4e-06,5.12e-05,89324088.6
1.12e-05,0.0003889991,4e-06,5.55e-05,97775503.54
1.12e-05,0.0003889991,4e-06,5.97e-05,104219959.5
1.12e-05,0.0003889991,4e-06,6.4e-05,109308109.2
1.12e-05,0.0003889991,4e-06,6.83e-05,113385326.5
1.12e-05,0.0003889991,4e-06,7.25e-05,116648592.4
1.12e-05,0.0003889991,4e-06,7.68e-05,119251594.0
1.12e-05,0.0003889991,4e-06,8.11e-05,121328416.9
1.12e-05,0.0003889991,4e-06,8.53e-05,122988183.6
1.12e-05,0.0003889991,4e-06,8.96e-05,124314580.8
1.12e-05,0.0003889991,4e-06,3.84e-05,56496351.16
1.12e-05,0.0003889991,4e-06,4.27e-05,71461491.48
1.12e-05,0.0003889991,4e-06,4.69e-05,81642140.11
1.12e-05,0.0003889991,4e-06,5.12e-05,92074540.69
1.12e-05,0.0003889991,4e-06,5.55e-05,100355096.8
1.12e-05,0.0003889991,4e-06,5.97e-05,106662048.5
1.12e-05,0.0003889991,4e-06,6.4e-05,111615955.2
1.12e-05,0.0003889991,4e-06,6.83e-05,115563498.0
1.12e-05,0.0003889991,4e-06,7.25e-05,118713318.8
1.12e-05,0.0003889991,4e-06,7.68e-05,121223672.3
1.12e-05,0.0003889991,4e-06,8.11e-05,123227008.1
1.12e-05,0.0003889991,4e-06,8.53e-05,124828985.1
1.12e-05,0.0003889991,4e-06,8.96e-05,126331518.8
1.12e-05,0.0003889991,5.6e-06,3.84e-05,59817252.01
1.12e-05,0.0003889991,5.6e-06,4.27e-05,74706102.22
1.12e-05,0.0003889991,5.6e-06,4.69e-05,85658217.99
1.12e-05,0.0003889991,5.6e-06,5.12e-05,96651694.52
1.12e-05,0.0003889991,5.6e-06,5.55e-05,104660276.5
1.12e-05,0.0003889991,5.6e-06,5.97e-05,110750290.8
1.12e-05,0.0003889991,5.6e-06,6.4e-05,115492096.4
1.12e-05,0.0003889991,5.6e-06,6.83e-05,119233030.3
1.12e-05,0.0003889991,5.6e-06,7.25e-05,122200410.7
1.12e-05,0.0003889991,5.6e-06,7.68e-05,124560631.9
1.12e-05,0.0003889991,5.6e-06,8.11e-05,126953980.7
1.12e-05,0.0003889991,5.6e-06,8.53e-05,129924108.2
1.12e-05,0.0003889991,5.6e-06,8.96e-05,132382027.6
1.12e-05,0.0003889991,5.6e-06,3.84e-05,61245769.52
1.12e-05,0.0003889991,5.6e-06,4.27e-05,76098659.53
1.12e-05,0.0003889991,5.6e-06,4.69e-05,87762927.33
1.12e-05,0.0003889991,5.6e-06,5.12e-05,98590070.0
1.12e-05,0.0003889991,5.6e-06,5.55e-05,106488367.1
1.12e-05,0.0003889991,5.6e-06,5.97e-05,112491187.2
1.12e-05,0.0003889991,5.6e-06,6.4e-05,117147653.9
1.12e-05,0.0003889991,5.6e-06,6.83e-05,120804792.8
1.12e-05,0.0003889991,5.6e-06,7.25e-05,123697504.6
1.12e-05,0.0003889991,5.6e-06,7.68e-05,126085960.9
1.12e-05,0.0003889991,5.6e-06,8.11e-05,129595069.1
1.12e-05,0.0003889991,5.6e-06,8.53e-05,132514626.9
1.12e-05,0.0003889991,5.6e-06,8.96e-05,134932681.1
1.12e-05,0.0003889991,5.066667e-06,3.84e-05,63756067.8
1.12e-05,0.0003889991,5.066667e-06,4.27e-05,78539781.14
1.12e-05,0.0003889991,5.066667e-06,4.69e-05,91406091.76
1.12e-05,0.0003889991,5.066667e-06,5.12e-05,101951466.7
1.12e-05,0.0003889991,5.066667e-06,5.55e-05,109665788.8
1.12e-05,0.0003889991,5.066667e-06,5.97e-05,115524303.5
1.12e-05,0.0003889991,5.066667e-06,6.4e-05,120039447.0
1.12e-05,0.0003889991,5.066667e-06,6.83e-05,123556859.6
1.12e-05,0.0003889991,5.066667e-06,7.25e-05,126673444.6
1.12e-05,0.0003889991,5.066667e-06,7.68e-05,130752376.9
1.12e-05,0.0003889991,5.066667e-06,8.11e-05,134154390.2
1.12e-05,0.0003889991,5.066667e-06,8.53e-05,136987778.5
1.12e-05,0.0003889991,5.066667e-06,8.96e-05,139337687.9
1.12e-05,0.0003889991,5.066667e-06,3.84e-05,64870240.33
1.12e-05,0.0003889991,5.066667e-06,4.27e-05,79620473.5
1.12e-05,0.0003889991,5.066667e-06,4.69e-05,93000459.09
1.12e-05,0.0003889991,5.066667e-06,5.12e-05,103425148.4
1.12e-05,0.0003889991,5.066667e-06,5.55e-05,111061827.4
1.12e-05,0.0003889991,5.066667e-06,5.97e-05,116859920.0
1.12e-05,0.0003889991,5.066667e-06,6.4e-05,121315863.0
1.12e-05,0.0003889991,5.066667e-06,6.83e-05,124774349.6
1.12e-05,0.0003889991,5.066667e-06,7.25e-05,128765826.7
1.12e-05,0.0003889991,5.066667e-06,7.68e-05,132788553.4
1.12e-05,0.0003889991,5.066667e-06,8.11e-05,136144503.1
1.12e-05,0.0003889991,5.066667e-06,8.53e-05,138940722.6
1.12e-05,0.0003889991,5.066667e-06,8.96e-05,141261146.3
1.12e-05,0.0003889991,5.333333e-06,3.84e-05,68638149.58
1.12e-05,0.0003889991,5.333333e-06,4.27e-05,83312377.74
1.12e-05,0.0003889991,5.333333e-06,4.69e-05,98291278.18
1.12e-05,0.0003889991,5.333333e-06,5.12e-05,108328109.4
1.12e-05,0.0003889991,5.333333e-06,5.55e-05,115720362.2
1.12e-05,0.0003889991,5.333333e-06,5.97e-05,121330422.6
1.12e-05,0.0003889991,5.333333e-06,6.4e-05,125602052.0
1.12e-05,0.0003889991,5.333333e-06,6.83e-05,131053995.1
1.12e-05,0.0003889991,5.333333e-06,7.25e-05,135676210.4
1.12e-05,0.0003889991,5.333333e-06,7.68e-05,139517402.5
1.12e-05,0.0003889991,5.333333e-06,8.11e-05,142723997.0
1.12e-05,0.0003889991,5.333333e-06,8.53e-05,145399215.7
1.12e-05,0.0003889991,5.333333e-06,8.96e-05,147623219.1
1.12e-05,0.0003889991,5.333333e-06,3.84e-05,66875286.94
1.12e-05,0.0003889991,5.333333e-06,4.27e-05,81560584.2
1.12e-05,0.0003889991,5.333333e-06,4.69e-05,95835039.78
1.12e-05,0.0003889991,5.333333e-06,5.12e-05,106049418.9
1.12e-05,0.0003889991,5.333333e-06,5.55e-05,113552559.5
1.12e-05,0.0003889991,5.333333e-06,5.97e-05,119247483.6
1.12e-05,0.0003889991,5.333333e-06,6.4e-05,123602312.9
1.12e-05,0.0003889991,5.333333e-06,6.83e-05,127752826.9
1.12e-05,0.0003889991,5.333333e-06,7.25e-05,132474574.9
1.12e-05,0.0003889991,5.333333e-06,7.68e-05,136399093.0
1.12e-05,0.0003889991,5.333333e-06,8.11e-05,139674356.2
1.12e-05,0.0003889991,5.333333e-06,8.53e-05,142405303.5
1.12e-05,0.0003889991,5.333333e-06,8.96e-05,144673800.6
1.12e-05,4.48e-05,2.4e-06,3.84e-05,12892318.25
1.12e-05,4.48e-05,2.4e-06,4.27e-05,14287911.32
1.12e-05,4.48e-05,2.4e-06,4.69e-05,15466765.72
1.12e-05,4.48e-05,2.4e-06,5.12e-05,17290094.59
1.12e-05,4.48e-05,2.4e-06,5.55e-05,19327806.93
1.12e-05,4.48e-05,2.4e-06,5.97e-05,21152219.7
1.12e-05,4.48e-05,2.4e-06,6.4e-05,22790682.83
1.12e-05,4.48e-05,2.4e-06,6.83e-05,24664000.21
1.12e-05,4.48e-05,2.4e-06,7.25e-05,27792751.53
1.12e-05,4.48e-05,2.4e-06,7.68e-05,30673673.72
1.12e-05,4.48e-05,2.4e-06,8.11e-05,33339331.33
1.12e-05,4.48e-05,2.4e-06,8.53e-05,35815398.35
1.12e-05,4.48e-05,2.4e-06,8.96e-05,39921475.41
1.12e-05,4.48e-05,2.4e-06,3.84e-05,12818035.43
1.12e-05,4.48e-05,2.4e-06,4.27e-05,14240596.63
1.12e-05,4.48e-05,2.4e-06,4.69e-05,15442318.56
1.12e-05,4.48e-05,2.4e-06,5.12e-05,17280115.49
1.12e-05,4.48e-05,2.4e-06,5.55e-05,19357974.91
1.12e-05,4.48e-05,2.4e-06,5.97e-05,21216477.73
1.12e-05,4.48e-05,2.4e-06,6.4e-05,22884076.21
1.12e-05,4.48e-05,2.4e-06,6.83e-05,24943784.78
1.12e-05,4.48e-05,2.4e-06,7.25e-05,28135467.96
1.12e-05,4.48e-05,2.4e-06,7.68e-05,31073253.67
1.12e-05,4.48e-05,2.4e-06,8.11e-05,33790514.03
1.12e-05,4.48e-05,2.4e-06,8.53e-05,36319157.56
1.12e-05,4.48e-05,2.4e-06,8.96e-05,40994158.33
1.12e-05,4.48e-05,2.666667e-06,3.84e-05,12675020.91
1.12e-05,4.48e-05,2.666667e-06,4.27e-05,14147479.43
1.12e-05,4.48e-05,2.666667e-06,4.69e-05,15388660.23
1.12e-05,4.48e-05,2.666667e-06,5.12e-05,17237922.8
1.12e-05,4.48e-05,2.666667e-06,5.55e-05,19388271.65
1.12e-05,4.48e-05,2.666667e-06,5.97e-05,21306749.99
1.12e-05,4.48e-05,2.666667e-06,6.4e-05,23031038.1
1.12e-05,4.48e-05,2.666667e-06,6.83e-05,25387315.87
1.12e-05,4.48e-05,2.666667e-06,7.25e-05,28690621.3
1.12e-05,4.48e-05,2.666667e-06,7.68e-05,31729010.09
1.12e-05,4.48e-05,2.666667e-06,8.11e-05,34537406.65
1.12e-05,4.48e-05,2.666667e-06,8.53e-05,37984280.81
1.12e-05,4.48e-05,2.666667e-06,8.96e-05,42809308.64
1.12e-05,4.48e-05,2.666667e-06,3.84e-05,12608102.96
1.12e-05,4.48e-05,2.666667e-06,4.27e-05,14102554.97
1.12e-05,4.48e-05,2.666667e-06,4.69e-05,15360670.86
1.12e-05,4.48e-05,2.666667e-06,5.12e-05,17212825.88
1.12e-05,4.48e-05,2.666667e-06,5.55e-05,19393650.35
1.12e-05,4.48e-05,2.666667e-06,5.97e-05,21338821.6
1.12e-05,4.48e-05,2.666667e-06,6.4e-05,23086661.14
1.12e-05,4.48e-05,2.666667e-06,6.83e-05,25567275.76
1.12e-05,4.48e-05,2.666667e-06,7.25e-05,28920490.53
1.12e-05,4.48e-05,2.666667e-06,7.68e-05,32003742.14
1.12e-05,4.48e-05,2.666667e-06,8.11e-05,34852727.2
1.12e-05,4.48e-05,2.666667e-06,8.53e-05,38693202.09
1.12e-05,4.48e-05,2.666667e-06,8.96e-05,43582778.76
1.12e-05,4.48e-05,2.933333e-06,3.84e-05,12316094.31
1.12e-05,4.48e-05,2.933333e-06,4.27e-05,13901914.25
1.12e-05,4.48e-05,2.933333e-06,4.69e-05,15235428.02
1.12e-05,4.48e-05,2.933333e-06,5.12e-05,17066212.18
1.12e-05,4.48e-05,2.933333e-06,5.55e-05,19375034.25
1.12e-05,4.48e-05,2.933333e-06,5.97e-05,21430538.56
1.12e-05,4.48e-05,2.933333e-06,6.4e-05,23275515.68
1.12e-05,4.48e-05,2.933333e-06,6.83e-05,26222360.69
1.12e-05,4.48e-05,2.933333e-06,7.25e-05,29782036.92
1.12e-05,4.48e-05,2.933333e-06,7.68e-05,33049925.61
1.12e-05,4.48e-05,2.933333e-06,8.11e-05,36065724.26
1.12e-05,4.48e-05,2.933333e-06,8.53e-05,41478710.01
1.12e-05,4.48e-05,2.933333e-06,8.96e-05,46626687.73
1.12e-05,4.48e-05,2.933333e-06,3.84e-05,12424916.53
1.12e-05,4.48e-05,2.933333e-06,4.27e-05,13976097.29
1.12e-05,4.48e-05,2.933333e-06,4.69e-05,15284565.81
1.12e-05,4.48e-05,2.933333e-06,5.12e-05,17126370.91
1.12e-05,4.48e-05,2.933333e-06,5.55e-05,19388395.49
1.12e-05,4.48e-05,2.933333e-06,5.97e-05,21403686.34
1.12e-05,4.48e-05,2.933333e-06,6.4e-05,23213309.59
1.12e-05,4.48e-05,2.933333e-06,6.83e-05,25997941.93
1.12e-05,4.48e-05,2.933333e-06,7.25e-05,29482454.1
1.12e-05,4.48e-05,2.933333e-06,7.68e-05,32683357.8
1.12e-05,4.48e-05,2.933333e-06,8.11e-05,35638633.25
1.12e-05,4.48e-05,2.933333e-06,8.53e-05,40472986.7
1.12e-05,4.48e-05,2.933333e-06,8.96e-05,45541634.03
1.12e-05,4.48e-05,3.2e-06,3.84e-05,12483174.05
1.12e-05,4.48e-05,3.2e-06,4.27e-05,14016830.33
1.12e-05,4.48e-05,3.2e-06,4.69e-05,15310180.35
1.12e-05,4.48e-05,3.2e-06,5.12e-05,17156207.64
1.12e-05,4.48e-05,3.2e-06,5.55e-05,19392744.19
1.12e-05,4.48e-05,3.2e-06,5.97e-05,21386119.68
1.12e-05,4.48e-05,3.2e-06,6.4e-05,23176450.27
1.12e-05,4.48e-05,3.2e-06,6.83e-05,25869235.48
1.12e-05,4.48e-05,3.2e-06,7.25e-05,29312713.83
1.12e-05,4.48e-05,3.2e-06,7.68e-05,32476932.02
1.12e-05,4.48e-05,3.2e-06,8.11e-05,35399063.06
1.12e-05,4.48e-05,3.2e-06,8.53e-05,39928195.5
1.12e-05,4.48e-05,3.2e-06,8.96e-05,44939538.67
1.12e-05,4.48e-05,3.2e-06,3.84e-05,12169931.2
1.12e-05,4.48e-05,3.2e-06,4.27e-05,13798961.28
1.12e-05,4.48e-05,3.2e-06,4.69e-05,15167391.49
1.12e-05,4.48e-05,3.2e-06,5.12e-05,16978634.37
1.12e-05,4.48e-05,3.2e-06,5.55e-05,19348795.02
1.12e-05,4.48e-05,3.2e-06,5.97e-05,21457193.39
1.12e-05,4.48e-05,3.2e-06,6.4e-05,23348590.99
1.12e-05,4.48e-05,3.2e-06,6.83e-05,26498705.09
1.12e-05,4.48e-05,3.2e-06,7.25e-05,30156798.75
1.12e-05,4.48e-05,3.2e-06,7.68e-05,33511867.31
1.12e-05,4.48e-05,3.2e-06,8.11e-05,36957732.62
1.12e-05,4.48e-05,3.2e-06,8.53e-05,42744835.29
1.12e-05,4.48e-05,3.2e-06,8.96e-05,48023493.25
1.12e-05,4.48e-05,3.466667e-06,3.84e-05,12216559.81
1.12e-05,4.48e-05,3.466667e-06,4.27e-05,13831913.71
1.12e-05,4.48e-05,3.466667e-06,4.69e-05,15189307.49
1.12e-05,4.48e-05,3.466667e-06,5.12e-05,17007266.61
1.12e-05,4.48e-05,3.466667e-06,5.55e-05,19358022.68
1.12e-05,4.48e-05,3.466667e-06,5.97e-05,21449661.86
1.12e-05,4.48e-05,3.466667e-06,6.4e-05,23326359.52
1.12e-05,4.48e-05,3.466667e-06,6.83e-05,26413119.58
1.12e-05,4.48e-05,3.466667e-06,7.25e-05,30040098.83
1.12e-05,4.48e-05,3.466667e-06,7.68e-05,33367681.44
1.12e-05,4.48e-05,3.466667e-06,8.11e-05,36607402.98
1.12e-05,4.48e-05,3.466667e-06,8.53e-05,42346820.4
1.12e-05,4.48e-05,3.466667e-06,8.96e-05,47583968.41
1.12e-05,4.48e-05,3.466667e-06,3.84e-05,4334982.109
1.12e-05,4.48e-05,3.466667e-06,4.27e-05,4879747.654
1.12e-05,4.48e-05,3.466667e-06,4.69e-05,5504183.905
1.12e-05,4.48e-05,3.466667e-06,5.12e-05,6015044.603
1.12e-05,4.48e-05,3.466667e-06,5.55e-05,6442945.971
1.12e-05,4.48e-05,3.466667e-06,5.97e-05,6807828.147
1.12e-05,4.48e-05,3.466667e-06,6.4e-05,7359730.562
1.12e-05,4.48e-05,3.466667e-06,6.83e-05,7953530.967
1.12e-05,4.48e-05,3.466667e-06,7.25e-05,8479192.012
1.12e-05,4.48e-05,3.466667e-06,7.68e-05,8948995.622
1.12e-05,4.48e-05,3.466667e-06,8.11e-05,9372234.331
1.12e-05,4.48e-05,3.466667e-06,8.53e-05,9756096.792
1.12e-05,4.48e-05,3.466667e-06,8.96e-05,10106259.88
1.12e-05,4.48e-05,3.733333e-06,3.84e-05,4198437.489
1.12e-05,4.48e-05,3.733333e-06,4.27e-05,4653651.995
1.12e-05,4.48e-05,3.733333e-06,4.69e-05,5312793.591
1.12e-05,4.48e-05,3.733333e-06,5.12e-05,5851355.676
1.12e-05,4.48e-05,3.733333e-06,5.55e-05,6301882.169
1.12e-05,4.48e-05,3.733333e-06,5.97e-05,6685562.026
1.12e-05,4.48e-05,3.733333e-06,6.4e-05,7130521.971
1.12e-05,4.48e-05,3.733333e-06,6.83e-05,7751504.976
1.12e-05,4.48e-05,3.733333e-06,7.25e-05,8300785.32
1.12e-05,4.48e-05,3.733333e-06,7.68e-05,8791272.967
1.12e-05,4.48e-05,3.733333e-06,8.11e-05,9232766.733
1.12e-05,4.48e-05,3.733333e-06,8.53e-05,9632853.372
1.12e-05,4.48e-05,3.733333e-06,8.96e-05,9997524.509
1.12e-05,4.48e-05,3.733333e-06,3.84e-05,4137233.604
1.12e-05,4.48e-05,3.733333e-06,4.27e-05,4562085.927
1.12e-05,4.48e-05,3.733333e-06,4.69e-05,5227628.625
1.12e-05,4.48e-05,3.733333e-06,5.12e-05,5778297.205
1.12e-05,4.48e-05,3.733333e-06,5.55e-05,6238733.955
1.12e-05,4.48e-05,3.733333e-06,5.97e-05,6630663.969
1.12e-05,4.48e-05,3.733333e-06,6.4e-05,7027793.743
1.12e-05,4.48e-05,3.733333e-06,6.83e-05,7660624.84
1.12e-05,4.48e-05,3.733333e-06,7.25e-05,8220229.124
1.12e-05,4.48e-05,3.733333e-06,7.68e-05,8719773.352
1.12e-05,4.48e-05,3.733333e-06,8.11e-05,9169268.248
1.12e-05,4.48e-05,3.733333e-06,8.53e-05,9576472.94
1.12e-05,4.48e-05,3.733333e-06,8.96e-05,9947515.444
1.12e-05,4.48e-05,4.8e-06,3.84e-05,4026245.581
1.12e-05,4.48e-05,4.8e-06,4.27e-05,4470939.31
1.12e-05,4.48e-05,4.8e-06,4.69e-05,5074056.938
1.12e-05,4.48e-05,4.8e-06,5.12e-05,5646274.338
1.12e-05,4.48e-05,4.8e-06,5.55e-05,6124378.425
1.12e-05,4.48e-05,4.8e-06,5.97e-05,6531047.145
1.12e-05,4.48e-05,4.8e-06,6.4e-05,6882396.195
1.12e-05,4.48e-05,4.8e-06,6.83e-05,7495591.565
1.12e-05,4.48e-05,4.8e-06,7.25e-05,8073557.567
1.12e-05,4.48e-05,4.8e-06,7.68e-05,8589248.086
1.12e-05,4.48e-05,4.8e-06,8.11e-05,9053017.169
1.12e-05,4.48e-05,4.8e-06,8.53e-05,9472929.218
1.12e-05,4.48e-05,4.8e-06,8.96e-05,9855353.852
1.12e-05,4.48e-05,4.8e-06,3.84e-05,3839402.958
1.12e-05,4.48e-05,4.8e-06,4.27e-05,4317124.645
1.12e-05,4.48e-05,4.8e-06,4.69e-05,4818168.273
1.12e-05,4.48e-05,4.8e-06,5.12e-05,5425645.759
1.12e-05,4.48e-05,4.8e-06,5.55e-05,5932330.494
1.12e-05,4.48e-05,4.8e-06,5.97e-05,6363654.17
1.12e-05,4.48e-05,4.8e-06,6.4e-05,6735514.977
1.12e-05,4.48e-05,4.8e-06,6.83e-05,7218268.223
1.12e-05,4.48e-05,4.8e-06,7.25e-05,7826110.005
1.12e-05,4.48e-05,4.8e-06,7.68e-05,8368328.566
1.12e-05,4.48e-05,4.8e-06,8.11e-05,8855563.997
1.12e-05,4.48e-05,4.8e-06,8.53e-05,9296380.163
1.12e-05,4.48e-05,4.8e-06,8.96e-05,9697542.512
1.12e-05,4.48e-05,4.266667e-06,3.84e-05,3882447.054
1.12e-05,4.48e-05,4.266667e-06,4.27e-05,4352300.329
1.12e-05,4.48e-05,4.266667e-06,4.69e-05,4876816.283
1.12e-05,4.48e-05,4.266667e-06,5.12e-05,5476272.426
1.12e-05,4.48e-05,4.266667e-06,5.55e-05,5976239.426
1.12e-05,4.48e-05,4.266667e-06,5.97e-05,6402149.393
1.12e-05,4.48e-05,4.266667e-06,6.4e-05,6769336.038
1.12e-05,4.48e-05,4.266667e-06,6.83e-05,7282020.694
1.12e-05,4.48e-05,4.266667e-06,7.25e-05,7883101.921
1.12e-05,4.48e-05,4.266667e-06,7.68e-05,8419269.27
1.12e-05,4.48e-05,4.266667e-06,8.11e-05,8901151.164
1.12e-05,4.48e-05,4.266667e-06,8.53e-05,9337197.925
1.12e-05,4.48e-05,4.266667e-06,8.96e-05,9734084.486
1.12e-05,4.48e-05,4.266667e-06,3.84e-05,3975613.697
1.12e-05,4.48e-05,4.266667e-06,4.27e-05,4429241.621
1.12e-05,4.48e-05,4.266667e-06,4.69e-05,5004380.881
1.12e-05,4.48e-05,4.266667e-06,5.12e-05,5586271.003
1.12e-05,4.48e-05,4.266667e-06,5.55e-05,6072315.847
1.12e-05,4.48e-05,4.266667e-06,5.97e-05,6485622.927
1.12e-05,4.48e-05,4.266667e-06,6.4e-05,6842589.825
1.12e-05,4.48e-05,4.266667e-06,6.83e-05,7420319.567
1.12e-05,4.48e-05,4.266667e-06,7.25e-05,8006512.861
1.12e-05,4.48e-05,4.266667e-06,7.68e-05,8529464.282
1.12e-05,4.48e-05,4.266667e-06,8.11e-05,8999655.307
1.12e-05,4.48e-05,4.266667e-06,8.53e-05,9425287.132
1.12e-05,4.48e-05,4.266667e-06,8.96e-05,9812837.634
1.12e-05,4.48e-05,4.533333e-06,3.84e-05,3798435.794
1.12e-05,4.48e-05,4.533333e-06,4.27e-05,4283313.563
1.12e-05,4.48e-05,4.533333e-06,4.69e-05,4762523.996
1.12e-05,4.48e-05,4.533333e-06,5.12e-05,5377584.23
1.12e-05,4.48e-05,4.533333e-06,5.55e-05,5890606.178
1.12e-05,4.48e-05,4.533333e-06,5.97e-05,6327070.037
1.12e-05,4.48e-05,4.533333e-06,6.4e-05,6703353.765
1.12e-05,4.48e-05,4.533333e-06,6.83e-05,7157702.812
1.12e-05,4.48e-05,4.533333e-06,7.25e-05,7771900.713
1.12e-05,4.48e-05,4.533333e-06,7.68e-05,8319854.055
1.12e-05,4.48e-05,4.533333e-06,8.11e-05,8812161.078
1.12e-05,4.48e-05,4.533333e-06,8.53e-05,9257494.985
1.12e-05,4.48e-05,4.533333e-06,8.96e-05,9662707.311
1.12e-05,4.48e-05,4.533333e-06,3.84e-05,3759368.202
1.12e-05,4.48e-05,4.533333e-06,4.27e-05,4251051.566
1.12e-05,4.48e-05,4.533333e-06,4.69e-05,4709620.465
1.12e-05,4.48e-05,4.533333e-06,5.12e-05,5331867.544
1.12e-05,4.48e-05,4.533333e-06,5.55e-05,5850883.313
1.12e-05,4.48e-05,4.533333e-06,5.97e-05,6292238.021
1.12e-05,4.48e-05,4.533333e-06,6.4e-05,6672717.795
1.12e-05,4.48e-05,4.533333e-06,6.83e-05,7100063.11
1.12e-05,4.48e-05,4.533333e-06,7.25e-05,7720242.148
1.12e-05,4.48e-05,4.533333e-06,7.68e-05,8273646.479
1.12e-05,4.48e-05,4.533333e-06,8.11e-05,8770772.583
1.12e-05,4.48e-05,4.533333e-06,8.53e-05,9220397.582
1.12e-05,4.48e-05,4.533333e-06,8.96e-05,9629456.196
1.12e-05,4.48e-05,4e-06,3.84e-05,55553394.74
1.12e-05,4.48e-05,4e-06,4.27e-05,70413410.67
1.12e-05,4.48e-05,4e-06,4.69e-05,80597180.2
1.12e-05,4.48e-05,4e-06,5.12e-05,90475723.73
1.12e-05,4.48e-05,4e-06,5.55e-05,98839665.37
1.12e-05,4.48e-05,4e-06,5.97e-05,105208340.2
1.12e-05,4.48e-05,4e-06,6.4e-05,110221495.9
1.12e-05,4.48e-05,4e-06,6.83e-05,114226666.0
1.12e-05,4.48e-05,4e-06,7.25e-05,117425913.8
1.12e-05,4.48e-05,4e-06,7.68e-05,119975026.4
1.12e-05,4.48e-05,4e-06,8.11e-05,122007488.0
1.12e-05,4.48e-05,4e-06,8.53e-05,123630876.1
1.12e-05,4.48e-05,4e-06,8.96e-05,124927314.4
1.12e-05,4.48e-05,4e-06,3.84e-05,57512149.23
1.12e-05,4.48e-05,4e-06,4.27e-05,72327984.58
1.12e-05,4.48e-05,4e-06,4.69e-05,82412266.28
1.12e-05,4.48e-05,4e-06,5.12e-05,93210570.4
1.12e-05,4.48e-05,4e-06,5.55e-05,101405599.6
1.12e-05,4.48e-05,4e-06,5.97e-05,107638184.0
1.12e-05,4.48e-05,4e-06,6.4e-05,112518467.9
1.12e-05,4.48e-05,4e-06,6.83e-05,116395340.1
1.12e-05,4.48e-05,4e-06,7.25e-05,119482352.0
1.12e-05,4.48e-05,4e-06,7.68e-05,121939765.5
1.12e-05,4.48e-05,4e-06,8.11e-05,123899448.1
1.12e-05,4.48e-05,4e-06,8.53e-05,125465567.0
1.12e-05,4.48e-05,4e-06,8.96e-05,127557696.0
1.12e-05,4.48e-05,5.6e-06,3.84e-05,60827260.55
1.12e-05,4.48e-05,5.6e-06,4.27e-05,75562635.44
1.12e-05,4.48e-05,5.6e-06,4.69e-05,86882990.06
1.12e-05,4.48e-05,5.6e-06,5.12e-05,97762341.28
1.12e-05,4.48e-05,5.6e-06,5.55e-05,105688599.0
1.12e-05,4.48e-05,5.6e-06,5.97e-05,111706550.2
1.12e-05,4.48e-05,5.6e-06,6.4e-05,116376966.0
1.12e-05,4.48e-05,5.6e-06,6.83e-05,120049478.8
1.12e-05,4.48e-05,5.6e-06,7.25e-05,122956035.5
1.12e-05,4.48e-05,5.6e-06,7.68e-05,125264881.0
1.12e-05,4.48e-05,5.6e-06,8.11e-05,128228714.7
1.12e-05,4.48e-05,5.6e-06,8.53e-05,131154397.0
1.12e-05,4.48e-05,5.6e-06,8.96e-05,133574353.9
1.12e-05,4.48e-05,5.6e-06,3.84e-05,62253332.53
1.12e-05,4.48e-05,5.6e-06,4.27e-05,76950988.88
1.12e-05,4.48e-05,5.6e-06,4.69e-05,88975348.44
1.12e-05,4.48e-05,5.6e-06,5.12e-05,99690199.1
1.12e-05,4.48e-05,5.6e-06,5.55e-05,107507510.4
1.12e-05,4.48e-05,5.6e-06,5.97e-05,113439224.8
1.12e-05,4.48e-05,5.6e-06,6.4e-05,118025228.3
1.12e-05,4.48e-05,5.6e-06,6.83e-05,121614881.9
1.12e-05,4.48e-05,5.6e-06,7.25e-05,124447599.4
1.12e-05,4.48e-05,5.6e-06,7.68e-05,127396788.4
1.12e-05,4.48e-05,5.6e-06,8.11e-05,130854612.8
1.12e-05,4.48e-05,5.6e-06,8.53e-05,133730325.0
1.12e-05,4.48e-05,5.6e-06,8.96e-05,136110891.7
1.12e-05,4.48e-05,5.066667e-06,3.84e-05,64759126.69
1.12e-05,4.48e-05,5.066667e-06,4.27e-05,79384809.38
1.12e-05,4.48e-05,5.066667e-06,4.69e-05,92597419.75
1.12e-05,4.48e-05,5.066667e-06,5.12e-05,103033693.9
1.12e-05,4.48e-05,5.066667e-06,5.55e-05,110669324.9
1.12e-05,4.48e-05,5.066667e-06,5.97e-05,116458368.1
1.12e-05,4.48e-05,5.066667e-06,6.4e-05,120904627.0
1.12e-05,4.48e-05,5.066667e-06,6.83e-05,124356151.2
1.12e-05,4.48e-05,5.066667e-06,7.25e-05,128015354.6
1.12e-05,4.48e-05,5.066667e-06,7.68e-05,132035923.2
1.12e-05,4.48e-05,5.066667e-06,8.11e-05,135387934.5
1.12e-05,4.48e-05,5.066667e-06,8.53e-05,138178506.5
1.12e-05,4.48e-05,5.066667e-06,8.96e-05,140491746.0
1.12e-05,4.48e-05,5.066667e-06,3.84e-05,65871111.07
1.12e-05,4.48e-05,5.066667e-06,4.27e-05,80462285.33
1.12e-05,4.48e-05,5.066667e-06,4.69e-05,94182672.36
1.12e-05,4.48e-05,5.066667e-06,5.12e-05,104499664.4
1.12e-05,4.48e-05,5.066667e-06,5.55e-05,112058647.4
1.12e-05,4.48e-05,5.066667e-06,5.97e-05,117787974.6
1.12e-05,4.48e-05,5.066667e-06,6.4e-05,122175713.5
1.12e-05,4.48e-05,5.066667e-06,6.83e-05,125569001.0
1.12e-05,4.48e-05,5.066667e-06,7.25e-05,130095245.9
1.12e-05,4.48e-05,5.066667e-06,7.68e-05,134060286.6
1.12e-05,4.48e-05,5.066667e-06,8.11e-05,137366789.7
1.12e-05,4.48e-05,5.066667e-06,8.53e-05,140120640.1
1.12e-05,4.48e-05,5.066667e-06,8.96e-05,142404750.1
1.12e-05,4.48e-05,5.333333e-06,3.84e-05,69629855.13
1.12e-05,4.48e-05,5.333333e-06,4.27e-05,84643577.61
1.12e-05,4.48e-05,5.333333e-06,4.69e-05,99443765.59
1.12e-05,4.48e-05,5.333333e-06,5.12e-05,109377585.4
1.12e-05,4.48e-05,5.333333e-06,5.55e-05,116695402.0
1.12e-05,4.48e-05,5.333333e-06,5.97e-05,122239000.2
1.12e-05,4.48e-05,5.333333e-06,6.4e-05,126829850.0
1.12e-05,4.48e-05,5.333333e-06,6.83e-05,132407375.7
1.12e-05,4.48e-05,5.333333e-06,7.25e-05,136964784.8
1.12e-05,4.48e-05,5.333333e-06,7.68e-05,140750501.3
1.12e-05,4.48e-05,5.333333e-06,8.11e-05,143909468.5
1.12e-05,4.48e-05,5.333333e-06,8.53e-05,146543789.0
1.12e-05,4.48e-05,5.333333e-06,8.96e-05,148732655.1
1.12e-05,4.48e-05,5.333333e-06,3.84e-05,67871711.89
1.12e-05,4.48e-05,5.333333e-06,4.27e-05,82396621.27
1.12e-05,4.48e-05,5.333333e-06,4.69e-05,97001226.74
1.12e-05,4.48e-05,5.333333e-06,5.12e-05,107110414.0
1.12e-05,4.48e-05,5.333333e-06,5.55e-05,114537613.3
1.12e-05,4.48e-05,5.333333e-06,5.97e-05,120165013.6
1.12e-05,4.48e-05,5.333333e-06,6.4e-05,124452832.5
1.12e-05,4.48e-05,5.333333e-06,6.83e-05,129126255.0
1.12e-05,4.48e-05,5.333333e-06,7.25e-05,133781994.5
1.12e-05,4.48e-05,5.333333e-06,7.68e-05,137650018.2
1.12e-05,4.48e-05,5.333333e-06,8.11e-05,140876814.0
1.12e-05,4.48e-05,5.333333e-06,8.53e-05,143566182.5
1.12e-05,4.48e-05,5.333333e-06,8.96e-05,145798997.1
1.013333e-05,0.000132012,2.4e-06,3.84e-05,10451345.0
1.013333e-05,0.000132012,2.4e-06,4.27e-05,12025842.46
1.013333e-05,0.000132012,2.4e-06,4.69e-05,13369418.83
1.013333e-05,0.000132012,2.4e-06,5.12e-05,14520202.76
1.013333e-05,0.000132012,2.4e-06,5.55e-05,15520474.75
1.013333e-05,0.000132012,2.4e-06,5.97e-05,17122100.04
1.013333e-05,0.000132012,2.4e-06,6.4e-05,18942846.21
1.013333e-05,0.000132012,2.4e-06,6.83e-05,20595504.51
1.013333e-05,0.000132012,2.4e-06,7.25e-05,22101599.89
1.013333e-05,0.000132012,2.4e-06,7.68e-05,23483062.85
1.013333e-05,0.000132012,2.4e-06,8.11e-05,25768057.65
1.013333e-05,0.000132012,2.4e-06,8.53e-05,28502610.14
1.013333e-05,0.000132012,2.4e-06,8.96e-05,31054195.58
1.013333e-05,0.000132012,2.4e-06,3.84e-05,10395108.25
1.013333e-05,0.000132012,2.4e-06,4.27e-05,11935166.86
1.013333e-05,0.000132012,2.4e-06,4.69e-05,13306668.46
1.013333e-05,0.000132012,2.4e-06,5.12e-05,14480536.49
1.013333e-05,0.000132012,2.4e-06,5.55e-05,15500209.51
1.013333e-05,0.000132012,2.4e-06,5.97e-05,17115920.0
1.013333e-05,0.000132012,2.4e-06,6.4e-05,18971301.59
1.013333e-05,0.000132012,2.4e-06,6.83e-05,20658525.72
1.013333e-05,0.000132012,2.4e-06,7.25e-05,22192206.49
1.013333e-05,0.000132012,2.4e-06,7.68e-05,23602754.21
1.013333e-05,0.000132012,2.4e-06,8.11e-05,26102603.15
1.013333e-05,0.000132012,2.4e-06,8.53e-05,28884291.06
1.013333e-05,0.000132012,2.4e-06,8.96e-05,31500703.99
1.013333e-05,0.000132012,2.666667e-06,3.84e-05,10290873.4
1.013333e-05,0.000132012,2.666667e-06,4.27e-05,11763830.27
1.013333e-05,0.000132012,2.666667e-06,4.69e-05,13184581.94
1.013333e-05,0.000132012,2.666667e-06,5.12e-05,14399227.59
1.013333e-05,0.000132012,2.666667e-06,5.55e-05,15453229.36
1.013333e-05,0.000132012,2.666667e-06,5.97e-05,17078993.78
1.013333e-05,0.000132012,2.666667e-06,6.4e-05,19003108.3
1.013333e-05,0.000132012,2.666667e-06,6.83e-05,20743120.44
1.013333e-05,0.000132012,2.666667e-06,7.25e-05,22331491.08
1.013333e-05,0.000132012,2.666667e-06,7.68e-05,23786732.09
1.013333e-05,0.000132012,2.666667e-06,8.11e-05,26624297.78
1.013333e-05,0.000132012,2.666667e-06,8.53e-05,29531902.34
1.013333e-05,0.000132012,2.666667e-06,8.96e-05,32235827.78
1.013333e-05,0.000132012,2.666667e-06,3.84e-05,10242613.84
1.013333e-05,0.000132012,2.666667e-06,4.27e-05,11683419.2
1.013333e-05,0.000132012,2.666667e-06,4.69e-05,13126131.11
1.013333e-05,0.000132012,2.666667e-06,5.12e-05,14358979.31
1.013333e-05,0.000132012,2.666667e-06,5.55e-05,15428324.6
1.013333e-05,0.000132012,2.666667e-06,5.97e-05,17053281.4
1.013333e-05,0.000132012,2.666667e-06,6.4e-05,19006453.02
1.013333e-05,0.000132012,2.666667e-06,6.83e-05,20770748.16
1.013333e-05,0.000132012,2.666667e-06,7.25e-05,22383650.67
1.013333e-05,0.000132012,2.666667e-06,7.68e-05,23859493.09
1.013333e-05,0.000132012,2.666667e-06,8.11e-05,26853586.33
1.013333e-05,0.000132012,2.666667e-06,8.53e-05,29799689.79
1.013333e-05,0.000132012,2.666667e-06,8.96e-05,32544802.97
1.013333e-05,0.000132012,2.933333e-06,3.84e-05,10034427.72
1.013333e-05,0.000132012,2.933333e-06,4.27e-05,11329807.09
1.013333e-05,0.000132012,2.933333e-06,4.69e-05,12863732.94
1.013333e-05,0.000132012,2.933333e-06,5.12e-05,14172195.84
1.013333e-05,0.000132012,2.933333e-06,5.55e-05,15305324.95
1.013333e-05,0.000132012,2.933333e-06,5.97e-05,16899795.94
1.013333e-05,0.000132012,2.933333e-06,6.4e-05,18973575.24
1.013333e-05,0.000132012,2.933333e-06,6.83e-05,20847916.16
1.013333e-05,0.000132012,2.933333e-06,7.25e-05,22550199.44
1.013333e-05,0.000132012,2.933333e-06,7.68e-05,24288317.87
1.013333e-05,0.000132012,2.933333e-06,8.11e-05,27669466.8
1.013333e-05,0.000132012,2.933333e-06,8.53e-05,30796232.68
1.013333e-05,0.000132012,2.933333e-06,8.96e-05,33724836.92
1.013333e-05,0.000132012,2.933333e-06,3.84e-05,10111655.48
1.013333e-05,0.000132012,2.933333e-06,4.27e-05,11462223.98
1.013333e-05,0.000132012,2.933333e-06,4.69e-05,12962780.35
1.013333e-05,0.000132012,2.933333e-06,5.12e-05,14243594.42
1.013333e-05,0.000132012,2.933333e-06,5.55e-05,15353402.57
1.013333e-05,0.000132012,2.933333e-06,5.97e-05,16963421.34
1.013333e-05,0.000132012,2.933333e-06,6.4e-05,18993155.71
1.013333e-05,0.000132012,2.933333e-06,6.83e-05,20828374.46
1.013333e-05,0.000132012,2.933333e-06,7.25e-05,22498145.62
1.013333e-05,0.000132012,2.933333e-06,7.68e-05,24086067.68
1.013333e-05,0.000132012,2.933333e-06,8.11e-05,27392213.65
1.013333e-05,0.000132012,2.933333e-06,8.53e-05,30455461.31
1.013333e-05,0.000132012,2.933333e-06,8.96e-05,33302966.15
1.013333e-05,0.000132012,3.2e-06,3.84e-05,10153133.41
1.013333e-05,0.000132012,3.2e-06,4.27e-05,11532768.12
1.013333e-05,0.000132012,3.2e-06,4.69e-05,13015212.79
1.013333e-05,0.000132012,3.2e-06,5.12e-05,14281009.15
1.013333e-05,0.000132012,3.2e-06,5.55e-05,15378146.51
1.013333e-05,0.000132012,3.2e-06,5.97e-05,16994640.57
1.013333e-05,0.000132012,3.2e-06,6.4e-05,19000414.02
1.013333e-05,0.000132012,3.2e-06,6.83e-05,20814347.19
1.013333e-05,0.000132012,3.2e-06,7.25e-05,22465658.33
1.013333e-05,0.000132012,3.2e-06,7.68e-05,23975315.6
1.013333e-05,0.000132012,3.2e-06,8.11e-05,27229780.01
1.013333e-05,0.000132012,3.2e-06,8.53e-05,30257066.14
1.013333e-05,0.000132012,3.2e-06,8.96e-05,33078491.49
1.013333e-05,0.000132012,3.2e-06,3.84e-05,9931041.687
1.013333e-05,0.000132012,3.2e-06,4.27e-05,11154287.93
1.013333e-05,0.000132012,3.2e-06,4.69e-05,12728465.7
1.013333e-05,0.000132012,3.2e-06,5.12e-05,14073602.35
1.013333e-05,0.000132012,3.2e-06,5.55e-05,15237615.2
1.013333e-05,0.000132012,3.2e-06,5.97e-05,16805532.47
1.013333e-05,0.000132012,3.2e-06,6.4e-05,18937455.44
1.013333e-05,0.000132012,3.2e-06,6.83e-05,20863397.7
1.013333e-05,0.000132012,3.2e-06,7.25e-05,22615593.45
1.013333e-05,0.000132012,3.2e-06,7.68e-05,24531632.53
1.013333e-05,0.000132012,3.2e-06,8.11e-05,28006922.69
1.013333e-05,0.000132012,3.2e-06,8.53e-05,31247573.08
1.013333e-05,0.000132012,3.2e-06,8.96e-05,34253931.35
1.013333e-05,0.000132012,3.466667e-06,3.84e-05,9963993.539
1.013333e-05,0.000132012,3.466667e-06,4.27e-05,11207746.85
1.013333e-05,0.000132012,3.466667e-06,4.69e-05,12771902.71
1.013333e-05,0.000132012,3.466667e-06,5.12e-05,14105367.9
1.013333e-05,0.000132012,3.466667e-06,5.55e-05,15259561.51
1.013333e-05,0.000132012,3.466667e-06,5.97e-05,16836557.1
1.013333e-05,0.000132012,3.466667e-06,6.4e-05,18950024.67
1.013333e-05,0.000132012,3.466667e-06,6.83e-05,20859585.61
1.013333e-05,0.000132012,3.466667e-06,7.25e-05,22597103.25
1.013333e-05,0.000132012,3.466667e-06,7.68e-05,24457132.97
1.013333e-05,0.000132012,3.466667e-06,8.11e-05,27904993.66
1.013333e-05,0.000132012,3.466667e-06,8.53e-05,31108975.25
1.013333e-05,0.000132012,3.466667e-06,8.96e-05,34088867.95
1.013333e-05,0.000132012,3.466667e-06,3.84e-05,3624840.611
1.013333e-05,0.000132012,3.466667e-06,4.27e-05,4084138.555
1.013333e-05,0.000132012,3.466667e-06,4.69e-05,4449384.05
1.013333e-05,0.000132012,3.466667e-06,5.12e-05,4934898.826
1.013333e-05,0.000132012,3.466667e-06,5.55e-05,5447224.312
1.013333e-05,0.000132012,3.466667e-06,5.97e-05,5881877.802
1.013333e-05,0.000132012,3.466667e-06,6.4e-05,6256371.346
1.013333e-05,0.000132012,3.466667e-06,6.83e-05,6583072.818
1.013333e-05,0.000132012,3.466667e-06,7.25e-05,6871838.068
1.013333e-05,0.000132012,3.466667e-06,7.68e-05,7373669.4
1.013333e-05,0.000132012,3.466667e-06,8.11e-05,7870300.063
1.013333e-05,0.000132012,3.466667e-06,8.53e-05,8321247.767
1.013333e-05,0.000132012,3.466667e-06,8.96e-05,8731257.459
1.013333e-05,0.000132012,3.733333e-06,3.84e-05,3455307.607
1.013333e-05,0.000132012,3.733333e-06,4.27e-05,3942621.591
1.013333e-05,0.000132012,3.733333e-06,4.69e-05,4329778.499
1.013333e-05,0.000132012,3.733333e-06,5.12e-05,4724033.773
1.013333e-05,0.000132012,3.733333e-06,5.55e-05,5262105.031
1.013333e-05,0.000132012,3.733333e-06,5.97e-05,5718930.289
1.013333e-05,0.000132012,3.733333e-06,6.4e-05,6112131.164
1.013333e-05,0.000132012,3.733333e-06,6.83e-05,6454846.306
1.013333e-05,0.000132012,3.733333e-06,7.25e-05,6756657.978
1.013333e-05,0.000132012,3.733333e-06,7.68e-05,7151033.854
1.013333e-05,0.000132012,3.733333e-06,8.11e-05,7669791.116
1.013333e-05,0.000132012,3.733333e-06,8.53e-05,8139586.96
1.013333e-05,0.000132012,3.733333e-06,8.96e-05,8567982.715
1.013333e-05,0.000132012,3.733333e-06,3.84e-05,3379392.968
1.013333e-05,0.000132012,3.733333e-06,4.27e-05,3879078.185
1.013333e-05,0.000132012,3.733333e-06,4.69e-05,4275924.773
1.013333e-05,0.000132012,3.733333e-06,5.12e-05,4629596.564
1.013333e-05,0.000132012,3.733333e-06,5.55e-05,5179026.506
1.013333e-05,0.000132012,3.733333e-06,5.97e-05,5645688.207
1.013333e-05,0.000132012,3.733333e-06,6.4e-05,6047156.892
1.013333e-05,0.000132012,3.733333e-06,6.83e-05,6396944.911
1.013333e-05,0.000132012,3.733333e-06,7.25e-05,6704885.819
1.013333e-05,0.000132012,3.733333e-06,7.68e-05,7050018.575
1.013333e-05,0.000132012,3.733333e-06,8.11e-05,7579666.948
1.013333e-05,0.000132012,3.733333e-06,8.53e-05,8057646.811
1.013333e-05,0.000132012,3.733333e-06,8.96e-05,8493345.092
1.013333e-05,0.000132012,4.8e-06,3.84e-05,3241697.073
1.013333e-05,0.000132012,4.8e-06,4.27e-05,3763596.265
1.013333e-05,0.000132012,4.8e-06,4.69e-05,4177858.898
1.013333e-05,0.000132012,4.8e-06,5.12e-05,4515615.913
1.013333e-05,0.000132012,4.8e-06,5.55e-05,5029387.432
1.013333e-05,0.000132012,4.8e-06,5.97e-05,5512545.068
1.013333e-05,0.000132012,4.8e-06,6.4e-05,5928907.425
1.013333e-05,0.000132012,4.8e-06,6.83e-05,6291406.484
1.013333e-05,0.000132012,4.8e-06,7.25e-05,6610353.903
1.013333e-05,0.000132012,4.8e-06,7.68e-05,6893450.045
1.013333e-05,0.000132012,4.8e-06,8.11e-05,7414022.787
1.013333e-05,0.000132012,4.8e-06,8.53e-05,7906901.275
1.013333e-05,0.000132012,4.8e-06,8.96e-05,8356271.274
1.013333e-05,0.000132012,4.8e-06,3.84e-05,3014093.944
1.013333e-05,0.000132012,4.8e-06,4.27e-05,3568520.501
1.013333e-05,0.000132012,4.8e-06,4.69e-05,4011764.78
1.013333e-05,0.000132012,4.8e-06,5.12e-05,4372891.969
1.013333e-05,0.000132012,4.8e-06,5.55e-05,4777002.927
1.013333e-05,0.000132012,4.8e-06,5.97e-05,5289171.652
1.013333e-05,0.000132012,4.8e-06,6.4e-05,5729026.225
1.013333e-05,0.000132012,4.8e-06,6.83e-05,6112756.344
1.013333e-05,0.000132012,4.8e-06,7.25e-05,6450004.866
1.013333e-05,0.000132012,4.8e-06,7.68e-05,6749106.562
1.013333e-05,0.000132012,4.8e-06,8.11e-05,7130202.827
1.013333e-05,0.000132012,4.8e-06,8.53e-05,7651179.313
1.013333e-05,0.000132012,4.8e-06,8.96e-05,8122161.313
1.013333e-05,0.000132012,4.266667e-06,3.84e-05,3063164.775
1.013333e-05,0.000132012,4.266667e-06,4.27e-05,3613534.129
1.013333e-05,0.000132012,4.266667e-06,4.69e-05,4050129.345
1.013333e-05,0.000132012,4.266667e-06,5.12e-05,4405894.225
1.013333e-05,0.000132012,4.266667e-06,5.55e-05,4835061.503
1.013333e-05,0.000132012,4.266667e-06,5.97e-05,5340702.452
1.013333e-05,0.000132012,4.266667e-06,6.4e-05,5775145.854
1.013333e-05,0.000132012,4.266667e-06,6.83e-05,6153985.178
1.013333e-05,0.000132012,4.266667e-06,7.25e-05,6487034.516
1.013333e-05,0.000132012,4.266667e-06,7.68e-05,6782469.106
1.013333e-05,0.000132012,4.266667e-06,8.11e-05,7196332.259
1.013333e-05,0.000132012,4.266667e-06,8.53e-05,7709828.893
1.013333e-05,0.000132012,4.266667e-06,8.96e-05,8176082.793
1.013333e-05,0.000132012,4.266667e-06,3.84e-05,3178858.372
1.013333e-05,0.000132012,4.266667e-06,4.27e-05,3710814.092
1.013333e-05,0.000132012,4.266667e-06,4.69e-05,4132965.579
1.013333e-05,0.000132012,4.266667e-06,5.12e-05,4477082.148
1.013333e-05,0.000132012,4.266667e-06,5.55e-05,4960911.13
1.013333e-05,0.000132012,4.266667e-06,5.97e-05,5451682.697
1.013333e-05,0.000132012,4.266667e-06,6.4e-05,5874826.103
1.013333e-05,0.000132012,4.266667e-06,6.83e-05,6243088.202
1.013333e-05,0.000132012,4.266667e-06,7.25e-05,6567017.693
1.013333e-05,0.000132012,4.266667e-06,7.68e-05,6854475.448
1.013333e-05,0.000132012,4.266667e-06,8.11e-05,7337631.688
1.013333e-05,0.000132012,4.266667e-06,8.53e-05,7837557.408
1.013333e-05,0.000132012,4.266667e-06,8.96e-05,8293177.652
1.013333e-05,0.000132012,4.533333e-06,3.84e-05,2985049.788
1.013333e-05,0.000132012,4.533333e-06,4.27e-05,3525637.567
1.013333e-05,0.000132012,4.533333e-06,4.69e-05,3975200.525
1.013333e-05,0.000132012,4.533333e-06,5.12e-05,4341422.332
1.013333e-05,0.000132012,4.533333e-06,5.55e-05,4721806.971
1.013333e-05,0.000132012,4.533333e-06,5.97e-05,5240158.78
1.013333e-05,0.000132012,4.533333e-06,6.4e-05,5685093.876
1.013333e-05,0.000132012,4.533333e-06,6.83e-05,6073491.144
1.013333e-05,0.000132012,4.533333e-06,7.25e-05,6414732.201
1.013333e-05,0.000132012,4.533333e-06,7.68e-05,6717315.261
1.013333e-05,0.000132012,4.533333e-06,8.11e-05,7067915.182
1.013333e-05,0.000132012,4.533333e-06,8.53e-05,7594782.603
1.013333e-05,0.000132012,4.533333e-06,8.96e-05,8070655.071
1.013333e-05,0.000132012,4.533333e-06,3.84e-05,2957210.877
1.013333e-05,0.000132012,4.533333e-06,4.27e-05,3484703.87
1.013333e-05,0.000132012,4.533333e-06,4.69e-05,3940287.216
1.013333e-05,0.000132012,4.533333e-06,5.12e-05,4311361.11
1.013333e-05,0.000132012,4.533333e-06,5.55e-05,4669232.456
1.013333e-05,0.000132012,4.533333e-06,5.97e-05,5193454.872
1.013333e-05,0.000132012,4.533333e-06,6.4e-05,5644089.57
1.013333e-05,0.000132012,4.533333e-06,6.83e-05,6036027.954
1.013333e-05,0.000132012,4.533333e-06,7.25e-05,6381076.426
1.013333e-05,0.000132012,4.533333e-06,7.68e-05,6686972.92
1.013333e-05,0.000132012,4.533333e-06,8.11e-05,7008726.711
1.013333e-05,0.000132012,4.533333e-06,8.53e-05,7540808.468
1.013333e-05,0.000132012,4.533333e-06,8.96e-05,8021441.176
1.013333e-05,0.000132012,4e-06,3.84e-05,42831807.41
1.013333e-05,0.000132012,4e-06,4.27e-05,53021774.19
1.013333e-05,0.000132012,4e-06,4.69e-05,64326811.88
1.013333e-05,0.000132012,4e-06,5.12e-05,72914363.8
1.013333e-05,0.000132012,4e-06,5.55e-05,79282813.7
1.013333e-05,0.000132012,4e-06,5.97e-05,84954514.55
1.013333e-05,0.000132012,4e-06,6.4e-05,91410209.68
1.013333e-05,0.000132012,4e-06,6.83e-05,96806449.84
1.013333e-05,0.000132012,4e-06,7.25e-05,101301157.8
1.013333e-05,0.000132012,4e-06,7.68e-05,104981460.2
1.013333e-05,0.000132012,4e-06,8.11e-05,107965170.3
1.013333e-05,0.000132012,4e-06,8.53e-05,110378437.3
1.013333e-05,0.000132012,4e-06,8.96e-05,112331279.1
1.013333e-05,0.000132012,4e-06,3.84e-05,43865582.48
1.013333e-05,0.000132012,4e-06,4.27e-05,54152396.96
1.013333e-05,0.000132012,4e-06,4.69e-05,66222241.11
1.013333e-05,0.000132012,4e-06,5.12e-05,74724512.94
1.013333e-05,0.000132012,4e-06,5.55e-05,81033029.5
1.013333e-05,0.000132012,4e-06,5.97e-05,87581943.56
1.013333e-05,0.000132012,4e-06,6.4e-05,93887474.65
1.013333e-05,0.000132012,4e-06,6.83e-05,99136299.34
1.013333e-05,0.000132012,4e-06,7.25e-05,103497150.7
1.013333e-05,0.000132012,4e-06,7.68e-05,107066236.1
1.013333e-05,0.000132012,4e-06,8.11e-05,109961552.3
1.013333e-05,0.000132012,4e-06,8.53e-05,112305617.8
1.013333e-05,0.000132012,4e-06,8.96e-05,114204455.3
1.013333e-05,0.000132012,5.6e-06,3.84e-05,45627318.94
1.013333e-05,0.000132012,5.6e-06,4.27e-05,56888878.56
1.013333e-05,0.000132012,5.6e-06,4.69e-05,69407874.33
1.013333e-05,0.000132012,5.6e-06,5.12e-05,77776123.58
1.013333e-05,0.000132012,5.6e-06,5.55e-05,84444986.52
1.013333e-05,0.000132012,5.6e-06,5.97e-05,91979659.6
1.013333e-05,0.000132012,5.6e-06,6.4e-05,98028695.22
1.013333e-05,0.000132012,5.6e-06,6.83e-05,103042859.7
1.013333e-05,0.000132012,5.6e-06,7.25e-05,107188680.3
1.013333e-05,0.000132012,5.6e-06,7.68e-05,110577723.6
1.013333e-05,0.000132012,5.6e-06,8.11e-05,113329140.3
1.013333e-05,0.000132012,5.6e-06,8.53e-05,115560091.9
1.013333e-05,0.000132012,5.6e-06,8.96e-05,117370376.7
1.013333e-05,0.000132012,5.6e-06,3.84e-05,46389982.79
1.013333e-05,0.000132012,5.6e-06,4.27e-05,58312250.56
1.013333e-05,0.000132012,5.6e-06,4.69e-05,70772384.89
1.013333e-05,0.000132012,5.6e-06,5.12e-05,79083689.96
1.013333e-05,0.000132012,5.6e-06,5.55e-05,86404122.61
1.013333e-05,0.000132012,5.6e-06,5.97e-05,93833590.29
1.013333e-05,0.000132012,5.6e-06,6.4e-05,99790018.69
1.013333e-05,0.000132012,5.6e-06,6.83e-05,104709079.4
1.013333e-05,0.000132012,5.6e-06,7.25e-05,108766972.2
1.013333e-05,0.000132012,5.6e-06,7.68e-05,112081826.6
1.013333e-05,0.000132012,5.6e-06,8.11e-05,114773608.9
1.013333e-05,0.000132012,5.6e-06,8.53e-05,116957487.4
1.013333e-05,0.000132012,5.6e-06,8.96e-05,118730798.9
1.013333e-05,0.000132012,5.066667e-06,3.84e-05,47737518.35
1.013333e-05,0.000132012,5.066667e-06,4.27e-05,60803773.63
1.013333e-05,0.000132012,5.066667e-06,4.69e-05,73156747.57
1.013333e-05,0.000132012,5.066667e-06,5.12e-05,81373370.53
1.013333e-05,0.000132012,5.066667e-06,5.55e-05,89798326.53
1.013333e-05,0.000132012,5.066667e-06,5.97e-05,97053387.66
1.013333e-05,0.000132012,5.066667e-06,6.4e-05,102855892.9
1.013333e-05,0.000132012,5.066667e-06,6.83e-05,107616444.2
1.013333e-05,0.000132012,5.066667e-06,7.25e-05,111526632.3
1.013333e-05,0.000132012,5.066667e-06,7.68e-05,114715985.4
1.013333e-05,0.000132012,5.066667e-06,8.11e-05,117306353.4
1.013333e-05,0.000132012,5.066667e-06,8.53e-05,119409863.4
1.013333e-05,0.000132012,5.066667e-06,8.96e-05,121119851.7
1.013333e-05,0.000132012,5.066667e-06,3.84e-05,48338731.19
1.013333e-05,0.000132012,5.066667e-06,4.27e-05,61905553.71
1.013333e-05,0.000132012,5.066667e-06,4.69e-05,74209463.92
1.013333e-05,0.000132012,5.066667e-06,5.12e-05,82386262.59
1.013333e-05,0.000132012,5.066667e-06,5.55e-05,91285192.93
1.013333e-05,0.000132012,5.066667e-06,5.97e-05,98467141.32
1.013333e-05,0.000132012,5.066667e-06,6.4e-05,104204863.1
1.013333e-05,0.000132012,5.066667e-06,6.83e-05,108898591.8
1.013333e-05,0.000132012,5.066667e-06,7.25e-05,112746029.7
1.013333e-05,0.000132012,5.066667e-06,7.68e-05,115881692.4
1.013333e-05,0.000132012,5.066667e-06,8.11e-05,118428443.6
1.013333e-05,0.000132012,5.066667e-06,8.53e-05,120497249.8
1.013333e-05,0.000132012,5.066667e-06,8.96e-05,122179806.9
1.013333e-05,0.000132012,5.333333e-06,3.84e-05,50387587.07
1.013333e-05,0.000132012,5.333333e-06,4.27e-05,65613464.48
1.013333e-05,0.000132012,5.333333e-06,4.69e-05,77744890.57
1.013333e-05,0.000132012,5.333333e-06,5.12e-05,87202360.27
1.013333e-05,0.000132012,5.333333e-06,5.55e-05,96227395.41
1.013333e-05,0.000132012,5.333333e-06,5.97e-05,103181732.1
1.013333e-05,0.000132012,5.333333e-06,6.4e-05,108715833.0
1.013333e-05,0.000132012,5.333333e-06,6.83e-05,113199592.6
1.013333e-05,0.000132012,5.333333e-06,7.25e-05,116847654.9
1.013333e-05,0.000132012,5.333333e-06,7.68e-05,119810974.6
1.013333e-05,0.000132012,5.333333e-06,8.11e-05,122216603.2
1.013333e-05,0.000132012,5.333333e-06,8.53e-05,124172442.0
1.013333e-05,0.000132012,5.333333e-06,8.96e-05,125765265.5
1.013333e-05,0.000132012,5.333333e-06,3.84e-05,49425840.83
1.013333e-05,0.000132012,5.333333e-06,4.27e-05,63882058.61
1.013333e-05,0.000132012,5.333333e-06,4.69e-05,76095415.0
1.013333e-05,0.000132012,5.333333e-06,5.12e-05,84765512.26
1.013333e-05,0.000132012,5.333333e-06,5.55e-05,93931293.25
1.013333e-05,0.000132012,5.333333e-06,5.97e-05,100988343.7
1.013333e-05,0.000132012,5.333333e-06,6.4e-05,106614801.5
1.013333e-05,0.000132012,5.333333e-06,6.83e-05,111193734.6
1.013333e-05,0.000132012,5.333333e-06,7.25e-05,114932614.1
1.013333e-05,0.000132012,5.333333e-06,7.68e-05,117974793.8
1.013333e-05,0.000132012,5.333333e-06,8.11e-05,120445224.1
1.013333e-05,0.000132012,5.333333e-06,8.53e-05,122453075.7
1.013333e-05,0.000132012,5.333333e-06,8.96e-05,124087304.6
1.013333e-05,0.0003889991,2.4e-06,3.84e-05,10761427.18
1.013333e-05,0.0003889991,2.4e-06,4.27e-05,12331130.81
1.013333e-05,0.0003889991,2.4e-06,4.69e-05,13651288.69
1.013333e-05,0.0003889991,2.4e-06,5.12e-05,14782695.16
1.013333e-05,0.0003889991,2.4e-06,5.55e-05,15766549.77
1.013333e-05,0.0003889991,2.4e-06,5.97e-05,17657542.95
1.013333e-05,0.0003889991,2.4e-06,6.4e-05,19452547.66
1.013333e-05,0.0003889991,2.4e-06,6.83e-05,21082108.83
1.013333e-05,0.0003889991,2.4e-06,7.25e-05,22567394.17
1.013333e-05,0.0003889991,2.4e-06,7.68e-05,23929867.68
1.013333e-05,0.0003889991,2.4e-06,8.11e-05,26758042.92
1.013333e-05,0.0003889991,2.4e-06,8.53e-05,29456157.07
1.013333e-05,0.0003889991,2.4e-06,8.96e-05,31973648.85
1.013333e-05,0.0003889991,2.4e-06,3.84e-05,10642901.98
1.013333e-05,0.0003889991,2.4e-06,4.27e-05,12246242.13
1.013333e-05,0.0003889991,2.4e-06,4.69e-05,13593633.12
1.013333e-05,0.0003889991,2.4e-06,5.12e-05,14747526.5
1.013333e-05,0.0003889991,2.4e-06,5.55e-05,15750260.02
1.013333e-05,0.0003889991,2.4e-06,5.97e-05,17660506.0
1.013333e-05,0.0003889991,2.4e-06,6.4e-05,19489255.85
1.013333e-05,0.0003889991,2.4e-06,6.83e-05,21152448.52
1.013333e-05,0.0003889991,2.4e-06,7.25e-05,22664583.66
1.013333e-05,0.0003889991,2.4e-06,7.68e-05,24143023.02
1.013333e-05,0.0003889991,2.4e-06,8.11e-05,27107049.14
1.013333e-05,0.0003889991,2.4e-06,8.53e-05,29850968.51
1.013333e-05,0.0003889991,2.4e-06,8.96e-05,32431497.94
1.013333e-05,0.0003889991,2.666667e-06,3.84e-05,10449448.08
1.013333e-05,0.0003889991,2.666667e-06,4.27e-05,12085253.51
1.013333e-05,0.0003889991,2.666667e-06,4.69e-05,13480654.37
1.013333e-05,0.0003889991,2.666667e-06,5.12e-05,14674256.87
1.013333e-05,0.0003889991,2.666667e-06,5.55e-05,15710385.97
1.013333e-05,0.0003889991,2.666667e-06,5.97e-05,17639883.94
1.013333e-05,0.0003889991,2.666667e-06,6.4e-05,19535538.59
1.013333e-05,0.0003889991,2.666667e-06,6.83e-05,21250102.39
1.013333e-05,0.0003889991,2.666667e-06,7.25e-05,22815346.34
1.013333e-05,0.0003889991,2.666667e-06,7.68e-05,24594517.72
1.013333e-05,0.0003889991,2.666667e-06,8.11e-05,27668636.14
1.013333e-05,0.0003889991,2.666667e-06,8.53e-05,30521255.74
1.013333e-05,0.0003889991,2.666667e-06,8.96e-05,33186730.93
1.013333e-05,0.0003889991,2.666667e-06,3.84e-05,10403553.18
1.013333e-05,0.0003889991,2.666667e-06,4.27e-05,12009508.08
1.013333e-05,0.0003889991,2.666667e-06,4.69e-05,13426308.55
1.013333e-05,0.0003889991,2.666667e-06,5.12e-05,14637631.26
1.013333e-05,0.0003889991,2.666667e-06,5.55e-05,15688683.06
1.013333e-05,0.0003889991,2.666667e-06,5.97e-05,17621501.92
1.013333e-05,0.0003889991,2.666667e-06,6.4e-05,19545437.52
1.013333e-05,0.0003889991,2.666667e-06,6.83e-05,21283623.98
1.013333e-05,0.0003889991,2.666667e-06,7.25e-05,22872697.67
1.013333e-05,0.0003889991,2.666667e-06,7.68e-05,24775753.49
1.013333e-05,0.0003889991,2.666667e-06,8.11e-05,27895391.5
1.013333e-05,0.0003889991,2.666667e-06,8.53e-05,30799261.1
1.013333e-05,0.0003889991,2.666667e-06,8.96e-05,33504691.54
1.013333e-05,0.0003889991,2.933333e-06,3.84e-05,10205307.71
1.013333e-05,0.0003889991,2.933333e-06,4.27e-05,11675523.71
1.013333e-05,0.0003889991,2.933333e-06,4.69e-05,13181162.53
1.013333e-05,0.0003889991,2.933333e-06,5.12e-05,14466062.56
1.013333e-05,0.0003889991,2.933333e-06,5.55e-05,15579124.41
1.013333e-05,0.0003889991,2.933333e-06,5.97e-05,17498685.87
1.013333e-05,0.0003889991,2.933333e-06,6.4e-05,19539945.76
1.013333e-05,0.0003889991,2.933333e-06,6.83e-05,21385077.92
1.013333e-05,0.0003889991,2.933333e-06,7.25e-05,23061002.33
1.013333e-05,0.0003889991,2.933333e-06,7.68e-05,25429525.95
1.013333e-05,0.0003889991,2.933333e-06,8.11e-05,28759481.18
1.013333e-05,0.0003889991,2.933333e-06,8.53e-05,31838394.75
1.013333e-05,0.0003889991,2.933333e-06,8.96e-05,34721933.35
1.013333e-05,0.0003889991,2.933333e-06,3.84e-05,10278881.19
1.013333e-05,0.0003889991,2.933333e-06,4.27e-05,11800724.15
1.013333e-05,0.0003889991,2.933333e-06,4.69e-05,13273871.02
1.013333e-05,0.0003889991,2.933333e-06,5.12e-05,14531873.38
1.013333e-05,0.0003889991,2.933333e-06,5.55e-05,15622267.35
1.013333e-05,0.0003889991,2.933333e-06,5.97e-05,17551070.23
1.013333e-05,0.0003889991,2.933333e-06,6.4e-05,19549495.7
1.013333e-05,0.0003889991,2.933333e-06,6.83e-05,21356610.81
1.013333e-05,0.0003889991,2.933333e-06,7.25e-05,23000948.89
1.013333e-05,0.0003889991,2.933333e-06,7.68e-05,25207443.31
1.013333e-05,0.0003889991,2.933333e-06,8.11e-05,28464058.06
1.013333e-05,0.0003889991,2.933333e-06,8.53e-05,31482037.67
1.013333e-05,0.0003889991,2.933333e-06,8.96e-05,34286685.12
1.013333e-05,0.0003889991,3.2e-06,3.84e-05,10318382.05
1.013333e-05,0.0003889991,3.2e-06,4.27e-05,11867365.92
1.013333e-05,0.0003889991,3.2e-06,4.69e-05,13322873.38
1.013333e-05,0.0003889991,3.2e-06,5.12e-05,14566263.07
1.013333e-05,0.0003889991,3.2e-06,5.55e-05,15644338.89
1.013333e-05,0.0003889991,3.2e-06,5.97e-05,17576192.82
1.013333e-05,0.0003889991,3.2e-06,6.4e-05,19551310.38
1.013333e-05,0.0003889991,3.2e-06,6.83e-05,21337736.77
1.013333e-05,0.0003889991,3.2e-06,7.25e-05,22964142.14
1.013333e-05,0.0003889991,3.2e-06,7.68e-05,25069110.36
1.013333e-05,0.0003889991,3.2e-06,8.11e-05,28292565.98
1.013333e-05,0.0003889991,3.2e-06,8.53e-05,31275187.7
1.013333e-05,0.0003889991,3.2e-06,8.96e-05,34054622.04
1.013333e-05,0.0003889991,3.2e-06,3.84e-05,10106781.12
1.013333e-05,0.0003889991,3.2e-06,4.27e-05,11509525.3
1.013333e-05,0.0003889991,3.2e-06,4.69e-05,13054328.37
1.013333e-05,0.0003889991,3.2e-06,5.12e-05,14374895.34
1.013333e-05,0.0003889991,3.2e-06,5.55e-05,15517968.06
1.013333e-05,0.0003889991,3.2e-06,5.97e-05,17419317.55
1.013333e-05,0.0003889991,3.2e-06,6.4e-05,19517103.18
1.013333e-05,0.0003889991,3.2e-06,6.83e-05,21412360.97
1.013333e-05,0.0003889991,3.2e-06,7.25e-05,23136705.98
1.013333e-05,0.0003889991,3.2e-06,7.68e-05,25699119.92
1.013333e-05,0.0003889991,3.2e-06,8.11e-05,29120769.1
1.013333e-05,0.0003889991,3.2e-06,8.53e-05,32310110.5
1.013333e-05,0.0003889991,3.2e-06,8.96e-05,35268745.3
1.013333e-05,0.0003889991,3.466667e-06,3.84e-05,10138186.55
1.013333e-05,0.0003889991,3.466667e-06,4.27e-05,11560014.7
1.013333e-05,0.0003889991,3.466667e-06,4.69e-05,13095080.71
1.013333e-05,0.0003889991,3.466667e-06,5.12e-05,14404297.89
1.013333e-05,0.0003889991,3.466667e-06,5.55e-05,15537829.87
1.013333e-05,0.0003889991,3.466667e-06,5.97e-05,17445608.52
1.013333e-05,0.0003889991,3.466667e-06,6.4e-05,19525454.75
1.013333e-05,0.0003889991,3.466667e-06,6.83e-05,21404801.53
1.013333e-05,0.0003889991,3.466667e-06,7.25e-05,23114900.52
1.013333e-05,0.0003889991,3.466667e-06,7.68e-05,25616263.4
1.013333e-05,0.0003889991,3.466667e-06,8.11e-05,29011141.64
1.013333e-05,0.0003889991,3.466667e-06,8.53e-05,32165021.67
1.013333e-05,0.0003889991,3.466667e-06,8.96e-05,35098062.24
1.013333e-05,0.0003889991,3.466667e-06,3.84e-05,3722461.837
1.013333e-05,0.0003889991,3.466667e-06,4.27e-05,4171164.314
1.013333e-05,0.0003889991,3.466667e-06,4.69e-05,4528194.704
1.013333e-05,0.0003889991,3.466667e-06,5.12e-05,5082804.704
1.013333e-05,0.0003889991,3.466667e-06,5.55e-05,5583056.06
1.013333e-05,0.0003889991,3.466667e-06,5.97e-05,6007737.185
1.013333e-05,0.0003889991,3.466667e-06,6.4e-05,6373830.749
1.013333e-05,0.0003889991,3.466667e-06,6.83e-05,6693341.436
1.013333e-05,0.0003889991,3.466667e-06,7.25e-05,7043097.419
1.013333e-05,0.0003889991,3.466667e-06,7.68e-05,7587185.594
1.013333e-05,0.0003889991,3.466667e-06,8.11e-05,8073237.979
1.013333e-05,0.0003889991,3.466667e-06,8.53e-05,8514746.482
1.013333e-05,0.0003889991,3.466667e-06,8.96e-05,8916322.245
1.013333e-05,0.0003889991,3.733333e-06,3.84e-05,3557619.0
1.013333e-05,0.0003889991,3.733333e-06,4.27e-05,4033866.219
1.013333e-05,0.0003889991,3.733333e-06,4.69e-05,4412428.694
1.013333e-05,0.0003889991,3.733333e-06,5.12e-05,4878482.534
1.013333e-05,0.0003889991,3.733333e-06,5.55e-05,5403947.575
1.013333e-05,0.0003889991,3.733333e-06,5.97e-05,5850333.042
1.013333e-05,0.0003889991,3.733333e-06,6.4e-05,6234731.35
1.013333e-05,0.0003889991,3.733333e-06,6.83e-05,6569904.145
1.013333e-05,0.0003889991,3.733333e-06,7.25e-05,6865166.214
1.013333e-05,0.0003889991,3.733333e-06,7.68e-05,7373311.418
1.013333e-05,0.0003889991,3.733333e-06,8.11e-05,7880960.77
1.013333e-05,0.0003889991,3.733333e-06,8.53e-05,8340856.4
1.013333e-05,0.0003889991,3.733333e-06,8.96e-05,8760371.895
1.013333e-05,0.0003889991,3.733333e-06,3.84e-05,3483801.4
1.013333e-05,0.0003889991,3.733333e-06,4.27e-05,3972208.706
1.013333e-05,0.0003889991,3.733333e-06,4.69e-05,4360291.082
1.013333e-05,0.0003889991,3.733333e-06,5.12e-05,4786976.748
1.013333e-05,0.0003889991,3.733333e-06,5.55e-05,5323561.316
1.013333e-05,0.0003889991,3.733333e-06,5.97e-05,5779572.281
1.013333e-05,0.0003889991,3.733333e-06,6.4e-05,6172057.8
1.013333e-05,0.0003889991,3.733333e-06,6.83e-05,6514146.044
1.013333e-05,0.0003889991,3.733333e-06,7.25e-05,6815398.45
1.013333e-05,0.0003889991,3.733333e-06,7.68e-05,7276223.455
1.013333e-05,0.0003889991,3.733333e-06,8.11e-05,7794475.345
1.013333e-05,0.0003889991,3.733333e-06,8.53e-05,8262379.084
1.013333e-05,0.0003889991,3.733333e-06,8.96e-05,8689011.902
1.013333e-05,0.0003889991,4.8e-06,3.84e-05,3349906.618
1.013333e-05,0.0003889991,4.8e-06,4.27e-05,3860144.526
1.013333e-05,0.0003889991,4.8e-06,4.69e-05,4265334.942
1.013333e-05,0.0003889991,4.8e-06,5.12e-05,4621367.589
1.013333e-05,0.0003889991,4.8e-06,5.55e-05,5178784.303
1.013333e-05,0.0003889991,4.8e-06,5.97e-05,5650931.047
1.013333e-05,0.0003889991,4.8e-06,6.4e-05,6057980.925
1.013333e-05,0.0003889991,4.8e-06,6.83e-05,6412494.203
1.013333e-05,0.0003889991,4.8e-06,7.25e-05,6724501.23
1.013333e-05,0.0003889991,4.8e-06,7.68e-05,7097945.617
1.013333e-05,0.0003889991,4.8e-06,8.11e-05,7635498.23
1.013333e-05,0.0003889991,4.8e-06,8.53e-05,8117921.919
1.013333e-05,0.0003889991,4.8e-06,8.96e-05,8557879.39
1.013333e-05,0.0003889991,4.8e-06,3.84e-05,3124279.92
1.013333e-05,0.0003889991,4.8e-06,4.27e-05,3670826.121
1.013333e-05,0.0003889991,4.8e-06,4.69e-05,4104478.311
1.013333e-05,0.0003889991,4.8e-06,5.12e-05,4457884.317
1.013333e-05,0.0003889991,4.8e-06,5.55e-05,4934610.963
1.013333e-05,0.0003889991,4.8e-06,5.97e-05,5435125.309
1.013333e-05,0.0003889991,4.8e-06,6.4e-05,5865135.28
1.013333e-05,0.0003889991,4.8e-06,6.83e-05,6240393.834
1.013333e-05,0.0003889991,4.8e-06,7.25e-05,6570276.533
1.013333e-05,0.0003889991,4.8e-06,7.68e-05,6862900.511
1.013333e-05,0.0003889991,4.8e-06,8.11e-05,7362961.418
1.013333e-05,0.0003889991,4.8e-06,8.53e-05,7872747.18
1.013333e-05,0.0003889991,4.8e-06,8.96e-05,8333771.498
1.013333e-05,0.0003889991,4.266667e-06,3.84e-05,3176302.637
1.013333e-05,0.0003889991,4.266667e-06,4.27e-05,3714512.105
1.013333e-05,0.0003889991,4.266667e-06,4.69e-05,4141635.262
1.013333e-05,0.0003889991,4.266667e-06,5.12e-05,4489777.617
1.013333e-05,0.0003889991,4.266667e-06,5.55e-05,4990776.498
1.013333e-05,0.0003889991,4.266667e-06,5.97e-05,5484909.492
1.013333e-05,0.0003889991,4.266667e-06,6.4e-05,5909631.805
1.013333e-05,0.0003889991,4.266667e-06,6.83e-05,6280112.313
1.013333e-05,0.0003889991,4.266667e-06,7.25e-05,6605894.14
1.013333e-05,0.0003889991,4.266667e-06,7.68e-05,6894938.15
1.013333e-05,0.0003889991,4.266667e-06,8.11e-05,7426473.295
1.013333e-05,0.0003889991,4.266667e-06,8.53e-05,7928966.501
1.013333e-05,0.0003889991,4.266667e-06,8.96e-05,8385392.239
1.013333e-05,0.0003889991,4.266667e-06,3.84e-05,3288802.255
1.013333e-05,0.0003889991,4.266667e-06,4.27e-05,3808921.457
1.013333e-05,0.0003889991,4.266667e-06,4.69e-05,4221860.089
1.013333e-05,0.0003889991,4.266667e-06,5.12e-05,4558567.389
1.013333e-05,0.0003889991,4.266667e-06,5.55e-05,5112531.846
1.013333e-05,0.0003889991,4.266667e-06,5.97e-05,5592124.654
1.013333e-05,0.0003889991,4.266667e-06,6.4e-05,6005804.073
1.013333e-05,0.0003889991,4.266667e-06,6.83e-05,6365949.513
1.013333e-05,0.0003889991,4.266667e-06,7.25e-05,6682823.591
1.013333e-05,0.0003889991,4.266667e-06,7.68e-05,7017062.79
1.013333e-05,0.0003889991,4.266667e-06,8.11e-05,7562154.424
1.013333e-05,0.0003889991,4.266667e-06,8.53e-05,8051447.577
1.013333e-05,0.0003889991,4.266667e-06,8.96e-05,8497495.516
1.013333e-05,0.0003889991,4.533333e-06,3.84e-05,3074858.517
1.013333e-05,0.0003889991,4.533333e-06,4.27e-05,3629207.935
1.013333e-05,0.0003889991,4.533333e-06,4.69e-05,4069064.342
1.013333e-05,0.0003889991,4.533333e-06,5.12e-05,4427470.955
1.013333e-05,0.0003889991,4.533333e-06,5.55e-05,4881217.77
1.013333e-05,0.0003889991,4.533333e-06,5.97e-05,5387775.758
1.013333e-05,0.0003889991,4.533333e-06,6.4e-05,5822749.607
1.013333e-05,0.0003889991,4.533333e-06,6.83e-05,6202567.286
1.013333e-05,0.0003889991,4.533333e-06,7.25e-05,6536348.677
1.013333e-05,0.0003889991,4.533333e-06,7.68e-05,6832370.984
1.013333e-05,0.0003889991,4.533333e-06,8.11e-05,7303150.054
1.013333e-05,0.0003889991,4.533333e-06,8.53e-05,7818672.636
1.013333e-05,0.0003889991,4.533333e-06,8.96e-05,8284457.262
1.013333e-05,0.0003889991,4.533333e-06,3.84e-05,3027761.641
1.013333e-05,0.0003889991,4.533333e-06,4.27e-05,3589481.642
1.013333e-05,0.0003889991,4.533333e-06,4.69e-05,4035249.029
1.013333e-05,0.0003889991,4.533333e-06,5.12e-05,4398417.953
1.013333e-05,0.0003889991,4.533333e-06,5.55e-05,4830363.545
1.013333e-05,0.0003889991,4.533333e-06,5.97e-05,5342659.075
1.013333e-05,0.0003889991,4.533333e-06,6.4e-05,5783203.345
1.013333e-05,0.0003889991,4.533333e-06,6.83e-05,6166477.338
1.013333e-05,0.0003889991,4.533333e-06,7.25e-05,6503976.319
1.013333e-05,0.0003889991,4.533333e-06,7.68e-05,6803232.749
1.013333e-05,0.0003889991,4.533333e-06,8.11e-05,7246313.415
1.013333e-05,0.0003889991,4.533333e-06,8.53e-05,7766915.57
1.013333e-05,0.0003889991,4.533333e-06,8.96e-05,8237335.049
1.013333e-05,0.0003889991,4e-06,3.84e-05,44468793.88
1.013333e-05,0.0003889991,4e-06,4.27e-05,54463195.73
1.013333e-05,0.0003889991,4e-06,4.69e-05,66539418.96
1.013333e-05,0.0003889991,4e-06,5.12e-05,74962106.43
1.013333e-05,0.0003889991,4e-06,5.55e-05,81219536.73
1.013333e-05,0.0003889991,4e-06,5.97e-05,87824634.89
1.013333e-05,0.0003889991,4e-06,6.4e-05,94098892.04
1.013333e-05,0.0003889991,4e-06,6.83e-05,99311772.3
1.013333e-05,0.0003889991,4e-06,7.25e-05,103631801.2
1.013333e-05,0.0003889991,4e-06,7.68e-05,107157817.2
1.013333e-05,0.0003889991,4e-06,8.11e-05,110011040.1
1.013333e-05,0.0003889991,4e-06,8.53e-05,112315733.0
1.013333e-05,0.0003889991,4e-06,8.96e-05,114178411.0
1.013333e-05,0.0003889991,4e-06,3.84e-05,45512709.31
1.013333e-05,0.0003889991,4e-06,4.27e-05,56067033.8
1.013333e-05,0.0003889991,4e-06,4.69e-05,68425920.07
1.013333e-05,0.0003889991,4e-06,5.12e-05,76765790.22
1.013333e-05,0.0003889991,4e-06,5.55e-05,82965457.24
1.013333e-05,0.0003889991,4e-06,5.97e-05,90428529.39
1.013333e-05,0.0003889991,4e-06,6.4e-05,96555791.16
1.013333e-05,0.0003889991,4e-06,6.83e-05,101624314.8
1.013333e-05,0.0003889991,4e-06,7.25e-05,105813273.1
1.013333e-05,0.0003889991,4e-06,7.68e-05,109230276.9
1.013333e-05,0.0003889991,4e-06,8.11e-05,111996711.4
1.013333e-05,0.0003889991,4e-06,8.53e-05,114233331.0
1.013333e-05,0.0003889991,4e-06,8.96e-05,116042784.7
1.013333e-05,0.0003889991,5.6e-06,3.84e-05,47292739.16
1.013333e-05,0.0003889991,5.6e-06,4.27e-05,59381126.45
1.013333e-05,0.0003889991,5.6e-06,4.69e-05,71598199.56
1.013333e-05,0.0003889991,5.6e-06,5.12e-05,79807788.31
1.013333e-05,0.0003889991,5.6e-06,5.55e-05,87433690.14
1.013333e-05,0.0003889991,5.6e-06,5.97e-05,94787574.38
1.013333e-05,0.0003889991,5.6e-06,6.4e-05,100664797.8
1.013333e-05,0.0003889991,5.6e-06,6.83e-05,105503715.3
1.013333e-05,0.0003889991,5.6e-06,7.25e-05,109482244.1
1.013333e-05,0.0003889991,5.6e-06,7.68e-05,112722846.0
1.013333e-05,0.0003889991,5.6e-06,8.11e-05,115348027.2
1.013333e-05,0.0003889991,5.6e-06,8.53e-05,117473385.5
1.013333e-05,0.0003889991,5.6e-06,8.96e-05,119195560.5
1.013333e-05,0.0003889991,5.6e-06,3.84e-05,48063673.11
1.013333e-05,0.0003889991,5.6e-06,4.27e-05,60800777.94
1.013333e-05,0.0003889991,5.6e-06,4.69e-05,72956920.44
1.013333e-05,0.0003889991,5.6e-06,5.12e-05,81111729.47
1.013333e-05,0.0003889991,5.6e-06,5.55e-05,89375034.41
1.013333e-05,0.0003889991,5.6e-06,5.97e-05,96626456.81
1.013333e-05,0.0003889991,5.6e-06,6.4e-05,102413131.8
1.013333e-05,0.0003889991,5.6e-06,6.83e-05,107159071.5
1.013333e-05,0.0003889991,5.6e-06,7.25e-05,111051607.1
1.013333e-05,0.0003889991,5.6e-06,7.68e-05,114219551.0
1.013333e-05,0.0003889991,5.6e-06,8.11e-05,116786209.7
1.013333e-05,0.0003889991,5.6e-06,8.53e-05,118865271.5
1.013333e-05,0.0003889991,5.6e-06,8.96e-05,120551005.1
1.013333e-05,0.0003889991,5.066667e-06,3.84e-05,49426258.2
1.013333e-05,0.0003889991,5.066667e-06,4.27e-05,63286222.9
1.013333e-05,0.0003889991,5.066667e-06,4.69e-05,75331851.5
1.013333e-05,0.0003889991,5.066667e-06,5.12e-05,83518492.18
1.013333e-05,0.0003889991,5.066667e-06,5.55e-05,92739381.76
1.013333e-05,0.0003889991,5.066667e-06,5.97e-05,99821154.24
1.013333e-05,0.0003889991,5.066667e-06,6.4e-05,105457429.9
1.013333e-05,0.0003889991,5.066667e-06,6.83e-05,110048524.8
1.013333e-05,0.0003889991,5.066667e-06,7.25e-05,113796689.5
1.013333e-05,0.0003889991,5.066667e-06,7.68e-05,116841771.9
1.013333e-05,0.0003889991,5.066667e-06,8.11e-05,119308933.7
1.013333e-05,0.0003889991,5.066667e-06,8.53e-05,121308964.5
1.013333e-05,0.0003889991,5.066667e-06,8.96e-05,122932288.2
1.013333e-05,0.0003889991,5.066667e-06,3.84e-05,50034340.47
1.013333e-05,0.0003889991,5.066667e-06,4.27e-05,64385472.27
1.013333e-05,0.0003889991,5.066667e-06,4.69e-05,76380669.27
1.013333e-05,0.0003889991,5.066667e-06,5.12e-05,85087608.75
1.013333e-05,0.0003889991,5.066667e-06,5.55e-05,94213563.87
1.013333e-05,0.0003889991,5.066667e-06,5.97e-05,101224310.3
1.013333e-05,0.0003889991,5.066667e-06,6.4e-05,106797327.5
1.013333e-05,0.0003889991,5.066667e-06,6.83e-05,111323196.7
1.013333e-05,0.0003889991,5.066667e-06,7.25e-05,115010063.8
1.013333e-05,0.0003889991,5.066667e-06,7.68e-05,118002607.1
1.013333e-05,0.0003889991,5.066667e-06,8.11e-05,120426988.7
1.013333e-05,0.0003889991,5.066667e-06,8.53e-05,122392898.9
1.013333e-05,0.0003889991,5.066667e-06,8.96e-05,123989188.8
1.013333e-05,0.0003889991,5.333333e-06,3.84e-05,52107143.28
1.013333e-05,0.0003889991,5.333333e-06,4.27e-05,68085451.6
1.013333e-05,0.0003889991,5.333333e-06,4.69e-05,79904125.4
1.013333e-05,0.0003889991,5.333333e-06,5.12e-05,90292412.38
1.013333e-05,0.0003889991,5.333333e-06,5.55e-05,99115376.34
1.013333e-05,0.0003889991,5.333333e-06,5.97e-05,105905470.8
1.013333e-05,0.0003889991,5.333333e-06,6.4e-05,111279842.1
1.013333e-05,0.0003889991,5.333333e-06,6.83e-05,115601009.8
1.013333e-05,0.0003889991,5.333333e-06,7.25e-05,119093289.4
1.013333e-05,0.0003889991,5.333333e-06,7.68e-05,121917291.5
1.013333e-05,0.0003889991,5.333333e-06,8.11e-05,124203317.7
1.013333e-05,0.0003889991,5.333333e-06,8.53e-05,126198452.1
1.013333e-05,0.0003889991,5.333333e-06,8.96e-05,129031482.4
1.013333e-05,0.0003889991,5.333333e-06,3.84e-05,51134067.92
1.013333e-05,0.0003889991,5.333333e-06,4.27e-05,66357646.59
1.013333e-05,0.0003889991,5.333333e-06,4.69e-05,78260023.62
1.013333e-05,0.0003889991,5.333333e-06,5.12e-05,87878099.47
1.013333e-05,0.0003889991,5.333333e-06,5.55e-05,96837697.28
1.013333e-05,0.0003889991,5.333333e-06,5.97e-05,103727266.6
1.013333e-05,0.0003889991,5.333333e-06,6.4e-05,109191702.5
1.013333e-05,0.0003889991,5.333333e-06,6.83e-05,113605604.7
1.013333e-05,0.0003889991,5.333333e-06,7.25e-05,117186485.2
1.013333e-05,0.0003889991,5.333333e-06,7.68e-05,120087586.0
1.013333e-05,0.0003889991,5.333333e-06,8.11e-05,122437130.9
1.013333e-05,0.0003889991,5.333333e-06,8.53e-05,124343120.9
1.013333e-05,0.0003889991,5.333333e-06,8.96e-05,125891787.4
1.013333e-05,4.48e-05,2.4e-06,3.84e-05,11044334.04
1.013333e-05,4.48e-05,2.4e-06,4.27e-05,12589396.16
1.013333e-05,4.48e-05,2.4e-06,4.69e-05,13889790.95
1.013333e-05,4.48e-05,2.4e-06,5.12e-05,15004839.08
1.013333e-05,4.48e-05,2.4e-06,5.55e-05,16137835.78
1.013333e-05,4.48e-05,2.4e-06,5.97e-05,18110810.22
1.013333e-05,4.48e-05,2.4e-06,6.4e-05,19884072.25
1.013333e-05,4.48e-05,2.4e-06,6.83e-05,21494121.23
1.013333e-05,4.48e-05,2.4e-06,7.25e-05,22961822.58
1.013333e-05,4.48e-05,2.4e-06,7.68e-05,24725181.06
1.013333e-05,4.48e-05,2.4e-06,8.11e-05,27596401.95
1.013333e-05,4.48e-05,2.4e-06,8.53e-05,30263682.84
1.013333e-05,4.48e-05,2.4e-06,8.96e-05,32752321.09
1.013333e-05,4.48e-05,2.4e-06,3.84e-05,10931329.73
1.013333e-05,4.48e-05,2.4e-06,4.27e-05,12509345.38
1.013333e-05,4.48e-05,2.4e-06,4.69e-05,13836392.89
1.013333e-05,4.48e-05,2.4e-06,5.12e-05,14973426.89
1.013333e-05,4.48e-05,2.4e-06,5.55e-05,16108549.16
1.013333e-05,4.48e-05,2.4e-06,5.97e-05,18121407.99
1.013333e-05,4.48e-05,2.4e-06,6.4e-05,19927666.69
1.013333e-05,4.48e-05,2.4e-06,6.83e-05,21570562.04
1.013333e-05,4.48e-05,2.4e-06,7.25e-05,23064493.23
1.013333e-05,4.48e-05,2.4e-06,7.68e-05,25027966.98
1.013333e-05,4.48e-05,2.4e-06,8.11e-05,27957455.23
1.013333e-05,4.48e-05,2.4e-06,8.53e-05,30669433.14
1.013333e-05,4.48e-05,2.4e-06,8.96e-05,33219588.64
1.013333e-05,4.48e-05,2.666667e-06,3.84e-05,10721013.35
1.013333e-05,4.48e-05,2.666667e-06,4.27e-05,12357011.81
1.013333e-05,4.48e-05,2.666667e-06,4.69e-05,13731029.24
1.013333e-05,4.48e-05,2.666667e-06,5.12e-05,14906876.02
1.013333e-05,4.48e-05,2.666667e-06,5.55e-05,16031090.11
1.013333e-05,4.48e-05,2.666667e-06,5.97e-05,18114408.71
1.013333e-05,4.48e-05,2.666667e-06,6.4e-05,19986036.75
1.013333e-05,4.48e-05,2.666667e-06,6.83e-05,21679111.38
1.013333e-05,4.48e-05,2.666667e-06,7.25e-05,23224824.83
1.013333e-05,4.48e-05,2.666667e-06,7.68e-05,25503517.61
1.013333e-05,4.48e-05,2.666667e-06,8.11e-05,28540534.63
1.013333e-05,4.48e-05,2.666667e-06,8.53e-05,31358593.29
1.013333e-05,4.48e-05,2.666667e-06,8.96e-05,33991539.33
1.013333e-05,4.48e-05,2.666667e-06,3.84e-05,10623359.96
1.013333e-05,4.48e-05,2.666667e-06,4.27e-05,12285170.07
1.013333e-05,4.48e-05,2.666667e-06,4.69e-05,13680117.03
1.013333e-05,4.48e-05,2.666667e-06,5.12e-05,14873279.46
1.013333e-05,4.48e-05,2.666667e-06,5.55e-05,15987394.09
1.013333e-05,4.48e-05,2.666667e-06,5.97e-05,18102154.34
1.013333e-05,4.48e-05,2.666667e-06,6.4e-05,20001411.23
1.013333e-05,4.48e-05,2.666667e-06,6.83e-05,21717553.25
1.013333e-05,4.48e-05,2.666667e-06,7.25e-05,23286506.6
1.013333e-05,4.48e-05,2.666667e-06,7.68e-05,25695608.46
1.013333e-05,4.48e-05,2.666667e-06,8.11e-05,28776960.94
1.013333e-05,4.48e-05,2.666667e-06,8.53e-05,31645111.18
1.013333e-05,4.48e-05,2.666667e-06,8.96e-05,34316975.59
1.013333e-05,4.48e-05,2.933333e-06,3.84e-05,10349748.49
1.013333e-05,4.48e-05,2.933333e-06,4.27e-05,11967614.02
1.013333e-05,4.48e-05,2.933333e-06,4.69e-05,13449407.85
1.013333e-05,4.48e-05,2.933333e-06,5.12e-05,14714438.97
1.013333e-05,4.48e-05,2.933333e-06,5.55e-05,15810574.74
1.013333e-05,4.48e-05,2.933333e-06,5.97e-05,18004988.67
1.013333e-05,4.48e-05,2.933333e-06,6.4e-05,20018811.87
1.013333e-05,4.48e-05,2.933333e-06,6.83e-05,21839295.87
1.013333e-05,4.48e-05,2.933333e-06,7.25e-05,23492971.73
1.013333e-05,4.48e-05,2.933333e-06,7.68e-05,26394603.23
1.013333e-05,4.48e-05,2.933333e-06,8.11e-05,29681294.05
1.013333e-05,4.48e-05,2.933333e-06,8.53e-05,32719776.37
1.013333e-05,4.48e-05,2.933333e-06,8.96e-05,35565203.98
1.013333e-05,4.48e-05,2.933333e-06,3.84e-05,10420257.75
1.013333e-05,4.48e-05,2.933333e-06,4.27e-05,12086773.47
1.013333e-05,4.48e-05,2.933333e-06,4.69e-05,13536810.92
1.013333e-05,4.48e-05,2.933333e-06,5.12e-05,14775574.24
1.013333e-05,4.48e-05,2.933333e-06,5.55e-05,15850456.47
1.013333e-05,4.48e-05,2.933333e-06,5.97e-05,18047969.63
1.013333e-05,4.48e-05,2.933333e-06,6.4e-05,20019975.1
1.013333e-05,4.48e-05,2.933333e-06,6.83e-05,21803370.42
1.013333e-05,4.48e-05,2.933333e-06,7.25e-05,23426238.61
1.013333e-05,4.48e-05,2.933333e-06,7.68e-05,26155942.4
1.013333e-05,4.48e-05,2.933333e-06,8.11e-05,29370681.07
1.013333e-05,4.48e-05,2.933333e-06,8.53e-05,32350402.49
1.013333e-05,4.48e-05,2.933333e-06,8.96e-05,35118822.33
1.013333e-05,4.48e-05,3.2e-06,3.84e-05,10458100.93
1.013333e-05,4.48e-05,3.2e-06,4.27e-05,12150148.86
1.013333e-05,4.48e-05,3.2e-06,4.69e-05,13582942.83
1.013333e-05,4.48e-05,3.2e-06,5.12e-05,14807433.17
1.013333e-05,4.48e-05,3.2e-06,5.55e-05,15896366.64
1.013333e-05,4.48e-05,3.2e-06,5.97e-05,18067993.07
1.013333e-05,4.48e-05,3.2e-06,6.4e-05,20017239.13
1.013333e-05,4.48e-05,3.2e-06,6.83e-05,21780447.18
1.013333e-05,4.48e-05,3.2e-06,7.25e-05,23385825.98
1.013333e-05,4.48e-05,3.2e-06,7.68e-05,26009068.58
1.013333e-05,4.48e-05,3.2e-06,8.11e-05,29191641.76
1.013333e-05,4.48e-05,3.2e-06,8.53e-05,32136501.46
1.013333e-05,4.48e-05,3.2e-06,8.96e-05,34880425.86
1.013333e-05,4.48e-05,3.2e-06,3.84e-05,10255297.05
1.013333e-05,4.48e-05,3.2e-06,4.27e-05,11809586.18
1.013333e-05,4.48e-05,3.2e-06,4.69e-05,13329632.84
1.013333e-05,4.48e-05,3.2e-06,5.12e-05,14629486.8
1.013333e-05,4.48e-05,3.2e-06,5.55e-05,15754901.37
1.013333e-05,4.48e-05,3.2e-06,5.97e-05,17938082.61
1.013333e-05,4.48e-05,3.2e-06,6.4e-05,20007072.94
1.013333e-05,4.48e-05,3.2e-06,6.83e-05,21876443.14
1.013333e-05,4.48e-05,3.2e-06,7.25e-05,23577287.63
1.013333e-05,4.48e-05,3.2e-06,7.68e-05,26686168.57
1.013333e-05,4.48e-05,3.2e-06,8.11e-05,30062479.43
1.013333e-05,4.48e-05,3.2e-06,8.53e-05,33208478.42
1.013333e-05,4.48e-05,3.2e-06,8.96e-05,36126772.9
1.013333e-05,4.48e-05,3.466667e-06,3.84e-05,10285405.63
1.013333e-05,4.48e-05,3.466667e-06,4.27e-05,11857589.67
1.013333e-05,4.48e-05,3.466667e-06,4.69e-05,13368137.81
1.013333e-05,4.48e-05,3.466667e-06,5.12e-05,14656911.64
1.013333e-05,4.48e-05,3.466667e-06,5.55e-05,15773019.04
1.013333e-05,4.48e-05,3.466667e-06,5.97e-05,17960412.88
1.013333e-05,4.48e-05,3.466667e-06,6.4e-05,20011897.1
1.013333e-05,4.48e-05,3.466667e-06,6.83e-05,21865751.25
1.013333e-05,4.48e-05,3.466667e-06,7.25e-05,23552712.69
1.013333e-05,4.48e-05,3.466667e-06,7.68e-05,26596324.71
1.013333e-05,4.48e-05,3.466667e-06,8.11e-05,29946425.38
1.013333e-05,4.48e-05,3.466667e-06,8.53e-05,33057974.67
1.013333e-05,4.48e-05,3.466667e-06,8.96e-05,35951408.21
1.013333e-05,4.48e-05,3.466667e-06,3.84e-05,3805263.788
1.013333e-05,4.48e-05,3.466667e-06,4.27e-05,4245021.159
1.013333e-05,4.48e-05,3.466667e-06,4.69e-05,4620730.509
1.013333e-05,4.48e-05,3.466667e-06,5.12e-05,5207986.753
1.013333e-05,4.48e-05,3.466667e-06,5.55e-05,5698046.638
1.013333e-05,4.48e-05,3.466667e-06,5.97e-05,6114309.205
1.013333e-05,4.48e-05,3.466667e-06,6.4e-05,6473310.468
1.013333e-05,4.48e-05,3.466667e-06,6.83e-05,6786748.725
1.013333e-05,4.48e-05,3.466667e-06,7.25e-05,7234008.143
1.013333e-05,4.48e-05,3.466667e-06,7.68e-05,7767842.039
1.013333e-05,4.48e-05,3.466667e-06,8.11e-05,8244963.773
1.013333e-05,4.48e-05,3.466667e-06,8.53e-05,8678502.168
1.013333e-05,4.48e-05,3.466667e-06,8.96e-05,9072955.795
1.013333e-05,4.48e-05,3.733333e-06,3.84e-05,3644366.257
1.013333e-05,4.48e-05,3.733333e-06,4.27e-05,4111276.518
1.013333e-05,4.48e-05,3.733333e-06,4.69e-05,4482586.838
1.013333e-05,4.48e-05,3.733333e-06,5.12e-05,5009152.911
1.013333e-05,4.48e-05,3.733333e-06,5.55e-05,5523982.164
1.013333e-05,4.48e-05,3.733333e-06,5.97e-05,5961558.518
1.013333e-05,4.48e-05,3.733333e-06,6.4e-05,6338528.042
1.013333e-05,4.48e-05,3.733333e-06,6.83e-05,6667334.474
1.013333e-05,4.48e-05,3.733333e-06,7.25e-05,7002107.875
1.013333e-05,4.48e-05,3.733333e-06,7.68e-05,7561305.682
1.013333e-05,4.48e-05,3.733333e-06,8.11e-05,8059580.963
1.013333e-05,4.48e-05,3.733333e-06,8.53e-05,8511120.755
1.013333e-05,4.48e-05,3.733333e-06,8.96e-05,8923139.889
1.013333e-05,4.48e-05,3.733333e-06,3.84e-05,3572312.4
1.013333e-05,4.48e-05,3.733333e-06,4.27e-05,4051207.247
1.013333e-05,4.48e-05,3.733333e-06,4.69e-05,4431896.261
1.013333e-05,4.48e-05,3.733333e-06,5.12e-05,4920106.328
1.013333e-05,4.48e-05,3.733333e-06,5.55e-05,5445855.405
1.013333e-05,4.48e-05,3.733333e-06,5.97e-05,5892881.012
1.013333e-05,4.48e-05,3.733333e-06,6.4e-05,6277786.814
1.013333e-05,4.48e-05,3.733333e-06,6.83e-05,6613377.088
1.013333e-05,4.48e-05,3.733333e-06,7.25e-05,6908983.885
1.013333e-05,4.48e-05,3.733333e-06,7.68e-05,7467507.773
1.013333e-05,4.48e-05,3.733333e-06,8.11e-05,7976143.972
1.013333e-05,4.48e-05,3.733333e-06,8.53e-05,8435544.401
1.013333e-05,4.48e-05,3.733333e-06,8.96e-05,8854525.928
1.013333e-05,4.48e-05,4.8e-06,3.84e-05,3441614.114
1.013333e-05,4.48e-05,4.8e-06,4.27e-05,3942020.99
1.013333e-05,4.48e-05,4.8e-06,4.69e-05,4339561.953
1.013333e-05,4.48e-05,4.8e-06,5.12e-05,4758956.804
1.013333e-05,4.48e-05,4.8e-06,5.55e-05,5305159.069
1.013333e-05,4.48e-05,4.8e-06,5.97e-05,5768019.689
1.013333e-05,4.48e-05,4.8e-06,6.4e-05,6167214.661
1.013333e-05,4.48e-05,4.8e-06,6.83e-05,6514990.909
1.013333e-05,4.48e-05,4.8e-06,7.25e-05,6821141.715
1.013333e-05,4.48e-05,4.8e-06,7.68e-05,7295228.683
1.013333e-05,4.48e-05,4.8e-06,8.11e-05,7822752.863
1.013333e-05,4.48e-05,4.8e-06,8.53e-05,8296356.51
1.013333e-05,4.48e-05,4.8e-06,8.96e-05,8728372.108
1.013333e-05,4.48e-05,4.8e-06,3.84e-05,3221372.906
1.013333e-05,4.48e-05,4.8e-06,4.27e-05,3757549.23
1.013333e-05,4.48e-05,4.8e-06,4.69e-05,4183119.954
1.013333e-05,4.48e-05,4.8e-06,5.12e-05,4530019.23
1.013333e-05,4.48e-05,4.8e-06,5.55e-05,5067877.245
1.013333e-05,4.48e-05,4.8e-06,5.97e-05,5558568.049
1.013333e-05,4.48e-05,4.8e-06,6.4e-05,5980278.663
1.013333e-05,4.48e-05,4.8e-06,6.83e-05,6348394.237
1.013333e-05,4.48e-05,4.8e-06,7.25e-05,6672065.114
1.013333e-05,4.48e-05,4.8e-06,7.68e-05,7006322.997
1.013333e-05,4.48e-05,4.8e-06,8.11e-05,7559671.857
1.013333e-05,4.48e-05,4.8e-06,8.53e-05,8060021.312
1.013333e-05,4.48e-05,4.8e-06,8.96e-05,8512647.597
1.013333e-05,4.48e-05,4.266667e-06,3.84e-05,3272153.464
1.013333e-05,4.48e-05,4.266667e-06,4.27e-05,3800117.746
1.013333e-05,4.48e-05,4.266667e-06,4.69e-05,4219259.154
1.013333e-05,4.48e-05,4.266667e-06,5.12e-05,4560976.783
1.013333e-05,4.48e-05,4.266667e-06,5.55e-05,5122454.028
1.013333e-05,4.48e-05,4.266667e-06,5.97e-05,5606885.741
1.013333e-05,4.48e-05,4.266667e-06,6.4e-05,6023411.847
1.013333e-05,4.48e-05,4.266667e-06,6.83e-05,6386843.583
1.013333e-05,4.48e-05,4.266667e-06,7.25e-05,6706495.75
1.013333e-05,4.48e-05,4.266667e-06,7.68e-05,7072952.173
1.013333e-05,4.48e-05,4.266667e-06,8.11e-05,7620990.083
1.013333e-05,4.48e-05,4.266667e-06,8.53e-05,8114204.061
1.013333e-05,4.48e-05,4.266667e-06,8.96e-05,8562339.93
1.013333e-05,4.48e-05,4.266667e-06,3.84e-05,3381967.99
1.013333e-05,4.48e-05,4.266667e-06,4.27e-05,3892110.581
1.013333e-05,4.48e-05,4.266667e-06,4.69e-05,4297282.859
1.013333e-05,4.48e-05,4.266667e-06,5.12e-05,4685612.204
1.013333e-05,4.48e-05,4.266667e-06,5.55e-05,5240773.094
1.013333e-05,4.48e-05,4.266667e-06,5.97e-05,5710939.591
1.013333e-05,4.48e-05,4.266667e-06,6.4e-05,6116637.507
1.013333e-05,4.48e-05,4.266667e-06,6.83e-05,6469936.534
1.013333e-05,4.48e-05,4.266667e-06,7.25e-05,6780858.237
1.013333e-05,4.48e-05,4.266667e-06,7.68e-05,7217060.381
1.013333e-05,4.48e-05,4.266667e-06,8.11e-05,7751962.768
1.013333e-05,4.48e-05,4.266667e-06,8.53e-05,8232287.002
1.013333e-05,4.48e-05,4.266667e-06,8.96e-05,8670259.266
1.013333e-05,4.48e-05,4.533333e-06,3.84e-05,3173131.373
1.013333e-05,4.48e-05,4.533333e-06,4.27e-05,3716995.471
1.013333e-05,4.48e-05,4.533333e-06,4.69e-05,4148675.338
1.013333e-05,4.48e-05,4.533333e-06,5.12e-05,4500497.098
1.013333e-05,4.48e-05,4.533333e-06,5.55e-05,5015996.991
1.013333e-05,4.48e-05,4.533333e-06,5.97e-05,5512615.015
1.013333e-05,4.48e-05,4.533333e-06,6.4e-05,5939192.109
1.013333e-05,4.48e-05,4.533333e-06,6.83e-05,6311776.553
1.013333e-05,4.48e-05,4.533333e-06,7.25e-05,6639267.703
1.013333e-05,4.48e-05,4.533333e-06,7.68e-05,6942916.695
1.013333e-05,4.48e-05,4.533333e-06,8.11e-05,7501936.534
1.013333e-05,4.48e-05,4.533333e-06,8.53e-05,8007893.019
1.013333e-05,4.48e-05,4.533333e-06,8.96e-05,8465170.709
1.013333e-05,4.48e-05,4.533333e-06,3.84e-05,3127161.595
1.013333e-05,4.48e-05,4.533333e-06,4.27e-05,3678285.252
1.013333e-05,4.48e-05,4.533333e-06,4.69e-05,4115785.237
1.013333e-05,4.48e-05,4.533333e-06,5.12e-05,4472294.713
1.013333e-05,4.48e-05,4.533333e-06,5.55e-05,4966586.437
1.013333e-05,4.48e-05,4.533333e-06,5.97e-05,5468830.918
1.013333e-05,4.48e-05,4.533333e-06,6.4e-05,5900870.504
1.013333e-05,4.48e-05,4.533333e-06,6.83e-05,6276840.484
1.013333e-05,4.48e-05,4.533333e-06,7.25e-05,6607974.166
1.013333e-05,4.48e-05,4.533333e-06,7.68e-05,6901630.949
1.013333e-05,4.48e-05,4.533333e-06,8.11e-05,7447070.971
1.013333e-05,4.48e-05,4.533333e-06,8.53e-05,7957994.226
1.013333e-05,4.48e-05,4.533333e-06,8.96e-05,8419801.785
1.013333e-05,4.48e-05,4e-06,3.84e-05,45853214.59
1.013333e-05,4.48e-05,4e-06,4.27e-05,56219154.47
1.013333e-05,4.48e-05,4e-06,4.69e-05,68408086.55
1.013333e-05,4.48e-05,4e-06,5.12e-05,76691172.38
1.013333e-05,4.48e-05,4e-06,5.55e-05,82853153.1
1.013333e-05,4.48e-05,4e-06,5.97e-05,90242860.53
1.013333e-05,4.48e-05,4e-06,6.4e-05,96361418.87
1.013333e-05,4.48e-05,4e-06,6.83e-05,101417589.5
1.013333e-05,4.48e-05,4e-06,7.25e-05,105589151.9
1.013333e-05,4.48e-05,4e-06,7.68e-05,108984550.1
1.013333e-05,4.48e-05,4e-06,8.11e-05,111727560.1
1.013333e-05,4.48e-05,4e-06,8.53e-05,113940670.3
1.013333e-05,4.48e-05,4e-06,8.96e-05,115727355.2
1.013333e-05,4.48e-05,4e-06,3.84e-05,46905330.5
1.013333e-05,4.48e-05,4e-06,4.27e-05,58179849.41
1.013333e-05,4.48e-05,4e-06,4.69e-05,70286515.01
1.013333e-05,4.48e-05,4e-06,5.12e-05,78488941.98
1.013333e-05,4.48e-05,4e-06,5.55e-05,85402083.09
1.013333e-05,4.48e-05,4e-06,5.97e-05,92826068.59
1.013333e-05,4.48e-05,4e-06,6.4e-05,98800334.92
1.013333e-05,4.48e-05,4e-06,6.83e-05,103714774.0
1.013333e-05,4.48e-05,4e-06,7.25e-05,107757667.4
1.013333e-05,4.48e-05,4e-06,7.68e-05,111045964.0
1.013333e-05,4.48e-05,4e-06,8.11e-05,113703586.5
1.013333e-05,4.48e-05,4e-06,8.53e-05,115849616.0
1.013333e-05,4.48e-05,4e-06,8.96e-05,117583770.1
1.013333e-05,4.48e-05,5.6e-06,3.84e-05,48700176.18
1.013333e-05,4.48e-05,5.6e-06,4.27e-05,61484734.33
1.013333e-05,4.48e-05,5.6e-06,4.69e-05,73446573.96
1.013333e-05,4.48e-05,5.6e-06,5.12e-05,81522076.82
1.013333e-05,4.48e-05,5.6e-06,5.55e-05,89952123.01
1.013333e-05,4.48e-05,5.6e-06,5.97e-05,97151079.08
1.013333e-05,4.48e-05,5.6e-06,6.4e-05,102880831.4
1.013333e-05,4.48e-05,5.6e-06,6.83e-05,107569992.4
1.013333e-05,4.48e-05,5.6e-06,7.25e-05,111406414.8
1.013333e-05,4.48e-05,5.6e-06,7.68e-05,114521459.3
1.013333e-05,4.48e-05,5.6e-06,8.11e-05,117040135.4
1.013333e-05,4.48e-05,5.6e-06,8.53e-05,119076533.5
1.013333e-05,4.48e-05,5.6e-06,8.96e-05,120724542.2
1.013333e-05,4.48e-05,5.6e-06,3.84e-05,49477813.73
1.013333e-05,4.48e-05,5.6e-06,4.27e-05,62900730.13
1.013333e-05,4.48e-05,5.6e-06,4.69e-05,74800056.13
1.013333e-05,4.48e-05,5.6e-06,5.12e-05,82822644.8
1.013333e-05,4.48e-05,5.6e-06,5.55e-05,91877865.39
1.013333e-05,4.48e-05,5.6e-06,5.97e-05,98976700.72
1.013333e-05,4.48e-05,5.6e-06,6.4e-05,104617642.3
1.013333e-05,4.48e-05,5.6e-06,6.83e-05,109215642.2
1.013333e-05,4.48e-05,5.6e-06,7.25e-05,112967732.7
1.013333e-05,4.48e-05,5.6e-06,7.68e-05,116011442.1
1.013333e-05,4.48e-05,5.6e-06,8.11e-05,118472564.2
1.013333e-05,4.48e-05,5.6e-06,8.53e-05,120463348.8
1.013333e-05,4.48e-05,5.6e-06,8.96e-05,122075389.2
1.013333e-05,4.48e-05,5.066667e-06,3.84e-05,50852601.48
1.013333e-05,4.48e-05,5.066667e-06,4.27e-05,65380133.35
1.013333e-05,4.48e-05,5.066667e-06,4.69e-05,77166412.96
1.013333e-05,4.48e-05,5.066667e-06,5.12e-05,86177064.74
1.013333e-05,4.48e-05,5.066667e-06,5.55e-05,95216005.83
1.013333e-05,4.48e-05,5.066667e-06,5.97e-05,102149248.1
1.013333e-05,4.48e-05,5.066667e-06,6.4e-05,107642758.2
1.013333e-05,4.48e-05,5.066667e-06,6.83e-05,112089039.4
1.013333e-05,4.48e-05,5.066667e-06,7.25e-05,115699616.8
1.013333e-05,4.48e-05,5.066667e-06,7.68e-05,118622742.6
1.013333e-05,4.48e-05,5.066667e-06,8.11e-05,120986036.3
1.013333e-05,4.48e-05,5.066667e-06,8.53e-05,122898965.5
1.013333e-05,4.48e-05,5.066667e-06,8.96e-05,124449409.0
1.013333e-05,4.48e-05,5.066667e-06,3.84e-05,51466253.91
1.013333e-05,4.48e-05,5.066667e-06,4.27e-05,66476839.58
1.013333e-05,4.48e-05,5.066667e-06,4.69e-05,78211670.41
1.013333e-05,4.48e-05,5.066667e-06,5.12e-05,87732757.25
1.013333e-05,4.48e-05,5.066667e-06,5.55e-05,96679043.37
1.013333e-05,4.48e-05,5.066667e-06,5.97e-05,103543038.4
1.013333e-05,4.48e-05,5.066667e-06,6.4e-05,108974571.6
1.013333e-05,4.48e-05,5.066667e-06,6.83e-05,113356987.3
1.013333e-05,4.48e-05,5.066667e-06,7.25e-05,116907510.3
1.013333e-05,4.48e-05,5.066667e-06,7.68e-05,119779089.1
1.013333e-05,4.48e-05,5.066667e-06,8.11e-05,122100329.9
1.013333e-05,4.48e-05,5.066667e-06,8.53e-05,123979650.9
1.013333e-05,4.48e-05,5.066667e-06,8.96e-05,125503414.6
1.013333e-05,4.48e-05,5.333333e-06,3.84e-05,53558466.03
1.013333e-05,4.48e-05,5.333333e-06,4.27e-05,70168734.58
1.013333e-05,4.48e-05,5.333333e-06,4.69e-05,81724123.94
1.013333e-05,4.48e-05,5.333333e-06,5.12e-05,92894453.04
1.013333e-05,4.48e-05,5.333333e-06,5.55e-05,101545317.6
1.013333e-05,4.48e-05,5.333333e-06,5.97e-05,108194590.0
1.013333e-05,4.48e-05,5.333333e-06,6.4e-05,113431646.1
1.013333e-05,4.48e-05,5.333333e-06,6.83e-05,117613835.2
1.013333e-05,4.48e-05,5.333333e-06,7.25e-05,120973860.0
1.013333e-05,4.48e-05,5.333333e-06,7.68e-05,123680167.9
1.013333e-05,4.48e-05,5.333333e-06,8.11e-05,125865455.5
1.013333e-05,4.48e-05,5.333333e-06,8.53e-05,129114319.4
1.013333e-05,4.48e-05,5.333333e-06,8.96e-05,131861344.6
1.013333e-05,4.48e-05,5.333333e-06,3.84e-05,52576210.6
1.013333e-05,4.48e-05,5.333333e-06,4.27e-05,68444621.78
1.013333e-05,4.48e-05,5.333333e-06,4.69e-05,80084976.49
1.013333e-05,4.48e-05,5.333333e-06,5.12e-05,90499853.83
1.013333e-05,4.48e-05,5.333333e-06,5.55e-05,99283859.0
1.013333e-05,4.48e-05,5.333333e-06,5.97e-05,106029847.6
1.013333e-05,4.48e-05,5.333333e-06,6.4e-05,111355049.9
1.013333e-05,4.48e-05,5.333333e-06,6.83e-05,115627903.6
1.013333e-05,4.48e-05,5.333333e-06,7.25e-05,119074638.3
1.013333e-05,4.48e-05,5.333333e-06,7.68e-05,121856531.0
1.013333e-05,4.48e-05,5.333333e-06,8.11e-05,124104224.1
1.013333e-05,4.48e-05,5.333333e-06,8.53e-05,125952217.2
1.013333e-05,4.48e-05,5.333333e-06,8.96e-05,128751176.7
1.066667e-05,0.000132012,2.4e-06,3.84e-05,11287623.06
1.066667e-05,0.000132012,2.4e-06,4.27e-05,12811544.77
1.066667e-05,0.000132012,2.4e-06,4.69e-05,14094978.74
1.066667e-05,0.000132012,2.4e-06,5.12e-05,15195983.72
1.066667e-05,0.000132012,2.4e-06,5.55e-05,16549145.8
1.066667e-05,0.000132012,2.4e-06,5.97e-05,18500926.41
1.066667e-05,0.000132012,2.4e-06,6.4e-05,20255513.52
1.066667e-05,0.000132012,2.4e-06,6.83e-05,21848801.32
1.066667e-05,0.000132012,2.4e-06,7.25e-05,23301394.83
1.066667e-05,0.000132012,2.4e-06,7.68e-05,25475484.01
1.066667e-05,0.000132012,2.4e-06,8.11e-05,28318186.45
1.066667e-05,0.000132012,2.4e-06,8.53e-05,30958938.61
1.066667e-05,0.000132012,2.4e-06,8.96e-05,33422748.78
1.066667e-05,0.000132012,2.4e-06,3.84e-05,11179316.18
1.066667e-05,0.000132012,2.4e-06,4.27e-05,12735609.05
1.066667e-05,0.000132012,2.4e-06,4.69e-05,14045200.58
1.066667e-05,0.000132012,2.4e-06,5.12e-05,15167763.83
1.066667e-05,0.000132012,2.4e-06,5.55e-05,16527097.17
1.066667e-05,0.000132012,2.4e-06,5.97e-05,18518010.83
1.066667e-05,0.000132012,2.4e-06,6.4e-05,20304954.46
1.066667e-05,0.000132012,2.4e-06,6.83e-05,21930417.69
1.066667e-05,0.000132012,2.4e-06,7.25e-05,23408709.45
1.066667e-05,0.000132012,2.4e-06,7.68e-05,25789669.72
1.066667e-05,0.000132012,2.4e-06,8.11e-05,28689451.94
1.066667e-05,0.000132012,2.4e-06,8.53e-05,31373963.64
1.066667e-05,0.000132012,2.4e-06,8.96e-05,33897976.77
1.066667e-05,0.000132012,2.666667e-06,3.84e-05,10977410.56
1.066667e-05,0.000132012,2.666667e-06,4.27e-05,12590640.66
1.066667e-05,0.000132012,2.666667e-06,4.69e-05,13946314.98
1.066667e-05,0.000132012,2.666667e-06,5.12e-05,15106926.08
1.066667e-05,0.000132012,2.666667e-06,5.55e-05,16462570.4
1.066667e-05,0.000132012,2.666667e-06,5.97e-05,18522592.67
1.066667e-05,0.000132012,2.666667e-06,6.4e-05,20373594.05
1.066667e-05,0.000132012,2.666667e-06,6.83e-05,22048216.59
1.066667e-05,0.000132012,2.666667e-06,7.25e-05,23577158.83
1.066667e-05,0.000132012,2.666667e-06,7.68e-05,26285650.02
1.066667e-05,0.000132012,2.666667e-06,8.11e-05,29290766.03
1.066667e-05,0.000132012,2.666667e-06,8.53e-05,32079107.0
1.066667e-05,0.000132012,2.666667e-06,8.96e-05,34684071.21
1.066667e-05,0.000132012,2.666667e-06,3.84e-05,10883553.74
1.066667e-05,0.000132012,2.666667e-06,4.27e-05,12522121.97
1.066667e-05,0.000132012,2.666667e-06,4.69e-05,13898324.85
1.066667e-05,0.000132012,2.666667e-06,5.12e-05,15075906.36
1.066667e-05,0.000132012,2.666667e-06,5.55e-05,16424698.22
1.066667e-05,0.000132012,2.666667e-06,5.97e-05,18515549.91
1.066667e-05,0.000132012,2.666667e-06,6.4e-05,20393622.87
1.066667e-05,0.000132012,2.666667e-06,6.83e-05,22090837.8
1.066667e-05,0.000132012,2.666667e-06,7.25e-05,23642516.06
1.066667e-05,0.000132012,2.666667e-06,7.68e-05,26486963.79
1.066667e-05,0.000132012,2.666667e-06,8.11e-05,29535409.46
1.066667e-05,0.000132012,2.666667e-06,8.53e-05,32372841.07
1.066667e-05,0.000132012,2.666667e-06,8.96e-05,35015836.87
1.066667e-05,0.000132012,2.933333e-06,3.84e-05,10477086.2
1.066667e-05,0.000132012,2.933333e-06,4.27e-05,12218555.57
1.066667e-05,0.000132012,2.933333e-06,4.69e-05,13679906.86
1.066667e-05,0.000132012,2.933333e-06,5.12e-05,14927899.36
1.066667e-05,0.000132012,2.933333e-06,5.55e-05,16221632.2
1.066667e-05,0.000132012,2.933333e-06,5.97e-05,18440210.82
1.066667e-05,0.000132012,2.933333e-06,6.4e-05,20430493.69
1.066667e-05,0.000132012,2.933333e-06,6.83e-05,22229826.45
1.066667e-05,0.000132012,2.933333e-06,7.25e-05,23864405.93
1.066667e-05,0.000132012,2.933333e-06,7.68e-05,27224411.44
1.066667e-05,0.000132012,2.933333e-06,8.11e-05,30473922.64
1.066667e-05,0.000132012,2.933333e-06,8.53e-05,33477672.17
1.066667e-05,0.000132012,2.933333e-06,8.96e-05,36290327.02
1.066667e-05,0.000132012,2.933333e-06,3.84e-05,10628064.74
1.066667e-05,0.000132012,2.933333e-06,4.27e-05,12332570.04
1.066667e-05,0.000132012,2.933333e-06,4.69e-05,13762792.25
1.066667e-05,0.000132012,2.933333e-06,5.12e-05,14985054.27
1.066667e-05,0.000132012,2.933333e-06,5.55e-05,16303221.18
1.066667e-05,0.000132012,2.933333e-06,5.97e-05,18475188.57
1.066667e-05,0.000132012,2.933333e-06,6.4e-05,20424522.25
1.066667e-05,0.000132012,2.933333e-06,6.83e-05,22187559.59
1.066667e-05,0.000132012,2.933333e-06,7.25e-05,23791997.73
1.066667e-05,0.000132012,2.933333e-06,7.68e-05,26971651.07
1.066667e-05,0.000132012,2.933333e-06,8.11e-05,30150401.67
1.066667e-05,0.000132012,2.933333e-06,8.53e-05,33097232.85
1.066667e-05,0.000132012,2.933333e-06,8.96e-05,35834516.71
1.066667e-05,0.000132012,3.2e-06,3.84e-05,10709069.82
1.066667e-05,0.000132012,3.2e-06,4.27e-05,12393163.85
1.066667e-05,0.000132012,3.2e-06,4.69e-05,13806480.22
1.066667e-05,0.000132012,3.2e-06,5.12e-05,15014759.06
1.066667e-05,0.000132012,3.2e-06,5.55e-05,16344276.05
1.066667e-05,0.000132012,3.2e-06,5.97e-05,18490872.82
1.066667e-05,0.000132012,3.2e-06,6.4e-05,20417915.73
1.066667e-05,0.000132012,3.2e-06,6.83e-05,22161194.32
1.066667e-05,0.000132012,3.2e-06,7.25e-05,23748522.21
1.066667e-05,0.000132012,3.2e-06,7.68e-05,26817505.53
1.066667e-05,0.000132012,3.2e-06,8.11e-05,29964951.74
1.066667e-05,0.000132012,3.2e-06,8.53e-05,32877348.23
1.066667e-05,0.000132012,3.2e-06,8.96e-05,35590739.61
1.066667e-05,0.000132012,3.2e-06,3.84e-05,10382919.26
1.066667e-05,0.000132012,3.2e-06,4.27e-05,12067316.68
1.066667e-05,0.000132012,3.2e-06,4.69e-05,13566143.75
1.066667e-05,0.000132012,3.2e-06,5.12e-05,14848239.11
1.066667e-05,0.000132012,3.2e-06,5.55e-05,16103819.46
1.066667e-05,0.000132012,3.2e-06,5.97e-05,18383913.19
1.066667e-05,0.000132012,3.2e-06,6.4e-05,20428202.74
1.066667e-05,0.000132012,3.2e-06,6.83e-05,22275362.81
1.066667e-05,0.000132012,3.2e-06,7.25e-05,23956042.57
1.066667e-05,0.000132012,3.2e-06,7.68e-05,27534666.6
1.066667e-05,0.000132012,3.2e-06,8.11e-05,30872009.85
1.066667e-05,0.000132012,3.2e-06,8.53e-05,33980780.93
1.066667e-05,0.000132012,3.2e-06,8.96e-05,37426602.26
1.066667e-05,0.000132012,3.466667e-06,3.84e-05,10411921.43
1.066667e-05,0.000132012,3.466667e-06,4.27e-05,12113202.81
1.066667e-05,0.000132012,3.466667e-06,4.69e-05,13602734.67
1.066667e-05,0.000132012,3.466667e-06,5.12e-05,14873979.92
1.066667e-05,0.000132012,3.466667e-06,5.55e-05,16142305.47
1.066667e-05,0.000132012,3.466667e-06,5.97e-05,18402871.78
1.066667e-05,0.000132012,3.466667e-06,6.4e-05,20430025.26
1.066667e-05,0.000132012,3.466667e-06,6.83e-05,22262006.7
1.066667e-05,0.000132012,3.466667e-06,7.25e-05,23929113.56
1.066667e-05,0.000132012,3.466667e-06,7.68e-05,27438878.75
1.066667e-05,0.000132012,3.466667e-06,8.11e-05,30750497.78
1.066667e-05,0.000132012,3.466667e-06,8.53e-05,33825681.17
1.066667e-05,0.000132012,3.466667e-06,8.96e-05,37065567.19
1.066667e-05,0.000132012,3.466667e-06,3.84e-05,3876662.221
1.066667e-05,0.000132012,3.466667e-06,4.27e-05,4308738.418
1.066667e-05,0.000132012,3.466667e-06,4.69e-05,4739291.352
1.066667e-05,0.000132012,3.466667e-06,5.12e-05,5315711.64
1.066667e-05,0.000132012,3.466667e-06,5.55e-05,5797022.695
1.066667e-05,0.000132012,3.466667e-06,5.97e-05,6206057.504
1.066667e-05,0.000132012,3.466667e-06,6.4e-05,6558968.787
1.066667e-05,0.000132012,3.466667e-06,6.83e-05,6867191.96
1.066667e-05,0.000132012,3.466667e-06,7.25e-05,7398227.126
1.066667e-05,0.000132012,3.466667e-06,7.68e-05,7923258.254
1.066667e-05,0.000132012,3.466667e-06,8.11e-05,8392712.448
1.066667e-05,0.000132012,3.466667e-06,8.53e-05,8819407.126
1.066667e-05,0.000132012,3.466667e-06,8.96e-05,9207744.521
1.066667e-05,0.000132012,3.733333e-06,3.84e-05,3719140.881
1.066667e-05,0.000132012,3.733333e-06,4.27e-05,4178038.21
1.066667e-05,0.000132012,3.733333e-06,4.69e-05,4543123.956
1.066667e-05,0.000132012,3.733333e-06,5.12e-05,5121561.552
1.066667e-05,0.000132012,3.733333e-06,5.55e-05,5627264.342
1.066667e-05,0.000132012,3.733333e-06,5.97e-05,6057280.828
1.066667e-05,0.000132012,3.733333e-06,6.4e-05,6427874.158
1.066667e-05,0.000132012,3.733333e-06,6.83e-05,6751215.409
1.066667e-05,0.000132012,3.733333e-06,7.25e-05,7173036.733
1.066667e-05,0.000132012,3.733333e-06,7.68e-05,7722974.427
1.066667e-05,0.000132012,3.733333e-06,8.11e-05,8213204.459
1.066667e-05,0.000132012,3.733333e-06,8.53e-05,8657572.196
1.066667e-05,0.000132012,3.733333e-06,8.96e-05,9063155.807
1.066667e-05,0.000132012,3.733333e-06,3.84e-05,3648596.159
1.066667e-05,0.000132012,3.733333e-06,4.27e-05,4119329.524
1.066667e-05,0.000132012,3.733333e-06,4.69e-05,4493674.378
1.066667e-05,0.000132012,3.733333e-06,5.12e-05,5034613.871
1.066667e-05,0.000132012,3.733333e-06,5.55e-05,5551066.762
1.066667e-05,0.000132012,3.733333e-06,5.97e-05,5990382.635
1.066667e-05,0.000132012,3.733333e-06,6.4e-05,6368783.872
1.066667e-05,0.000132012,3.733333e-06,6.83e-05,6698796.999
1.066667e-05,0.000132012,3.733333e-06,7.25e-05,7072080.597
1.066667e-05,0.000132012,3.733333e-06,7.68e-05,7631980.649
1.066667e-05,0.000132012,3.733333e-06,8.11e-05,8132365.876
1.066667e-05,0.000132012,3.733333e-06,8.53e-05,8584468.336
1.066667e-05,0.000132012,3.733333e-06,8.96e-05,8996882.492
1.066667e-05,0.000132012,4.8e-06,3.84e-05,3520632.568
1.066667e-05,0.000132012,4.8e-06,4.27e-05,4012608.382
1.066667e-05,0.000132012,4.8e-06,4.69e-05,4403588.362
1.066667e-05,0.000132012,4.8e-06,5.12e-05,4877270.746
1.066667e-05,0.000132012,4.8e-06,5.55e-05,5413854.71
1.066667e-05,0.000132012,4.8e-06,5.97e-05,5868749.949
1.066667e-05,0.000132012,4.8e-06,6.4e-05,6261206.321
1.066667e-05,0.000132012,4.8e-06,6.83e-05,6603202.06
1.066667e-05,0.000132012,4.8e-06,7.25e-05,6904327.249
1.066667e-05,0.000132012,4.8e-06,7.68e-05,7464815.739
1.066667e-05,0.000132012,4.8e-06,8.11e-05,7983736.319
1.066667e-05,0.000132012,4.8e-06,8.53e-05,8449772.508
1.066667e-05,0.000132012,4.8e-06,8.96e-05,8874973.208
1.066667e-05,0.000132012,4.8e-06,3.84e-05,3304997.549
1.066667e-05,0.000132012,4.8e-06,4.27e-05,3832287.044
1.066667e-05,0.000132012,4.8e-06,4.69e-05,4250931.212
1.066667e-05,0.000132012,4.8e-06,5.12e-05,4613663.093
1.066667e-05,0.000132012,4.8e-06,5.55e-05,5182457.223
1.066667e-05,0.000132012,4.8e-06,5.97e-05,5664725.847
1.066667e-05,0.000132012,4.8e-06,6.4e-05,6079320.027
1.066667e-05,0.000132012,4.8e-06,6.83e-05,6441309.853
1.066667e-05,0.000132012,4.8e-06,7.25e-05,6759652.618
1.066667e-05,0.000132012,4.8e-06,7.68e-05,7184452.186
1.066667e-05,0.000132012,4.8e-06,8.11e-05,7728717.398
1.066667e-05,0.000132012,4.8e-06,8.53e-05,8220974.465
1.066667e-05,0.000132012,4.8e-06,8.96e-05,8666397.447
1.066667e-05,0.000132012,4.266667e-06,3.84e-05,3354715.841
1.066667e-05,0.000132012,4.266667e-06,4.27e-05,3873898.743
1.066667e-05,0.000132012,4.266667e-06,4.69e-05,4286197.954
1.066667e-05,0.000132012,4.266667e-06,5.12e-05,4674228.806
1.066667e-05,0.000132012,4.266667e-06,5.55e-05,5235677.479
1.066667e-05,0.000132012,4.266667e-06,5.97e-05,5711790.915
1.066667e-05,0.000132012,4.266667e-06,6.4e-05,6121288.263
1.066667e-05,0.000132012,4.266667e-06,6.83e-05,6478674.362
1.066667e-05,0.000132012,4.266667e-06,7.25e-05,6793068.298
1.066667e-05,0.000132012,4.266667e-06,7.68e-05,7249112.807
1.066667e-05,0.000132012,4.266667e-06,8.11e-05,7788165.321
1.066667e-05,0.000132012,4.266667e-06,8.53e-05,8273420.96
1.066667e-05,0.000132012,4.266667e-06,8.96e-05,8714445.382
1.066667e-05,0.000132012,4.266667e-06,3.84e-05,3462233.833
1.066667e-05,0.000132012,4.266667e-06,4.27e-05,3963822.204
1.066667e-05,0.000132012,4.266667e-06,4.69e-05,4362334.553
1.066667e-05,0.000132012,4.266667e-06,5.12e-05,4805663.085
1.066667e-05,0.000132012,4.266667e-06,5.55e-05,5351062.458
1.066667e-05,0.000132012,4.266667e-06,5.97e-05,5813144.419
1.066667e-05,0.000132012,4.266667e-06,6.4e-05,6211996.08
1.066667e-05,0.000132012,4.266667e-06,6.83e-05,6559421.565
1.066667e-05,0.000132012,4.266667e-06,7.25e-05,6865235.844
1.066667e-05,0.000132012,4.266667e-06,7.68e-05,7388961.676
1.066667e-05,0.000132012,4.266667e-06,8.11e-05,7915123.501
1.066667e-05,0.000132012,4.266667e-06,8.53e-05,8387753.42
1.066667e-05,0.000132012,4.266667e-06,8.96e-05,8818796.781
1.066667e-05,0.000132012,4.533333e-06,3.84e-05,3257764.876
1.066667e-05,0.000132012,4.533333e-06,4.27e-05,3792644.61
1.066667e-05,0.000132012,4.533333e-06,4.69e-05,4217317.503
1.066667e-05,0.000132012,4.533333e-06,5.12e-05,4563495.126
1.066667e-05,0.000132012,4.533333e-06,5.55e-05,5131868.728
1.066667e-05,0.000132012,4.533333e-06,5.97e-05,5619965.644
1.066667e-05,0.000132012,4.533333e-06,6.4e-05,6039343.525
1.066667e-05,0.000132012,4.533333e-06,6.83e-05,6405725.48
1.066667e-05,0.000132012,4.533333e-06,7.25e-05,6727821.825
1.066667e-05,0.000132012,4.533333e-06,7.68e-05,7122919.982
1.066667e-05,0.000132012,4.533333e-06,8.11e-05,7672752.919
1.066667e-05,0.000132012,4.533333e-06,8.53e-05,8170505.685
1.066667e-05,0.000132012,4.533333e-06,8.96e-05,8620487.386
1.066667e-05,0.000132012,4.533333e-06,3.84e-05,3212758.785
1.066667e-05,0.000132012,4.533333e-06,4.27e-05,3754804.245
1.066667e-05,0.000132012,4.533333e-06,4.69e-05,4185220.412
1.066667e-05,0.000132012,4.533333e-06,5.12e-05,4536022.64
1.066667e-05,0.000132012,4.533333e-06,5.55e-05,5083690.753
1.066667e-05,0.000132012,4.533333e-06,5.97e-05,5577319.741
1.066667e-05,0.000132012,4.533333e-06,6.4e-05,6002068.36
1.066667e-05,0.000132012,4.533333e-06,6.83e-05,6371775.704
1.066667e-05,0.000132012,4.533333e-06,7.25e-05,6697450.755
1.066667e-05,0.000132012,4.533333e-06,7.68e-05,7064270.109
1.066667e-05,0.000132012,4.533333e-06,8.11e-05,7619568.053
1.066667e-05,0.000132012,4.533333e-06,8.53e-05,8122191.504
1.066667e-05,0.000132012,4.533333e-06,8.96e-05,8576613.641
1.066667e-05,0.000132012,4e-06,3.84e-05,47043719.58
1.066667e-05,0.000132012,4e-06,4.27e-05,58039203.92
1.066667e-05,0.000132012,4e-06,4.69e-05,70012763.75
1.066667e-05,0.000132012,4e-06,5.12e-05,78175588.94
1.066667e-05,0.000132012,4e-06,5.55e-05,84878530.94
1.066667e-05,0.000132012,4e-06,5.97e-05,92314201.12
1.066667e-05,0.000132012,4e-06,6.4e-05,98296976.41
1.066667e-05,0.000132012,4e-06,6.83e-05,103217031.6
1.066667e-05,0.000132012,4e-06,7.25e-05,107260307.9
1.066667e-05,0.000132012,4e-06,7.68e-05,110543256.2
1.066667e-05,0.000132012,4e-06,8.11e-05,113191589.2
1.066667e-05,0.000132012,4e-06,8.53e-05,115326126.0
1.066667e-05,0.000132012,4e-06,8.96e-05,117047663.4
1.066667e-05,0.000132012,4e-06,3.84e-05,48102587.53
1.066667e-05,0.000132012,4e-06,4.27e-05,59994210.54
1.066667e-05,0.000132012,4e-06,4.69e-05,71883824.51
1.066667e-05,0.000132012,4e-06,5.12e-05,79967905.35
1.066667e-05,0.000132012,4e-06,5.55e-05,87593551.91
1.066667e-05,0.000132012,4e-06,5.97e-05,94878958.93
1.066667e-05,0.000132012,4e-06,6.4e-05,100719789.1
1.066667e-05,0.000132012,4e-06,6.83e-05,105500404.7
1.066667e-05,0.000132012,4e-06,7.25e-05,109417116.7
1.066667e-05,0.000132012,4e-06,7.68e-05,112594645.6
1.066667e-05,0.000132012,4e-06,8.11e-05,115158832.2
1.066667e-05,0.000132012,4e-06,8.53e-05,117227174.0
1.066667e-05,0.000132012,4e-06,8.96e-05,118896805.0
1.066667e-05,0.000132012,5.6e-06,3.84e-05,49909651.34
1.066667e-05,0.000132012,5.6e-06,4.27e-05,63290226.09
1.066667e-05,0.000132012,5.6e-06,4.69e-05,75032626.27
1.066667e-05,0.000132012,5.6e-06,5.12e-05,82992814.6
1.066667e-05,0.000132012,5.6e-06,5.55e-05,92109602.67
1.066667e-05,0.000132012,5.6e-06,5.97e-05,99173583.41
1.066667e-05,0.000132012,5.6e-06,6.4e-05,104774700.5
1.066667e-05,0.000132012,5.6e-06,6.83e-05,109333809.0
1.066667e-05,0.000132012,5.6e-06,7.25e-05,113047513.4
1.066667e-05,0.000132012,5.6e-06,7.68e-05,116054560.1
1.066667e-05,0.000132012,5.6e-06,8.11e-05,118481842.1
1.066667e-05,0.000132012,5.6e-06,8.53e-05,120442006.7
1.066667e-05,0.000132012,5.6e-06,8.96e-05,122026513.2
1.066667e-05,0.000132012,5.6e-06,3.84e-05,50692822.19
1.066667e-05,0.000132012,5.6e-06,4.27e-05,64702666.31
1.066667e-05,0.000132012,5.6e-06,4.69e-05,76381323.05
1.066667e-05,0.000132012,5.6e-06,5.12e-05,84926220.44
1.066667e-05,0.000132012,5.6e-06,5.55e-05,94021457.59
1.066667e-05,0.000132012,5.6e-06,5.97e-05,100987348.3
1.066667e-05,0.000132012,5.6e-06,6.4e-05,106501148.0
1.066667e-05,0.000132012,5.6e-06,6.83e-05,110970675.3
1.066667e-05,0.000132012,5.6e-06,7.25e-05,114601498.8
1.066667e-05,0.000132012,5.6e-06,7.68e-05,117538372.0
1.066667e-05,0.000132012,5.6e-06,8.11e-05,119908956.5
1.066667e-05,0.000132012,5.6e-06,8.53e-05,121824116.7
1.066667e-05,0.000132012,5.6e-06,8.96e-05,123373081.4
1.066667e-05,0.000132012,5.066667e-06,3.84e-05,52077685.9
1.066667e-05,0.000132012,5.066667e-06,4.27e-05,67176146.03
1.066667e-05,0.000132012,5.066667e-06,4.69e-05,78739817.99
1.066667e-05,0.000132012,5.066667e-06,5.12e-05,88454951.47
1.066667e-05,0.000132012,5.066667e-06,5.55e-05,97336249.1
1.066667e-05,0.000132012,5.066667e-06,5.97e-05,104140064.0
1.066667e-05,0.000132012,5.066667e-06,6.4e-05,109508977.1
1.066667e-05,0.000132012,5.066667e-06,6.83e-05,113829499.8
1.066667e-05,0.000132012,5.066667e-06,7.25e-05,117321302.4
1.066667e-05,0.000132012,5.066667e-06,7.68e-05,120139590.2
1.066667e-05,0.000132012,5.066667e-06,8.11e-05,122413820.7
1.066667e-05,0.000132012,5.066667e-06,8.53e-05,124252173.7
1.066667e-05,0.000132012,5.066667e-06,8.96e-05,125740274.1
1.066667e-05,0.000132012,5.066667e-06,3.84e-05,52695938.09
1.066667e-05,0.000132012,5.066667e-06,4.27e-05,68270340.45
1.066667e-05,0.000132012,5.066667e-06,4.69e-05,79781799.15
1.066667e-05,0.000132012,5.066667e-06,5.12e-05,90001805.88
1.066667e-05,0.000132012,5.066667e-06,5.55e-05,98789348.17
1.066667e-05,0.000132012,5.066667e-06,5.97e-05,105525457.4
1.066667e-05,0.000132012,5.066667e-06,6.4e-05,110833490.3
1.066667e-05,0.000132012,5.066667e-06,6.83e-05,115091326.2
1.066667e-05,0.000132012,5.066667e-06,7.25e-05,118524157.3
1.066667e-05,0.000132012,5.066667e-06,7.68e-05,121291767.3
1.066667e-05,0.000132012,5.066667e-06,8.11e-05,123524587.2
1.066667e-05,0.000132012,5.066667e-06,8.53e-05,125329788.5
1.066667e-05,0.000132012,5.066667e-06,8.96e-05,127614906.3
1.066667e-05,0.000132012,5.333333e-06,3.84e-05,54804172.38
1.066667e-05,0.000132012,5.333333e-06,4.27e-05,71954175.88
1.066667e-05,0.000132012,5.333333e-06,4.69e-05,83345988.09
1.066667e-05,0.000132012,5.333333e-06,5.12e-05,95122136.45
1.066667e-05,0.000132012,5.333333e-06,5.55e-05,103623886.7
1.066667e-05,0.000132012,5.333333e-06,5.97e-05,110150408.1
1.066667e-05,0.000132012,5.333333e-06,6.4e-05,115267520.9
1.066667e-05,0.000132012,5.333333e-06,6.83e-05,119329000.2
1.066667e-05,0.000132012,5.333333e-06,7.25e-05,122574886.8
1.066667e-05,0.000132012,5.333333e-06,7.68e-05,125180086.6
1.066667e-05,0.000132012,5.333333e-06,8.11e-05,128412491.9
1.066667e-05,0.000132012,5.333333e-06,8.53e-05,131598302.4
1.066667e-05,0.000132012,5.333333e-06,8.96e-05,134271382.5
1.066667e-05,0.000132012,5.333333e-06,3.84e-05,53814340.63
1.066667e-05,0.000132012,5.333333e-06,4.27e-05,70233758.14
1.066667e-05,0.000132012,5.333333e-06,4.69e-05,81649522.13
1.066667e-05,0.000132012,5.333333e-06,5.12e-05,92745046.64
1.066667e-05,0.000132012,5.333333e-06,5.55e-05,101376921.8
1.066667e-05,0.000132012,5.333333e-06,5.97e-05,107997771.1
1.066667e-05,0.000132012,5.333333e-06,6.4e-05,113201395.2
1.066667e-05,0.000132012,5.333333e-06,6.83e-05,117351750.8
1.066667e-05,0.000132012,5.333333e-06,7.25e-05,120682705.4
1.066667e-05,0.000132012,5.333333e-06,7.68e-05,123362166.7
1.066667e-05,0.000132012,5.333333e-06,8.11e-05,125522576.1
1.066667e-05,0.000132012,5.333333e-06,8.53e-05,128463440.9
1.066667e-05,0.000132012,5.333333e-06,8.96e-05,131187543.1
1.066667e-05,0.0003889991,2.4e-06,3.84e-05,11499750.27
1.066667e-05,0.0003889991,2.4e-06,4.27e-05,13005280.13
1.066667e-05,0.0003889991,2.4e-06,4.69e-05,14273953.89
1.066667e-05,0.0003889991,2.4e-06,5.12e-05,15362734.39
1.066667e-05,0.0003889991,2.4e-06,5.55e-05,16908008.5
1.066667e-05,0.0003889991,2.4e-06,5.97e-05,18841335.63
1.066667e-05,0.0003889991,2.4e-06,6.4e-05,20579658.57
1.066667e-05,0.0003889991,2.4e-06,6.83e-05,22158347.56
1.066667e-05,0.0003889991,2.4e-06,7.25e-05,23597779.99
1.066667e-05,0.0003889991,2.4e-06,7.68e-05,26130350.84
1.066667e-05,0.0003889991,2.4e-06,8.11e-05,28948175.09
1.066667e-05,0.0003889991,2.4e-06,8.53e-05,31565784.45
1.066667e-05,0.0003889991,2.4e-06,8.96e-05,34007933.75
1.066667e-05,0.0003889991,2.4e-06,3.84e-05,11395497.98
1.066667e-05,0.0003889991,2.4e-06,4.27e-05,12932895.28
1.066667e-05,0.0003889991,2.4e-06,4.69e-05,14227298.11
1.066667e-05,0.0003889991,2.4e-06,5.12e-05,15337266.7
1.066667e-05,0.0003889991,2.4e-06,5.55e-05,16892202.26
1.066667e-05,0.0003889991,2.4e-06,5.97e-05,18864011.23
1.066667e-05,0.0003889991,2.4e-06,6.4e-05,20634135.34
1.066667e-05,0.0003889991,2.4e-06,6.83e-05,22244418.32
1.066667e-05,0.0003889991,2.4e-06,7.25e-05,23709086.63
1.066667e-05,0.0003889991,2.4e-06,7.68e-05,26454347.67
1.066667e-05,0.0003889991,2.4e-06,8.11e-05,29328223.34
1.066667e-05,0.0003889991,2.4e-06,8.53e-05,31988788.84
1.066667e-05,0.0003889991,2.4e-06,8.96e-05,34489988.61
1.066667e-05,0.0003889991,2.666667e-06,3.84e-05,11200854.85
1.066667e-05,0.0003889991,2.666667e-06,4.27e-05,12794285.03
1.066667e-05,0.0003889991,2.666667e-06,4.69e-05,14134002.98
1.066667e-05,0.0003889991,2.666667e-06,5.12e-05,15281357.27
1.066667e-05,0.0003889991,2.666667e-06,5.55e-05,16838834.52
1.066667e-05,0.0003889991,2.666667e-06,5.97e-05,18878581.07
1.066667e-05,0.0003889991,2.666667e-06,6.4e-05,20711626.76
1.066667e-05,0.0003889991,2.666667e-06,6.83e-05,22370183.62
1.066667e-05,0.0003889991,2.666667e-06,7.25e-05,23884523.28
1.066667e-05,0.0003889991,2.666667e-06,7.68e-05,26967929.15
1.066667e-05,0.0003889991,2.666667e-06,8.11e-05,29945232.85
1.066667e-05,0.0003889991,2.666667e-06,8.53e-05,32707665.12
1.066667e-05,0.0003889991,2.666667e-06,8.96e-05,35288224.53
1.066667e-05,0.0003889991,2.666667e-06,3.84e-05,11110277.17
1.066667e-05,0.0003889991,2.666667e-06,4.27e-05,12728635.92
1.066667e-05,0.0003889991,2.666667e-06,4.69e-05,14088535.49
1.066667e-05,0.0003889991,2.666667e-06,5.12e-05,15252561.38
1.066667e-05,0.0003889991,2.666667e-06,5.55e-05,16805989.5
1.066667e-05,0.0003889991,2.666667e-06,5.97e-05,18876034.92
1.066667e-05,0.0003889991,2.666667e-06,6.4e-05,20735669.2
1.066667e-05,0.0003889991,2.666667e-06,6.83e-05,22416406.29
1.066667e-05,0.0003889991,2.666667e-06,7.25e-05,23953045.45
1.066667e-05,0.0003889991,2.666667e-06,7.68e-05,27177192.42
1.066667e-05,0.0003889991,2.666667e-06,8.11e-05,30196960.39
1.066667e-05,0.0003889991,2.666667e-06,8.53e-05,33007605.36
1.066667e-05,0.0003889991,2.666667e-06,8.96e-05,35625427.5
1.066667e-05,0.0003889991,2.933333e-06,3.84e-05,10717591.08
1.066667e-05,0.0003889991,2.933333e-06,4.27e-05,12437154.3
1.066667e-05,0.0003889991,2.933333e-06,4.69e-05,13880732.93
1.066667e-05,0.0003889991,2.933333e-06,5.12e-05,15113908.29
1.066667e-05,0.0003889991,2.933333e-06,5.55e-05,16624012.62
1.066667e-05,0.0003889991,2.933333e-06,5.97e-05,18819536.94
1.066667e-05,0.0003889991,2.933333e-06,6.4e-05,20789339.15
1.066667e-05,0.0003889991,2.933333e-06,6.83e-05,22570267.25
1.066667e-05,0.0003889991,2.933333e-06,7.25e-05,24456518.99
1.066667e-05,0.0003889991,2.933333e-06,7.68e-05,27947809.17
1.066667e-05,0.0003889991,2.933333e-06,8.11e-05,31164923.49
1.066667e-05,0.0003889991,2.933333e-06,8.53e-05,34138421.56
1.066667e-05,0.0003889991,2.933333e-06,8.96e-05,37540208.52
1.066667e-05,0.0003889991,2.933333e-06,3.84e-05,10863504.85
1.066667e-05,0.0003889991,2.933333e-06,4.27e-05,12546723.76
1.066667e-05,0.0003889991,2.933333e-06,4.69e-05,13959715.92
1.066667e-05,0.0003889991,2.933333e-06,5.12e-05,15167625.76
1.066667e-05,0.0003889991,2.933333e-06,5.55e-05,16697862.26
1.066667e-05,0.0003889991,2.933333e-06,5.97e-05,18847604.82
1.066667e-05,0.0003889991,2.933333e-06,6.4e-05,20777210.41
1.066667e-05,0.0003889991,2.933333e-06,6.83e-05,22522530.55
1.066667e-05,0.0003889991,2.933333e-06,7.25e-05,24274584.27
1.066667e-05,0.0003889991,2.933333e-06,7.68e-05,27682884.17
1.066667e-05,0.0003889991,2.933333e-06,8.11e-05,30830283.93
1.066667e-05,0.0003889991,2.933333e-06,8.53e-05,33748436.7
1.066667e-05,0.0003889991,2.933333e-06,8.96e-05,36609665.09
1.066667e-05,0.0003889991,3.2e-06,3.84e-05,10941768.97
1.066667e-05,0.0003889991,3.2e-06,4.27e-05,12604914.65
1.066667e-05,0.0003889991,3.2e-06,4.69e-05,14001293.1
1.066667e-05,0.0003889991,3.2e-06,5.12e-05,15195470.55
1.066667e-05,0.0003889991,3.2e-06,5.55e-05,16734724.15
1.066667e-05,0.0003889991,3.2e-06,5.97e-05,18859543.25
1.066667e-05,0.0003889991,3.2e-06,6.4e-05,20767264.17
1.066667e-05,0.0003889991,3.2e-06,6.83e-05,22493196.95
1.066667e-05,0.0003889991,3.2e-06,7.25e-05,24166606.24
1.066667e-05,0.0003889991,3.2e-06,7.68e-05,27522457.44
1.066667e-05,0.0003889991,3.2e-06,8.11e-05,30639300.83
1.066667e-05,0.0003889991,3.2e-06,8.53e-05,33523400.53
1.066667e-05,0.0003889991,3.2e-06,8.96e-05,36210173.43
1.066667e-05,0.0003889991,3.2e-06,3.84e-05,10522034.26
1.066667e-05,0.0003889991,3.2e-06,4.27e-05,12291781.33
1.066667e-05,0.0003889991,3.2e-06,4.69e-05,13772163.61
1.066667e-05,0.0003889991,3.2e-06,5.12e-05,15038818.94
1.066667e-05,0.0003889991,3.2e-06,5.55e-05,16516470.85
1.066667e-05,0.0003889991,3.2e-06,5.97e-05,18772400.01
1.066667e-05,0.0003889991,3.2e-06,6.4e-05,20795203.56
1.066667e-05,0.0003889991,3.2e-06,6.83e-05,22623041.47
1.066667e-05,0.0003889991,3.2e-06,7.25e-05,24688702.08
1.066667e-05,0.0003889991,3.2e-06,7.68e-05,28274192.14
1.066667e-05,0.0003889991,3.2e-06,8.11e-05,31577575.1
1.066667e-05,0.0003889991,3.2e-06,8.53e-05,34653924.87
1.066667e-05,0.0003889991,3.2e-06,8.96e-05,38718122.53
1.066667e-05,0.0003889991,3.466667e-06,3.84e-05,10584377.65
1.066667e-05,0.0003889991,3.466667e-06,4.27e-05,12335837.96
1.066667e-05,0.0003889991,3.466667e-06,4.69e-05,13807100.89
1.066667e-05,0.0003889991,3.466667e-06,5.12e-05,15063105.08
1.066667e-05,0.0003889991,3.466667e-06,5.55e-05,16551690.82
1.066667e-05,0.0003889991,3.466667e-06,5.97e-05,18788446.9
1.066667e-05,0.0003889991,3.466667e-06,6.4e-05,20794434.96
1.066667e-05,0.0003889991,3.466667e-06,6.83e-05,22607386.58
1.066667e-05,0.0003889991,3.466667e-06,7.25e-05,24619815.35
1.066667e-05,0.0003889991,3.466667e-06,7.68e-05,28173274.9
1.066667e-05,0.0003889991,3.466667e-06,8.11e-05,31451360.91
1.066667e-05,0.0003889991,3.466667e-06,8.53e-05,34494867.8
1.066667e-05,0.0003889991,3.466667e-06,8.96e-05,38349399.83
1.066667e-05,0.0003889991,3.466667e-06,3.84e-05,3939073.361
1.066667e-05,0.0003889991,3.466667e-06,4.27e-05,4364460.096
1.066667e-05,0.0003889991,3.466667e-06,4.69e-05,4842711.971
1.066667e-05,0.0003889991,3.466667e-06,5.12e-05,5409699.706
1.066667e-05,0.0003889991,3.466667e-06,5.55e-05,5883394.432
1.066667e-05,0.0003889991,3.466667e-06,5.97e-05,6286136.394
1.066667e-05,0.0003889991,3.466667e-06,6.4e-05,6633744.738
1.066667e-05,0.0003889991,3.466667e-06,6.83e-05,6959688.082
1.066667e-05,0.0003889991,3.466667e-06,7.25e-05,7541447.867
1.066667e-05,0.0003889991,3.466667e-06,7.68e-05,8058816.099
1.066667e-05,0.0003889991,3.466667e-06,8.11e-05,8521594.732
1.066667e-05,0.0003889991,3.466667e-06,8.53e-05,8942330.405
1.066667e-05,0.0003889991,3.466667e-06,8.96e-05,9325341.729
1.066667e-05,0.0003889991,3.733333e-06,3.84e-05,3784482.687
1.066667e-05,0.0003889991,3.733333e-06,4.27e-05,4236405.377
1.066667e-05,0.0003889991,3.733333e-06,4.69e-05,4622166.219
1.066667e-05,0.0003889991,3.733333e-06,5.12e-05,5219604.375
1.066667e-05,0.0003889991,3.733333e-06,5.55e-05,5717365.13
1.066667e-05,0.0003889991,3.733333e-06,5.97e-05,6140802.197
1.066667e-05,0.0003889991,3.733333e-06,6.4e-05,6505845.549
1.066667e-05,0.0003889991,3.733333e-06,6.83e-05,6824429.094
1.066667e-05,0.0003889991,3.733333e-06,7.25e-05,7322058.033
1.066667e-05,0.0003889991,3.733333e-06,7.68e-05,7863936.964
1.066667e-05,0.0003889991,3.733333e-06,8.11e-05,8347165.04
1.066667e-05,0.0003889991,3.733333e-06,8.53e-05,8785290.262
1.066667e-05,0.0003889991,3.733333e-06,8.96e-05,9185271.409
1.066667e-05,0.0003889991,3.733333e-06,3.84e-05,3715247.81
1.066667e-05,0.0003889991,3.733333e-06,4.27e-05,4178878.879
1.066667e-05,0.0003889991,3.733333e-06,4.69e-05,4547702.293
1.066667e-05,0.0003889991,3.733333e-06,5.12e-05,5134473.908
1.066667e-05,0.0003889991,3.733333e-06,5.55e-05,5642838.384
1.066667e-05,0.0003889991,3.733333e-06,5.97e-05,6075445.525
1.066667e-05,0.0003889991,3.733333e-06,6.4e-05,6448185.994
1.066667e-05,0.0003889991,3.733333e-06,6.83e-05,6773344.759
1.066667e-05,0.0003889991,3.733333e-06,7.25e-05,7223681.099
1.066667e-05,0.0003889991,3.733333e-06,7.68e-05,7775367.636
1.066667e-05,0.0003889991,3.733333e-06,8.11e-05,8268573.293
1.066667e-05,0.0003889991,3.733333e-06,8.53e-05,8714324.083
1.066667e-05,0.0003889991,3.733333e-06,8.96e-05,9121021.957
1.066667e-05,0.0003889991,4.8e-06,3.84e-05,3589657.502
1.066667e-05,0.0003889991,4.8e-06,4.27e-05,4074299.407
1.066667e-05,0.0003889991,4.8e-06,4.69e-05,4459571.575
1.066667e-05,0.0003889991,4.8e-06,5.12e-05,4980426.46
1.066667e-05,0.0003889991,4.8e-06,5.55e-05,5508644.174
1.066667e-05,0.0003889991,4.8e-06,5.97e-05,5956610.165
1.066667e-05,0.0003889991,4.8e-06,6.4e-05,6343203.806
1.066667e-05,0.0003889991,4.8e-06,6.83e-05,6680169.649
1.066667e-05,0.0003889991,4.8e-06,7.25e-05,7044471.151
1.066667e-05,0.0003889991,4.8e-06,7.68e-05,7612625.66
1.066667e-05,0.0003889991,4.8e-06,8.11e-05,8124060.979
1.066667e-05,0.0003889991,4.8e-06,8.53e-05,8583512.926
1.066667e-05,0.0003889991,4.8e-06,8.96e-05,9002783.445
1.066667e-05,0.0003889991,4.8e-06,3.84e-05,3378018.949
1.066667e-05,0.0003889991,4.8e-06,4.27e-05,3897583.132
1.066667e-05,0.0003889991,4.8e-06,4.69e-05,4310205.413
1.066667e-05,0.0003889991,4.8e-06,5.12e-05,4722371.424
1.066667e-05,0.0003889991,4.8e-06,5.55e-05,5282343.326
1.066667e-05,0.0003889991,4.8e-06,5.97e-05,5757288.704
1.066667e-05,0.0003889991,4.8e-06,6.4e-05,6165694.198
1.066667e-05,0.0003889991,4.8e-06,6.83e-05,6522356.199
1.066667e-05,0.0003889991,4.8e-06,7.25e-05,6836064.146
1.066667e-05,0.0003889991,4.8e-06,7.68e-05,7339649.959
1.066667e-05,0.0003889991,4.8e-06,8.11e-05,7876014.843
1.066667e-05,0.0003889991,4.8e-06,8.53e-05,8361234.151
1.066667e-05,0.0003889991,4.8e-06,8.96e-05,8800391.414
1.066667e-05,0.0003889991,4.266667e-06,3.84e-05,3426815.705
1.066667e-05,0.0003889991,4.266667e-06,4.27e-05,3938363.838
1.066667e-05,0.0003889991,4.266667e-06,4.69e-05,4344713.618
1.066667e-05,0.0003889991,4.266667e-06,5.12e-05,4781657.116
1.066667e-05,0.0003889991,4.266667e-06,5.55e-05,5334388.669
1.066667e-05,0.0003889991,4.266667e-06,5.97e-05,5803268.462
1.066667e-05,0.0003889991,4.266667e-06,6.4e-05,6206652.752
1.066667e-05,0.0003889991,4.266667e-06,6.83e-05,6558780.15
1.066667e-05,0.0003889991,4.266667e-06,7.25e-05,6868599.579
1.066667e-05,0.0003889991,4.266667e-06,7.68e-05,7402607.97
1.066667e-05,0.0003889991,4.266667e-06,8.11e-05,7933845.211
1.066667e-05,0.0003889991,4.266667e-06,8.53e-05,8412179.152
1.066667e-05,0.0003889991,4.266667e-06,8.96e-05,8847016.953
1.066667e-05,0.0003889991,4.266667e-06,3.84e-05,3532341.168
1.066667e-05,0.0003889991,4.266667e-06,4.27e-05,4026489.844
1.066667e-05,0.0003889991,4.266667e-06,4.69e-05,4419209.352
1.066667e-05,0.0003889991,4.266667e-06,5.12e-05,4910322.701
1.066667e-05,0.0003889991,4.266667e-06,5.55e-05,5447232.319
1.066667e-05,0.0003889991,4.266667e-06,5.97e-05,5902282.255
1.066667e-05,0.0003889991,4.266667e-06,6.4e-05,6295178.291
1.066667e-05,0.0003889991,4.266667e-06,6.83e-05,6637493.585
1.066667e-05,0.0003889991,4.266667e-06,7.25e-05,6962510.959
1.066667e-05,0.0003889991,4.266667e-06,7.68e-05,7538773.027
1.066667e-05,0.0003889991,4.266667e-06,8.11e-05,8057331.248
1.066667e-05,0.0003889991,4.266667e-06,8.53e-05,8523267.261
1.066667e-05,0.0003889991,4.266667e-06,8.96e-05,8948281.896
1.066667e-05,0.0003889991,4.533333e-06,3.84e-05,3331661.378
1.066667e-05,0.0003889991,4.533333e-06,4.27e-05,3858732.124
1.066667e-05,0.0003889991,4.533333e-06,4.69e-05,4277314.067
1.066667e-05,0.0003889991,4.533333e-06,5.12e-05,4666048.689
1.066667e-05,0.0003889991,4.533333e-06,5.55e-05,5232873.623
1.066667e-05,0.0003889991,4.533333e-06,5.97e-05,5713561.984
1.066667e-05,0.0003889991,4.533333e-06,6.4e-05,6126679.784
1.066667e-05,0.0003889991,4.533333e-06,6.83e-05,6487667.702
1.066667e-05,0.0003889991,4.533333e-06,7.25e-05,6805071.678
1.066667e-05,0.0003889991,4.533333e-06,7.68e-05,7279738.679
1.066667e-05,0.0003889991,4.533333e-06,8.11e-05,7821582.697
1.066667e-05,0.0003889991,4.533333e-06,8.53e-05,8312200.753
1.066667e-05,0.0003889991,4.533333e-06,8.96e-05,8755836.719
1.066667e-05,0.0003889991,4.533333e-06,3.84e-05,3287491.164
1.066667e-05,0.0003889991,4.533333e-06,4.27e-05,3821647.113
1.066667e-05,0.0003889991,4.533333e-06,4.69e-05,4245906.349
1.066667e-05,0.0003889991,4.533333e-06,5.12e-05,4612435.587
1.066667e-05,0.0003889991,4.533333e-06,5.55e-05,5185763.154
1.066667e-05,0.0003889991,4.533333e-06,5.97e-05,5671902.204
1.066667e-05,0.0003889991,4.533333e-06,6.4e-05,6090311.603
1.066667e-05,0.0003889991,4.533333e-06,6.83e-05,6454573.028
1.066667e-05,0.0003889991,4.533333e-06,7.25e-05,6775500.636
1.066667e-05,0.0003889991,4.533333e-06,7.68e-05,7222635.061
1.066667e-05,0.0003889991,4.533333e-06,8.11e-05,7769851.586
1.066667e-05,0.0003889991,4.533333e-06,8.53e-05,8265257.284
1.066667e-05,0.0003889991,4.533333e-06,8.96e-05,8713256.398
1.066667e-05,0.0003889991,4e-06,3.84e-05,48081720.76
1.066667e-05,0.0003889991,4e-06,4.27e-05,59624381.32
1.066667e-05,0.0003889991,4e-06,4.69e-05,71409882.01
1.066667e-05,0.0003889991,4e-06,5.12e-05,79467620.56
1.066667e-05,0.0003889991,4e-06,5.55e-05,86801898.0
1.066667e-05,0.0003889991,4e-06,5.97e-05,94112791.26
1.066667e-05,0.0003889991,4e-06,6.4e-05,99975560.44
1.066667e-05,0.0003889991,4e-06,6.83e-05,104775793.2
1.066667e-05,0.0003889991,4e-06,7.25e-05,108706693.9
1.066667e-05,0.0003889991,4e-06,7.68e-05,111891477.4
1.066667e-05,0.0003889991,4e-06,8.11e-05,114457330.6
1.066667e-05,0.0003889991,4e-06,8.53e-05,116523499.7
1.066667e-05,0.0003889991,4e-06,8.96e-05,118188395.2
1.066667e-05,0.0003889991,4e-06,3.84e-05,49146231.58
1.066667e-05,0.0003889991,4e-06,4.27e-05,61573965.87
1.066667e-05,0.0003889991,4e-06,4.69e-05,73270974.86
1.066667e-05,0.0003889991,4e-06,5.12e-05,81254874.33
1.066667e-05,0.0003889991,4e-06,5.55e-05,89497843.91
1.066667e-05,0.0003889991,4e-06,5.97e-05,96660894.54
1.066667e-05,0.0003889991,4e-06,6.4e-05,102383785.7
1.066667e-05,0.0003889991,4e-06,6.83e-05,107046608.4
1.066667e-05,0.0003889991,4e-06,7.25e-05,110852814.9
1.066667e-05,0.0003889991,4e-06,7.68e-05,113933679.9
1.066667e-05,0.0003889991,4e-06,8.11e-05,116416499.6
1.066667e-05,0.0003889991,4e-06,8.53e-05,118417273.3
1.066667e-05,0.0003889991,4e-06,8.96e-05,120030830.3
1.066667e-05,0.0003889991,5.6e-06,3.84e-05,50963523.28
1.066667e-05,0.0003889991,5.6e-06,4.27e-05,64861461.3
1.066667e-05,0.0003889991,5.6e-06,4.69e-05,76412533.82
1.066667e-05,0.0003889991,5.6e-06,5.12e-05,84905150.88
1.066667e-05,0.0003889991,5.6e-06,5.55e-05,93983296.33
1.066667e-05,0.0003889991,5.6e-06,5.97e-05,100928068.3
1.066667e-05,0.0003889991,5.6e-06,6.4e-05,106415473.4
1.066667e-05,0.0003889991,5.6e-06,6.83e-05,110860122.3
1.066667e-05,0.0003889991,5.6e-06,7.25e-05,114466393.5
1.066667e-05,0.0003889991,5.6e-06,7.68e-05,117379244.5
1.066667e-05,0.0003889991,5.6e-06,8.11e-05,119726989.9
1.066667e-05,0.0003889991,5.6e-06,8.53e-05,121620898.6
1.066667e-05,0.0003889991,5.6e-06,8.96e-05,123150260.3
1.066667e-05,0.0003889991,5.6e-06,3.84e-05,51751330.61
1.066667e-05,0.0003889991,5.6e-06,4.27e-05,66270461.16
1.066667e-05,0.0003889991,5.6e-06,4.69e-05,77756823.93
1.066667e-05,0.0003889991,5.6e-06,5.12e-05,86929900.65
1.066667e-05,0.0003889991,5.6e-06,5.55e-05,95882636.67
1.066667e-05,0.0003889991,5.6e-06,5.97e-05,102731104.2
1.066667e-05,0.0003889991,5.6e-06,6.4e-05,108132494.5
1.066667e-05,0.0003889991,5.6e-06,6.83e-05,112488956.2
1.066667e-05,0.0003889991,5.6e-06,7.25e-05,116013631.8
1.066667e-05,0.0003889991,5.6e-06,7.68e-05,118857343.3
1.066667e-05,0.0003889991,5.6e-06,8.11e-05,121149158.2
1.066667e-05,0.0003889991,5.6e-06,8.53e-05,122998612.2
1.066667e-05,0.0003889991,5.6e-06,8.96e-05,124492820.3
1.066667e-05,0.0003889991,5.066667e-06,3.84e-05,53144640.61
1.066667e-05,0.0003889991,5.066667e-06,4.27e-05,68738175.65
1.066667e-05,0.0003889991,5.066667e-06,4.69e-05,80108056.69
1.066667e-05,0.0003889991,5.066667e-06,5.12e-05,90433605.04
1.066667e-05,0.0003889991,5.066667e-06,5.55e-05,99176368.32
1.066667e-05,0.0003889991,5.066667e-06,5.97e-05,105865851.3
1.066667e-05,0.0003889991,5.066667e-06,6.4e-05,111124570.4
1.066667e-05,0.0003889991,5.066667e-06,6.83e-05,115334418.3
1.066667e-05,0.0003889991,5.066667e-06,7.25e-05,118722277.6
1.066667e-05,0.0003889991,5.066667e-06,7.68e-05,121449180.3
1.066667e-05,0.0003889991,5.066667e-06,8.11e-05,123645960.9
1.066667e-05,0.0003889991,5.066667e-06,8.53e-05,125419553.1
1.066667e-05,0.0003889991,5.066667e-06,8.96e-05,127745609.3
1.066667e-05,0.0003889991,5.066667e-06,3.84e-05,53766749.09
1.066667e-05,0.0003889991,5.066667e-06,4.27e-05,69829912.4
1.066667e-05,0.0003889991,5.066667e-06,4.69e-05,81147002.6
1.066667e-05,0.0003889991,5.066667e-06,5.12e-05,91969701.55
1.066667e-05,0.0003889991,5.066667e-06,5.55e-05,100620495.2
1.066667e-05,0.0003889991,5.066667e-06,5.97e-05,107243626.7
1.066667e-05,0.0003889991,5.066667e-06,6.4e-05,112442418.3
1.066667e-05,0.0003889991,5.066667e-06,6.83e-05,116590616.2
1.066667e-05,0.0003889991,5.066667e-06,7.25e-05,119920460.5
1.066667e-05,0.0003889991,5.066667e-06,7.68e-05,122597457.6
1.066667e-05,0.0003889991,5.066667e-06,8.11e-05,124753401.8
1.066667e-05,0.0003889991,5.066667e-06,8.53e-05,127028308.9
1.066667e-05,0.0003889991,5.066667e-06,8.96e-05,129745792.0
1.066667e-05,0.0003889991,5.333333e-06,3.84e-05,56560220.27
1.066667e-05,0.0003889991,5.333333e-06,4.27e-05,73505810.12
1.066667e-05,0.0003889991,5.333333e-06,4.69e-05,85480197.71
1.066667e-05,0.0003889991,5.333333e-06,5.12e-05,97055647.58
1.066667e-05,0.0003889991,5.333333e-06,5.55e-05,105426345.4
1.066667e-05,0.0003889991,5.333333e-06,5.97e-05,111844397.6
1.066667e-05,0.0003889991,5.333333e-06,6.4e-05,116855349.8
1.066667e-05,0.0003889991,5.333333e-06,6.83e-05,120810587.7
1.066667e-05,0.0003889991,5.333333e-06,7.25e-05,123956620.9
1.066667e-05,0.0003889991,5.333333e-06,7.68e-05,126928527.1
1.066667e-05,0.0003889991,5.333333e-06,8.11e-05,130631602.2
1.066667e-05,0.0003889991,5.333333e-06,8.53e-05,133743098.2
1.066667e-05,0.0003889991,5.333333e-06,8.96e-05,136351714.2
1.066667e-05,0.0003889991,5.333333e-06,3.84e-05,54892231.44
1.066667e-05,0.0003889991,5.333333e-06,4.27e-05,71789041.24
1.066667e-05,0.0003889991,5.333333e-06,4.69e-05,83009540.21
1.066667e-05,0.0003889991,5.333333e-06,5.12e-05,94694305.65
1.066667e-05,0.0003889991,5.333333e-06,5.55e-05,103192490.1
1.066667e-05,0.0003889991,5.333333e-06,5.97e-05,109702773.6
1.066667e-05,0.0003889991,5.333333e-06,6.4e-05,114798823.1
1.066667e-05,0.0003889991,5.333333e-06,6.83e-05,118841369.1
1.066667e-05,0.0003889991,5.333333e-06,7.25e-05,122071023.8
1.066667e-05,0.0003889991,5.333333e-06,7.68e-05,124661236.4
1.066667e-05,0.0003889991,5.333333e-06,8.11e-05,127458407.1
1.066667e-05,0.0003889991,5.333333e-06,8.53e-05,130632314.6
1.066667e-05,0.0003889991,5.333333e-06,8.96e-05,133291132.3
1.066667e-05,4.48e-05,2.4e-06,3.84e-05,11686868.67
1.066667e-05,4.48e-05,2.4e-06,4.27e-05,13176208.56
1.066667e-05,4.48e-05,2.4e-06,4.69e-05,14431885.55
1.066667e-05,4.48e-05,2.4e-06,5.12e-05,15509899.33
1.066667e-05,4.48e-05,2.4e-06,5.55e-05,17224755.95
1.066667e-05,4.48e-05,2.4e-06,5.97e-05,19141826.41
1.066667e-05,4.48e-05,2.4e-06,6.4e-05,20865818.21
1.066667e-05,4.48e-05,2.4e-06,6.83e-05,22431642.65
1.066667e-05,4.48e-05,2.4e-06,7.25e-05,23859475.64
1.066667e-05,4.48e-05,2.4e-06,7.68e-05,26708548.15
1.066667e-05,4.48e-05,2.4e-06,8.11e-05,29504415.01
1.066667e-05,4.48e-05,2.4e-06,8.53e-05,32101598.97
1.066667e-05,4.48e-05,2.4e-06,8.96e-05,34524629.9
1.066667e-05,4.48e-05,2.4e-06,3.84e-05,11586158.83
1.066667e-05,4.48e-05,2.4e-06,4.27e-05,13106925.17
1.066667e-05,4.48e-05,2.4e-06,4.69e-05,14387955.91
1.066667e-05,4.48e-05,2.4e-06,5.12e-05,15486833.44
1.066667e-05,4.48e-05,2.4e-06,5.55e-05,17214399.24
1.066667e-05,4.48e-05,2.4e-06,5.97e-05,19169380.3
1.066667e-05,4.48e-05,2.4e-06,6.4e-05,20924685.72
1.066667e-05,4.48e-05,2.4e-06,6.83e-05,22521594.25
1.066667e-05,4.48e-05,2.4e-06,7.25e-05,23974256.14
1.066667e-05,4.48e-05,2.4e-06,7.68e-05,27041091.88
1.066667e-05,4.48e-05,2.4e-06,8.11e-05,29892109.33
1.066667e-05,4.48e-05,2.4e-06,8.53e-05,32531553.29
1.066667e-05,4.48e-05,2.4e-06,8.96e-05,35012612.02
1.066667e-05,4.48e-05,2.666667e-06,3.84e-05,11397863.06
1.066667e-05,4.48e-05,2.666667e-06,4.27e-05,12973870.57
1.066667e-05,4.48e-05,2.666667e-06,4.69e-05,14299544.12
1.066667e-05,4.48e-05,2.666667e-06,5.12e-05,15435227.23
1.066667e-05,4.48e-05,2.666667e-06,5.55e-05,17170777.83
1.066667e-05,4.48e-05,2.666667e-06,5.97e-05,19192669.4
1.066667e-05,4.48e-05,2.666667e-06,6.4e-05,21009900.44
1.066667e-05,4.48e-05,2.666667e-06,6.83e-05,22654304.93
1.066667e-05,4.48e-05,2.666667e-06,7.25e-05,24376339.9
1.066667e-05,4.48e-05,2.666667e-06,7.68e-05,27570022.71
1.066667e-05,4.48e-05,2.666667e-06,8.11e-05,30522794.04
1.066667e-05,4.48e-05,2.666667e-06,8.53e-05,33262373.9
1.066667e-05,4.48e-05,2.666667e-06,8.96e-05,35821399.41
1.066667e-05,4.48e-05,2.666667e-06,3.84e-05,11310152.09
1.066667e-05,4.48e-05,2.666667e-06,4.27e-05,12910729.65
1.066667e-05,4.48e-05,2.666667e-06,4.69e-05,14256280.97
1.066667e-05,4.48e-05,2.666667e-06,5.12e-05,15408373.92
1.066667e-05,4.48e-05,2.666667e-06,5.55e-05,17142325.08
1.066667e-05,4.48e-05,2.666667e-06,5.97e-05,19194050.27
1.066667e-05,4.48e-05,2.666667e-06,6.4e-05,21037446.25
1.066667e-05,4.48e-05,2.666667e-06,6.83e-05,22703669.03
1.066667e-05,4.48e-05,2.666667e-06,7.25e-05,24542676.65
1.066667e-05,4.48e-05,2.666667e-06,7.68e-05,27786221.38
1.066667e-05,4.48e-05,2.666667e-06,8.11e-05,30780704.22
1.066667e-05,4.48e-05,2.666667e-06,8.53e-05,33567717.11
1.066667e-05,4.48e-05,2.666667e-06,8.96e-05,36163330.99
1.066667e-05,4.48e-05,2.933333e-06,3.84e-05,10929517.43
1.066667e-05,4.48e-05,2.933333e-06,4.27e-05,12629814.18
1.066667e-05,4.48e-05,2.933333e-06,4.69e-05,14057757.98
1.066667e-05,4.48e-05,2.933333e-06,5.12e-05,15277895.48
1.066667e-05,4.48e-05,2.933333e-06,5.55e-05,16978781.24
1.066667e-05,4.48e-05,2.933333e-06,5.97e-05,19154014.22
1.066667e-05,4.48e-05,2.933333e-06,6.4e-05,21105787.38
1.066667e-05,4.48e-05,2.933333e-06,6.83e-05,22870512.03
1.066667e-05,4.48e-05,2.933333e-06,7.25e-05,25125402.29
1.066667e-05,4.48e-05,2.933333e-06,7.68e-05,28585797.57
1.066667e-05,4.48e-05,2.933333e-06,8.11e-05,31774350.74
1.066667e-05,4.48e-05,2.933333e-06,8.53e-05,34721192.61
1.066667e-05,4.48e-05,2.933333e-06,8.96e-05,38657315.43
1.066667e-05,4.48e-05,2.933333e-06,3.84e-05,11071001.83
1.066667e-05,4.48e-05,2.933333e-06,4.27e-05,12735496.7
1.066667e-05,4.48e-05,2.933333e-06,4.69e-05,14133329.13
1.066667e-05,4.48e-05,2.933333e-06,5.12e-05,15328608.29
1.066667e-05,4.48e-05,2.933333e-06,5.55e-05,17045865.21
1.066667e-05,4.48e-05,2.933333e-06,5.97e-05,19176043.65
1.066667e-05,4.48e-05,2.933333e-06,6.4e-05,21088280.11
1.066667e-05,4.48e-05,2.933333e-06,6.83e-05,22817999.7
1.066667e-05,4.48e-05,2.933333e-06,7.25e-05,24931447.37
1.066667e-05,4.48e-05,2.933333e-06,7.68e-05,28310249.74
1.066667e-05,4.48e-05,2.933333e-06,8.11e-05,31430023.73
1.066667e-05,4.48e-05,2.933333e-06,8.53e-05,34322871.12
1.066667e-05,4.48e-05,2.933333e-06,8.96e-05,37711323.39
1.066667e-05,4.48e-05,3.2e-06,3.84e-05,11146869.04
1.066667e-05,4.48e-05,3.2e-06,4.27e-05,12791586.58
1.066667e-05,4.48e-05,3.2e-06,4.69e-05,14173061.07
1.066667e-05,4.48e-05,3.2e-06,5.12e-05,15354827.5
1.066667e-05,4.48e-05,3.2e-06,5.55e-05,17079062.1
1.066667e-05,4.48e-05,3.2e-06,5.97e-05,19184709.14
1.066667e-05,4.48e-05,3.2e-06,6.4e-05,21075417.07
1.066667e-05,4.48e-05,3.2e-06,6.83e-05,22786075.04
1.066667e-05,4.48e-05,3.2e-06,7.25e-05,24816991.96
1.066667e-05,4.48e-05,3.2e-06,7.68e-05,28144331.11
1.066667e-05,4.48e-05,3.2e-06,8.11e-05,31234199.98
1.066667e-05,4.48e-05,3.2e-06,8.53e-05,34093345.42
1.066667e-05,4.48e-05,3.2e-06,8.96e-05,37205377.02
1.066667e-05,4.48e-05,3.2e-06,3.84e-05,10739847.68
1.066667e-05,4.48e-05,3.2e-06,4.27e-05,12489571.16
1.066667e-05,4.48e-05,3.2e-06,4.69e-05,13953730.18
1.066667e-05,4.48e-05,3.2e-06,5.12e-05,15206802.18
1.066667e-05,4.48e-05,3.2e-06,5.55e-05,16880219.4
1.066667e-05,4.48e-05,3.2e-06,5.97e-05,19114883.99
1.066667e-05,4.48e-05,3.2e-06,6.4e-05,21118777.1
1.066667e-05,4.48e-05,3.2e-06,6.83e-05,22929607.02
1.066667e-05,4.48e-05,3.2e-06,7.25e-05,25373185.4
1.066667e-05,4.48e-05,3.2e-06,7.68e-05,28926266.65
1.066667e-05,4.48e-05,3.2e-06,8.11e-05,32199705.2
1.066667e-05,4.48e-05,3.2e-06,8.53e-05,35247488.57
1.066667e-05,4.48e-05,3.2e-06,8.96e-05,39856133.26
1.066667e-05,4.48e-05,3.466667e-06,3.84e-05,10800318.1
1.066667e-05,4.48e-05,3.466667e-06,4.27e-05,12532027.79
1.066667e-05,4.48e-05,3.466667e-06,4.69e-05,13987221.44
1.066667e-05,4.48e-05,3.466667e-06,5.12e-05,15229816.53
1.066667e-05,4.48e-05,3.466667e-06,5.55e-05,16912583.76
1.066667e-05,4.48e-05,3.466667e-06,5.97e-05,19128385.86
1.066667e-05,4.48e-05,3.466667e-06,6.4e-05,21115744.51
1.066667e-05,4.48e-05,3.466667e-06,6.83e-05,22911944.48
1.066667e-05,4.48e-05,3.466667e-06,7.25e-05,25299285.5
1.066667e-05,4.48e-05,3.466667e-06,7.68e-05,28820869.22
1.066667e-05,4.48e-05,3.466667e-06,8.11e-05,32069390.96
1.066667e-05,4.48e-05,3.466667e-06,8.53e-05,35084982.74
1.066667e-05,4.48e-05,3.466667e-06,8.96e-05,39480730.55
1.066667e-05,4.48e-05,3.466667e-06,3.84e-05,3994258.14
1.066667e-05,4.48e-05,3.466667e-06,4.27e-05,4413749.507
1.066667e-05,4.48e-05,3.466667e-06,4.69e-05,4933979.411
1.066667e-05,4.48e-05,3.466667e-06,5.12e-05,5492658.755
1.066667e-05,4.48e-05,3.466667e-06,5.55e-05,5959644.396
1.066667e-05,4.48e-05,3.466667e-06,5.97e-05,6356842.545
1.066667e-05,4.48e-05,3.466667e-06,6.4e-05,6699778.593
1.066667e-05,4.48e-05,3.466667e-06,6.83e-05,7093865.249
1.066667e-05,4.48e-05,3.466667e-06,7.25e-05,7667813.558
1.066667e-05,4.48e-05,3.466667e-06,7.68e-05,8178432.326
1.066667e-05,4.48e-05,3.466667e-06,8.11e-05,8635330.37
1.066667e-05,4.48e-05,3.466667e-06,8.53e-05,9050816.126
1.066667e-05,4.48e-05,3.466667e-06,8.96e-05,9429134.748
1.066667e-05,4.48e-05,3.733333e-06,3.84e-05,3842242.194
1.066667e-05,4.48e-05,3.733333e-06,4.27e-05,4288021.207
1.066667e-05,4.48e-05,3.733333e-06,4.69e-05,4717337.279
1.066667e-05,4.48e-05,3.733333e-06,5.12e-05,5306116.329
1.066667e-05,4.48e-05,3.733333e-06,5.55e-05,5796883.565
1.066667e-05,4.48e-05,3.733333e-06,5.97e-05,6214526.462
1.066667e-05,4.48e-05,3.733333e-06,6.4e-05,6574681.644
1.066667e-05,4.48e-05,3.733333e-06,6.83e-05,6889074.259
1.066667e-05,4.48e-05,3.733333e-06,7.25e-05,7453499.295
1.066667e-05,4.48e-05,3.733333e-06,7.68e-05,7988281.904
1.066667e-05,4.48e-05,3.733333e-06,8.11e-05,8465343.894
1.066667e-05,4.48e-05,3.733333e-06,8.53e-05,8897971.417
1.066667e-05,4.48e-05,3.733333e-06,8.96e-05,9293017.66
1.066667e-05,4.48e-05,3.733333e-06,3.84e-05,3774157.968
1.066667e-05,4.48e-05,3.733333e-06,4.27e-05,4231534.231
1.066667e-05,4.48e-05,3.733333e-06,4.69e-05,4620761.793
1.066667e-05,4.48e-05,3.733333e-06,5.12e-05,5222578.308
1.066667e-05,4.48e-05,3.733333e-06,5.55e-05,5723821.44
1.066667e-05,4.48e-05,3.733333e-06,5.97e-05,6150521.446
1.066667e-05,4.48e-05,3.733333e-06,6.4e-05,6518276.94
1.066667e-05,4.48e-05,3.733333e-06,6.83e-05,6839160.297
1.066667e-05,4.48e-05,3.733333e-06,7.25e-05,7357379.446
1.066667e-05,4.48e-05,3.733333e-06,7.68e-05,7901834.247
1.066667e-05,4.48e-05,3.733333e-06,8.11e-05,8388718.651
1.066667e-05,4.48e-05,3.733333e-06,8.53e-05,8828875.902
1.066667e-05,4.48e-05,3.733333e-06,8.96e-05,9230539.428
1.066667e-05,4.48e-05,4.8e-06,3.84e-05,3650652.278
1.066667e-05,4.48e-05,4.8e-06,4.27e-05,4128837.806
1.066667e-05,4.48e-05,4.8e-06,4.69e-05,4509084.652
1.066667e-05,4.48e-05,4.8e-06,5.12e-05,5071419.015
1.066667e-05,4.48e-05,4.8e-06,5.55e-05,5592272.758
1.066667e-05,4.48e-05,4.8e-06,5.97e-05,6034139.018
1.066667e-05,4.48e-05,4.8e-06,6.4e-05,6415571.23
1.066667e-05,4.48e-05,4.8e-06,6.83e-05,6748108.269
1.066667e-05,4.48e-05,4.8e-06,7.25e-05,7182263.495
1.066667e-05,4.48e-05,4.8e-06,7.68e-05,7742963.884
1.066667e-05,4.48e-05,4.8e-06,8.11e-05,8247809.681
1.066667e-05,4.48e-05,4.8e-06,8.53e-05,8701464.95
1.066667e-05,4.48e-05,4.8e-06,8.96e-05,9115514.025
1.066667e-05,4.48e-05,4.8e-06,3.84e-05,3442523.321
1.066667e-05,4.48e-05,4.8e-06,4.27e-05,3955290.635
1.066667e-05,4.48e-05,4.8e-06,4.69e-05,4362614.268
1.066667e-05,4.48e-05,4.8e-06,5.12e-05,4818229.961
1.066667e-05,4.48e-05,4.8e-06,5.55e-05,5370439.805
1.066667e-05,4.48e-05,4.8e-06,5.97e-05,5838941.388
1.066667e-05,4.48e-05,4.8e-06,6.4e-05,6241900.741
1.066667e-05,4.48e-05,4.8e-06,6.83e-05,6593873.644
1.066667e-05,4.48e-05,4.8e-06,7.25e-05,6903501.829
1.066667e-05,4.48e-05,4.8e-06,7.68e-05,7476455.363
1.066667e-05,4.48e-05,4.8e-06,8.11e-05,8005867.396
1.066667e-05,4.48e-05,4.8e-06,8.53e-05,8484893.486
1.066667e-05,4.48e-05,4.8e-06,8.96e-05,8918535.871
1.066667e-05,4.48e-05,4.266667e-06,3.84e-05,3490510.899
1.066667e-05,4.48e-05,4.266667e-06,4.27e-05,3995340.916
1.066667e-05,4.48e-05,4.266667e-06,4.69e-05,4396455.089
1.066667e-05,4.48e-05,4.266667e-06,5.12e-05,4876393.947
1.066667e-05,4.48e-05,4.266667e-06,5.55e-05,5421455.195
1.066667e-05,4.48e-05,4.266667e-06,5.97e-05,5883969.43
1.066667e-05,4.48e-05,4.266667e-06,6.4e-05,6281973.63
1.066667e-05,4.48e-05,4.266667e-06,6.83e-05,6629472.314
1.066667e-05,4.48e-05,4.266667e-06,7.25e-05,6954687.262
1.066667e-05,4.48e-05,4.266667e-06,7.68e-05,7537922.891
1.066667e-05,4.48e-05,4.266667e-06,8.11e-05,8062281.845
1.066667e-05,4.48e-05,4.266667e-06,8.53e-05,8534524.283
1.066667e-05,4.48e-05,4.266667e-06,8.96e-05,8963916.129
1.066667e-05,4.48e-05,4.266667e-06,3.84e-05,3594286.585
1.066667e-05,4.48e-05,4.266667e-06,4.27e-05,4081886.84
1.066667e-05,4.48e-05,4.266667e-06,4.69e-05,4469507.012
1.066667e-05,4.48e-05,4.266667e-06,5.12e-05,5002633.207
1.066667e-05,4.48e-05,4.266667e-06,5.55e-05,5532071.018
1.066667e-05,4.48e-05,4.266667e-06,5.97e-05,5980931.467
1.066667e-05,4.48e-05,4.266667e-06,6.4e-05,6368584.921
1.066667e-05,4.48e-05,4.266667e-06,6.83e-05,6706401.251
1.066667e-05,4.48e-05,4.266667e-06,7.25e-05,7102171.479
1.066667e-05,4.48e-05,4.266667e-06,7.68e-05,7670863.188
1.066667e-05,4.48e-05,4.266667e-06,8.11e-05,8182728.377
1.066667e-05,4.48e-05,4.266667e-06,8.53e-05,8642771.751
1.066667e-05,4.48e-05,4.266667e-06,8.96e-05,9062478.72
1.066667e-05,4.48e-05,4.533333e-06,3.84e-05,3396934.072
1.066667e-05,4.48e-05,4.533333e-06,4.27e-05,3917135.224
1.066667e-05,4.48e-05,4.533333e-06,4.69e-05,4330358.442
1.066667e-05,4.48e-05,4.533333e-06,5.12e-05,4762975.319
1.066667e-05,4.48e-05,4.533333e-06,5.55e-05,5321950.836
1.066667e-05,4.48e-05,4.533333e-06,5.97e-05,5796120.923
1.066667e-05,4.48e-05,4.533333e-06,6.4e-05,6203730.235
1.066667e-05,4.48e-05,4.533333e-06,6.83e-05,6559971.218
1.066667e-05,4.48e-05,4.533333e-06,7.25e-05,6873245.15
1.066667e-05,4.48e-05,4.533333e-06,7.68e-05,7417963.064
1.066667e-05,4.48e-05,4.533333e-06,8.11e-05,7952777.329
1.066667e-05,4.48e-05,4.533333e-06,8.53e-05,8437116.659
1.066667e-05,4.48e-05,4.533333e-06,8.96e-05,8875167.836
1.066667e-05,4.48e-05,4.533333e-06,3.84e-05,3353497.705
1.066667e-05,4.48e-05,4.533333e-06,4.27e-05,3880714.06
1.066667e-05,4.48e-05,4.533333e-06,4.69e-05,4299557.182
1.066667e-05,4.48e-05,4.533333e-06,5.12e-05,4710381.316
1.066667e-05,4.48e-05,4.533333e-06,5.55e-05,5275776.12
1.066667e-05,4.48e-05,4.533333e-06,5.97e-05,5755325.849
1.066667e-05,4.48e-05,4.533333e-06,6.4e-05,6168157.659
1.066667e-05,4.48e-05,4.533333e-06,6.83e-05,6527626.827
1.066667e-05,4.48e-05,4.533333e-06,7.25e-05,6844376.279
1.066667e-05,4.48e-05,4.533333e-06,7.68e-05,7362213.059
1.066667e-05,4.48e-05,4.533333e-06,8.11e-05,7902318.939
1.066667e-05,4.48e-05,4.533333e-06,8.53e-05,8391373.258
1.066667e-05,4.48e-05,4.533333e-06,8.96e-05,8833719.977
1.066667e-05,4.48e-05,4e-06,3.84e-05,48997346.62
1.066667e-05,4.48e-05,4e-06,4.27e-05,61021131.27
1.066667e-05,4.48e-05,4e-06,4.69e-05,72640483.64
1.066667e-05,4.48e-05,4e-06,5.12e-05,80605286.61
1.066667e-05,4.48e-05,4e-06,5.55e-05,88493096.14
1.066667e-05,4.48e-05,4e-06,5.97e-05,95692556.74
1.066667e-05,4.48e-05,4e-06,6.4e-05,101448067.3
1.066667e-05,4.48e-05,4e-06,6.83e-05,106141624.7
1.066667e-05,4.48e-05,4e-06,7.25e-05,109972947.1
1.066667e-05,4.48e-05,4e-06,7.68e-05,113071027.5
1.066667e-05,4.48e-05,4e-06,8.11e-05,115564173.6
1.066667e-05,4.48e-05,4e-06,8.53e-05,117570146.3
1.066667e-05,4.48e-05,4e-06,8.96e-05,119185208.1
1.066667e-05,4.48e-05,4e-06,3.84e-05,50066632.93
1.066667e-05,4.48e-05,4e-06,4.27e-05,62965543.73
1.066667e-05,4.48e-05,4e-06,4.69e-05,74495800.1
1.066667e-05,4.48e-05,4e-06,5.12e-05,82387812.6
1.066667e-05,4.48e-05,4e-06,5.55e-05,91171709.5
1.066667e-05,4.48e-05,4e-06,5.97e-05,98246253.0
1.066667e-05,4.48e-05,4e-06,6.4e-05,103842950.6
1.066667e-05,4.48e-05,4e-06,6.83e-05,108400916.8
1.066667e-05,4.48e-05,4e-06,7.25e-05,112109225.8
1.066667e-05,4.48e-05,4e-06,7.68e-05,115104741.4
1.066667e-05,4.48e-05,4e-06,8.11e-05,117515862.5
1.066667e-05,4.48e-05,4e-06,8.53e-05,119457168.6
1.066667e-05,4.48e-05,4e-06,8.96e-05,121021413.0
1.066667e-05,4.48e-05,5.6e-06,3.84e-05,51892595.24
1.066667e-05,4.48e-05,5.6e-06,4.27e-05,66244861.81
1.066667e-05,4.48e-05,5.6e-06,4.69e-05,77627136.06
1.066667e-05,4.48e-05,5.6e-06,5.12e-05,86679947.48
1.066667e-05,4.48e-05,5.6e-06,5.55e-05,95629331.05
1.066667e-05,4.48e-05,5.6e-06,5.97e-05,102467604.7
1.066667e-05,4.48e-05,5.6e-06,6.4e-05,107853356.7
1.066667e-05,4.48e-05,5.6e-06,6.83e-05,112196131.0
1.066667e-05,4.48e-05,5.6e-06,7.25e-05,115707262.1
1.066667e-05,4.48e-05,5.6e-06,7.68e-05,118536987.6
1.066667e-05,4.48e-05,5.6e-06,8.11e-05,120814691.9
1.066667e-05,4.48e-05,5.6e-06,8.53e-05,122650329.0
1.066667e-05,4.48e-05,5.6e-06,8.96e-05,124131231.0
1.066667e-05,4.48e-05,5.6e-06,3.84e-05,52684337.13
1.066667e-05,4.48e-05,5.6e-06,4.27e-05,67650541.15
1.066667e-05,4.48e-05,5.6e-06,4.69e-05,78967340.29
1.066667e-05,4.48e-05,5.6e-06,5.12e-05,88691261.45
1.066667e-05,4.48e-05,5.6e-06,5.55e-05,97517277.45
1.066667e-05,4.48e-05,5.6e-06,5.97e-05,104260834.8
1.066667e-05,4.48e-05,5.6e-06,6.4e-05,109561722.9
1.066667e-05,4.48e-05,5.6e-06,6.83e-05,113817554.9
1.066667e-05,4.48e-05,5.6e-06,7.25e-05,117248242.3
1.066667e-05,4.48e-05,5.6e-06,7.68e-05,120009759.1
1.066667e-05,4.48e-05,5.6e-06,8.11e-05,122232227.3
1.066667e-05,4.48e-05,5.6e-06,8.53e-05,124023910.4
1.066667e-05,4.48e-05,5.6e-06,8.96e-05,125470015.4
1.066667e-05,4.48e-05,5.066667e-06,3.84e-05,54084817.93
1.066667e-05,4.48e-05,5.066667e-06,4.27e-05,70112666.33
1.066667e-05,4.48e-05,5.066667e-06,4.69e-05,81311821.98
1.066667e-05,4.48e-05,5.066667e-06,5.12e-05,92172256.23
1.066667e-05,4.48e-05,5.066667e-06,5.55e-05,100791818.1
1.066667e-05,4.48e-05,5.066667e-06,5.97e-05,107379139.1
1.066667e-05,4.48e-05,5.066667e-06,6.4e-05,112539309.1
1.066667e-05,4.48e-05,5.066667e-06,6.83e-05,116650659.5
1.066667e-05,4.48e-05,5.066667e-06,7.25e-05,119946503.9
1.066667e-05,4.48e-05,5.066667e-06,7.68e-05,122592809.6
1.066667e-05,4.48e-05,5.066667e-06,8.11e-05,124721437.1
1.066667e-05,4.48e-05,5.066667e-06,8.53e-05,126928892.8
1.066667e-05,4.48e-05,5.066667e-06,8.96e-05,129620770.2
1.066667e-05,4.48e-05,5.066667e-06,3.84e-05,54710200.87
1.066667e-05,4.48e-05,5.066667e-06,4.27e-05,71202010.88
1.066667e-05,4.48e-05,5.066667e-06,4.69e-05,82347939.37
1.066667e-05,4.48e-05,5.066667e-06,5.12e-05,93698574.62
1.066667e-05,4.48e-05,5.066667e-06,5.55e-05,102227761.7
1.066667e-05,4.48e-05,5.066667e-06,5.97e-05,108749934.6
1.066667e-05,4.48e-05,5.066667e-06,6.4e-05,113851015.5
1.066667e-05,4.48e-05,5.066667e-06,6.83e-05,117901639.1
1.066667e-05,4.48e-05,5.066667e-06,7.25e-05,121140323.6
1.066667e-05,4.48e-05,5.066667e-06,7.68e-05,123737417.5
1.066667e-05,4.48e-05,5.066667e-06,8.11e-05,125825727.8
1.066667e-05,4.48e-05,5.066667e-06,8.53e-05,128948050.5
1.066667e-05,4.48e-05,5.066667e-06,8.96e-05,131607065.2
1.066667e-05,4.48e-05,5.333333e-06,3.84e-05,58200426.67
1.066667e-05,4.48e-05,5.333333e-06,4.27e-05,74870144.93
1.066667e-05,4.48e-05,5.333333e-06,4.69e-05,87355275.95
1.066667e-05,4.48e-05,5.333333e-06,5.12e-05,98753281.47
1.066667e-05,4.48e-05,5.333333e-06,5.55e-05,107007413.2
1.066667e-05,4.48e-05,5.333333e-06,5.97e-05,113328329.7
1.066667e-05,4.48e-05,5.333333e-06,6.4e-05,118244454.9
1.066667e-05,4.48e-05,5.333333e-06,6.83e-05,122105137.0
1.066667e-05,4.48e-05,5.333333e-06,7.25e-05,125162807.0
1.066667e-05,4.48e-05,5.333333e-06,7.68e-05,128942848.5
1.066667e-05,4.48e-05,5.333333e-06,8.11e-05,132570214.2
1.066667e-05,4.48e-05,5.333333e-06,8.53e-05,135616088.2
1.066667e-05,4.48e-05,5.333333e-06,8.96e-05,138167846.4
1.066667e-05,4.48e-05,5.333333e-06,3.84e-05,56484696.56
1.066667e-05,4.48e-05,5.333333e-06,4.27e-05,73156951.83
1.066667e-05,4.48e-05,5.333333e-06,4.69e-05,84804877.84
1.066667e-05,4.48e-05,5.333333e-06,5.12e-05,96406252.45
1.066667e-05,4.48e-05,5.333333e-06,5.55e-05,104785536.5
1.066667e-05,4.48e-05,5.333333e-06,5.97e-05,111197003.6
1.066667e-05,4.48e-05,5.333333e-06,6.4e-05,116196806.5
1.066667e-05,4.48e-05,5.333333e-06,6.83e-05,120143404.3
1.066667e-05,4.48e-05,5.333333e-06,7.25e-05,123283405.6
1.066667e-05,4.48e-05,5.333333e-06,7.68e-05,125794939.7
1.066667e-05,4.48e-05,5.333333e-06,8.11e-05,129419472.8
1.066667e-05,4.48e-05,5.333333e-06,8.53e-05,132526823.5
1.066667e-05,4.48e-05,5.333333e-06,8.96e-05,135128037.7
4.8e-06,0.000132012,2.4e-06,3.84e-05,12003354.36
4.8e-06,0.000132012,2.4e-06,4.27e-05,13465387.99
4.8e-06,0.000132012,2.4e-06,4.69e-05,14699136.21
4.8e-06,0.000132012,2.4e-06,5.12e-05,15758977.89
4.8e-06,0.000132012,2.4e-06,5.55e-05,17760930.79
4.8e-06,0.000132012,2.4e-06,5.97e-05,19650553.92
4.8e-06,0.000132012,2.4e-06,6.4e-05,21350342.48
4.8e-06,0.000132012,2.4e-06,6.83e-05,22894439.33
4.8e-06,0.000132012,2.4e-06,7.25e-05,24711239.82
4.8e-06,0.000132012,2.4e-06,7.68e-05,27687677.41
4.8e-06,0.000132012,2.4e-06,8.11e-05,30446372.46
4.8e-06,0.000132012,2.4e-06,8.53e-05,33008980.65
4.8e-06,0.000132012,2.4e-06,8.96e-05,35399647.56
4.8e-06,0.000132012,2.4e-06,3.84e-05,11908557.52
4.8e-06,0.000132012,2.4e-06,4.27e-05,13401279.34
4.8e-06,0.000132012,2.4e-06,4.69e-05,14659752.66
4.8e-06,0.000132012,2.4e-06,5.12e-05,15739914.52
4.8e-06,0.000132012,2.4e-06,5.55e-05,17759659.9
4.8e-06,0.000132012,2.4e-06,5.97e-05,19686234.91
4.8e-06,0.000132012,2.4e-06,6.4e-05,21416517.62
4.8e-06,0.000132012,2.4e-06,6.83e-05,22990843.23
4.8e-06,0.000132012,2.4e-06,7.25e-05,24991170.47
4.8e-06,0.000132012,2.4e-06,7.68e-05,28034426.74
4.8e-06,0.000132012,2.4e-06,8.11e-05,30846764.28
4.8e-06,0.000132012,2.4e-06,8.53e-05,33450486.2
4.8e-06,0.000132012,2.4e-06,8.96e-05,35897435.74
4.8e-06,0.000132012,2.666667e-06,3.84e-05,11730861.78
4.8e-06,0.000132012,2.666667e-06,4.27e-05,13277499.49
4.8e-06,0.000132012,2.666667e-06,4.69e-05,14579489.51
4.8e-06,0.000132012,2.666667e-06,5.12e-05,15695484.88
4.8e-06,0.000132012,2.666667e-06,5.55e-05,17732298.82
4.8e-06,0.000132012,2.666667e-06,5.97e-05,19724060.75
4.8e-06,0.000132012,2.666667e-06,6.4e-05,21514599.37
4.8e-06,0.000132012,2.666667e-06,6.83e-05,23135112.06
4.8e-06,0.000132012,2.666667e-06,7.25e-05,25439979.18
4.8e-06,0.000132012,2.666667e-06,7.68e-05,28588908.34
4.8e-06,0.000132012,2.666667e-06,8.11e-05,31500184.68
4.8e-06,0.000132012,2.666667e-06,8.53e-05,34201115.08
4.8e-06,0.000132012,2.666667e-06,8.96e-05,37137406.54
4.8e-06,0.000132012,2.666667e-06,3.84e-05,11647939.86
4.8e-06,0.000132012,2.666667e-06,4.27e-05,13218547.5
4.8e-06,0.000132012,2.666667e-06,4.69e-05,14539906.46
4.8e-06,0.000132012,2.666667e-06,5.12e-05,15671873.06
4.8e-06,0.000132012,2.666667e-06,5.55e-05,17711177.51
4.8e-06,0.000132012,2.666667e-06,5.97e-05,19731992.43
4.8e-06,0.000132012,2.666667e-06,6.4e-05,21547984.99
4.8e-06,0.000132012,2.666667e-06,6.83e-05,23189707.45
4.8e-06,0.000132012,2.666667e-06,7.25e-05,25619200.11
4.8e-06,0.000132012,2.666667e-06,7.68e-05,28816658.61
4.8e-06,0.000132012,2.666667e-06,8.11e-05,31768400.18
4.8e-06,0.000132012,2.666667e-06,8.53e-05,34515430.59
4.8e-06,0.000132012,2.666667e-06,8.96e-05,37835990.95
4.8e-06,0.000132012,2.933333e-06,3.84e-05,11287445.99
4.8e-06,0.000132012,2.933333e-06,4.27e-05,12955286.43
4.8e-06,0.000132012,2.933333e-06,4.69e-05,14356883.66
4.8e-06,0.000132012,2.933333e-06,5.12e-05,15555044.0
4.8e-06,0.000132012,2.933333e-06,5.55e-05,17578417.83
4.8e-06,0.000132012,2.933333e-06,5.97e-05,19719434.16
4.8e-06,0.000132012,2.933333e-06,6.4e-05,21640799.4
4.8e-06,0.000132012,2.933333e-06,6.83e-05,23378191.38
4.8e-06,0.000132012,2.933333e-06,7.25e-05,26256325.56
4.8e-06,0.000132012,2.933333e-06,7.68e-05,29664520.25
4.8e-06,0.000132012,2.933333e-06,8.11e-05,32804800.5
4.8e-06,0.000132012,2.933333e-06,8.53e-05,35706627.09
4.8e-06,0.000132012,2.933333e-06,8.96e-05,40544278.61
4.8e-06,0.000132012,2.933333e-06,3.84e-05,11421527.02
4.8e-06,0.000132012,2.933333e-06,4.27e-05,13054473.36
4.8e-06,0.000132012,2.933333e-06,4.69e-05,14426754.58
4.8e-06,0.000132012,2.933333e-06,5.12e-05,15600738.58
4.8e-06,0.000132012,2.933333e-06,5.55e-05,17634200.36
4.8e-06,0.000132012,2.933333e-06,5.97e-05,19731381.8
4.8e-06,0.000132012,2.933333e-06,6.4e-05,21614317.38
4.8e-06,0.000132012,2.933333e-06,6.83e-05,23317715.91
4.8e-06,0.000132012,2.933333e-06,7.25e-05,26042309.22
4.8e-06,0.000132012,2.933333e-06,7.68e-05,29371255.68
4.8e-06,0.000132012,2.933333e-06,8.11e-05,32444385.81
4.8e-06,0.000132012,2.933333e-06,8.53e-05,35294394.48
4.8e-06,0.000132012,2.933333e-06,8.96e-05,39572757.15
4.8e-06,0.000132012,3.2e-06,3.84e-05,11493388.36
4.8e-06,0.000132012,3.2e-06,4.27e-05,13107052.63
4.8e-06,0.000132012,3.2e-06,4.69e-05,14463404.17
4.8e-06,0.000132012,3.2e-06,5.12e-05,15624243.39
4.8e-06,0.000132012,3.2e-06,5.55e-05,17661276.2
4.8e-06,0.000132012,3.2e-06,5.97e-05,19734583.91
4.8e-06,0.000132012,3.2e-06,6.4e-05,21596588.46
4.8e-06,0.000132012,3.2e-06,6.83e-05,23281472.0
4.8e-06,0.000132012,3.2e-06,7.25e-05,25917044.74
4.8e-06,0.000132012,3.2e-06,7.68e-05,29196160.28
4.8e-06,0.000132012,3.2e-06,8.11e-05,32240450.52
4.8e-06,0.000132012,3.2e-06,8.53e-05,35057402.27
4.8e-06,0.000132012,3.2e-06,8.96e-05,39052219.37
4.8e-06,0.000132012,3.2e-06,3.84e-05,11107616.8
4.8e-06,0.000132012,3.2e-06,4.27e-05,12823617.53
4.8e-06,0.000132012,3.2e-06,4.69e-05,14260444.79
4.8e-06,0.000132012,3.2e-06,5.12e-05,15490626.28
4.8e-06,0.000132012,3.2e-06,5.55e-05,17494858.8
4.8e-06,0.000132012,3.2e-06,5.97e-05,19693674.82
4.8e-06,0.000132012,3.2e-06,6.4e-05,21665681.74
4.8e-06,0.000132012,3.2e-06,6.83e-05,23447829.38
4.8e-06,0.000132012,3.2e-06,7.25e-05,26530163.16
4.8e-06,0.000132012,3.2e-06,7.68e-05,30028487.47
4.8e-06,0.000132012,3.2e-06,8.11e-05,33251302.96
4.8e-06,0.000132012,3.2e-06,8.53e-05,36250846.82
4.8e-06,0.000132012,3.2e-06,8.96e-05,41777687.96
4.8e-06,0.000132012,3.466667e-06,3.84e-05,11164956.43
4.8e-06,0.000132012,3.466667e-06,4.27e-05,12863399.76
4.8e-06,0.000132012,3.466667e-06,4.69e-05,14291519.61
4.8e-06,0.000132012,3.466667e-06,5.12e-05,15511515.91
4.8e-06,0.000132012,3.466667e-06,5.55e-05,17522452.06
4.8e-06,0.000132012,3.466667e-06,5.97e-05,19702926.34
4.8e-06,0.000132012,3.466667e-06,6.4e-05,21658870.09
4.8e-06,0.000132012,3.466667e-06,6.83e-05,23426817.73
4.8e-06,0.000132012,3.466667e-06,7.25e-05,26447891.95
4.8e-06,0.000132012,3.466667e-06,7.68e-05,29915615.93
4.8e-06,0.000132012,3.466667e-06,8.11e-05,33114165.74
4.8e-06,0.000132012,3.466667e-06,8.53e-05,36082606.08
4.8e-06,0.000132012,3.466667e-06,8.96e-05,41391226.93
4.8e-06,0.000132012,3.466667e-06,3.84e-05,4087901.545
4.8e-06,0.000132012,3.466667e-06,4.27e-05,4497431.1
4.8e-06,0.000132012,3.466667e-06,4.69e-05,5088441.975
4.8e-06,0.000132012,3.466667e-06,5.12e-05,5633094.719
4.8e-06,0.000132012,3.466667e-06,5.55e-05,6088752.777
4.8e-06,0.000132012,3.466667e-06,5.97e-05,6476589.547
4.8e-06,0.000132012,3.466667e-06,6.4e-05,6811634.625
4.8e-06,0.000132012,3.466667e-06,6.83e-05,7320851.357
4.8e-06,0.000132012,3.466667e-06,7.25e-05,7881613.583
4.8e-06,0.000132012,3.466667e-06,7.68e-05,8380839.014
4.8e-06,0.000132012,3.466667e-06,8.11e-05,8827808.555
4.8e-06,0.000132012,3.466667e-06,8.53e-05,9234429.378
4.8e-06,0.000132012,3.466667e-06,8.96e-05,9604823.084
4.8e-06,0.000132012,3.733333e-06,3.84e-05,3940217.755
4.8e-06,0.000132012,3.733333e-06,4.27e-05,4375622.014
4.8e-06,0.000132012,3.733333e-06,4.69e-05,4878340.329
4.8e-06,0.000132012,3.733333e-06,5.12e-05,5452507.654
4.8e-06,0.000132012,3.733333e-06,5.55e-05,5931472.618
4.8e-06,0.000132012,3.733333e-06,5.97e-05,6339336.11
4.8e-06,0.000132012,3.733333e-06,6.4e-05,6691239.749
4.8e-06,0.000132012,3.733333e-06,6.83e-05,7091244.628
4.8e-06,0.000132012,3.733333e-06,7.25e-05,7675790.003
4.8e-06,0.000132012,3.733333e-06,7.68e-05,8198597.801
4.8e-06,0.000132012,3.733333e-06,8.11e-05,8665253.917
4.8e-06,0.000132012,3.733333e-06,8.53e-05,9088602.722
4.8e-06,0.000132012,3.733333e-06,8.96e-05,9475317.954
4.8e-06,0.000132012,3.733333e-06,3.84e-05,3874069.337
4.8e-06,0.000132012,3.733333e-06,4.27e-05,4320886.105
4.8e-06,0.000132012,3.733333e-06,4.69e-05,4784693.579
4.8e-06,0.000132012,3.733333e-06,5.12e-05,5371639.213
4.8e-06,0.000132012,3.733333e-06,5.55e-05,5860866.76
4.8e-06,0.000132012,3.733333e-06,5.97e-05,6277598.758
4.8e-06,0.000132012,3.733333e-06,6.4e-05,6636941.038
4.8e-06,0.000132012,3.733333e-06,6.83e-05,6987823.313
4.8e-06,0.000132012,3.733333e-06,7.25e-05,7583446.428
4.8e-06,0.000132012,3.733333e-06,7.68e-05,8115699.831
4.8e-06,0.000132012,3.733333e-06,8.11e-05,8591919.518
4.8e-06,0.000132012,3.733333e-06,8.53e-05,9022636.771
4.8e-06,0.000132012,3.733333e-06,8.96e-05,9415803.299
4.8e-06,0.000132012,4.8e-06,3.84e-05,3754070.243
4.8e-06,0.000132012,4.8e-06,4.27e-05,4221361.289
4.8e-06,0.000132012,4.8e-06,4.69e-05,4615598.23
4.8e-06,0.000132012,4.8e-06,5.12e-05,5225321.872
4.8e-06,0.000132012,4.8e-06,5.55e-05,5733755.148
4.8e-06,0.000132012,4.8e-06,5.97e-05,6165331.93
4.8e-06,0.000132012,4.8e-06,6.4e-05,6538056.28
4.8e-06,0.000132012,4.8e-06,6.83e-05,6863120.166
4.8e-06,0.000132012,4.8e-06,7.25e-05,7415181.211
4.8e-06,0.000132012,4.8e-06,7.68e-05,7963309.386
4.8e-06,0.000132012,4.8e-06,8.11e-05,8457039.673
4.8e-06,0.000132012,4.8e-06,8.53e-05,8900916.047
4.8e-06,0.000132012,4.8e-06,8.96e-05,9306155.306
4.8e-06,0.000132012,4.8e-06,3.84e-05,3551843.166
4.8e-06,0.000132012,4.8e-06,4.27e-05,4053150.478
4.8e-06,0.000132012,4.8e-06,4.69e-05,4451539.255
4.8e-06,0.000132012,4.8e-06,5.12e-05,4980290.499
4.8e-06,0.000132012,4.8e-06,5.55e-05,5519415.801
4.8e-06,0.000132012,4.8e-06,5.97e-05,5977053.764
4.8e-06,0.000132012,4.8e-06,6.4e-05,6370829.967
4.8e-06,0.000132012,4.8e-06,6.83e-05,6714895.09
4.8e-06,0.000132012,4.8e-06,7.25e-05,7131023.785
4.8e-06,0.000132012,4.8e-06,7.68e-05,7707625.367
4.8e-06,0.000132012,4.8e-06,8.11e-05,8225313.587
4.8e-06,0.000132012,4.8e-06,8.53e-05,8693898.273
4.8e-06,0.000132012,4.8e-06,8.96e-05,9118240.28
4.8e-06,0.000132012,4.266667e-06,3.84e-05,3598470.202
4.8e-06,0.000132012,4.266667e-06,4.27e-05,4091970.99
4.8e-06,0.000132012,4.266667e-06,4.69e-05,4484255.022
4.8e-06,0.000132012,4.266667e-06,5.12e-05,5036574.044
4.8e-06,0.000132012,4.266667e-06,5.55e-05,5568703.782
4.8e-06,0.000132012,4.266667e-06,5.97e-05,6020484.929
4.8e-06,0.000132012,4.266667e-06,6.4e-05,6409416.22
4.8e-06,0.000132012,4.266667e-06,6.83e-05,6749107.932
4.8e-06,0.000132012,4.266667e-06,7.25e-05,7196486.885
4.8e-06,0.000132012,4.266667e-06,7.68e-05,7766598.07
4.8e-06,0.000132012,4.266667e-06,8.11e-05,8279358.366
4.8e-06,0.000132012,4.266667e-06,8.53e-05,8741329.972
4.8e-06,0.000132012,4.266667e-06,8.96e-05,9161535.984
4.8e-06,0.000132012,4.266667e-06,3.84e-05,3699303.413
4.8e-06,0.000132012,4.266667e-06,4.27e-05,4175856.269
4.8e-06,0.000132012,4.266667e-06,4.69e-05,4554872.736
4.8e-06,0.000132012,4.266667e-06,5.12e-05,5158745.625
4.8e-06,0.000132012,4.266667e-06,5.55e-05,5675583.052
4.8e-06,0.000132012,4.266667e-06,5.97e-05,6114004.22
4.8e-06,0.000132012,4.266667e-06,6.4e-05,6492814.32
4.8e-06,0.000132012,4.266667e-06,6.83e-05,6823040.327
4.8e-06,0.000132012,4.266667e-06,7.25e-05,7338215.674
4.8e-06,0.000132012,4.266667e-06,7.68e-05,7894140.84
4.8e-06,0.000132012,4.266667e-06,8.11e-05,8394717.449
4.8e-06,0.000132012,4.266667e-06,8.53e-05,8844821.381
4.8e-06,0.000132012,4.266667e-06,8.96e-05,9255574.301
4.8e-06,0.000132012,4.533333e-06,3.84e-05,3507545.588
4.8e-06,0.000132012,4.533333e-06,4.27e-05,4016166.093
4.8e-06,0.000132012,4.533333e-06,4.69e-05,4420354.683
4.8e-06,0.000132012,4.533333e-06,5.12e-05,4926826.359
4.8e-06,0.000132012,4.533333e-06,5.55e-05,5472571.647
4.8e-06,0.000132012,4.533333e-06,5.97e-05,5935753.863
4.8e-06,0.000132012,4.533333e-06,6.4e-05,6334075.98
4.8e-06,0.000132012,4.533333e-06,6.83e-05,6682312.636
4.8e-06,0.000132012,4.533333e-06,7.25e-05,7068762.726
4.8e-06,0.000132012,4.533333e-06,7.68e-05,7651508.224
4.8e-06,0.000132012,4.533333e-06,8.11e-05,8174471.579
4.8e-06,0.000132012,4.533333e-06,8.53e-05,8648224.713
4.8e-06,0.000132012,4.533333e-06,8.96e-05,9076858.832
4.8e-06,0.000132012,4.533333e-06,3.84e-05,3465342.843
4.8e-06,0.000132012,4.533333e-06,4.27e-05,3980862.407
4.8e-06,0.000132012,4.533333e-06,4.69e-05,4390575.613
4.8e-06,0.000132012,4.533333e-06,5.12e-05,4875940.655
4.8e-06,0.000132012,4.533333e-06,5.55e-05,5427966.251
4.8e-06,0.000132012,4.533333e-06,5.97e-05,5896409.601
4.8e-06,0.000132012,4.533333e-06,6.4e-05,6299838.953
4.8e-06,0.000132012,4.533333e-06,6.83e-05,6651228.105
4.8e-06,0.000132012,4.533333e-06,7.25e-05,7009446.644
4.8e-06,0.000132012,4.533333e-06,7.68e-05,7598023.951
4.8e-06,0.000132012,4.533333e-06,8.11e-05,8126143.648
4.8e-06,0.000132012,4.533333e-06,8.53e-05,8604490.293
4.8e-06,0.000132012,4.533333e-06,8.96e-05,9037306.905
4.8e-06,0.000132012,4e-06,3.84e-05,50546047.16
4.8e-06,0.000132012,4e-06,4.27e-05,63379678.49
4.8e-06,0.000132012,4e-06,4.69e-05,74717305.86
4.8e-06,0.000132012,4e-06,5.12e-05,82524229.13
4.8e-06,0.000132012,4e-06,5.55e-05,91339390.22
4.8e-06,0.000132012,4e-06,5.97e-05,98346955.26
4.8e-06,0.000132012,4e-06,6.4e-05,103917629.3
4.8e-06,0.000132012,4e-06,6.83e-05,108428395.6
4.8e-06,0.000132012,4e-06,7.25e-05,112090193.8
4.8e-06,0.000132012,4e-06,7.68e-05,115041330.7
4.8e-06,0.000132012,4e-06,8.11e-05,117411588.8
4.8e-06,0.000132012,4e-06,8.53e-05,119315989.3
4.8e-06,0.000132012,4e-06,8.96e-05,120847058.5
4.8e-06,0.000132012,4e-06,3.84e-05,51622945.72
4.8e-06,0.000132012,4e-06,4.27e-05,65314425.96
4.8e-06,0.000132012,4e-06,4.69e-05,76562037.39
4.8e-06,0.000132012,4e-06,5.12e-05,84963585.14
4.8e-06,0.000132012,4e-06,5.55e-05,93987446.41
4.8e-06,0.000132012,4e-06,5.97e-05,100872059.4
4.8e-06,0.000132012,4e-06,6.4e-05,106288789.3
4.8e-06,0.000132012,4e-06,6.83e-05,110667114.4
4.8e-06,0.000132012,4e-06,7.25e-05,114208820.3
4.8e-06,0.000132012,4e-06,7.68e-05,117059755.5
4.8e-06,0.000132012,4e-06,8.11e-05,119349759.9
4.8e-06,0.000132012,4e-06,8.53e-05,121190782.6
4.8e-06,0.000132012,4e-06,8.96e-05,122671964.2
4.8e-06,0.000132012,5.6e-06,3.84e-05,53462765.68
4.8e-06,0.000132012,5.6e-06,4.27e-05,68578355.96
4.8e-06,0.000132012,5.6e-06,4.69e-05,79674970.06
4.8e-06,0.000132012,5.6e-06,5.12e-05,89667017.94
4.8e-06,0.000132012,5.6e-06,5.55e-05,98395931.12
4.8e-06,0.000132012,5.6e-06,5.97e-05,105050725.3
4.8e-06,0.000132012,5.6e-06,6.4e-05,110261252.6
4.8e-06,0.000132012,5.6e-06,6.83e-05,114429537.7
4.8e-06,0.000132012,5.6e-06,7.25e-05,117778849.4
4.8e-06,0.000132012,5.6e-06,7.68e-05,120467871.9
4.8e-06,0.000132012,5.6e-06,8.11e-05,122627368.2
4.8e-06,0.000132012,5.6e-06,8.53e-05,124364837.5
4.8e-06,0.000132012,5.6e-06,8.96e-05,125764199.6
4.8e-06,0.000132012,5.6e-06,3.84e-05,54260805.87
4.8e-06,0.000132012,5.6e-06,4.27e-05,69977747.4
4.8e-06,0.000132012,5.6e-06,4.69e-05,81007791.1
4.8e-06,0.000132012,5.6e-06,5.12e-05,91654705.44
4.8e-06,0.000132012,5.6e-06,5.55e-05,100263732.2
4.8e-06,0.000132012,5.6e-06,5.97e-05,106826528.8
4.8e-06,0.000132012,5.6e-06,6.4e-05,111954146.7
4.8e-06,0.000132012,5.6e-06,6.83e-05,116037635.6
4.8e-06,0.000132012,5.6e-06,7.25e-05,119308498.3
4.8e-06,0.000132012,5.6e-06,7.68e-05,121930932.6
4.8e-06,0.000132012,5.6e-06,8.11e-05,124036410.4
4.8e-06,0.000132012,5.6e-06,8.53e-05,125730811.2
4.8e-06,0.000132012,5.6e-06,8.96e-05,128247172.3
4.8e-06,0.000132012,5.066667e-06,3.84e-05,56200569.94
4.8e-06,0.000132012,5.066667e-06,4.27e-05,72429236.28
4.8e-06,0.000132012,5.066667e-06,4.69e-05,83437637.52
4.8e-06,0.000132012,5.066667e-06,5.12e-05,95099161.72
4.8e-06,0.000132012,5.066667e-06,5.55e-05,103504298.5
4.8e-06,0.000132012,5.066667e-06,5.97e-05,109915559.5
4.8e-06,0.000132012,5.066667e-06,6.4e-05,114905767.0
4.8e-06,0.000132012,5.066667e-06,6.83e-05,118848442.6
4.8e-06,0.000132012,5.066667e-06,7.25e-05,121987873.3
4.8e-06,0.000132012,5.066667e-06,7.68e-05,124497875.4
4.8e-06,0.000132012,5.066667e-06,8.11e-05,127048908.6
4.8e-06,0.000132012,5.066667e-06,8.53e-05,130153642.6
4.8e-06,0.000132012,5.066667e-06,8.96e-05,132745658.1
4.8e-06,0.000132012,5.066667e-06,3.84e-05,57288798.75
4.8e-06,0.000132012,5.066667e-06,4.27e-05,73514008.88
4.8e-06,0.000132012,5.066667e-06,4.69e-05,85076868.88
4.8e-06,0.000132012,5.066667e-06,5.12e-05,96604805.37
4.8e-06,0.000132012,5.066667e-06,5.55e-05,104925736.9
4.8e-06,0.000132012,5.066667e-06,5.97e-05,111273906.8
4.8e-06,0.000132012,5.066667e-06,6.4e-05,116206440.9
4.8e-06,0.000132012,5.066667e-06,6.83e-05,120089975.0
4.8e-06,0.000132012,5.066667e-06,7.25e-05,123173721.7
4.8e-06,0.000132012,5.066667e-06,7.68e-05,125635716.9
4.8e-06,0.000132012,5.066667e-06,8.11e-05,129083351.6
4.8e-06,0.000132012,5.066667e-06,8.53e-05,132148070.6
4.8e-06,0.000132012,5.066667e-06,8.96e-05,134708087.3
4.8e-06,0.000132012,5.333333e-06,3.84e-05,60965097.99
4.8e-06,0.000132012,5.333333e-06,4.27e-05,77167228.88
4.8e-06,0.000132012,5.333333e-06,4.69e-05,90507854.85
4.8e-06,0.000132012,5.333333e-06,5.12e-05,101604430.8
4.8e-06,0.000132012,5.333333e-06,5.55e-05,109658865.5
4.8e-06,0.000132012,5.333333e-06,5.97e-05,115812188.1
4.8e-06,0.000132012,5.333333e-06,6.4e-05,120564740.6
4.8e-06,0.000132012,5.333333e-06,6.83e-05,124263501.3
4.8e-06,0.000132012,5.333333e-06,7.25e-05,128127094.1
4.8e-06,0.000132012,5.333333e-06,7.68e-05,132302059.2
4.8e-06,0.000132012,5.333333e-06,8.11e-05,135800908.5
4.8e-06,0.000132012,5.333333e-06,8.53e-05,138735612.5
4.8e-06,0.000132012,5.333333e-06,8.96e-05,141191215.5
4.8e-06,0.000132012,5.333333e-06,3.84e-05,59245492.51
4.8e-06,0.000132012,5.333333e-06,4.27e-05,75460918.75
4.8e-06,0.000132012,5.333333e-06,4.69e-05,87988186.42
4.8e-06,0.000132012,5.333333e-06,5.12e-05,99282652.61
4.8e-06,0.000132012,5.333333e-06,5.55e-05,107458277.2
4.8e-06,0.000132012,5.333333e-06,5.97e-05,113699400.9
4.8e-06,0.000132012,5.333333e-06,6.4e-05,118533122.8
4.8e-06,0.000132012,5.333333e-06,6.83e-05,122315418.1
4.8e-06,0.000132012,5.333333e-06,7.25e-05,125303078.0
4.8e-06,0.000132012,5.333333e-06,7.68e-05,129116867.1
4.8e-06,0.000132012,5.333333e-06,8.11e-05,132688877.2
4.8e-06,0.000132012,5.333333e-06,8.53e-05,135683414.2
4.8e-06,0.000132012,5.333333e-06,8.96e-05,138187157.5
4.8e-06,0.0003889991,2.4e-06,3.84e-05,11853569.75
4.8e-06,0.0003889991,2.4e-06,4.27e-05,13328514.26
4.8e-06,0.0003889991,2.4e-06,4.69e-05,14572632.11
4.8e-06,0.0003889991,2.4e-06,5.12e-05,15641067.92
4.8e-06,0.0003889991,2.4e-06,5.55e-05,17507101.96
4.8e-06,0.0003889991,2.4e-06,5.97e-05,19409707.31
4.8e-06,0.0003889991,2.4e-06,6.4e-05,21120944.79
4.8e-06,0.0003889991,2.4e-06,6.83e-05,22675319.64
4.8e-06,0.0003889991,2.4e-06,7.25e-05,24228657.04
4.8e-06,0.0003889991,2.4e-06,7.68e-05,27224091.87
4.8e-06,0.0003889991,2.4e-06,8.11e-05,30000385.4
4.8e-06,0.0003889991,2.4e-06,8.53e-05,32579362.45
4.8e-06,0.0003889991,2.4e-06,8.96e-05,34985351.14
4.8e-06,0.0003889991,2.4e-06,3.84e-05,11755987.2
4.8e-06,0.0003889991,2.4e-06,4.27e-05,13261968.06
4.8e-06,0.0003889991,2.4e-06,4.69e-05,14531107.54
4.8e-06,0.0003889991,2.4e-06,5.12e-05,15620119.98
4.8e-06,0.0003889991,2.4e-06,5.55e-05,17501552.33
4.8e-06,0.0003889991,2.4e-06,5.97e-05,19441562.1
4.8e-06,0.0003889991,2.4e-06,6.4e-05,21183680.72
4.8e-06,0.0003889991,2.4e-06,6.83e-05,22768687.98
4.8e-06,0.0003889991,2.4e-06,7.25e-05,24501042.96
4.8e-06,0.0003889991,2.4e-06,7.68e-05,27564158.95
4.8e-06,0.0003889991,2.4e-06,8.11e-05,30394806.11
4.8e-06,0.0003889991,2.4e-06,8.53e-05,33015434.16
4.8e-06,0.0003889991,2.4e-06,8.96e-05,35478534.03
4.8e-06,0.0003889991,2.666667e-06,3.84e-05,11573296.78
4.8e-06,0.0003889991,2.666667e-06,4.27e-05,13133818.53
4.8e-06,0.0003889991,2.666667e-06,4.69e-05,14447005.87
4.8e-06,0.0003889991,2.666667e-06,5.12e-05,15572310.4
4.8e-06,0.0003889991,2.666667e-06,5.55e-05,17466532.14
4.8e-06,0.0003889991,2.666667e-06,5.97e-05,19472542.35
4.8e-06,0.0003889991,2.666667e-06,6.4e-05,21275704.7
4.8e-06,0.0003889991,2.666667e-06,6.83e-05,22907517.39
4.8e-06,0.0003889991,2.666667e-06,7.25e-05,24936505.07
4.8e-06,0.0003889991,2.666667e-06,7.68e-05,28106615.04
4.8e-06,0.0003889991,2.666667e-06,8.11e-05,31037530.57
4.8e-06,0.0003889991,2.666667e-06,8.53e-05,33756752.58
4.8e-06,0.0003889991,2.666667e-06,8.96e-05,36296588.1
4.8e-06,0.0003889991,2.666667e-06,3.84e-05,11488118.01
4.8e-06,0.0003889991,2.666667e-06,4.27e-05,13072892.69
4.8e-06,0.0003889991,2.666667e-06,4.69e-05,14405688.98
4.8e-06,0.0003889991,2.666667e-06,5.12e-05,15547171.65
4.8e-06,0.0003889991,2.666667e-06,5.55e-05,17441956.92
4.8e-06,0.0003889991,2.666667e-06,5.97e-05,19477388.55
4.8e-06,0.0003889991,2.666667e-06,6.4e-05,21306340.42
4.8e-06,0.0003889991,2.666667e-06,6.83e-05,22959650.3
4.8e-06,0.0003889991,2.666667e-06,7.25e-05,25109658.25
4.8e-06,0.0003889991,2.666667e-06,7.68e-05,28328927.41
4.8e-06,0.0003889991,2.666667e-06,8.11e-05,31300893.43
4.8e-06,0.0003889991,2.666667e-06,8.53e-05,34066848.84
4.8e-06,0.0003889991,2.666667e-06,8.96e-05,36976362.69
4.8e-06,0.0003889991,2.933333e-06,3.84e-05,11118131.45
4.8e-06,0.0003889991,2.933333e-06,4.27e-05,12801311.53
4.8e-06,0.0003889991,2.933333e-06,4.69e-05,14215362.07
4.8e-06,0.0003889991,2.933333e-06,5.12e-05,15423911.49
4.8e-06,0.0003889991,2.933333e-06,5.55e-05,17294691.85
4.8e-06,0.0003889991,2.933333e-06,5.97e-05,19451885.26
4.8e-06,0.0003889991,2.933333e-06,6.4e-05,21387627.82
4.8e-06,0.0003889991,2.933333e-06,6.83e-05,23137943.66
4.8e-06,0.0003889991,2.933333e-06,7.25e-05,25721158.87
4.8e-06,0.0003889991,2.933333e-06,7.68e-05,29154050.39
4.8e-06,0.0003889991,2.933333e-06,8.11e-05,32317171.67
4.8e-06,0.0003889991,2.933333e-06,8.53e-05,35240291.2
4.8e-06,0.0003889991,2.933333e-06,8.96e-05,39651659.74
4.8e-06,0.0003889991,2.933333e-06,3.84e-05,11255701.94
4.8e-06,0.0003889991,2.933333e-06,4.27e-05,12903559.86
4.8e-06,0.0003889991,2.933333e-06,4.69e-05,14287919.29
4.8e-06,0.0003889991,2.933333e-06,5.12e-05,15471970.7
4.8e-06,0.0003889991,2.933333e-06,5.55e-05,17355799.97
4.8e-06,0.0003889991,2.933333e-06,5.97e-05,19468582.94
4.8e-06,0.0003889991,2.933333e-06,6.4e-05,21365373.38
4.8e-06,0.0003889991,2.933333e-06,6.83e-05,23081218.33
4.8e-06,0.0003889991,2.933333e-06,7.25e-05,25516593.07
4.8e-06,0.0003889991,2.933333e-06,7.68e-05,28869129.8
4.8e-06,0.0003889991,2.933333e-06,8.11e-05,31964320.95
4.8e-06,0.0003889991,2.933333e-06,8.53e-05,34834611.84
4.8e-06,0.0003889991,2.933333e-06,8.96e-05,38692121.67
4.8e-06,0.0003889991,3.2e-06,3.84e-05,11329451.33
4.8e-06,0.0003889991,3.2e-06,4.27e-05,12957793.61
4.8e-06,0.0003889991,3.2e-06,4.69e-05,14326021.39
4.8e-06,0.0003889991,3.2e-06,5.12e-05,15496754.45
4.8e-06,0.0003889991,3.2e-06,5.55e-05,17385760.07
4.8e-06,0.0003889991,3.2e-06,5.97e-05,19474358.94
4.8e-06,0.0003889991,3.2e-06,6.4e-05,21349936.36
4.8e-06,0.0003889991,3.2e-06,6.83e-05,23047008.32
4.8e-06,0.0003889991,3.2e-06,7.25e-05,25396420.3
4.8e-06,0.0003889991,3.2e-06,7.68e-05,28698359.32
4.8e-06,0.0003889991,3.2e-06,8.11e-05,31764213.63
4.8e-06,0.0003889991,3.2e-06,8.53e-05,34601132.63
4.8e-06,0.0003889991,3.2e-06,8.96e-05,38178446.07
4.8e-06,0.0003889991,3.2e-06,3.84e-05,10933663.94
4.8e-06,0.0003889991,3.2e-06,4.27e-05,12665601.4
4.8e-06,0.0003889991,3.2e-06,4.69e-05,14115346.61
4.8e-06,0.0003889991,3.2e-06,5.12e-05,15356347.96
4.8e-06,0.0003889991,3.2e-06,5.55e-05,17204062.62
4.8e-06,0.0003889991,3.2e-06,5.97e-05,19419825.75
4.8e-06,0.0003889991,3.2e-06,6.4e-05,21406907.58
4.8e-06,0.0003889991,3.2e-06,6.83e-05,23202615.99
4.8e-06,0.0003889991,3.2e-06,7.25e-05,25982719.55
4.8e-06,0.0003889991,3.2e-06,7.68e-05,29506949.92
4.8e-06,0.0003889991,3.2e-06,8.11e-05,32753720.5
4.8e-06,0.0003889991,3.2e-06,8.53e-05,35776082.33
4.8e-06,0.0003889991,3.2e-06,8.96e-05,40868824.0
4.8e-06,0.0003889991,3.466667e-06,3.84e-05,10992479.27
4.8e-06,0.0003889991,3.466667e-06,4.27e-05,12706644.18
4.8e-06,0.0003889991,3.466667e-06,4.69e-05,14147560.29
4.8e-06,0.0003889991,3.466667e-06,5.12e-05,15378238.86
4.8e-06,0.0003889991,3.466667e-06,5.55e-05,17233904.34
4.8e-06,0.0003889991,3.466667e-06,5.97e-05,19431080.02
4.8e-06,0.0003889991,3.466667e-06,6.4e-05,21401876.28
4.8e-06,0.0003889991,3.466667e-06,6.83e-05,23183181.8
4.8e-06,0.0003889991,3.466667e-06,7.25e-05,25904392.64
4.8e-06,0.0003889991,3.466667e-06,7.68e-05,29397598.76
4.8e-06,0.0003889991,3.466667e-06,8.11e-05,32619794.11
4.8e-06,0.0003889991,3.466667e-06,8.53e-05,35610539.68
4.8e-06,0.0003889991,3.466667e-06,8.96e-05,40487556.97
4.8e-06,0.0003889991,3.466667e-06,3.84e-05,4043532.577
4.8e-06,0.0003889991,3.466667e-06,4.27e-05,4457775.533
4.8e-06,0.0003889991,3.466667e-06,4.69e-05,5015322.815
4.8e-06,0.0003889991,3.466667e-06,5.12e-05,5566609.936
4.8e-06,0.0003889991,3.466667e-06,5.55e-05,6027625.933
4.8e-06,0.0003889991,3.466667e-06,5.97e-05,6419890.825
4.8e-06,0.0003889991,3.466667e-06,6.4e-05,6758668.693
4.8e-06,0.0003889991,3.466667e-06,6.83e-05,7213417.495
4.8e-06,0.0003889991,3.466667e-06,7.25e-05,7780416.201
4.8e-06,0.0003889991,3.466667e-06,7.68e-05,8285030.2
4.8e-06,0.0003889991,3.466667e-06,8.11e-05,8736695.813
4.8e-06,0.0003889991,3.466667e-06,8.53e-05,9147509.847
4.8e-06,0.0003889991,3.466667e-06,8.96e-05,9521652.268
4.8e-06,0.0003889991,3.733333e-06,3.84e-05,3893802.047
4.8e-06,0.0003889991,3.733333e-06,4.27e-05,4334114.035
4.8e-06,0.0003889991,3.733333e-06,4.69e-05,4802135.683
4.8e-06,0.0003889991,3.733333e-06,5.12e-05,5383213.022
4.8e-06,0.0003889991,3.733333e-06,5.55e-05,5867759.564
4.8e-06,0.0003889991,3.733333e-06,5.97e-05,6280248.154
4.8e-06,0.0003889991,3.733333e-06,6.4e-05,6636054.506
4.8e-06,0.0003889991,3.733333e-06,6.83e-05,6979560.392
4.8e-06,0.0003889991,3.733333e-06,7.25e-05,7570589.396
4.8e-06,0.0003889991,3.733333e-06,7.68e-05,8099060.131
4.8e-06,0.0003889991,3.733333e-06,8.11e-05,8570637.357
4.8e-06,0.0003889991,3.733333e-06,8.53e-05,8998374.345
4.8e-06,0.0003889991,3.733333e-06,8.96e-05,9389029.921
4.8e-06,0.0003889991,3.733333e-06,3.84e-05,3826739.088
4.8e-06,0.0003889991,3.733333e-06,4.27e-05,4278550.514
4.8e-06,0.0003889991,3.733333e-06,4.69e-05,4707107.247
4.8e-06,0.0003889991,3.733333e-06,5.12e-05,5301084.972
4.8e-06,0.0003889991,3.733333e-06,5.55e-05,5795994.592
4.8e-06,0.0003889991,3.733333e-06,5.97e-05,6217440.556
4.8e-06,0.0003889991,3.733333e-06,6.4e-05,6580761.733
4.8e-06,0.0003889991,3.733333e-06,6.83e-05,6897841.497
4.8e-06,0.0003889991,3.733333e-06,7.25e-05,7476465.289
4.8e-06,0.0003889991,3.733333e-06,7.68e-05,8014488.475
4.8e-06,0.0003889991,3.733333e-06,8.11e-05,8495751.181
4.8e-06,0.0003889991,3.733333e-06,8.53e-05,8930932.831
4.8e-06,0.0003889991,3.733333e-06,8.96e-05,9328117.9
4.8e-06,0.0003889991,4.8e-06,3.84e-05,3705083.438
4.8e-06,0.0003889991,4.8e-06,4.27e-05,4177526.746
4.8e-06,0.0003889991,4.8e-06,4.69e-05,4553303.774
4.8e-06,0.0003889991,4.8e-06,5.12e-05,5152482.975
4.8e-06,0.0003889991,4.8e-06,5.55e-05,5666789.066
4.8e-06,0.0003889991,4.8e-06,5.97e-05,6103231.276
4.8e-06,0.0003889991,4.8e-06,6.4e-05,6480073.366
4.8e-06,0.0003889991,4.8e-06,6.83e-05,6808671.336
4.8e-06,0.0003889991,4.8e-06,7.25e-05,7304969.731
4.8e-06,0.0003889991,4.8e-06,7.68e-05,7859042.328
4.8e-06,0.0003889991,4.8e-06,8.11e-05,8358028.521
4.8e-06,0.0003889991,4.8e-06,8.53e-05,8806528.919
4.8e-06,0.0003889991,4.8e-06,8.96e-05,9215934.18
4.8e-06,0.0003889991,4.8e-06,3.84e-05,3500068.518
4.8e-06,0.0003889991,4.8e-06,4.27e-05,4006794.103
4.8e-06,0.0003889991,4.8e-06,4.69e-05,4409407.412
4.8e-06,0.0003889991,4.8e-06,5.12e-05,4903602.447
4.8e-06,0.0003889991,4.8e-06,5.55e-05,5448913.378
4.8e-06,0.0003889991,4.8e-06,5.97e-05,5911687.248
4.8e-06,0.0003889991,4.8e-06,6.4e-05,6309805.132
4.8e-06,0.0003889991,4.8e-06,6.83e-05,6657609.137
4.8e-06,0.0003889991,4.8e-06,7.25e-05,7015369.449
4.8e-06,0.0003889991,4.8e-06,7.68e-05,7598253.801
4.8e-06,0.0003889991,4.8e-06,8.11e-05,8121484.832
4.8e-06,0.0003889991,4.8e-06,8.53e-05,8595005.752
4.8e-06,0.0003889991,4.8e-06,8.96e-05,9023745.008
4.8e-06,0.0003889991,4.266667e-06,3.84e-05,3547338.194
4.8e-06,0.0003889991,4.266667e-06,4.27e-05,4046195.747
4.8e-06,0.0003889991,4.266667e-06,4.69e-05,4442655.053
4.8e-06,0.0003889991,4.266667e-06,5.12e-05,4960773.257
4.8e-06,0.0003889991,4.266667e-06,5.55e-05,5499016.542
4.8e-06,0.0003889991,4.266667e-06,5.97e-05,5955872.105
4.8e-06,0.0003889991,4.266667e-06,6.4e-05,6349093.138
4.8e-06,0.0003889991,4.266667e-06,6.83e-05,6692476.234
4.8e-06,0.0003889991,4.266667e-06,7.25e-05,7082087.091
4.8e-06,0.0003889991,4.266667e-06,7.68e-05,7658403.005
4.8e-06,0.0003889991,4.266667e-06,8.11e-05,8176647.027
4.8e-06,0.0003889991,4.266667e-06,8.53e-05,8643474.374
4.8e-06,0.0003889991,4.266667e-06,8.96e-05,9068023.76
4.8e-06,0.0003889991,4.266667e-06,3.84e-05,3649561.324
4.8e-06,0.0003889991,4.266667e-06,4.27e-05,4131338.379
4.8e-06,0.0003889991,4.266667e-06,4.69e-05,4514423.592
4.8e-06,0.0003889991,4.266667e-06,5.12e-05,5084864.152
4.8e-06,0.0003889991,4.266667e-06,5.55e-05,5607659.148
4.8e-06,0.0003889991,4.266667e-06,5.97e-05,6051016.321
4.8e-06,0.0003889991,4.266667e-06,6.4e-05,6434008.002
4.8e-06,0.0003889991,4.266667e-06,6.83e-05,6767823.307
4.8e-06,0.0003889991,4.266667e-06,7.25e-05,7226529.903
4.8e-06,0.0003889991,4.266667e-06,7.68e-05,7788491.095
4.8e-06,0.0003889991,4.266667e-06,8.11e-05,8294405.198
4.8e-06,0.0003889991,4.266667e-06,8.53e-05,8749208.853
4.8e-06,0.0003889991,4.266667e-06,8.96e-05,9164195.778
4.8e-06,0.0003889991,4.533333e-06,3.84e-05,3455160.858
4.8e-06,0.0003889991,4.533333e-06,4.27e-05,3969256.362
4.8e-06,0.0003889991,4.533333e-06,4.69e-05,4377716.413
4.8e-06,0.0003889991,4.533333e-06,5.12e-05,4849293.49
4.8e-06,0.0003889991,4.533333e-06,5.55e-05,5401293.026
4.8e-06,0.0003889991,4.533333e-06,5.97e-05,5869669.677
4.8e-06,0.0003889991,4.533333e-06,6.4e-05,6272382.494
4.8e-06,0.0003889991,4.533333e-06,6.83e-05,6624403.519
4.8e-06,0.0003889991,4.533333e-06,7.25e-05,6951913.962
4.8e-06,0.0003889991,4.533333e-06,7.68e-05,7541016.587
4.8e-06,0.0003889991,4.533333e-06,8.11e-05,8069582.412
4.8e-06,0.0003889991,4.533333e-06,8.53e-05,8548340.351
4.8e-06,0.0003889991,4.533333e-06,8.96e-05,8981426.685
4.8e-06,0.0003889991,4.533333e-06,3.84e-05,3412375.465
4.8e-06,0.0003889991,4.533333e-06,4.27e-05,3933424.641
4.8e-06,0.0003889991,4.533333e-06,4.69e-05,4347454.125
4.8e-06,0.0003889991,4.533333e-06,5.12e-05,4797601.766
4.8e-06,0.0003889991,4.533333e-06,5.55e-05,5355947.068
4.8e-06,0.0003889991,4.533333e-06,5.97e-05,5829640.675
4.8e-06,0.0003889991,4.533333e-06,6.4e-05,6237515.016
4.8e-06,0.0003889991,4.533333e-06,6.83e-05,6592724.208
4.8e-06,0.0003889991,4.533333e-06,7.25e-05,6905759.142
4.8e-06,0.0003889991,4.533333e-06,7.68e-05,7486463.846
4.8e-06,0.0003889991,4.533333e-06,8.11e-05,8020249.806
4.8e-06,0.0003889991,4.533333e-06,8.53e-05,8503658.503
4.8e-06,0.0003889991,4.533333e-06,8.96e-05,8940980.623
4.8e-06,0.0003889991,4e-06,3.84e-05,49813076.32
4.8e-06,0.0003889991,4e-06,4.27e-05,62264096.09
4.8e-06,0.0003889991,4e-06,4.69e-05,73735181.23
4.8e-06,0.0003889991,4e-06,5.12e-05,81616949.72
4.8e-06,0.0003889991,4e-06,5.55e-05,89994759.65
4.8e-06,0.0003889991,4e-06,5.97e-05,97093724.36
4.8e-06,0.0003889991,4e-06,6.4e-05,102752450.6
4.8e-06,0.0003889991,4e-06,6.83e-05,107350121.2
4.8e-06,0.0003889991,4e-06,7.25e-05,111092335.2
4.8e-06,0.0003889991,4e-06,7.68e-05,114113068.3
4.8e-06,0.0003889991,4e-06,8.11e-05,116541474.2
4.8e-06,0.0003889991,4e-06,8.53e-05,118493908.0
4.8e-06,0.0003889991,4e-06,8.96e-05,120064681.1
4.8e-06,0.0003889991,4e-06,3.84e-05,50886447.71
4.8e-06,0.0003889991,4e-06,4.27e-05,64203568.68
4.8e-06,0.0003889991,4e-06,4.69e-05,75585055.66
4.8e-06,0.0003889991,4e-06,5.12e-05,83524882.28
4.8e-06,0.0003889991,4e-06,5.55e-05,92657486.12
4.8e-06,0.0003889991,4e-06,5.97e-05,99632569.56
4.8e-06,0.0003889991,4e-06,6.4e-05,105135032.0
4.8e-06,0.0003889991,4e-06,6.83e-05,109598758.0
4.8e-06,0.0003889991,4e-06,7.25e-05,113219483.9
4.8e-06,0.0003889991,4e-06,7.68e-05,116138884.5
4.8e-06,0.0003889991,4e-06,8.11e-05,118486187.4
4.8e-06,0.0003889991,4e-06,8.53e-05,120374624.0
4.8e-06,0.0003889991,4e-06,8.96e-05,121895061.5
4.8e-06,0.0003889991,5.6e-06,3.84e-05,52719840.33
4.8e-06,0.0003889991,5.6e-06,4.27e-05,67475037.62
4.8e-06,0.0003889991,5.6e-06,4.69e-05,78706882.15
4.8e-06,0.0003889991,5.6e-06,5.12e-05,88255852.88
4.8e-06,0.0003889991,5.6e-06,5.55e-05,97089572.98
4.8e-06,0.0003889991,5.6e-06,5.97e-05,103831770.7
4.8e-06,0.0003889991,5.6e-06,6.4e-05,109125779.2
4.8e-06,0.0003889991,5.6e-06,6.83e-05,113377008.2
4.8e-06,0.0003889991,5.6e-06,7.25e-05,116803055.5
4.8e-06,0.0003889991,5.6e-06,7.68e-05,119558688.8
4.8e-06,0.0003889991,5.6e-06,8.11e-05,121774089.4
4.8e-06,0.0003889991,5.6e-06,8.53e-05,123557955.9
4.8e-06,0.0003889991,5.6e-06,8.96e-05,124995839.8
4.8e-06,0.0003889991,5.6e-06,3.84e-05,53514957.55
4.8e-06,0.0003889991,5.6e-06,4.27e-05,68877515.39
4.8e-06,0.0003889991,5.6e-06,4.69e-05,80043275.57
4.8e-06,0.0003889991,5.6e-06,5.12e-05,90254873.64
4.8e-06,0.0003889991,5.6e-06,5.55e-05,98967055.37
4.8e-06,0.0003889991,5.6e-06,5.97e-05,105615963.3
4.8e-06,0.0003889991,5.6e-06,6.4e-05,110826135.8
4.8e-06,0.0003889991,5.6e-06,6.83e-05,114991545.8
4.8e-06,0.0003889991,5.6e-06,7.25e-05,118338192.2
4.8e-06,0.0003889991,5.6e-06,7.68e-05,121026462.5
4.8e-06,0.0003889991,5.6e-06,8.11e-05,123187261.1
4.8e-06,0.0003889991,5.6e-06,8.53e-05,124927633.6
4.8e-06,0.0003889991,5.6e-06,8.96e-05,126749931.2
4.8e-06,0.0003889991,5.066667e-06,3.84e-05,54921592.88
4.8e-06,0.0003889991,5.066667e-06,4.27e-05,71334232.5
4.8e-06,0.0003889991,5.066667e-06,4.69e-05,82381446.69
4.8e-06,0.0003889991,5.066667e-06,5.12e-05,93718580.45
4.8e-06,0.0003889991,5.066667e-06,5.55e-05,102223956.0
4.8e-06,0.0003889991,5.066667e-06,5.97e-05,108719094.7
4.8e-06,0.0003889991,5.066667e-06,6.4e-05,113790290.2
4.8e-06,0.0003889991,5.066667e-06,6.83e-05,117813140.0
4.8e-06,0.0003889991,5.066667e-06,7.25e-05,121026727.3
4.8e-06,0.0003889991,5.066667e-06,7.68e-05,123601237.4
4.8e-06,0.0003889991,5.066667e-06,8.11e-05,125669284.7
4.8e-06,0.0003889991,5.066667e-06,8.53e-05,128635430.9
4.8e-06,0.0003889991,5.066667e-06,8.96e-05,131274732.8
4.8e-06,0.0003889991,5.066667e-06,3.84e-05,55985199.46
4.8e-06,0.0003889991,5.066667e-06,4.27e-05,72421255.26
4.8e-06,0.0003889991,5.066667e-06,4.69e-05,83555999.08
4.8e-06,0.0003889991,5.066667e-06,5.12e-05,95232431.6
4.8e-06,0.0003889991,5.066667e-06,5.55e-05,103652371.3
4.8e-06,0.0003889991,5.066667e-06,5.97e-05,110083441.8
4.8e-06,0.0003889991,5.066667e-06,6.4e-05,115096293.9
4.8e-06,0.0003889991,5.066667e-06,6.83e-05,119059247.8
4.8e-06,0.0003889991,5.066667e-06,7.25e-05,122216447.6
4.8e-06,0.0003889991,5.066667e-06,7.68e-05,124742375.1
4.8e-06,0.0003889991,5.066667e-06,8.11e-05,127522560.6
4.8e-06,0.0003889991,5.066667e-06,8.53e-05,130641631.0
4.8e-06,0.0003889991,5.066667e-06,8.96e-05,133248519.1
4.8e-06,0.0003889991,5.333333e-06,3.84e-05,59658228.64
4.8e-06,0.0003889991,5.333333e-06,4.27e-05,76081826.23
4.8e-06,0.0003889991,5.333333e-06,4.69e-05,89019024.93
4.8e-06,0.0003889991,5.333333e-06,5.12e-05,100258503.8
4.8e-06,0.0003889991,5.333333e-06,5.55e-05,108407890.9
4.8e-06,0.0003889991,5.333333e-06,5.97e-05,114641091.0
4.8e-06,0.0003889991,5.333333e-06,6.4e-05,119471589.9
4.8e-06,0.0003889991,5.333333e-06,6.83e-05,123247313.2
4.8e-06,0.0003889991,5.333333e-06,7.25e-05,126474925.9
4.8e-06,0.0003889991,5.333333e-06,7.68e-05,130720403.9
4.8e-06,0.0003889991,5.333333e-06,8.11e-05,134280156.1
4.8e-06,0.0003889991,5.333333e-06,8.53e-05,137267504.9
4.8e-06,0.0003889991,5.333333e-06,8.96e-05,139768613.7
4.8e-06,0.0003889991,5.333333e-06,3.84e-05,57940290.27
4.8e-06,0.0003889991,5.333333e-06,4.27e-05,74372121.6
4.8e-06,0.0003889991,5.333333e-06,4.69e-05,86484620.85
4.8e-06,0.0003889991,5.333333e-06,5.12e-05,97924599.37
4.8e-06,0.0003889991,5.333333e-06,5.55e-05,106197053.9
4.8e-06,0.0003889991,5.333333e-06,5.97e-05,112519340.2
4.8e-06,0.0003889991,5.333333e-06,6.4e-05,117432214.4
4.8e-06,0.0003889991,5.333333e-06,6.83e-05,121292604.0
4.8e-06,0.0003889991,5.333333e-06,7.25e-05,124352479.8
4.8e-06,0.0003889991,5.333333e-06,7.68e-05,127515801.7
4.8e-06,0.0003889991,5.333333e-06,8.11e-05,131149682.7
4.8e-06,0.0003889991,5.333333e-06,8.53e-05,134197653.0
4.8e-06,0.0003889991,5.333333e-06,8.96e-05,136747534.0
4.8e-06,4.48e-05,2.4e-06,3.84e-05,12262479.76
4.8e-06,4.48e-05,2.4e-06,4.27e-05,13702233.83
4.8e-06,4.48e-05,2.4e-06,4.69e-05,14918082.08
4.8e-06,4.48e-05,2.4e-06,5.12e-05,16109117.3
4.8e-06,4.48e-05,2.4e-06,5.55e-05,18200367.99
4.8e-06,4.48e-05,2.4e-06,5.97e-05,20067567.48
4.8e-06,4.48e-05,2.4e-06,6.4e-05,21747576.12
4.8e-06,4.48e-05,2.4e-06,6.83e-05,23273915.84
4.8e-06,4.48e-05,2.4e-06,7.25e-05,25546928.73
4.8e-06,4.48e-05,2.4e-06,7.68e-05,28490487.82
4.8e-06,4.48e-05,2.4e-06,8.11e-05,31218706.26
4.8e-06,4.48e-05,2.4e-06,8.53e-05,33752970.93
4.8e-06,4.48e-05,2.4e-06,8.96e-05,36117108.22
4.8e-06,4.48e-05,2.4e-06,3.84e-05,12172445.04
4.8e-06,4.48e-05,2.4e-06,4.27e-05,13642290.47
4.8e-06,4.48e-05,2.4e-06,4.69e-05,14882355.2
4.8e-06,4.48e-05,2.4e-06,5.12e-05,16073390.8
4.8e-06,4.48e-05,2.4e-06,5.55e-05,18206403.39
4.8e-06,4.48e-05,2.4e-06,5.97e-05,20109777.29
4.8e-06,4.48e-05,2.4e-06,6.4e-05,21819614.22
4.8e-06,4.48e-05,2.4e-06,6.83e-05,23375489.75
4.8e-06,4.48e-05,2.4e-06,7.25e-05,25839719.76
4.8e-06,4.48e-05,2.4e-06,7.68e-05,28848612.05
4.8e-06,4.48e-05,2.4e-06,8.11e-05,31629254.99
4.8e-06,4.48e-05,2.4e-06,8.53e-05,34203728.61
4.8e-06,4.48e-05,2.4e-06,8.96e-05,36935097.33
4.8e-06,4.48e-05,2.666667e-06,3.84e-05,12003291.17
4.8e-06,4.48e-05,2.666667e-06,4.27e-05,13525981.19
4.8e-06,4.48e-05,2.666667e-06,4.69e-05,14808651.69
4.8e-06,4.48e-05,2.666667e-06,5.12e-05,15985530.08
4.8e-06,4.48e-05,2.666667e-06,5.55e-05,18192128.41
4.8e-06,4.48e-05,2.666667e-06,5.97e-05,20159291.76
4.8e-06,4.48e-05,2.666667e-06,6.4e-05,21928032.76
4.8e-06,4.48e-05,2.666667e-06,6.83e-05,23529030.3
4.8e-06,4.48e-05,2.666667e-06,7.25e-05,26311312.59
4.8e-06,4.48e-05,2.666667e-06,7.68e-05,29423594.25
4.8e-06,4.48e-05,2.666667e-06,8.11e-05,32300888.49
4.8e-06,4.48e-05,2.666667e-06,8.53e-05,34970173.54
4.8e-06,4.48e-05,2.666667e-06,8.96e-05,38610602.95
4.8e-06,4.48e-05,2.666667e-06,3.84e-05,11924230.07
4.8e-06,4.48e-05,2.666667e-06,4.27e-05,13470404.97
4.8e-06,4.48e-05,2.666667e-06,4.69e-05,14772032.85
4.8e-06,4.48e-05,2.666667e-06,5.12e-05,15937545.5
4.8e-06,4.48e-05,2.666667e-06,5.55e-05,18176910.88
4.8e-06,4.48e-05,2.666667e-06,5.97e-05,20172494.4
4.8e-06,4.48e-05,2.666667e-06,6.4e-05,21966112.84
4.8e-06,4.48e-05,2.666667e-06,6.83e-05,23587825.51
4.8e-06,4.48e-05,2.666667e-06,7.25e-05,26500894.73
4.8e-06,4.48e-05,2.666667e-06,7.68e-05,29660619.84
4.8e-06,4.48e-05,2.666667e-06,8.11e-05,32577388.67
4.8e-06,4.48e-05,2.666667e-06,8.53e-05,35291665.52
4.8e-06,4.48e-05,2.666667e-06,8.96e-05,39322112.13
4.8e-06,4.48e-05,2.933333e-06,3.84e-05,11579981.3
4.8e-06,4.48e-05,2.933333e-06,4.27e-05,13221378.82
4.8e-06,4.48e-05,2.933333e-06,4.69e-05,14601503.16
4.8e-06,4.48e-05,2.933333e-06,5.12e-05,15781745.23
4.8e-06,4.48e-05,2.933333e-06,5.55e-05,18068956.89
4.8e-06,4.48e-05,2.933333e-06,5.97e-05,20182062.47
4.8e-06,4.48e-05,2.933333e-06,6.4e-05,22078618.27
4.8e-06,4.48e-05,2.933333e-06,6.83e-05,23793706.81
4.8e-06,4.48e-05,2.933333e-06,7.25e-05,27181800.65
4.8e-06,4.48e-05,2.933333e-06,7.68e-05,30547303.81
4.8e-06,4.48e-05,2.933333e-06,8.11e-05,33648090.31
4.8e-06,4.48e-05,2.933333e-06,8.53e-05,36722343.55
4.8e-06,4.48e-05,2.933333e-06,8.96e-05,42086278.95
4.8e-06,4.48e-05,2.933333e-06,3.84e-05,11708090.15
4.8e-06,4.48e-05,2.933333e-06,4.27e-05,13315327.19
4.8e-06,4.48e-05,2.933333e-06,4.69e-05,14666778.51
4.8e-06,4.48e-05,2.933333e-06,5.12e-05,15823395.87
4.8e-06,4.48e-05,2.933333e-06,5.55e-05,18115630.39
4.8e-06,4.48e-05,2.933333e-06,5.97e-05,20185889.27
4.8e-06,4.48e-05,2.933333e-06,6.4e-05,22044912.55
4.8e-06,4.48e-05,2.933333e-06,6.83e-05,23726827.61
4.8e-06,4.48e-05,2.933333e-06,7.25e-05,26951635.0
4.8e-06,4.48e-05,2.933333e-06,7.68e-05,30239789.9
4.8e-06,4.48e-05,2.933333e-06,8.11e-05,33274826.2
4.8e-06,4.48e-05,2.933333e-06,8.53e-05,36089700.12
4.8e-06,4.48e-05,2.933333e-06,8.96e-05,41094485.06
4.8e-06,4.48e-05,3.2e-06,3.84e-05,11776720.41
4.8e-06,4.48e-05,3.2e-06,4.27e-05,13365075.69
4.8e-06,4.48e-05,3.2e-06,4.69e-05,14700943.61
4.8e-06,4.48e-05,3.2e-06,5.12e-05,15844713.83
4.8e-06,4.48e-05,3.2e-06,5.55e-05,18137773.65
4.8e-06,4.48e-05,3.2e-06,5.97e-05,20184691.72
4.8e-06,4.48e-05,3.2e-06,6.4e-05,22023268.28
4.8e-06,4.48e-05,3.2e-06,6.83e-05,23687111.5
4.8e-06,4.48e-05,3.2e-06,7.25e-05,26817670.67
4.8e-06,4.48e-05,3.2e-06,7.68e-05,30057294.37
4.8e-06,4.48e-05,3.2e-06,8.11e-05,33064308.85
4.8e-06,4.48e-05,3.2e-06,8.53e-05,35846724.28
4.8e-06,4.48e-05,3.2e-06,8.96e-05,40562276.89
4.8e-06,4.48e-05,3.2e-06,3.84e-05,11408091.02
4.8e-06,4.48e-05,3.2e-06,4.27e-05,13096626.06
4.8e-06,4.48e-05,3.2e-06,4.69e-05,14511183.81
4.8e-06,4.48e-05,3.2e-06,5.12e-05,15722708.52
4.8e-06,4.48e-05,3.2e-06,5.55e-05,17997492.71
4.8e-06,4.48e-05,3.2e-06,5.97e-05,20167076.21
4.8e-06,4.48e-05,3.2e-06,6.4e-05,22113076.06
4.8e-06,4.48e-05,3.2e-06,6.83e-05,23871826.57
4.8e-06,4.48e-05,3.2e-06,7.25e-05,27476632.27
4.8e-06,4.48e-05,3.2e-06,7.68e-05,30930175.48
4.8e-06,4.48e-05,3.2e-06,8.11e-05,34111561.35
4.8e-06,4.48e-05,3.2e-06,8.53e-05,37853354.59
4.8e-06,4.48e-05,3.2e-06,8.96e-05,43347207.43
4.8e-06,4.48e-05,3.466667e-06,3.84e-05,11462904.84
4.8e-06,4.48e-05,3.466667e-06,4.27e-05,13134250.79
4.8e-06,4.48e-05,3.466667e-06,4.69e-05,14540309.96
4.8e-06,4.48e-05,3.466667e-06,5.12e-05,15741885.32
4.8e-06,4.48e-05,3.466667e-06,5.55e-05,18021239.42
4.8e-06,4.48e-05,3.466667e-06,5.97e-05,20172902.91
4.8e-06,4.48e-05,3.466667e-06,6.4e-05,22103221.36
4.8e-06,4.48e-05,3.466667e-06,6.83e-05,23848120.26
4.8e-06,4.48e-05,3.466667e-06,7.25e-05,27387617.51
4.8e-06,4.48e-05,3.466667e-06,7.68e-05,30811290.66
4.8e-06,4.48e-05,3.466667e-06,8.11e-05,33968952.93
4.8e-06,4.48e-05,3.466667e-06,8.53e-05,37502788.95
4.8e-06,4.48e-05,3.466667e-06,8.96e-05,42951944.37
4.8e-06,4.48e-05,3.466667e-06,3.84e-05,4164886.096
4.8e-06,4.48e-05,3.466667e-06,4.27e-05,4566265.133
4.8e-06,4.48e-05,3.466667e-06,4.69e-05,5215011.897
4.8e-06,4.48e-05,3.466667e-06,5.12e-05,5748204.274
4.8e-06,4.48e-05,3.466667e-06,5.55e-05,6194606.242
4.8e-06,4.48e-05,3.466667e-06,5.97e-05,6574792.363
4.8e-06,4.48e-05,3.466667e-06,6.4e-05,6903387.279
4.8e-06,4.48e-05,3.466667e-06,6.83e-05,7506742.788
4.8e-06,4.48e-05,3.466667e-06,7.25e-05,8056734.226
4.8e-06,4.48e-05,3.466667e-06,7.68e-05,8546653.422
4.8e-06,4.48e-05,3.466667e-06,8.11e-05,8985511.247
4.8e-06,4.48e-05,3.466667e-06,8.53e-05,9384888.116
4.8e-06,4.48e-05,3.466667e-06,8.96e-05,9748805.144
4.8e-06,4.48e-05,3.733333e-06,3.84e-05,4020728.285
4.8e-06,4.48e-05,3.733333e-06,4.27e-05,4447650.485
4.8e-06,4.48e-05,3.733333e-06,4.69e-05,5010204.385
4.8e-06,4.48e-05,3.733333e-06,5.12e-05,5572440.076
4.8e-06,4.48e-05,3.733333e-06,5.55e-05,6041766.465
4.8e-06,4.48e-05,3.733333e-06,5.97e-05,6441642.303
4.8e-06,4.48e-05,3.733333e-06,6.4e-05,6786804.972
4.8e-06,4.48e-05,3.733333e-06,6.83e-05,7284416.143
4.8e-06,4.48e-05,3.733333e-06,7.25e-05,7857768.59
4.8e-06,4.48e-05,3.733333e-06,7.68e-05,8370799.087
4.8e-06,4.48e-05,3.733333e-06,8.11e-05,8828958.124
4.8e-06,4.48e-05,3.733333e-06,8.53e-05,9244729.527
4.8e-06,4.48e-05,3.733333e-06,8.96e-05,9624639.009
4.8e-06,4.48e-05,3.733333e-06,3.84e-05,3956155.208
4.8e-06,4.48e-05,3.733333e-06,4.27e-05,4394341.663
4.8e-06,4.48e-05,3.733333e-06,4.69e-05,4918928.563
4.8e-06,4.48e-05,3.733333e-06,5.12e-05,5493733.863
4.8e-06,4.48e-05,3.733333e-06,5.55e-05,5973150.979
4.8e-06,4.48e-05,3.733333e-06,5.97e-05,6381743.293
4.8e-06,4.48e-05,3.733333e-06,6.4e-05,6734214.236
4.8e-06,4.48e-05,3.733333e-06,6.83e-05,7184257.381
4.8e-06,4.48e-05,3.733333e-06,7.25e-05,7768475.552
4.8e-06,4.48e-05,3.733333e-06,7.68e-05,8290768.521
4.8e-06,4.48e-05,3.733333e-06,8.11e-05,8758282.965
4.8e-06,4.48e-05,3.733333e-06,8.53e-05,9181291.362
4.8e-06,4.48e-05,3.733333e-06,8.96e-05,9567518.473
4.8e-06,4.48e-05,4.8e-06,3.84e-05,3839009.282
4.8e-06,4.48e-05,4.8e-06,4.27e-05,4297401.306
4.8e-06,4.48e-05,4.8e-06,4.69e-05,4754133.725
4.8e-06,4.48e-05,4.8e-06,5.12e-05,5351338.493
4.8e-06,4.48e-05,4.8e-06,5.55e-05,5849635.18
4.8e-06,4.48e-05,4.8e-06,5.97e-05,6272813.198
4.8e-06,4.48e-05,4.8e-06,6.4e-05,6638428.66
4.8e-06,4.48e-05,4.8e-06,6.83e-05,7002151.983
4.8e-06,4.48e-05,4.8e-06,7.25e-05,7605745.573
4.8e-06,4.48e-05,4.8e-06,7.68e-05,8143615.013
4.8e-06,4.48e-05,4.8e-06,8.11e-05,8628273.69
4.8e-06,4.48e-05,4.8e-06,8.53e-05,9064168.515
4.8e-06,4.48e-05,4.8e-06,8.96e-05,9462215.862
4.8e-06,4.48e-05,4.8e-06,3.84e-05,3641582.653
4.8e-06,4.48e-05,4.8e-06,4.27e-05,4133537.662
4.8e-06,4.48e-05,4.8e-06,4.69e-05,4524634.064
4.8e-06,4.48e-05,4.8e-06,5.12e-05,5112914.703
4.8e-06,4.48e-05,4.8e-06,5.55e-05,5641368.675
4.8e-06,4.48e-05,4.8e-06,5.97e-05,6090145.392
4.8e-06,4.48e-05,4.8e-06,6.4e-05,6476429.625
4.8e-06,4.48e-05,4.8e-06,6.83e-05,6814042.209
4.8e-06,4.48e-05,4.8e-06,7.25e-05,7330915.774
4.8e-06,4.48e-05,4.8e-06,7.68e-05,7896679.329
4.8e-06,4.48e-05,4.8e-06,8.11e-05,8404803.884
4.8e-06,4.48e-05,4.8e-06,8.53e-05,8864872.956
4.8e-06,4.48e-05,4.8e-06,8.96e-05,9281627.063
4.8e-06,4.48e-05,4.266667e-06,3.84e-05,3687103.254
4.8e-06,4.48e-05,4.266667e-06,4.27e-05,4171356.53
4.8e-06,4.48e-05,4.266667e-06,4.69e-05,4556432.126
4.8e-06,4.48e-05,4.266667e-06,5.12e-05,5167675.194
4.8e-06,4.48e-05,4.266667e-06,5.55e-05,5689256.803
4.8e-06,4.48e-05,4.266667e-06,5.97e-05,6132281.83
4.8e-06,4.48e-05,4.266667e-06,6.4e-05,6513809.981
4.8e-06,4.48e-05,4.266667e-06,6.83e-05,6847130.4
4.8e-06,4.48e-05,4.266667e-06,7.25e-05,7394228.863
4.8e-06,4.48e-05,4.266667e-06,7.68e-05,7953635.619
4.8e-06,4.48e-05,4.266667e-06,8.11e-05,8456933.876
4.8e-06,4.48e-05,4.266667e-06,8.53e-05,8910528.101
4.8e-06,4.48e-05,4.266667e-06,8.96e-05,9323237.872
4.8e-06,4.48e-05,4.266667e-06,3.84e-05,3785543.148
4.8e-06,4.48e-05,4.266667e-06,4.27e-05,4253074.375
4.8e-06,4.48e-05,4.266667e-06,4.69e-05,4679281.941
4.8e-06,4.48e-05,4.266667e-06,5.12e-05,5286552.008
4.8e-06,4.48e-05,4.266667e-06,5.55e-05,5793107.942
4.8e-06,4.48e-05,4.266667e-06,5.97e-05,6223009.642
4.8e-06,4.48e-05,4.266667e-06,6.4e-05,6594601.64
4.8e-06,4.48e-05,4.266667e-06,6.83e-05,6918998.281
4.8e-06,4.48e-05,4.266667e-06,7.25e-05,7531306.492
4.8e-06,4.48e-05,4.266667e-06,7.68e-05,8076816.07
4.8e-06,4.48e-05,4.266667e-06,8.11e-05,8568181.346
4.8e-06,4.48e-05,4.266667e-06,8.53e-05,9010174.022
4.8e-06,4.48e-05,4.266667e-06,8.96e-05,9413618.532
4.8e-06,4.48e-05,4.533333e-06,3.84e-05,3598335.331
4.8e-06,4.48e-05,4.533333e-06,4.27e-05,4097506.975
4.8e-06,4.48e-05,4.533333e-06,4.69e-05,4494323.233
4.8e-06,4.48e-05,4.533333e-06,5.12e-05,5060900.707
4.8e-06,4.48e-05,4.533333e-06,5.55e-05,5595857.394
4.8e-06,4.48e-05,4.533333e-06,5.97e-05,6050078.311
4.8e-06,4.48e-05,4.533333e-06,6.4e-05,6440824.632
4.8e-06,4.48e-05,4.533333e-06,6.83e-05,6782530.949
4.8e-06,4.48e-05,4.533333e-06,7.25e-05,7270701.697
4.8e-06,4.48e-05,4.533333e-06,7.68e-05,7842481.888
4.8e-06,4.48e-05,4.533333e-06,8.11e-05,8355780.641
4.8e-06,4.48e-05,4.533333e-06,8.53e-05,8820899.212
4.8e-06,4.48e-05,4.533333e-06,8.96e-05,9241851.496
4.8e-06,4.48e-05,4.533333e-06,3.84e-05,3557135.554
4.8e-06,4.48e-05,4.533333e-06,4.27e-05,4063113.279
4.8e-06,4.48e-05,4.533333e-06,4.69e-05,4465377.812
4.8e-06,4.48e-05,4.533333e-06,5.12e-05,5011398.497
4.8e-06,4.48e-05,4.533333e-06,5.55e-05,5552523.639
4.8e-06,4.48e-05,4.533333e-06,5.97e-05,6011910.275
4.8e-06,4.48e-05,4.533333e-06,6.4e-05,6407671.058
4.8e-06,4.48e-05,4.533333e-06,6.83e-05,6752468.807
4.8e-06,4.48e-05,4.533333e-06,7.25e-05,7213338.392
4.8e-06,4.48e-05,4.533333e-06,7.68e-05,7790828.858
4.8e-06,4.48e-05,4.533333e-06,8.11e-05,8309174.864
4.8e-06,4.48e-05,4.533333e-06,8.53e-05,8778788.736
4.8e-06,4.48e-05,4.533333e-06,8.96e-05,9203832.254
4.8e-06,4.48e-05,4e-06,3.84e-05,51814152.23
4.8e-06,4.48e-05,4e-06,4.27e-05,65306383.02
4.8e-06,4.48e-05,4e-06,4.69e-05,76412483.06
4.8e-06,4.48e-05,4e-06,5.12e-05,84639128.38
4.8e-06,4.48e-05,4e-06,5.55e-05,93653209.06
4.8e-06,4.48e-05,4e-06,5.97e-05,100521369.0
4.8e-06,4.48e-05,4e-06,6.4e-05,105915436.2
4.8e-06,4.48e-05,4e-06,6.83e-05,110273998.6
4.8e-06,4.48e-05,4e-06,7.25e-05,113795801.3
4.8e-06,4.48e-05,4e-06,7.68e-05,116626278.3
4.8e-06,4.48e-05,4e-06,8.11e-05,118895980.9
4.8e-06,4.48e-05,4e-06,8.53e-05,120717450.5
4.8e-06,4.48e-05,4e-06,8.96e-05,122180046.8
4.8e-06,4.48e-05,4e-06,3.84e-05,52896813.4
4.8e-06,4.48e-05,4e-06,4.27e-05,67232259.92
4.8e-06,4.48e-05,4e-06,4.69e-05,78247708.29
4.8e-06,4.48e-05,4e-06,5.12e-05,87441532.06
4.8e-06,4.48e-05,4e-06,5.55e-05,96274891.13
4.8e-06,4.48e-05,4e-06,5.97e-05,103000171.8
4.8e-06,4.48e-05,4e-06,6.4e-05,108265915.9
4.8e-06,4.48e-05,4e-06,6.83e-05,112494700.8
4.8e-06,4.48e-05,4e-06,7.25e-05,115898890.9
4.8e-06,4.48e-05,4e-06,7.68e-05,118631181.8
4.8e-06,4.48e-05,4e-06,8.11e-05,120822151.5
4.8e-06,4.48e-05,4e-06,8.53e-05,122581359.4
4.8e-06,4.48e-05,4e-06,8.96e-05,123994881.2
4.8e-06,4.48e-05,5.6e-06,3.84e-05,54747163.62
4.8e-06,4.48e-05,5.6e-06,4.27e-05,70481966.93
4.8e-06,4.48e-05,5.6e-06,4.69e-05,81344398.65
4.8e-06,4.48e-05,5.6e-06,5.12e-05,92095612.43
4.8e-06,4.48e-05,5.6e-06,5.55e-05,100640884.0
4.8e-06,4.48e-05,5.6e-06,5.97e-05,107141718.3
4.8e-06,4.48e-05,5.6e-06,6.4e-05,112205191.3
4.8e-06,4.48e-05,5.6e-06,6.83e-05,116228281.0
4.8e-06,4.48e-05,5.6e-06,7.25e-05,119444128.5
4.8e-06,4.48e-05,5.6e-06,7.68e-05,122017809.2
4.8e-06,4.48e-05,5.6e-06,8.11e-05,124080766.8
4.8e-06,4.48e-05,5.6e-06,8.53e-05,125738252.8
4.8e-06,4.48e-05,5.6e-06,8.96e-05,128217832.1
4.8e-06,4.48e-05,5.6e-06,3.84e-05,55992585.04
4.8e-06,4.48e-05,5.6e-06,4.27e-05,71875510.45
4.8e-06,4.48e-05,5.6e-06,4.69e-05,82670676.5
4.8e-06,4.48e-05,5.6e-06,5.12e-05,94062969.2
4.8e-06,4.48e-05,5.6e-06,5.55e-05,102491231.6
4.8e-06,4.48e-05,5.6e-06,5.97e-05,108902329.7
4.8e-06,4.48e-05,5.6e-06,6.4e-05,113884506.9
4.8e-06,4.48e-05,5.6e-06,6.83e-05,117824605.1
4.8e-06,4.48e-05,5.6e-06,7.25e-05,120963689.4
4.8e-06,4.48e-05,5.6e-06,7.68e-05,123472160.2
4.8e-06,4.48e-05,5.6e-06,8.11e-05,125482143.2
4.8e-06,4.48e-05,5.6e-06,8.53e-05,128215835.2
4.8e-06,4.48e-05,5.6e-06,8.96e-05,130798287.8
4.8e-06,4.48e-05,5.066667e-06,3.84e-05,58449186.92
4.8e-06,4.48e-05,5.066667e-06,4.27e-05,74317060.22
4.8e-06,4.48e-05,5.066667e-06,4.69e-05,86072675.97
4.8e-06,4.48e-05,5.066667e-06,5.12e-05,97472847.66
4.8e-06,4.48e-05,5.066667e-06,5.55e-05,105702314.1
4.8e-06,4.48e-05,5.066667e-06,5.97e-05,111965783.2
4.8e-06,4.48e-05,5.066667e-06,6.4e-05,116813270.4
4.8e-06,4.48e-05,5.066667e-06,6.83e-05,120615632.6
4.8e-06,4.48e-05,5.066667e-06,7.25e-05,123626162.3
4.8e-06,4.48e-05,5.066667e-06,7.68e-05,126134370.4
4.8e-06,4.48e-05,5.066667e-06,8.11e-05,129731020.2
4.8e-06,4.48e-05,5.066667e-06,8.53e-05,132740529.2
4.8e-06,4.48e-05,5.066667e-06,8.96e-05,135250624.3
4.8e-06,4.48e-05,5.066667e-06,3.84e-05,59538224.8
4.8e-06,4.48e-05,5.066667e-06,4.27e-05,75397543.04
4.8e-06,4.48e-05,5.066667e-06,4.69e-05,87694231.97
4.8e-06,4.48e-05,5.066667e-06,5.12e-05,98963746.11
4.8e-06,4.48e-05,5.066667e-06,5.55e-05,107111144.1
4.8e-06,4.48e-05,5.066667e-06,5.97e-05,113313230.0
4.8e-06,4.48e-05,5.066667e-06,6.4e-05,118104203.8
4.8e-06,4.48e-05,5.066667e-06,6.83e-05,121848751.0
4.8e-06,4.48e-05,5.066667e-06,7.25e-05,124804839.4
4.8e-06,4.48e-05,5.066667e-06,7.68e-05,128195258.7
4.8e-06,4.48e-05,5.066667e-06,8.11e-05,131743848.9
4.8e-06,4.48e-05,5.066667e-06,8.53e-05,134714278.1
4.8e-06,4.48e-05,5.066667e-06,8.96e-05,137193122.3
4.8e-06,4.48e-05,5.333333e-06,3.84e-05,63218555.59
4.8e-06,4.48e-05,5.333333e-06,4.27e-05,79036702.85
4.8e-06,4.48e-05,5.333333e-06,4.69e-05,93067817.33
4.8e-06,4.48e-05,5.333333e-06,5.12e-05,103915799.6
4.8e-06,4.48e-05,5.333333e-06,5.55e-05,111803738.8
4.8e-06,4.48e-05,5.333333e-06,5.97e-05,117816155.0
4.8e-06,4.48e-05,5.333333e-06,6.4e-05,122431344.6
4.8e-06,4.48e-05,5.333333e-06,6.83e-05,126068725.6
4.8e-06,4.48e-05,5.333333e-06,7.25e-05,130945586.5
4.8e-06,4.48e-05,5.333333e-06,7.68e-05,134997837.9
4.8e-06,4.48e-05,5.333333e-06,8.11e-05,138390936.8
4.8e-06,4.48e-05,5.333333e-06,8.53e-05,141234415.0
4.8e-06,4.48e-05,5.333333e-06,8.96e-05,143611304.4
4.8e-06,4.48e-05,5.333333e-06,3.84e-05,61496835.65
4.8e-06,4.48e-05,5.333333e-06,4.27e-05,77336893.61
4.8e-06,4.48e-05,5.333333e-06,4.69e-05,90574557.46
4.8e-06,4.48e-05,5.333333e-06,5.12e-05,101615845.6
4.8e-06,4.48e-05,5.333333e-06,5.55e-05,109621717.2
4.8e-06,4.48e-05,5.333333e-06,5.97e-05,115719756.3
4.8e-06,4.48e-05,5.333333e-06,6.4e-05,120413968.4
4.8e-06,4.48e-05,5.333333e-06,6.83e-05,124059604.0
4.8e-06,4.48e-05,5.333333e-06,7.25e-05,127708716.9
4.8e-06,4.48e-05,5.333333e-06,7.68e-05,131846852.8
4.8e-06,4.48e-05,5.333333e-06,8.11e-05,135311378.0
4.8e-06,4.48e-05,5.333333e-06,8.53e-05,138213274.1
4.8e-06,4.48e-05,5.333333e-06,8.96e-05,140637166.2
5.333333e-06,0.000132012,2.4e-06,3.84e-05,12138941.97
5.333333e-06,0.000132012,2.4e-06,4.27e-05,13589308.67
5.333333e-06,0.000132012,2.4e-06,4.69e-05,14813684.31
5.333333e-06,0.000132012,2.4e-06,5.12e-05,15887280.57
5.333333e-06,0.000132012,2.4e-06,5.55e-05,17990815.42
5.333333e-06,0.000132012,2.4e-06,5.97e-05,19868699.59
5.333333e-06,0.000132012,2.4e-06,6.4e-05,21558133.96
5.333333e-06,0.000132012,2.4e-06,6.83e-05,23092935.47
5.333333e-06,0.000132012,2.4e-06,7.25e-05,25148383.0
5.333333e-06,0.000132012,2.4e-06,7.68e-05,28107619.45
5.333333e-06,0.000132012,2.4e-06,8.11e-05,30850373.1
5.333333e-06,0.000132012,2.4e-06,8.53e-05,33398154.95
5.333333e-06,0.000132012,2.4e-06,8.96e-05,35774944.14
5.333333e-06,0.000132012,2.4e-06,3.84e-05,12046646.18
5.333333e-06,0.000132012,2.4e-06,4.27e-05,13527387.89
5.333333e-06,0.000132012,2.4e-06,4.69e-05,14776221.77
5.333333e-06,0.000132012,2.4e-06,5.12e-05,15848383.49
5.333333e-06,0.000132012,2.4e-06,5.55e-05,17993383.1
5.333333e-06,0.000132012,2.4e-06,5.97e-05,19907811.48
5.333333e-06,0.000132012,2.4e-06,6.4e-05,21627390.99
5.333333e-06,0.000132012,2.4e-06,6.83e-05,23192057.81
5.333333e-06,0.000132012,2.4e-06,7.25e-05,25435074.13
5.333333e-06,0.000132012,2.4e-06,7.68e-05,28460350.92
5.333333e-06,0.000132012,2.4e-06,8.11e-05,31256107.7
5.333333e-06,0.000132012,2.4e-06,8.53e-05,33844525.76
5.333333e-06,0.000132012,2.4e-06,8.96e-05,36276843.13
5.333333e-06,0.000132012,2.666667e-06,3.84e-05,11873436.01
5.333333e-06,0.000132012,2.666667e-06,4.27e-05,13407531.45
5.333333e-06,0.000132012,2.666667e-06,4.69e-05,14699404.1
5.333333e-06,0.000132012,2.666667e-06,5.12e-05,15806986.57
5.333333e-06,0.000132012,2.666667e-06,5.55e-05,17972895.98
5.333333e-06,0.000132012,2.666667e-06,5.97e-05,19951778.44
5.333333e-06,0.000132012,2.666667e-06,6.4e-05,21730904.71
5.333333e-06,0.000132012,2.666667e-06,6.83e-05,23341200.55
5.333333e-06,0.000132012,2.666667e-06,7.25e-05,25895854.37
5.333333e-06,0.000132012,2.666667e-06,7.68e-05,29025608.92
5.333333e-06,0.000132012,2.666667e-06,8.11e-05,31919105.5
5.333333e-06,0.000132012,2.666667e-06,8.53e-05,34603477.81
5.333333e-06,0.000132012,2.666667e-06,8.96e-05,37908395.75
5.333333e-06,0.000132012,2.666667e-06,3.84e-05,11792541.32
5.333333e-06,0.000132012,2.666667e-06,4.27e-05,13350352.15
5.333333e-06,0.000132012,2.666667e-06,4.69e-05,14661377.8
5.333333e-06,0.000132012,2.666667e-06,5.12e-05,15784745.32
5.333333e-06,0.000132012,2.666667e-06,5.55e-05,17954875.44
5.333333e-06,0.000132012,2.666667e-06,5.97e-05,19962479.02
5.333333e-06,0.000132012,2.666667e-06,6.4e-05,21766756.91
5.333333e-06,0.000132012,2.666667e-06,6.83e-05,23398003.29
5.333333e-06,0.000132012,2.666667e-06,7.25e-05,26080518.97
5.333333e-06,0.000132012,2.666667e-06,7.68e-05,29258234.07
5.333333e-06,0.000132012,2.666667e-06,8.11e-05,32191673.85
5.333333e-06,0.000132012,2.666667e-06,8.53e-05,34921568.42
5.333333e-06,0.000132012,2.666667e-06,8.96e-05,38613792.7
5.333333e-06,0.000132012,2.933333e-06,3.84e-05,11440576.46
5.333333e-06,0.000132012,2.933333e-06,4.27e-05,13094565.31
5.333333e-06,0.000132012,2.933333e-06,4.69e-05,14484915.27
5.333333e-06,0.000132012,2.933333e-06,5.12e-05,15673690.95
5.333333e-06,0.000132012,2.933333e-06,5.55e-05,17835142.26
5.333333e-06,0.000132012,2.933333e-06,5.97e-05,19961542.03
5.333333e-06,0.000132012,2.933333e-06,6.4e-05,21869915.43
5.333333e-06,0.000132012,2.933333e-06,6.83e-05,23595628.17
5.333333e-06,0.000132012,2.933333e-06,7.25e-05,26740642.39
5.333333e-06,0.000132012,2.933333e-06,7.68e-05,30126493.6
5.333333e-06,0.000132012,2.933333e-06,8.11e-05,33246105.58
5.333333e-06,0.000132012,2.933333e-06,8.53e-05,36128676.71
5.333333e-06,0.000132012,2.933333e-06,8.96e-05,41351516.17
5.333333e-06,0.000132012,2.933333e-06,3.84e-05,11571522.06
5.333333e-06,0.000132012,2.933333e-06,4.27e-05,13191001.8
5.333333e-06,0.000132012,2.933333e-06,4.69e-05,14552373.14
5.333333e-06,0.000132012,2.933333e-06,5.12e-05,15717261.92
5.333333e-06,0.000132012,2.933333e-06,5.55e-05,17886141.54
5.333333e-06,0.000132012,2.933333e-06,5.97e-05,19969224.71
5.333333e-06,0.000132012,2.933333e-06,6.4e-05,21839638.96
5.333333e-06,0.000132012,2.933333e-06,6.83e-05,23531788.27
5.333333e-06,0.000132012,2.933333e-06,7.25e-05,26518143.24
5.333333e-06,0.000132012,2.933333e-06,7.68e-05,29825742.75
5.333333e-06,0.000132012,2.933333e-06,8.11e-05,32878928.15
5.333333e-06,0.000132012,2.933333e-06,8.53e-05,35710561.07
5.333333e-06,0.000132012,2.933333e-06,8.96e-05,40369311.45
5.333333e-06,0.000132012,3.2e-06,3.84e-05,11641687.02
5.333333e-06,0.000132012,3.2e-06,4.27e-05,13242094.75
5.333333e-06,0.000132012,3.2e-06,4.69e-05,14587718.12
5.333333e-06,0.000132012,3.2e-06,5.12e-05,15739618.27
5.333333e-06,0.000132012,3.2e-06,5.55e-05,17910627.1
5.333333e-06,0.000132012,3.2e-06,5.97e-05,19970116.04
5.333333e-06,0.000132012,3.2e-06,6.4e-05,21819853.26
5.333333e-06,0.000132012,3.2e-06,6.83e-05,23493719.98
5.333333e-06,0.000132012,3.2e-06,7.25e-05,26388308.81
5.333333e-06,0.000132012,3.2e-06,7.68e-05,29646761.91
5.333333e-06,0.000132012,3.2e-06,8.11e-05,32671542.96
5.333333e-06,0.000132012,3.2e-06,8.53e-05,35470422.63
5.333333e-06,0.000132012,3.2e-06,8.96e-05,39842633.97
5.333333e-06,0.000132012,3.2e-06,3.84e-05,11264915.17
5.333333e-06,0.000132012,3.2e-06,4.27e-05,12966527.49
5.333333e-06,0.000132012,3.2e-06,4.69e-05,14391689.48
5.333333e-06,0.000132012,3.2e-06,5.12e-05,15612098.81
5.333333e-06,0.000132012,3.2e-06,5.55e-05,17757934.09
5.333333e-06,0.000132012,3.2e-06,5.97e-05,19941440.25
5.333333e-06,0.000132012,3.2e-06,6.4e-05,21899827.17
5.333333e-06,0.000132012,3.2e-06,6.83e-05,23669721.96
5.333333e-06,0.000132012,3.2e-06,7.25e-05,27025505.08
5.333333e-06,0.000132012,3.2e-06,7.68e-05,30500392.19
5.333333e-06,0.000132012,3.2e-06,8.11e-05,33701527.91
5.333333e-06,0.000132012,3.2e-06,8.53e-05,37061970.13
5.333333e-06,0.000132012,3.2e-06,8.96e-05,42599421.42
5.333333e-06,0.000132012,3.466667e-06,3.84e-05,11320928.76
5.333333e-06,0.000132012,3.466667e-06,4.27e-05,13005177.03
5.333333e-06,0.000132012,3.466667e-06,4.69e-05,14421741.16
5.333333e-06,0.000132012,3.466667e-06,5.12e-05,15632089.04
5.333333e-06,0.000132012,3.466667e-06,5.55e-05,17783507.6
5.333333e-06,0.000132012,3.466667e-06,5.97e-05,19948893.23
5.333333e-06,0.000132012,3.466667e-06,6.4e-05,21891417.23
5.333333e-06,0.000132012,3.466667e-06,6.83e-05,23647294.75
5.333333e-06,0.000132012,3.466667e-06,7.25e-05,26939692.23
5.333333e-06,0.000132012,3.466667e-06,7.68e-05,30384361.63
5.333333e-06,0.000132012,3.466667e-06,8.11e-05,33561514.21
5.333333e-06,0.000132012,3.466667e-06,8.53e-05,36716281.26
5.333333e-06,0.000132012,3.466667e-06,8.96e-05,42208324.43
5.333333e-06,0.000132012,3.466667e-06,3.84e-05,4128146.717
5.333333e-06,0.000132012,3.466667e-06,4.27e-05,4533411.096
5.333333e-06,0.000132012,3.466667e-06,4.69e-05,5154657.422
5.333333e-06,0.000132012,3.466667e-06,5.12e-05,5693310.851
5.333333e-06,0.000132012,3.466667e-06,5.55e-05,6144123.603
5.333333e-06,0.000132012,3.466667e-06,5.97e-05,6527955.607
5.333333e-06,0.000132012,3.466667e-06,6.4e-05,6859624.46
5.333333e-06,0.000132012,3.466667e-06,6.83e-05,7418113.977
5.333333e-06,0.000132012,3.466667e-06,7.25e-05,7973237.448
5.333333e-06,0.000132012,3.466667e-06,7.68e-05,8467590.819
5.333333e-06,0.000132012,3.466667e-06,8.11e-05,8910313.901
5.333333e-06,0.000132012,3.466667e-06,8.53e-05,9313142.672
5.333333e-06,0.000132012,3.466667e-06,8.96e-05,9680146.077
5.333333e-06,0.000132012,3.733333e-06,3.84e-05,3982310.21
5.333333e-06,0.000132012,3.733333e-06,4.27e-05,4413275.087
5.333333e-06,0.000132012,3.733333e-06,4.69e-05,4947332.942
5.333333e-06,0.000132012,3.733333e-06,5.12e-05,5515253.472
5.333333e-06,0.000132012,3.733333e-06,5.55e-05,5989172.293
5.333333e-06,0.000132012,3.733333e-06,5.97e-05,6392854.083
5.333333e-06,0.000132012,3.733333e-06,6.4e-05,6741228.828
5.333333e-06,0.000132012,3.733333e-06,6.83e-05,7192328.342
5.333333e-06,0.000132012,3.733333e-06,7.25e-05,7771013.202
5.333333e-06,0.000132012,3.733333e-06,7.68e-05,8288701.882
5.333333e-06,0.000132012,3.733333e-06,8.11e-05,8750909.261
5.333333e-06,0.000132012,3.733333e-06,8.53e-05,9170290.914
5.333333e-06,0.000132012,3.733333e-06,8.96e-05,9553443.269
5.333333e-06,0.000132012,3.733333e-06,3.84e-05,3916987.149
5.333333e-06,0.000132012,3.733333e-06,4.27e-05,4359286.628
5.333333e-06,0.000132012,3.733333e-06,4.69e-05,4854929.888
5.333333e-06,0.000132012,3.733333e-06,5.12e-05,5435519.127
5.333333e-06,0.000132012,3.733333e-06,5.55e-05,5919610.29
5.333333e-06,0.000132012,3.733333e-06,5.97e-05,6332080.763
5.333333e-06,0.000132012,3.733333e-06,6.4e-05,6687825.706
5.333333e-06,0.000132012,3.733333e-06,6.83e-05,7090619.325
5.333333e-06,0.000132012,3.733333e-06,7.25e-05,7680270.631
5.333333e-06,0.000132012,3.733333e-06,7.68e-05,8207308.819
5.333333e-06,0.000132012,3.733333e-06,8.11e-05,8678970.397
5.333333e-06,0.000132012,3.733333e-06,8.53e-05,9105651.661
5.333333e-06,0.000132012,3.733333e-06,8.96e-05,9495185.108
5.333333e-06,0.000132012,4.8e-06,3.84e-05,3798482.949
5.333333e-06,0.000132012,4.8e-06,4.27e-05,4261115.484
5.333333e-06,0.000132012,4.8e-06,4.69e-05,4688090.401
5.333333e-06,0.000132012,4.8e-06,5.12e-05,5291258.85
5.333333e-06,0.000132012,4.8e-06,5.55e-05,5794384.468
5.333333e-06,0.000132012,4.8e-06,5.97e-05,6221563.692
5.333333e-06,0.000132012,4.8e-06,6.4e-05,6590565.985
5.333333e-06,0.000132012,4.8e-06,6.83e-05,6912435.055
5.333333e-06,0.000132012,4.8e-06,7.25e-05,7514910.332
5.333333e-06,0.000132012,4.8e-06,7.68e-05,8057666.589
5.333333e-06,0.000132012,4.8e-06,8.11e-05,8546646.765
5.333333e-06,0.000132012,4.8e-06,8.53e-05,8986343.901
5.333333e-06,0.000132012,4.8e-06,8.96e-05,9387817.539
5.333333e-06,0.000132012,4.8e-06,3.84e-05,3598771.216
5.333333e-06,0.000132012,4.8e-06,4.27e-05,4095181.753
5.333333e-06,0.000132012,4.8e-06,4.69e-05,4489752.394
5.333333e-06,0.000132012,4.8e-06,5.12e-05,5049693.157
5.333333e-06,0.000132012,4.8e-06,5.55e-05,5583229.972
5.333333e-06,0.000132012,4.8e-06,5.97e-05,6036227.514
5.333333e-06,0.000132012,4.8e-06,6.4e-05,6426080.521
5.333333e-06,0.000132012,4.8e-06,6.83e-05,6766766.868
5.333333e-06,0.000132012,4.8e-06,7.25e-05,7235647.901
5.333333e-06,0.000132012,4.8e-06,7.68e-05,7806573.475
5.333333e-06,0.000132012,4.8e-06,8.11e-05,8319253.434
5.333333e-06,0.000132012,4.8e-06,8.53e-05,8783378.445
5.333333e-06,0.000132012,4.8e-06,8.96e-05,9203746.977
5.333333e-06,0.000132012,4.266667e-06,3.84e-05,3644818.479
5.333333e-06,0.000132012,4.266667e-06,4.27e-05,4133477.578
5.333333e-06,0.000132012,4.266667e-06,4.69e-05,4521987.595
5.333333e-06,0.000132012,4.266667e-06,5.12e-05,5105177.851
5.333333e-06,0.000132012,4.266667e-06,5.55e-05,5631783.806
5.333333e-06,0.000132012,4.266667e-06,5.97e-05,6078979.739
5.333333e-06,0.000132012,4.266667e-06,6.4e-05,6464034.477
5.333333e-06,0.000132012,4.266667e-06,6.83e-05,6800390.074
5.333333e-06,0.000132012,4.266667e-06,7.25e-05,7299982.716
5.333333e-06,0.000132012,4.266667e-06,7.68e-05,7864488.027
5.333333e-06,0.000132012,4.266667e-06,8.11e-05,8372293.327
5.333333e-06,0.000132012,4.266667e-06,8.53e-05,8829877.752
5.333333e-06,0.000132012,4.266667e-06,8.96e-05,9246158.503
5.333333e-06,0.000132012,4.266667e-06,3.84e-05,3744397.634
5.333333e-06,0.000132012,4.266667e-06,4.27e-05,4216227.536
5.333333e-06,0.000132012,4.266667e-06,4.69e-05,4612305.568
5.333333e-06,0.000132012,4.266667e-06,5.12e-05,5225621.327
5.333333e-06,0.000132012,4.266667e-06,5.55e-05,5737075.001
5.333333e-06,0.000132012,4.266667e-06,5.97e-05,6171035.23
5.333333e-06,0.000132012,4.266667e-06,6.4e-05,6546065.929
5.333333e-06,0.000132012,4.266667e-06,6.83e-05,6873047.519
5.333333e-06,0.000132012,4.266667e-06,7.25e-05,7439270.653
5.333333e-06,0.000132012,4.266667e-06,7.68e-05,7989741.568
5.333333e-06,0.000132012,4.266667e-06,8.11e-05,8485494.726
5.333333e-06,0.000132012,4.266667e-06,8.53e-05,8931351.349
5.333333e-06,0.000132012,4.266667e-06,8.96e-05,9338277.506
5.333333e-06,0.000132012,4.533333e-06,3.84e-05,3555023.994
5.333333e-06,0.000132012,4.533333e-06,4.27e-05,4058696.952
5.333333e-06,0.000132012,4.533333e-06,4.69e-05,4459025.374
5.333333e-06,0.000132012,4.533333e-06,5.12e-05,4996989.634
5.333333e-06,0.000132012,4.533333e-06,5.55e-05,5537084.843
5.333333e-06,0.000132012,4.533333e-06,5.97e-05,5995574.093
5.333333e-06,0.000132012,4.533333e-06,6.4e-05,6389928.997
5.333333e-06,0.000132012,4.533333e-06,6.83e-05,6734746.025
5.333333e-06,0.000132012,4.533333e-06,7.25e-05,7174461.059
5.333333e-06,0.000132012,4.533333e-06,7.68e-05,7751463.733
5.333333e-06,0.000132012,4.533333e-06,8.11e-05,8269365.637
5.333333e-06,0.000132012,4.533333e-06,8.53e-05,8738596.918
5.333333e-06,0.000132012,4.533333e-06,8.96e-05,9163208.222
5.333333e-06,0.000132012,4.533333e-06,3.84e-05,3513346.835
5.333333e-06,0.000132012,4.533333e-06,4.27e-05,4023869.965
5.333333e-06,0.000132012,4.533333e-06,4.69e-05,4429682.87
5.333333e-06,0.000132012,4.533333e-06,5.12e-05,4946829.597
5.333333e-06,0.000132012,4.533333e-06,5.55e-05,5493146.366
5.333333e-06,0.000132012,4.533333e-06,5.97e-05,5956846.64
5.333333e-06,0.000132012,4.533333e-06,6.4e-05,6356260.049
5.333333e-06,0.000132012,4.533333e-06,6.83e-05,6704197.52
5.333333e-06,0.000132012,4.533333e-06,7.25e-05,7116169.763
5.333333e-06,0.000132012,4.533333e-06,7.68e-05,7698940.442
5.333333e-06,0.000132012,4.533333e-06,8.11e-05,8221941.423
5.333333e-06,0.000132012,4.533333e-06,8.53e-05,8695714.674
5.333333e-06,0.000132012,4.533333e-06,8.96e-05,9124460.569
5.333333e-06,0.000132012,4e-06,3.84e-05,51209569.75
5.333333e-06,0.000132012,4e-06,4.27e-05,64388380.31
5.333333e-06,0.000132012,4e-06,4.69e-05,75604973.75
5.333333e-06,0.000132012,4e-06,5.12e-05,83444928.3
5.333333e-06,0.000132012,4e-06,5.55e-05,92552230.92
5.333333e-06,0.000132012,4e-06,5.97e-05,99498387.34
5.333333e-06,0.000132012,4e-06,6.4e-05,104966053.2
5.333333e-06,0.000132012,4e-06,6.83e-05,109397488.9
5.333333e-06,0.000132012,4e-06,7.25e-05,112986181.0
5.333333e-06,0.000132012,4e-06,7.68e-05,115874227.0
5.333333e-06,0.000132012,4e-06,8.11e-05,118191864.1
5.333333e-06,0.000132012,4e-06,8.53e-05,120052844.3
5.333333e-06,0.000132012,4e-06,8.96e-05,121548050.0
5.333333e-06,0.000132012,4e-06,3.84e-05,52289538.73
5.333333e-06,0.000132012,4e-06,4.27e-05,66318600.93
5.333333e-06,0.000132012,4e-06,4.69e-05,77444831.03
5.333333e-06,0.000132012,4e-06,5.12e-05,86262065.1
5.333333e-06,0.000132012,4e-06,5.55e-05,95186653.52
5.333333e-06,0.000132012,4e-06,5.97e-05,101988372.1
5.333333e-06,0.000132012,4e-06,6.4e-05,107326546.3
5.333333e-06,0.000132012,4e-06,6.83e-05,111626923.8
5.333333e-06,0.000132012,4e-06,7.25e-05,115096810.2
5.333333e-06,0.000132012,4e-06,7.68e-05,117885699.2
5.333333e-06,0.000132012,4e-06,8.11e-05,120123869.7
5.333333e-06,0.000132012,4e-06,8.53e-05,121922048.7
5.333333e-06,0.000132012,4e-06,8.96e-05,123367785.9
5.333333e-06,0.000132012,5.6e-06,3.84e-05,54134964.31
5.333333e-06,0.000132012,5.6e-06,4.27e-05,69575283.21
5.333333e-06,0.000132012,5.6e-06,4.69e-05,80549406.54
5.333333e-06,0.000132012,5.6e-06,5.12e-05,90939961.11
5.333333e-06,0.000132012,5.6e-06,5.55e-05,99573182.92
5.333333e-06,0.000132012,5.6e-06,5.97e-05,106147882.6
5.333333e-06,0.000132012,5.6e-06,6.4e-05,111281904.7
5.333333e-06,0.000132012,5.6e-06,6.83e-05,115374499.6
5.333333e-06,0.000132012,5.6e-06,7.25e-05,118654094.9
5.333333e-06,0.000132012,5.6e-06,7.68e-05,121282783.3
5.333333e-06,0.000132012,5.6e-06,8.11e-05,123391737.8
5.333333e-06,0.000132012,5.6e-06,8.53e-05,125087309.5
5.333333e-06,0.000132012,5.6e-06,8.96e-05,126995325.2
5.333333e-06,0.000132012,5.6e-06,3.84e-05,54935556.68
5.333333e-06,0.000132012,5.6e-06,4.27e-05,70971698.46
5.333333e-06,0.000132012,5.6e-06,4.69e-05,81878863.88
5.333333e-06,0.000132012,5.6e-06,5.12e-05,92917132.03
5.333333e-06,0.000132012,5.6e-06,5.55e-05,101431969.9
5.333333e-06,0.000132012,5.6e-06,5.97e-05,107915850.8
5.333333e-06,0.000132012,5.6e-06,6.4e-05,112967806.0
5.333333e-06,0.000132012,5.6e-06,6.83e-05,116976542.8
5.333333e-06,0.000132012,5.6e-06,7.25e-05,120178564.5
5.333333e-06,0.000132012,5.6e-06,7.68e-05,122741379.6
5.333333e-06,0.000132012,5.6e-06,8.11e-05,124796855.9
5.333333e-06,0.000132012,5.6e-06,8.53e-05,126966365.8
5.333333e-06,0.000132012,5.6e-06,8.96e-05,129588726.1
5.333333e-06,0.000132012,5.066667e-06,3.84e-05,57378048.13
5.333333e-06,0.000132012,5.066667e-06,4.27e-05,73418133.88
5.333333e-06,0.000132012,5.066667e-06,4.69e-05,84818659.02
5.333333e-06,0.000132012,5.066667e-06,5.12e-05,96343709.17
5.333333e-06,0.000132012,5.066667e-06,5.55e-05,104657314.7
5.333333e-06,0.000132012,5.066667e-06,5.97e-05,110991697.1
5.333333e-06,0.000132012,5.066667e-06,6.4e-05,115907663.3
5.333333e-06,0.000132012,5.066667e-06,6.83e-05,119777187.5
5.333333e-06,0.000132012,5.066667e-06,7.25e-05,122849272.1
5.333333e-06,0.000132012,5.066667e-06,7.68e-05,125300879.2
5.333333e-06,0.000132012,5.066667e-06,8.11e-05,128459038.6
5.333333e-06,0.000132012,5.066667e-06,8.53e-05,131513996.1
5.333333e-06,0.000132012,5.066667e-06,8.96e-05,134063166.0
5.333333e-06,0.000132012,5.066667e-06,3.84e-05,58466777.33
5.333333e-06,0.000132012,5.066667e-06,4.27e-05,74500727.17
5.333333e-06,0.000132012,5.066667e-06,4.69e-05,86448740.99
5.333333e-06,0.000132012,5.066667e-06,5.12e-05,97841729.2
5.333333e-06,0.000132012,5.066667e-06,5.55e-05,106072246.4
5.333333e-06,0.000132012,5.066667e-06,5.97e-05,112344428.3
5.333333e-06,0.000132012,5.066667e-06,6.4e-05,117203327.7
5.333333e-06,0.000132012,5.066667e-06,6.83e-05,121014400.8
5.333333e-06,0.000132012,5.066667e-06,7.25e-05,124031447.4
5.333333e-06,0.000132012,5.066667e-06,7.68e-05,126881341.0
5.333333e-06,0.000132012,5.066667e-06,8.11e-05,130482229.3
5.333333e-06,0.000132012,5.066667e-06,8.53e-05,133497655.3
5.333333e-06,0.000132012,5.066667e-06,8.96e-05,136015212.6
5.333333e-06,0.000132012,5.333333e-06,3.84e-05,62145453.89
5.333333e-06,0.000132012,5.333333e-06,4.27e-05,78146810.97
5.333333e-06,0.000132012,5.333333e-06,4.69e-05,91850022.33
5.333333e-06,0.000132012,5.333333e-06,5.12e-05,102816768.6
5.333333e-06,0.000132012,5.333333e-06,5.55e-05,110784468.2
5.333333e-06,0.000132012,5.333333e-06,5.97e-05,116864521.2
5.333333e-06,0.000132012,5.333333e-06,6.4e-05,121545618.6
5.333333e-06,0.000132012,5.333333e-06,6.83e-05,125174163.1
5.333333e-06,0.000132012,5.333333e-06,7.25e-05,129608652.3
5.333333e-06,0.000132012,5.333333e-06,7.68e-05,133719530.6
5.333333e-06,0.000132012,5.333333e-06,8.11e-05,137163111.9
5.333333e-06,0.000132012,5.333333e-06,8.53e-05,140050107.4
5.333333e-06,0.000132012,5.333333e-06,8.96e-05,142464521.4
5.333333e-06,0.000132012,5.333333e-06,3.84e-05,60424615.25
5.333333e-06,0.000132012,5.333333e-06,4.27e-05,76443799.15
5.333333e-06,0.000132012,5.333333e-06,4.69e-05,89344018.73
5.333333e-06,0.000132012,5.333333e-06,5.12e-05,100506267.6
5.333333e-06,0.000132012,5.333333e-06,5.55e-05,108593454.0
5.333333e-06,0.000132012,5.333333e-06,5.97e-05,114760173.6
5.333333e-06,0.000132012,5.333333e-06,6.4e-05,119521314.6
5.333333e-06,0.000132012,5.333333e-06,6.83e-05,123232360.8
5.333333e-06,0.000132012,5.333333e-06,7.25e-05,126354369.2
5.333333e-06,0.000132012,5.333333e-06,7.68e-05,130552133.3
5.333333e-06,0.000132012,5.333333e-06,8.11e-05,134067977.9
5.333333e-06,0.000132012,5.333333e-06,8.53e-05,137014074.6
5.333333e-06,0.000132012,5.333333e-06,8.96e-05,139476041.1
