a,b,c,d,ugf
1.12e-05,0.000132012,2.4e-06,3.84e-05,12859450.19
1.12e-05,0.000132012,2.4e-06,4.27e-05,14297892.05
1.12e-05,0.000132012,2.4e-06,4.69e-05,15512936.51
1.12e-05,0.000132012,2.4e-06,5.12e-05,17467633.46
1.12e-05,0.000132012,2.4e-06,5.55e-05,19572012.89
1.12e-05,0.000132012,2.4e-06,5.97e-05,21450191.54
1.12e-05,0.000132012,2.4e-06,6.4e-05,23138031.94
1.12e-05,0.000132012,2.4e-06,6.83e-05,25564812.56
1.12e-05,0.000132012,2.4e-06,7.25e-05,28797869.38
1.12e-05,0.000132012,2.4e-06,7.68e-05,31772708.13
1.12e-05,0.000132012,2.4e-06,8.11e-05,34523171.51
1.12e-05,0.000132012,2.4e-06,8.53e-05,37849177.87
1.12e-05,0.000132012,2.4e-06,8.96e-05,42558855.66
1.12e-05,0.000132012,2.666667e-06,3.84e-05,12725609.72
1.12e-05,0.000132012,2.666667e-06,4.27e-05,14209209.47
1.12e-05,0.000132012,2.666667e-06,4.69e-05,15461767.88
1.12e-05,0.000132012,2.666667e-06,5.12e-05,17424361.91
1.12e-05,0.000132012,2.666667e-06,5.55e-05,19592777.43
1.12e-05,0.000132012,2.666667e-06,5.97e-05,21526289.27
1.12e-05,0.000132012,2.666667e-06,6.4e-05,23262011.09
1.12e-05,0.000132012,2.666667e-06,6.83e-05,25959288.41
1.12e-05,0.000132012,2.666667e-06,7.25e-05,29295126.55
1.12e-05,0.000132012,2.666667e-06,7.68e-05,32362432.58
1.12e-05,0.000132012,2.666667e-06,8.11e-05,35196461.3
1.12e-05,0.000132012,2.666667e-06,8.53e-05,39354449.19
1.12e-05,0.000132012,2.666667e-06,8.96e-05,44190465.19
1.12e-05,0.000132012,2.933333e-06,3.84e-05,12546347.58
1.12e-05,0.000132012,2.933333e-06,4.27e-05,14088324.94
1.12e-05,0.000132012,2.933333e-06,4.69e-05,15386282.26
1.12e-05,0.000132012,2.933333e-06,5.12e-05,17343612.64
1.12e-05,0.000132012,2.933333e-06,5.55e-05,19592962.94
1.12e-05,0.000132012,2.933333e-06,5.97e-05,21596352.36
1.12e-05,0.000132012,2.933333e-06,6.4e-05,23392657.51
1.12e-05,0.000132012,2.933333e-06,6.83e-05,26401544.92
1.12e-05,0.000132012,2.933333e-06,7.25e-05,29867903.18
1.12e-05,0.000132012,2.933333e-06,7.68e-05,33052097.27
1.12e-05,0.000132012,2.933333e-06,8.11e-05,35991486.0
1.12e-05,0.000132012,2.933333e-06,8.53e-05,41150375.31
1.12e-05,0.000132012,2.933333e-06,8.96e-05,46177294.78
1.12e-05,0.000132012,3.2e-06,3.84e-05,12296574.47
1.12e-05,0.000132012,3.2e-06,4.27e-05,13914157.18
1.12e-05,0.000132012,3.2e-06,4.69e-05,15272929.78
1.12e-05,0.000132012,3.2e-06,5.12e-05,17203798.56
1.12e-05,0.000132012,3.2e-06,5.55e-05,19560916.38
1.12e-05,0.000132012,3.2e-06,5.97e-05,21656801.63
1.12e-05,0.000132012,3.2e-06,6.4e-05,23533903.33
1.12e-05,0.000132012,3.2e-06,6.83e-05,26918126.21
1.12e-05,0.000132012,3.2e-06,7.25e-05,30557874.78
1.12e-05,0.000132012,3.2e-06,7.68e-05,33895964.4
1.12e-05,0.000132012,3.2e-06,8.11e-05,37690897.26
1.12e-05,0.000132012,3.2e-06,8.53e-05,43435775.7
1.12e-05,0.000132012,3.2e-06,8.96e-05,48674988.28
1.12e-05,0.000132012,3.466667e-06,3.84e-05,4368852.773
1.12e-05,0.000132012,3.466667e-06,4.27e-05,4940406.028
1.12e-05,0.000132012,3.466667e-06,4.69e-05,5558629.011
1.12e-05,0.000132012,3.466667e-06,5.12e-05,6064619.186
1.12e-05,0.000132012,3.466667e-06,5.55e-05,6488569.114
1.12e-05,0.000132012,3.466667e-06,5.97e-05,6850278.016
1.12e-05,0.000132012,3.466667e-06,6.4e-05,7444584.749
1.12e-05,0.000132012,3.466667e-06,6.83e-05,8033086.017
1.12e-05,0.000132012,3.466667e-06,7.25e-05,8554185.326
1.12e-05,0.000132012,3.466667e-06,7.68e-05,9020033.597
1.12e-05,0.000132012,3.466667e-06,8.11e-05,9439794.423
1.12e-05,0.000132012,3.466667e-06,8.53e-05,9820568.601
1.12e-05,0.000132012,3.466667e-06,8.96e-05,10167966.01
1.12e-05,0.000132012,3.733333e-06,3.84e-05,4173059.894
1.12e-05,0.000132012,3.733333e-06,4.27e-05,4617292.617
1.12e-05,0.000132012,3.733333e-06,4.69e-05,5285130.699
1.12e-05,0.000132012,3.733333e-06,5.12e-05,5830655.901
1.12e-05,0.000132012,3.733333e-06,5.55e-05,6286564.47
1.12e-05,0.000132012,3.733333e-06,5.97e-05,6675539.983
1.12e-05,0.000132012,3.733333e-06,6.4e-05,7117081.576
1.12e-05,0.000132012,3.733333e-06,6.83e-05,7744350.277
1.12e-05,0.000132012,3.733333e-06,7.25e-05,8299070.725
1.12e-05,0.000132012,3.733333e-06,7.68e-05,8794420.642
1.12e-05,0.000132012,3.733333e-06,8.11e-05,9240221.127
1.12e-05,0.000132012,3.733333e-06,8.53e-05,9644140.192
1.12e-05,0.000132012,3.733333e-06,8.96e-05,10012236.23
1.12e-05,0.000132012,4.8e-06,3.84e-05,3878365.755
1.12e-05,0.000132012,4.8e-06,4.27e-05,4352105.861
1.12e-05,0.000132012,4.8e-06,4.69e-05,4880232.487
1.12e-05,0.000132012,4.8e-06,5.12e-05,5482186.741
1.12e-05,0.000132012,4.8e-06,5.55e-05,5984750.653
1.12e-05,0.000132012,4.8e-06,5.97e-05,6412086.585
1.12e-05,0.000132012,4.8e-06,6.4e-05,6780652.012
1.12e-05,0.000132012,4.8e-06,6.83e-05,7308497.877
1.12e-05,0.000132012,4.8e-06,7.25e-05,7910634.567
1.12e-05,0.000132012,4.8e-06,7.68e-05,8448319.693
1.12e-05,0.000132012,4.8e-06,8.11e-05,8931552.625
1.12e-05,0.000132012,4.8e-06,8.53e-05,9368800.611
1.12e-05,0.000132012,4.8e-06,8.96e-05,9766756.192
1.12e-05,0.000132012,4.266667e-06,3.84e-05,4013147.939
1.12e-05,0.000132012,4.266667e-06,4.27e-05,4462752.375
1.12e-05,0.000132012,4.266667e-06,4.69e-05,5064367.708
1.12e-05,0.000132012,4.266667e-06,5.12e-05,5640901.883
1.12e-05,0.000132012,4.266667e-06,5.55e-05,6122478.074
1.12e-05,0.000132012,4.266667e-06,5.97e-05,6532446.778
1.12e-05,0.000132012,4.266667e-06,6.4e-05,6886206.27
1.12e-05,0.000132012,4.266667e-06,6.83e-05,7507518.352
1.12e-05,0.000132012,4.266667e-06,7.25e-05,8088465.092
1.12e-05,0.000132012,4.266667e-06,7.68e-05,8607033.52
1.12e-05,0.000132012,4.266667e-06,8.11e-05,9073358.572
1.12e-05,0.000132012,4.266667e-06,8.53e-05,9495547.903
1.12e-05,0.000132012,4.266667e-06,8.96e-05,9880007.839
1.12e-05,0.000132012,4.533333e-06,3.84e-05,3799162.638
1.12e-05,0.000132012,4.533333e-06,4.27e-05,4286798.274
1.12e-05,0.000132012,4.533333e-06,4.69e-05,4772887.345
1.12e-05,0.000132012,4.533333e-06,5.12e-05,5389528.698
1.12e-05,0.000132012,4.533333e-06,5.55e-05,5904187.669
1.12e-05,0.000132012,4.533333e-06,5.97e-05,6341604.229
1.12e-05,0.000132012,4.533333e-06,6.4e-05,6718747.245
1.12e-05,0.000132012,4.533333e-06,6.83e-05,7192147.349
1.12e-05,0.000132012,4.533333e-06,7.25e-05,7806238.635
1.12e-05,0.000132012,4.533333e-06,7.68e-05,8355028.681
1.12e-05,0.000132012,4.533333e-06,8.11e-05,8848078.942
1.12e-05,0.000132012,4.533333e-06,8.53e-05,9294066.82
1.12e-05,0.000132012,4.533333e-06,8.96e-05,9699854.376
1.12e-05,0.000132012,4e-06,3.84e-05,58447199.08
1.12e-05,0.000132012,4e-06,4.27e-05,73125356.44
1.12e-05,0.000132012,4e-06,4.69e-05,83120794.83
1.12e-05,0.000132012,4e-06,5.12e-05,94254258.76
1.12e-05,0.000132012,4e-06,5.55e-05,102369802.1
1.12e-05,0.000132012,4e-06,5.97e-05,108533056.5
1.12e-05,0.000132012,4e-06,6.4e-05,113344844.6
1.12e-05,0.000132012,4e-06,6.83e-05,117156225.7
1.12e-05,0.000132012,4e-06,7.25e-05,120185223.0
1.12e-05,0.000132012,4e-06,7.68e-05,122593839.5
1.12e-05,0.000132012,4e-06,8.11e-05,124513336.6
1.12e-05,0.000132012,4e-06,8.53e-05,126198969.8
1.12e-05,0.000132012,4e-06,8.96e-05,128677520.7
1.12e-05,0.000132012,5.6e-06,3.84e-05,63180016.47
1.12e-05,0.000132012,5.6e-06,4.27e-05,77734958.61
1.12e-05,0.000132012,5.6e-06,4.69e-05,90089481.13
1.12e-05,0.000132012,5.6e-06,5.12e-05,100700319.3
1.12e-05,0.000132012,5.6e-06,5.55e-05,108442331.4
1.12e-05,0.000132012,5.6e-06,5.97e-05,114307733.2
1.12e-05,0.000132012,5.6e-06,6.4e-05,118828177.6
1.12e-05,0.000132012,5.6e-06,6.83e-05,122355306.4
1.12e-05,0.000132012,5.6e-06,7.25e-05,125132633.1
1.12e-05,0.000132012,5.6e-06,7.68e-05,128594753.1
1.12e-05,0.000132012,5.6e-06,8.11e-05,132005173.9
1.12e-05,0.000132012,5.6e-06,8.53e-05,134840406.5
1.12e-05,0.000132012,5.6e-06,8.96e-05,137186400.7
1.12e-05,0.000132012,5.066667e-06,3.84e-05,66790518.64
1.12e-05,0.000132012,5.066667e-06,4.27e-05,81236225.62
1.12e-05,0.000132012,5.066667e-06,4.69e-05,95268587.11
1.12e-05,0.000132012,5.066667e-06,5.12e-05,105485812.5
1.12e-05,0.000132012,5.066667e-06,5.55e-05,112972525.9
1.12e-05,0.000132012,5.066667e-06,5.97e-05,118637703.2
1.12e-05,0.000132012,5.066667e-06,6.4e-05,122961979.6
1.12e-05,0.000132012,5.066667e-06,6.83e-05,126600864.7
1.12e-05,0.000132012,5.066667e-06,7.25e-05,131310357.5
1.12e-05,0.000132012,5.066667e-06,7.68e-05,135222031.6
1.12e-05,0.000132012,5.066667e-06,8.11e-05,138482853.5
1.12e-05,0.000132012,5.066667e-06,8.53e-05,141197609.3
1.12e-05,0.000132012,5.066667e-06,8.96e-05,143448249.5
1.12e-05,0.000132012,5.333333e-06,3.84e-05,68786140.07
1.12e-05,0.000132012,5.333333e-06,4.27e-05,83165007.81
1.12e-05,0.000132012,5.333333e-06,4.69e-05,98072163.2
1.12e-05,0.000132012,5.333333e-06,5.12e-05,108083898.6
1.12e-05,0.000132012,5.333333e-06,5.55e-05,115440443.2
1.12e-05,0.000132012,5.333333e-06,5.97e-05,121004839.8
1.12e-05,0.000132012,5.333333e-06,6.4e-05,125230302.8
1.12e-05,0.000132012,5.333333e-06,6.83e-05,130382096.4
1.12e-05,0.000132012,5.333333e-06,7.25e-05,134976697.4
1.12e-05,0.000132012,5.333333e-06,7.68e-05,138792471.2
1.12e-05,0.000132012,5.333333e-06,8.11e-05,141974503.4
1.12e-05,0.000132012,5.333333e-06,8.53e-05,144625518.7
1.12e-05,0.000132012,5.333333e-06,8.96e-05,146825456.2
1.12e-05,0.0,5.333333e-06,3.84e-05,12772633.85
1.12e-05,0.0,5.333333e-06,4.27e-05,14177921.93
1.12e-05,0.0,5.333333e-06,4.69e-05,15365117.06
1.12e-05,0.0,5.333333e-06,5.12e-05,17073835.97
1.12e-05,0.0,5.333333e-06,5.55e-05,19125964.38
1.12e-05,0.0,5.333333e-06,5.97e-05,20958161.59
1.12e-05,0.0,5.333333e-06,6.4e-05,22609191.51
1.12e-05,0.0,5.333333e-06,6.83e-05,24259570.32
1.12e-05,0.0,5.333333e-06,7.25e-05,27405154.66
1.12e-05,0.0,5.333333e-06,7.68e-05,30301540.71
1.12e-05,0.0,5.333333e-06,8.11e-05,32981546.8
1.12e-05,0.0,5.333333e-06,8.53e-05,35470697.49
1.12e-05,0.0,5.333333e-06,8.96e-05,39265211.05
1.12e-05,0.0003889991,2.4e-06,3.84e-05,12620830.11
1.12e-05,0.0003889991,2.4e-06,4.27e-05,14080337.63
1.12e-05,0.0003889991,2.4e-06,4.69e-05,15311956.69
1.12e-05,0.0003889991,2.4e-06,5.12e-05,17039697.53
1.12e-05,0.0003889991,2.4e-06,5.55e-05,19168832.57
1.12e-05,0.0003889991,2.4e-06,5.97e-05,21067423.93
1.12e-05,0.0003889991,2.4e-06,6.4e-05,22776827.88
1.12e-05,0.0003889991,2.4e-06,6.83e-05,24766109.18
1.12e-05,0.0003889991,2.4e-06,7.25e-05,28033635.88
1.12e-05,0.0003889991,2.4e-06,7.68e-05,31040168.06
1.12e-05,0.0003889991,2.4e-06,8.11e-05,33820187.44
1.12e-05,0.0003889991,2.4e-06,8.53e-05,36491570.95
1.12e-05,0.0003889991,2.4e-06,8.96e-05,41276949.54
1.12e-05,0.0003889991,2.666667e-06,3.84e-05,12480591.14
1.12e-05,0.0003889991,2.666667e-06,4.27e-05,13986579.76
1.12e-05,0.0003889991,2.666667e-06,4.69e-05,15255640.01
1.12e-05,0.0003889991,2.666667e-06,5.12e-05,16985305.93
1.12e-05,0.0003889991,2.666667e-06,5.55e-05,19179813.48
1.12e-05,0.0003889991,2.666667e-06,5.97e-05,21134842.62
1.12e-05,0.0003889991,2.666667e-06,6.4e-05,22893881.98
1.12e-05,0.0003889991,2.666667e-06,6.83e-05,25141776.08
1.12e-05,0.0003889991,2.666667e-06,7.25e-05,28513670.21
1.12e-05,0.0003889991,2.666667e-06,7.68e-05,31614217.21
1.12e-05,0.0003889991,2.666667e-06,8.11e-05,34479415.66
1.12e-05,0.0003889991,2.666667e-06,8.53e-05,37972059.98
1.12e-05,0.0003889991,2.666667e-06,8.96e-05,42905042.31
1.12e-05,0.0003889991,2.933333e-06,3.84e-05,12293129.06
1.12e-05,0.0003889991,2.933333e-06,4.27e-05,13857031.14
1.12e-05,0.0003889991,2.933333e-06,4.69e-05,15171867.33
1.12e-05,0.0003889991,2.933333e-06,5.12e-05,16887813.45
1.12e-05,0.0003889991,2.933333e-06,5.55e-05,19163560.66
1.12e-05,0.0003889991,2.933333e-06,5.97e-05,21193896.47
1.12e-05,0.0003889991,2.933333e-06,6.4e-05,23015527.23
1.12e-05,0.0003889991,2.933333e-06,6.83e-05,25559534.56
1.12e-05,0.0003889991,2.933333e-06,7.25e-05,29063403.55
1.12e-05,0.0003889991,2.933333e-06,7.68e-05,32282391.57
1.12e-05,0.0003889991,2.933333e-06,8.11e-05,35254980.43
1.12e-05,0.0003889991,2.933333e-06,8.53e-05,39762810.98
1.12e-05,0.0003889991,2.933333e-06,8.96e-05,44851210.77
1.12e-05,0.0003889991,3.2e-06,3.84e-05,12032435.71
1.12e-05,0.0003889991,3.2e-06,4.27e-05,13673943.46
1.12e-05,0.0003889991,3.2e-06,4.69e-05,15052682.72
1.12e-05,0.0003889991,3.2e-06,5.12e-05,16733109.05
1.12e-05,0.0003889991,3.2e-06,5.55e-05,19117224.84
1.12e-05,0.0003889991,3.2e-06,5.97e-05,21239853.31
1.12e-05,0.0003889991,3.2e-06,6.4e-05,23144088.89
1.12e-05,0.0003889991,3.2e-06,6.83e-05,26042203.11
1.12e-05,0.0003889991,3.2e-06,7.25e-05,29719308.73
1.12e-05,0.0003889991,3.2e-06,7.68e-05,33115121.34
1.12e-05,0.0003889991,3.2e-06,8.11e-05,36235975.1
1.12e-05,0.0003889991,3.2e-06,8.53e-05,41994349.87
1.12e-05,0.0003889991,3.2e-06,8.96e-05,47315657.47
1.12e-05,0.0003889991,3.466667e-06,3.84e-05,4298576.738
1.12e-05,0.0003889991,3.466667e-06,4.27e-05,4813960.527
1.12e-05,0.0003889991,3.466667e-06,4.69e-05,5445145.962
1.12e-05,0.0003889991,3.466667e-06,5.12e-05,5961230.578
1.12e-05,0.0003889991,3.466667e-06,5.55e-05,6393476.627
1.12e-05,0.0003889991,3.466667e-06,5.97e-05,6761648.604
1.12e-05,0.0003889991,3.466667e-06,6.4e-05,7267658.04
1.12e-05,0.0003889991,3.466667e-06,6.83e-05,7867226.151
1.12e-05,0.0003889991,3.466667e-06,7.25e-05,8397828.55
1.12e-05,0.0003889991,3.466667e-06,7.68e-05,8871926.832
1.12e-05,0.0003889991,3.466667e-06,8.11e-05,9298941.568
1.12e-05,0.0003889991,3.466667e-06,8.53e-05,9686156.85
1.12e-05,0.0003889991,3.466667e-06,8.96e-05,10039322.34
1.12e-05,0.0003889991,3.733333e-06,3.84e-05,4098456.556
1.12e-05,0.0003889991,3.733333e-06,4.27e-05,4527352.833
1.12e-05,0.0003889991,3.733333e-06,4.69e-05,5165274.013
1.12e-05,0.0003889991,3.733333e-06,5.12e-05,5721507.338
1.12e-05,0.0003889991,3.733333e-06,5.55e-05,6186475.671
1.12e-05,0.0003889991,3.733333e-06,5.97e-05,6582343.708
1.12e-05,0.0003889991,3.733333e-06,6.4e-05,6930894.335
1.12e-05,0.0003889991,3.733333e-06,6.83e-05,7569831.24
1.12e-05,0.0003889991,3.733333e-06,7.25e-05,8134681.928
1.12e-05,0.0003889991,3.733333e-06,7.68e-05,8638780.815
1.12e-05,0.0003889991,3.733333e-06,8.11e-05,9092287.282
1.12e-05,0.0003889991,3.733333e-06,8.53e-05,9503059.45
1.12e-05,0.0003889991,3.733333e-06,8.96e-05,9877300.977
1.12e-05,0.0003889991,4.8e-06,3.84e-05,3797232.465
1.12e-05,0.0003889991,4.8e-06,4.27e-05,4279078.606
1.12e-05,0.0003889991,4.8e-06,4.69e-05,4750851.256
1.12e-05,0.0003889991,4.8e-06,5.12e-05,5364334.87
1.12e-05,0.0003889991,4.8e-06,5.55e-05,5876288.822
1.12e-05,0.0003889991,4.8e-06,5.97e-05,6311430.719
1.12e-05,0.0003889991,4.8e-06,6.4e-05,6686548.275
1.12e-05,0.0003889991,4.8e-06,6.83e-05,7120476.925
1.12e-05,0.0003889991,4.8e-06,7.25e-05,7734375.306
1.12e-05,0.0003889991,4.8e-06,7.68e-05,8281517.909
1.12e-05,0.0003889991,4.8e-06,8.11e-05,8773101.147
1.12e-05,0.0003889991,4.8e-06,8.53e-05,9217793.184
1.12e-05,0.0003889991,4.8e-06,8.96e-05,9622438.637
1.12e-05,0.0003889991,4.266667e-06,3.84e-05,3934989.566
1.12e-05,0.0003889991,4.266667e-06,4.27e-05,4392897.753
1.12e-05,0.0003889991,4.266667e-06,4.69e-05,4939328.513
1.12e-05,0.0003889991,4.266667e-06,5.12e-05,5527029.939
1.12e-05,0.0003889991,4.266667e-06,5.55e-05,6017788.683
1.12e-05,0.0003889991,4.266667e-06,5.97e-05,6435199.348
1.12e-05,0.0003889991,4.266667e-06,6.4e-05,6795289.189
1.12e-05,0.0003889991,4.266667e-06,6.83e-05,7325816.195
1.12e-05,0.0003889991,4.266667e-06,7.25e-05,7917580.996
1.12e-05,0.0003889991,4.266667e-06,7.68e-05,8445292.708
1.12e-05,0.0003889991,4.266667e-06,8.11e-05,8919682.294
1.12e-05,0.0003889991,4.266667e-06,8.53e-05,9349052.554
1.12e-05,0.0003889991,4.266667e-06,8.96e-05,9739959.1
1.12e-05,0.0003889991,4.533333e-06,3.84e-05,3716295.585
1.12e-05,0.0003889991,4.533333e-06,4.27e-05,4212369.734
1.12e-05,0.0003889991,4.533333e-06,4.69e-05,4640979.974
1.12e-05,0.0003889991,4.533333e-06,5.12e-05,5269341.445
1.12e-05,0.0003889991,4.533333e-06,5.55e-05,5793546.102
1.12e-05,0.0003889991,4.533333e-06,5.97e-05,6238949.394
1.12e-05,0.0003889991,4.533333e-06,6.4e-05,6622768.574
1.12e-05,0.0003889991,4.533333e-06,6.83e-05,7001626.299
1.12e-05,0.0003889991,4.533333e-06,7.25e-05,7626900.298
1.12e-05,0.0003889991,4.533333e-06,7.68e-05,8185316.931
1.12e-05,0.0003889991,4.533333e-06,8.11e-05,8686871.296
1.12e-05,0.0003889991,4.533333e-06,8.53e-05,9140447.841
1.12e-05,0.0003889991,4.533333e-06,8.96e-05,9553060.16
1.12e-05,0.0003889991,4e-06,3.84e-05,56496351.16
1.12e-05,0.0003889991,4e-06,4.27e-05,71461491.48
1.12e-05,0.0003889991,4e-06,4.69e-05,81642140.11
1.12e-05,0.0003889991,4e-06,5.12e-05,92074540.69
1.12e-05,0.0003889991,4e-06,5.55e-05,100355096.8
1.12e-05,0.0003889991,4e-06,5.97e-05,106662048.5
1.12e-05,0.0003889991,4e-06,6.4e-05,111615955.2
1.12e-05,0.0003889991,4e-06,6.83e-05,115563498.0
1.12e-05,0.0003889991,4e-06,7.25e-05,118713318.8
1.12e-05,0.0003889991,4e-06,7.68e-05,121223672.3
1.12e-05,0.0003889991,4e-06,8.11e-05,123227008.1
1.12e-05,0.0003889991,4e-06,8.53e-05,124828985.1
1.12e-05,0.0003889991,4e-06,8.96e-05,126331518.8
1.12e-05,0.0003889991,5.6e-06,3.84e-05,61245769.52
1.12e-05,0.0003889991,5.6e-06,4.27e-05,76098659.53
1.12e-05,0.0003889991,5.6e-06,4.69e-05,87762927.33
1.12e-05,0.0003889991,5.6e-06,5.12e-05,98590070.0
1.12e-05,0.0003889991,5.6e-06,5.55e-05,106488367.1
1.12e-05,0.0003889991,5.6e-06,5.97e-05,112491187.2
1.12e-05,0.0003889991,5.6e-06,6.4e-05,117147653.9
1.12e-05,0.0003889991,5.6e-06,6.83e-05,120804792.8
1.12e-05,0.0003889991,5.6e-06,7.25e-05,123697504.6
1.12e-05,0.0003889991,5.6e-06,7.68e-05,126085960.9
1.12e-05,0.0003889991,5.6e-06,8.11e-05,129595069.1
1.12e-05,0.0003889991,5.6e-06,8.53e-05,132514626.9
1.12e-05,0.0003889991,5.6e-06,8.96e-05,134932681.1
1.12e-05,0.0003889991,5.066667e-06,3.84e-05,64870240.33
1.12e-05,0.0003889991,5.066667e-06,4.27e-05,79620473.5
1.12e-05,0.0003889991,5.066667e-06,4.69e-05,93000459.09
1.12e-05,0.0003889991,5.066667e-06,5.12e-05,103425148.4
1.12e-05,0.0003889991,5.066667e-06,5.55e-05,111061827.4
1.12e-05,0.0003889991,5.066667e-06,5.97e-05,116859920.0
1.12e-05,0.0003889991,5.066667e-06,6.4e-05,121315863.0
1.12e-05,0.0003889991,5.066667e-06,6.83e-05,124774349.6
1.12e-05,0.0003889991,5.066667e-06,7.25e-05,128765826.7
1.12e-05,0.0003889991,5.066667e-06,7.68e-05,132788553.4
1.12e-05,0.0003889991,5.066667e-06,8.11e-05,136144503.1
1.12e-05,0.0003889991,5.066667e-06,8.53e-05,138940722.6
1.12e-05,0.0003889991,5.066667e-06,8.96e-05,141261146.3
1.12e-05,0.0003889991,5.333333e-06,3.84e-05,66875286.94
1.12e-05,0.0003889991,5.333333e-06,4.27e-05,81560584.2
1.12e-05,0.0003889991,5.333333e-06,4.69e-05,95835039.78
1.12e-05,0.0003889991,5.333333e-06,5.12e-05,106049418.9
1.12e-05,0.0003889991,5.333333e-06,5.55e-05,113552559.5
1.12e-05,0.0003889991,5.333333e-06,5.97e-05,119247483.6
1.12e-05,0.0003889991,5.333333e-06,6.4e-05,123602312.9
1.12e-05,0.0003889991,5.333333e-06,6.83e-05,127752826.9
1.12e-05,0.0003889991,5.333333e-06,7.25e-05,132474574.9
1.12e-05,0.0003889991,5.333333e-06,7.68e-05,136399093.0
1.12e-05,0.0003889991,5.333333e-06,8.11e-05,139674356.2
1.12e-05,0.0003889991,5.333333e-06,8.53e-05,142405303.5
1.12e-05,0.0003889991,5.333333e-06,8.96e-05,144673800.6
1.12e-05,4.48e-05,5.333333e-06,3.84e-05,12892318.25
1.12e-05,4.48e-05,5.333333e-06,4.27e-05,14287911.32
1.12e-05,4.48e-05,5.333333e-06,4.69e-05,15466765.72
1.12e-05,4.48e-05,5.333333e-06,5.12e-05,17290094.59
1.12e-05,4.48e-05,5.333333e-06,5.55e-05,19327806.93
1.12e-05,4.48e-05,5.333333e-06,5.97e-05,21152219.7
1.12e-05,4.48e-05,5.333333e-06,6.4e-05,22790682.83
1.12e-05,4.48e-05,5.333333e-06,6.83e-05,24664000.21
1.12e-05,4.48e-05,5.333333e-06,7.25e-05,27792751.53
1.12e-05,4.48e-05,5.333333e-06,7.68e-05,30673673.72
1.12e-05,4.48e-05,5.333333e-06,8.11e-05,33339331.33
1.12e-05,4.48e-05,5.333333e-06,8.53e-05,35815398.35
1.12e-05,4.48e-05,5.333333e-06,8.96e-05,39921475.41
1.12e-05,4.48e-05,2.4e-06,3.84e-05,12818035.43
1.12e-05,4.48e-05,2.4e-06,4.27e-05,14240596.63
1.12e-05,4.48e-05,2.4e-06,4.69e-05,15442318.56
1.12e-05,4.48e-05,2.4e-06,5.12e-05,17280115.49
1.12e-05,4.48e-05,2.4e-06,5.55e-05,19357974.91
1.12e-05,4.48e-05,2.4e-06,5.97e-05,21216477.73
1.12e-05,4.48e-05,2.4e-06,6.4e-05,22884076.21
1.12e-05,4.48e-05,2.4e-06,6.83e-05,24943784.78
1.12e-05,4.48e-05,2.4e-06,7.25e-05,28135467.96
1.12e-05,4.48e-05,2.4e-06,7.68e-05,31073253.67
1.12e-05,4.48e-05,2.4e-06,8.11e-05,33790514.03
1.12e-05,4.48e-05,2.4e-06,8.53e-05,36319157.56
1.12e-05,4.48e-05,2.4e-06,8.96e-05,40994158.33
1.12e-05,4.48e-05,2.666667e-06,3.84e-05,12608102.96
1.12e-05,4.48e-05,2.666667e-06,4.27e-05,14102554.97
1.12e-05,4.48e-05,2.666667e-06,4.69e-05,15360670.86
1.12e-05,4.48e-05,2.666667e-06,5.12e-05,17212825.88
1.12e-05,4.48e-05,2.666667e-06,5.55e-05,19393650.35
1.12e-05,4.48e-05,2.666667e-06,5.97e-05,21338821.6
1.12e-05,4.48e-05,2.666667e-06,6.4e-05,23086661.14
1.12e-05,4.48e-05,2.666667e-06,6.83e-05,25567275.76
1.12e-05,4.48e-05,2.666667e-06,7.25e-05,28920490.53
1.12e-05,4.48e-05,2.666667e-06,7.68e-05,32003742.14
1.12e-05,4.48e-05,2.666667e-06,8.11e-05,34852727.2
1.12e-05,4.48e-05,2.666667e-06,8.53e-05,38693202.09
1.12e-05,4.48e-05,2.666667e-06,8.96e-05,43582778.76
1.12e-05,4.48e-05,2.933333e-06,3.84e-05,12424916.53
1.12e-05,4.48e-05,2.933333e-06,4.27e-05,13976097.29
1.12e-05,4.48e-05,2.933333e-06,4.69e-05,15284565.81
1.12e-05,4.48e-05,2.933333e-06,5.12e-05,17126370.91
1.12e-05,4.48e-05,2.933333e-06,5.55e-05,19388395.49
1.12e-05,4.48e-05,2.933333e-06,5.97e-05,21403686.34
1.12e-05,4.48e-05,2.933333e-06,6.4e-05,23213309.59
1.12e-05,4.48e-05,2.933333e-06,6.83e-05,25997941.93
1.12e-05,4.48e-05,2.933333e-06,7.25e-05,29482454.1
1.12e-05,4.48e-05,2.933333e-06,7.68e-05,32683357.8
1.12e-05,4.48e-05,2.933333e-06,8.11e-05,35638633.25
1.12e-05,4.48e-05,2.933333e-06,8.53e-05,40472986.7
1.12e-05,4.48e-05,2.933333e-06,8.96e-05,45541634.03
1.12e-05,4.48e-05,3.2e-06,3.84e-05,12169931.2
1.12e-05,4.48e-05,3.2e-06,4.27e-05,13798961.28
1.12e-05,4.48e-05,3.2e-06,4.69e-05,15167391.49
1.12e-05,4.48e-05,3.2e-06,5.12e-05,16978634.37
1.12e-05,4.48e-05,3.2e-06,5.55e-05,19348795.02
1.12e-05,4.48e-05,3.2e-06,5.97e-05,21457193.39
1.12e-05,4.48e-05,3.2e-06,6.4e-05,23348590.99
1.12e-05,4.48e-05,3.2e-06,6.83e-05,26498705.09
1.12e-05,4.48e-05,3.2e-06,7.25e-05,30156798.75
1.12e-05,4.48e-05,3.2e-06,7.68e-05,33511867.31
1.12e-05,4.48e-05,3.2e-06,8.11e-05,36957732.62
1.12e-05,4.48e-05,3.2e-06,8.53e-05,42744835.29
1.12e-05,4.48e-05,3.2e-06,8.96e-05,48023493.25
1.12e-05,4.48e-05,3.466667e-06,3.84e-05,4334982.109
1.12e-05,4.48e-05,3.466667e-06,4.27e-05,4879747.654
1.12e-05,4.48e-05,3.466667e-06,4.69e-05,5504183.905
1.12e-05,4.48e-05,3.466667e-06,5.12e-05,6015044.603
1.12e-05,4.48e-05,3.466667e-06,5.55e-05,6442945.971
1.12e-05,4.48e-05,3.466667e-06,5.97e-05,6807828.147
1.12e-05,4.48e-05,3.466667e-06,6.4e-05,7359730.562
1.12e-05,4.48e-05,3.466667e-06,6.83e-05,7953530.967
1.12e-05,4.48e-05,3.466667e-06,7.25e-05,8479192.012
1.12e-05,4.48e-05,3.466667e-06,7.68e-05,8948995.622
1.12e-05,4.48e-05,3.466667e-06,8.11e-05,9372234.331
1.12e-05,4.48e-05,3.466667e-06,8.53e-05,9756096.792
1.12e-05,4.48e-05,3.466667e-06,8.96e-05,10106259.88
1.12e-05,4.48e-05,3.733333e-06,3.84e-05,4137233.604
1.12e-05,4.48e-05,3.733333e-06,4.27e-05,4562085.927
1.12e-05,4.48e-05,3.733333e-06,4.69e-05,5227628.625
1.12e-05,4.48e-05,3.733333e-06,5.12e-05,5778297.205
1.12e-05,4.48e-05,3.733333e-06,5.55e-05,6238733.955
1.12e-05,4.48e-05,3.733333e-06,5.97e-05,6630663.969
1.12e-05,4.48e-05,3.733333e-06,6.4e-05,7027793.743
1.12e-05,4.48e-05,3.733333e-06,6.83e-05,7660624.84
1.12e-05,4.48e-05,3.733333e-06,7.25e-05,8220229.124
1.12e-05,4.48e-05,3.733333e-06,7.68e-05,8719773.352
1.12e-05,4.48e-05,3.733333e-06,8.11e-05,9169268.248
1.12e-05,4.48e-05,3.733333e-06,8.53e-05,9576472.94
1.12e-05,4.48e-05,3.733333e-06,8.96e-05,9947515.444
1.12e-05,4.48e-05,4.8e-06,3.84e-05,3839402.958
1.12e-05,4.48e-05,4.8e-06,4.27e-05,4317124.645
1.12e-05,4.48e-05,4.8e-06,4.69e-05,4818168.273
1.12e-05,4.48e-05,4.8e-06,5.12e-05,5425645.759
1.12e-05,4.48e-05,4.8e-06,5.55e-05,5932330.494
1.12e-05,4.48e-05,4.8e-06,5.97e-05,6363654.17
1.12e-05,4.48e-05,4.8e-06,6.4e-05,6735514.977
1.12e-05,4.48e-05,4.8e-06,6.83e-05,7218268.223
1.12e-05,4.48e-05,4.8e-06,7.25e-05,7826110.005
1.12e-05,4.48e-05,4.8e-06,7.68e-05,8368328.566
1.12e-05,4.48e-05,4.8e-06,8.11e-05,8855563.997
1.12e-05,4.48e-05,4.8e-06,8.53e-05,9296380.163
1.12e-05,4.48e-05,4.8e-06,8.96e-05,9697542.512
1.12e-05,4.48e-05,4.266667e-06,3.84e-05,3975613.697
1.12e-05,4.48e-05,4.266667e-06,4.27e-05,4429241.621
1.12e-05,4.48e-05,4.266667e-06,4.69e-05,5004380.881
1.12e-05,4.48e-05,4.266667e-06,5.12e-05,5586271.003
1.12e-05,4.48e-05,4.266667e-06,5.55e-05,6072315.847
1.12e-05,4.48e-05,4.266667e-06,5.97e-05,6485622.927
1.12e-05,4.48e-05,4.266667e-06,6.4e-05,6842589.825
1.12e-05,4.48e-05,4.266667e-06,6.83e-05,7420319.567
1.12e-05,4.48e-05,4.266667e-06,7.25e-05,8006512.861
1.12e-05,4.48e-05,4.266667e-06,7.68e-05,8529464.282
1.12e-05,4.48e-05,4.266667e-06,8.11e-05,8999655.307
1.12e-05,4.48e-05,4.266667e-06,8.53e-05,9425287.132
1.12e-05,4.48e-05,4.266667e-06,8.96e-05,9812837.634
1.12e-05,4.48e-05,4.533333e-06,3.84e-05,3759368.202
1.12e-05,4.48e-05,4.533333e-06,4.27e-05,4251051.566
1.12e-05,4.48e-05,4.533333e-06,4.69e-05,4709620.465
1.12e-05,4.48e-05,4.533333e-06,5.12e-05,5331867.544
1.12e-05,4.48e-05,4.533333e-06,5.55e-05,5850883.313
1.12e-05,4.48e-05,4.533333e-06,5.97e-05,6292238.021
1.12e-05,4.48e-05,4.533333e-06,6.4e-05,6672717.795
1.12e-05,4.48e-05,4.533333e-06,6.83e-05,7100063.11
1.12e-05,4.48e-05,4.533333e-06,7.25e-05,7720242.148
1.12e-05,4.48e-05,4.533333e-06,7.68e-05,8273646.479
1.12e-05,4.48e-05,4.533333e-06,8.11e-05,8770772.583
1.12e-05,4.48e-05,4.533333e-06,8.53e-05,9220397.582
1.12e-05,4.48e-05,4.533333e-06,8.96e-05,9629456.196
1.12e-05,4.48e-05,4e-06,3.84e-05,57512149.23
1.12e-05,4.48e-05,4e-06,4.27e-05,72327984.58
1.12e-05,4.48e-05,4e-06,4.69e-05,82412266.28
1.12e-05,4.48e-05,4e-06,5.12e-05,93210570.4
1.12e-05,4.48e-05,4e-06,5.55e-05,101405599.6
1.12e-05,4.48e-05,4e-06,5.97e-05,107638184.0
1.12e-05,4.48e-05,4e-06,6.4e-05,112518467.9
1.12e-05,4.48e-05,4e-06,6.83e-05,116395340.1
1.12e-05,4.48e-05,4e-06,7.25e-05,119482352.0
1.12e-05,4.48e-05,4e-06,7.68e-05,121939765.5
1.12e-05,4.48e-05,4e-06,8.11e-05,123899448.1
1.12e-05,4.48e-05,4e-06,8.53e-05,125465567.0
1.12e-05,4.48e-05,4e-06,8.96e-05,127557696.0
1.12e-05,4.48e-05,5.6e-06,3.84e-05,62253332.53
1.12e-05,4.48e-05,5.6e-06,4.27e-05,76950988.88
1.12e-05,4.48e-05,5.6e-06,4.69e-05,88975348.44
1.12e-05,4.48e-05,5.6e-06,5.12e-05,99690199.1
1.12e-05,4.48e-05,5.6e-06,5.55e-05,107507510.4
1.12e-05,4.48e-05,5.6e-06,5.97e-05,113439224.8
1.12e-05,4.48e-05,5.6e-06,6.4e-05,118025228.3
1.12e-05,4.48e-05,5.6e-06,6.83e-05,121614881.9
1.12e-05,4.48e-05,5.6e-06,7.25e-05,124447599.4
1.12e-05,4.48e-05,5.6e-06,7.68e-05,127396788.4
1.12e-05,4.48e-05,5.6e-06,8.11e-05,130854612.8
1.12e-05,4.48e-05,5.6e-06,8.53e-05,133730325.0
1.12e-05,4.48e-05,5.6e-06,8.96e-05,136110891.7
1.12e-05,4.48e-05,5.066667e-06,3.84e-05,65871111.07
1.12e-05,4.48e-05,5.066667e-06,4.27e-05,80462285.33
1.12e-05,4.48e-05,5.066667e-06,4.69e-05,94182672.36
1.12e-05,4.48e-05,5.066667e-06,5.12e-05,104499664.4
1.12e-05,4.48e-05,5.066667e-06,5.55e-05,112058647.4
1.12e-05,4.48e-05,5.066667e-06,5.97e-05,117787974.6
1.12e-05,4.48e-05,5.066667e-06,6.4e-05,122175713.5
1.12e-05,4.48e-05,5.066667e-06,6.83e-05,125569001.0
1.12e-05,4.48e-05,5.066667e-06,7.25e-05,130095245.9
1.12e-05,4.48e-05,5.066667e-06,7.68e-05,134060286.6
1.12e-05,4.48e-05,5.066667e-06,8.11e-05,137366789.7
1.12e-05,4.48e-05,5.066667e-06,8.53e-05,140120640.1
1.12e-05,4.48e-05,5.066667e-06,8.96e-05,142404750.1
1.013333e-05,0.000132012,5.333333e-06,3.84e-05,10451345.0
1.013333e-05,0.000132012,5.333333e-06,4.27e-05,12025842.46
1.013333e-05,0.000132012,5.333333e-06,4.69e-05,13369418.83
1.013333e-05,0.000132012,5.333333e-06,5.12e-05,14520202.76
1.013333e-05,0.000132012,5.333333e-06,5.55e-05,15520474.75
1.013333e-05,0.000132012,5.333333e-06,5.97e-05,17122100.04
1.013333e-05,0.000132012,5.333333e-06,6.4e-05,18942846.21
1.013333e-05,0.000132012,5.333333e-06,6.83e-05,20595504.51
1.013333e-05,0.000132012,5.333333e-06,7.25e-05,22101599.89
1.013333e-05,0.000132012,5.333333e-06,7.68e-05,23483062.85
1.013333e-05,0.000132012,5.333333e-06,8.11e-05,25768057.65
1.013333e-05,0.000132012,5.333333e-06,8.53e-05,28502610.14
1.013333e-05,0.000132012,5.333333e-06,8.96e-05,31054195.58
1.013333e-05,0.000132012,2.4e-06,3.84e-05,10395108.25
1.013333e-05,0.000132012,2.4e-06,4.27e-05,11935166.86
1.013333e-05,0.000132012,2.4e-06,4.69e-05,13306668.46
1.013333e-05,0.000132012,2.4e-06,5.12e-05,14480536.49
1.013333e-05,0.000132012,2.4e-06,5.55e-05,15500209.51
1.013333e-05,0.000132012,2.4e-06,5.97e-05,17115920.0
1.013333e-05,0.000132012,2.4e-06,6.4e-05,18971301.59
1.013333e-05,0.000132012,2.4e-06,6.83e-05,20658525.72
1.013333e-05,0.000132012,2.4e-06,7.25e-05,22192206.49
1.013333e-05,0.000132012,2.4e-06,7.68e-05,23602754.21
1.013333e-05,0.000132012,2.4e-06,8.11e-05,26102603.15
1.013333e-05,0.000132012,2.4e-06,8.53e-05,28884291.06
1.013333e-05,0.000132012,2.4e-06,8.96e-05,31500703.99
1.013333e-05,0.000132012,2.666667e-06,3.84e-05,10242613.84
1.013333e-05,0.000132012,2.666667e-06,4.27e-05,11683419.2
1.013333e-05,0.000132012,2.666667e-06,4.69e-05,13126131.11
1.013333e-05,0.000132012,2.666667e-06,5.12e-05,14358979.31
1.013333e-05,0.000132012,2.666667e-06,5.55e-05,15428324.6
1.013333e-05,0.000132012,2.666667e-06,5.97e-05,17053281.4
1.013333e-05,0.000132012,2.666667e-06,6.4e-05,19006453.02
1.013333e-05,0.000132012,2.666667e-06,6.83e-05,20770748.16
1.013333e-05,0.000132012,2.666667e-06,7.25e-05,22383650.67
1.013333e-05,0.000132012,2.666667e-06,7.68e-05,23859493.09
1.013333e-05,0.000132012,2.666667e-06,8.11e-05,26853586.33
1.013333e-05,0.000132012,2.666667e-06,8.53e-05,29799689.79
1.013333e-05,0.000132012,2.666667e-06,8.96e-05,32544802.97
1.013333e-05,0.000132012,2.933333e-06,3.84e-05,10111655.48
1.013333e-05,0.000132012,2.933333e-06,4.27e-05,11462223.98
1.013333e-05,0.000132012,2.933333e-06,4.69e-05,12962780.35
1.013333e-05,0.000132012,2.933333e-06,5.12e-05,14243594.42
1.013333e-05,0.000132012,2.933333e-06,5.55e-05,15353402.57
1.013333e-05,0.000132012,2.933333e-06,5.97e-05,16963421.34
1.013333e-05,0.000132012,2.933333e-06,6.4e-05,18993155.71
1.013333e-05,0.000132012,2.933333e-06,6.83e-05,20828374.46
1.013333e-05,0.000132012,2.933333e-06,7.25e-05,22498145.62
1.013333e-05,0.000132012,2.933333e-06,7.68e-05,24086067.68
1.013333e-05,0.000132012,2.933333e-06,8.11e-05,27392213.65
1.013333e-05,0.000132012,2.933333e-06,8.53e-05,30455461.31
1.013333e-05,0.000132012,2.933333e-06,8.96e-05,33302966.15
1.013333e-05,0.000132012,3.2e-06,3.84e-05,9931041.687
1.013333e-05,0.000132012,3.2e-06,4.27e-05,11154287.93
1.013333e-05,0.000132012,3.2e-06,4.69e-05,12728465.7
1.013333e-05,0.000132012,3.2e-06,5.12e-05,14073602.35
1.013333e-05,0.000132012,3.2e-06,5.55e-05,15237615.2
1.013333e-05,0.000132012,3.2e-06,5.97e-05,16805532.47
1.013333e-05,0.000132012,3.2e-06,6.4e-05,18937455.44
1.013333e-05,0.000132012,3.2e-06,6.83e-05,20863397.7
1.013333e-05,0.000132012,3.2e-06,7.25e-05,22615593.45
1.013333e-05,0.000132012,3.2e-06,7.68e-05,24531632.53
1.013333e-05,0.000132012,3.2e-06,8.11e-05,28006922.69
1.013333e-05,0.000132012,3.2e-06,8.53e-05,31247573.08
1.013333e-05,0.000132012,3.2e-06,8.96e-05,34253931.35
1.013333e-05,0.000132012,3.466667e-06,3.84e-05,3624840.611
1.013333e-05,0.000132012,3.466667e-06,4.27e-05,4084138.555
1.013333e-05,0.000132012,3.466667e-06,4.69e-05,4449384.05
1.013333e-05,0.000132012,3.466667e-06,5.12e-05,4934898.826
1.013333e-05,0.000132012,3.466667e-06,5.55e-05,5447224.312
1.013333e-05,0.000132012,3.466667e-06,5.97e-05,5881877.802
1.013333e-05,0.000132012,3.466667e-06,6.4e-05,6256371.346
1.013333e-05,0.000132012,3.466667e-06,6.83e-05,6583072.818
1.013333e-05,0.000132012,3.466667e-06,7.25e-05,6871838.068
1.013333e-05,0.000132012,3.466667e-06,7.68e-05,7373669.4
1.013333e-05,0.000132012,3.466667e-06,8.11e-05,7870300.063
1.013333e-05,0.000132012,3.466667e-06,8.53e-05,8321247.767
1.013333e-05,0.000132012,3.466667e-06,8.96e-05,8731257.459
1.013333e-05,0.000132012,3.733333e-06,3.84e-05,3379392.968
1.013333e-05,0.000132012,3.733333e-06,4.27e-05,3879078.185
1.013333e-05,0.000132012,3.733333e-06,4.69e-05,4275924.773
1.013333e-05,0.000132012,3.733333e-06,5.12e-05,4629596.564
1.013333e-05,0.000132012,3.733333e-06,5.55e-05,5179026.506
1.013333e-05,0.000132012,3.733333e-06,5.97e-05,5645688.207
1.013333e-05,0.000132012,3.733333e-06,6.4e-05,6047156.892
1.013333e-05,0.000132012,3.733333e-06,6.83e-05,6396944.911
1.013333e-05,0.000132012,3.733333e-06,7.25e-05,6704885.819
1.013333e-05,0.000132012,3.733333e-06,7.68e-05,7050018.575
1.013333e-05,0.000132012,3.733333e-06,8.11e-05,7579666.948
1.013333e-05,0.000132012,3.733333e-06,8.53e-05,8057646.811
1.013333e-05,0.000132012,3.733333e-06,8.96e-05,8493345.092
1.013333e-05,0.000132012,4.8e-06,3.84e-05,3014093.944
1.013333e-05,0.000132012,4.8e-06,4.27e-05,3568520.501
1.013333e-05,0.000132012,4.8e-06,4.69e-05,4011764.78
1.013333e-05,0.000132012,4.8e-06,5.12e-05,4372891.969
1.013333e-05,0.000132012,4.8e-06,5.55e-05,4777002.927
1.013333e-05,0.000132012,4.8e-06,5.97e-05,5289171.652
1.013333e-05,0.000132012,4.8e-06,6.4e-05,5729026.225
1.013333e-05,0.000132012,4.8e-06,6.83e-05,6112756.344
1.013333e-05,0.000132012,4.8e-06,7.25e-05,6450004.866
1.013333e-05,0.000132012,4.8e-06,7.68e-05,6749106.562
1.013333e-05,0.000132012,4.8e-06,8.11e-05,7130202.827
1.013333e-05,0.000132012,4.8e-06,8.53e-05,7651179.313
1.013333e-05,0.000132012,4.8e-06,8.96e-05,8122161.313
1.013333e-05,0.000132012,4.266667e-06,3.84e-05,3178858.372
1.013333e-05,0.000132012,4.266667e-06,4.27e-05,3710814.092
1.013333e-05,0.000132012,4.266667e-06,4.69e-05,4132965.579
1.013333e-05,0.000132012,4.266667e-06,5.12e-05,4477082.148
1.013333e-05,0.000132012,4.266667e-06,5.55e-05,4960911.13
1.013333e-05,0.000132012,4.266667e-06,5.97e-05,5451682.697
1.013333e-05,0.000132012,4.266667e-06,6.4e-05,5874826.103
1.013333e-05,0.000132012,4.266667e-06,6.83e-05,6243088.202
1.013333e-05,0.000132012,4.266667e-06,7.25e-05,6567017.693
1.013333e-05,0.000132012,4.266667e-06,7.68e-05,6854475.448
1.013333e-05,0.000132012,4.266667e-06,8.11e-05,7337631.688
1.013333e-05,0.000132012,4.266667e-06,8.53e-05,7837557.408
1.013333e-05,0.000132012,4.266667e-06,8.96e-05,8293177.652
1.013333e-05,0.000132012,4.533333e-06,3.84e-05,2957210.877
1.013333e-05,0.000132012,4.533333e-06,4.27e-05,3484703.87
1.013333e-05,0.000132012,4.533333e-06,4.69e-05,3940287.216
1.013333e-05,0.000132012,4.533333e-06,5.12e-05,4311361.11
1.013333e-05,0.000132012,4.533333e-06,5.55e-05,4669232.456
1.013333e-05,0.000132012,4.533333e-06,5.97e-05,5193454.872
1.013333e-05,0.000132012,4.533333e-06,6.4e-05,5644089.57
1.013333e-05,0.000132012,4.533333e-06,6.83e-05,6036027.954
1.013333e-05,0.000132012,4.533333e-06,7.25e-05,6381076.426
1.013333e-05,0.000132012,4.533333e-06,7.68e-05,6686972.92
1.013333e-05,0.000132012,4.533333e-06,8.11e-05,7008726.711
1.013333e-05,0.000132012,4.533333e-06,8.53e-05,7540808.468
1.013333e-05,0.000132012,4.533333e-06,8.96e-05,8021441.176
1.013333e-05,0.000132012,4e-06,3.84e-05,43865582.48
1.013333e-05,0.000132012,4e-06,4.27e-05,54152396.96
1.013333e-05,0.000132012,4e-06,4.69e-05,66222241.11
1.013333e-05,0.000132012,4e-06,5.12e-05,74724512.94
1.013333e-05,0.000132012,4e-06,5.55e-05,81033029.5
1.013333e-05,0.000132012,4e-06,5.97e-05,87581943.56
1.013333e-05,0.000132012,4e-06,6.4e-05,93887474.65
1.013333e-05,0.000132012,4e-06,6.83e-05,99136299.34
1.013333e-05,0.000132012,4e-06,7.25e-05,103497150.7
1.013333e-05,0.000132012,4e-06,7.68e-05,107066236.1
1.013333e-05,0.000132012,4e-06,8.11e-05,109961552.3
1.013333e-05,0.000132012,4e-06,8.53e-05,112305617.8
1.013333e-05,0.000132012,4e-06,8.96e-05,114204455.3
1.013333e-05,0.000132012,5.6e-06,3.84e-05,46389982.79
1.013333e-05,0.000132012,5.6e-06,4.27e-05,58312250.56
1.013333e-05,0.000132012,5.6e-06,4.69e-05,70772384.89
1.013333e-05,0.000132012,5.6e-06,5.12e-05,79083689.96
1.013333e-05,0.000132012,5.6e-06,5.55e-05,86404122.61
1.013333e-05,0.000132012,5.6e-06,5.97e-05,93833590.29
1.013333e-05,0.000132012,5.6e-06,6.4e-05,99790018.69
1.013333e-05,0.000132012,5.6e-06,6.83e-05,104709079.4
1.013333e-05,0.000132012,5.6e-06,7.25e-05,108766972.2
1.013333e-05,0.000132012,5.6e-06,7.68e-05,112081826.6
1.013333e-05,0.000132012,5.6e-06,8.11e-05,114773608.9
1.013333e-05,0.000132012,5.6e-06,8.53e-05,116957487.4
1.013333e-05,0.000132012,5.6e-06,8.96e-05,118730798.9
1.013333e-05,0.000132012,5.066667e-06,3.84e-05,48338731.19
1.013333e-05,0.000132012,5.066667e-06,4.27e-05,61905553.71
1.013333e-05,0.000132012,5.066667e-06,4.69e-05,74209463.92
1.013333e-05,0.000132012,5.066667e-06,5.12e-05,82386262.59
1.013333e-05,0.000132012,5.066667e-06,5.55e-05,91285192.93
1.013333e-05,0.000132012,5.066667e-06,5.97e-05,98467141.32
1.013333e-05,0.000132012,5.066667e-06,6.4e-05,104204863.1
1.013333e-05,0.000132012,5.066667e-06,6.83e-05,108898591.8
1.013333e-05,0.000132012,5.066667e-06,7.25e-05,112746029.7
1.013333e-05,0.000132012,5.066667e-06,7.68e-05,115881692.4
1.013333e-05,0.000132012,5.066667e-06,8.11e-05,118428443.6
1.013333e-05,0.000132012,5.066667e-06,8.53e-05,120497249.8
1.013333e-05,0.000132012,5.066667e-06,8.96e-05,122179806.9
1.013333e-05,0.0003889991,5.333333e-06,3.84e-05,10761427.18
1.013333e-05,0.0003889991,5.333333e-06,4.27e-05,12331130.81
1.013333e-05,0.0003889991,5.333333e-06,4.69e-05,13651288.69
1.013333e-05,0.0003889991,5.333333e-06,5.12e-05,14782695.16
1.013333e-05,0.0003889991,5.333333e-06,5.55e-05,15766549.77
1.013333e-05,0.0003889991,5.333333e-06,5.97e-05,17657542.95
1.013333e-05,0.0003889991,5.333333e-06,6.4e-05,19452547.66
1.013333e-05,0.0003889991,5.333333e-06,6.83e-05,21082108.83
1.013333e-05,0.0003889991,5.333333e-06,7.25e-05,22567394.17
1.013333e-05,0.0003889991,5.333333e-06,7.68e-05,23929867.68
1.013333e-05,0.0003889991,5.333333e-06,8.11e-05,26758042.92
1.013333e-05,0.0003889991,5.333333e-06,8.53e-05,29456157.07
1.013333e-05,0.0003889991,5.333333e-06,8.96e-05,31973648.85
1.013333e-05,0.0003889991,2.4e-06,3.84e-05,10642901.98
1.013333e-05,0.0003889991,2.4e-06,4.27e-05,12246242.13
1.013333e-05,0.0003889991,2.4e-06,4.69e-05,13593633.12
1.013333e-05,0.0003889991,2.4e-06,5.12e-05,14747526.5
1.013333e-05,0.0003889991,2.4e-06,5.55e-05,15750260.02
1.013333e-05,0.0003889991,2.4e-06,5.97e-05,17660506.0
1.013333e-05,0.0003889991,2.4e-06,6.4e-05,19489255.85
1.013333e-05,0.0003889991,2.4e-06,6.83e-05,21152448.52
1.013333e-05,0.0003889991,2.4e-06,7.25e-05,22664583.66
1.013333e-05,0.0003889991,2.4e-06,7.68e-05,24143023.02
1.013333e-05,0.0003889991,2.4e-06,8.11e-05,27107049.14
1.013333e-05,0.0003889991,2.4e-06,8.53e-05,29850968.51
1.013333e-05,0.0003889991,2.4e-06,8.96e-05,32431497.94
1.013333e-05,0.0003889991,2.666667e-06,3.84e-05,10403553.18
1.013333e-05,0.0003889991,2.666667e-06,4.27e-05,12009508.08
1.013333e-05,0.0003889991,2.666667e-06,4.69e-05,13426308.55
1.013333e-05,0.0003889991,2.666667e-06,5.12e-05,14637631.26
1.013333e-05,0.0003889991,2.666667e-06,5.55e-05,15688683.06
1.013333e-05,0.0003889991,2.666667e-06,5.97e-05,17621501.92
1.013333e-05,0.0003889991,2.666667e-06,6.4e-05,19545437.52
1.013333e-05,0.0003889991,2.666667e-06,6.83e-05,21283623.98
1.013333e-05,0.0003889991,2.666667e-06,7.25e-05,22872697.67
1.013333e-05,0.0003889991,2.666667e-06,7.68e-05,24775753.49
1.013333e-05,0.0003889991,2.666667e-06,8.11e-05,27895391.5
1.013333e-05,0.0003889991,2.666667e-06,8.53e-05,30799261.1
1.013333e-05,0.0003889991,2.666667e-06,8.96e-05,33504691.54
1.013333e-05,0.0003889991,2.933333e-06,3.84e-05,10278881.19
1.013333e-05,0.0003889991,2.933333e-06,4.27e-05,11800724.15
1.013333e-05,0.0003889991,2.933333e-06,4.69e-05,13273871.02
1.013333e-05,0.0003889991,2.933333e-06,5.12e-05,14531873.38
1.013333e-05,0.0003889991,2.933333e-06,5.55e-05,15622267.35
1.013333e-05,0.0003889991,2.933333e-06,5.97e-05,17551070.23
1.013333e-05,0.0003889991,2.933333e-06,6.4e-05,19549495.7
1.013333e-05,0.0003889991,2.933333e-06,6.83e-05,21356610.81
1.013333e-05,0.0003889991,2.933333e-06,7.25e-05,23000948.89
1.013333e-05,0.0003889991,2.933333e-06,7.68e-05,25207443.31
1.013333e-05,0.0003889991,2.933333e-06,8.11e-05,28464058.06
1.013333e-05,0.0003889991,2.933333e-06,8.53e-05,31482037.67
1.013333e-05,0.0003889991,2.933333e-06,8.96e-05,34286685.12
1.013333e-05,0.0003889991,3.2e-06,3.84e-05,10106781.12
1.013333e-05,0.0003889991,3.2e-06,4.27e-05,11509525.3
1.013333e-05,0.0003889991,3.2e-06,4.69e-05,13054328.37
1.013333e-05,0.0003889991,3.2e-06,5.12e-05,14374895.34
1.013333e-05,0.0003889991,3.2e-06,5.55e-05,15517968.06
1.013333e-05,0.0003889991,3.2e-06,5.97e-05,17419317.55
1.013333e-05,0.0003889991,3.2e-06,6.4e-05,19517103.18
1.013333e-05,0.0003889991,3.2e-06,6.83e-05,21412360.97
1.013333e-05,0.0003889991,3.2e-06,7.25e-05,23136705.98
1.013333e-05,0.0003889991,3.2e-06,7.68e-05,25699119.92
1.013333e-05,0.0003889991,3.2e-06,8.11e-05,29120769.1
1.013333e-05,0.0003889991,3.2e-06,8.53e-05,32310110.5
1.013333e-05,0.0003889991,3.2e-06,8.96e-05,35268745.3
1.013333e-05,0.0003889991,3.466667e-06,3.84e-05,3722461.837
1.013333e-05,0.0003889991,3.466667e-06,4.27e-05,4171164.314
1.013333e-05,0.0003889991,3.466667e-06,4.69e-05,4528194.704
1.013333e-05,0.0003889991,3.466667e-06,5.12e-05,5082804.704
1.013333e-05,0.0003889991,3.466667e-06,5.55e-05,5583056.06
1.013333e-05,0.0003889991,3.466667e-06,5.97e-05,6007737.185
1.013333e-05,0.0003889991,3.466667e-06,6.4e-05,6373830.749
1.013333e-05,0.0003889991,3.466667e-06,6.83e-05,6693341.436
1.013333e-05,0.0003889991,3.466667e-06,7.25e-05,7043097.419
1.013333e-05,0.0003889991,3.466667e-06,7.68e-05,7587185.594
1.013333e-05,0.0003889991,3.466667e-06,8.11e-05,8073237.979
1.013333e-05,0.0003889991,3.466667e-06,8.53e-05,8514746.482
1.013333e-05,0.0003889991,3.466667e-06,8.96e-05,8916322.245
1.013333e-05,0.0003889991,3.733333e-06,3.84e-05,3483801.4
1.013333e-05,0.0003889991,3.733333e-06,4.27e-05,3972208.706
1.013333e-05,0.0003889991,3.733333e-06,4.69e-05,4360291.082
1.013333e-05,0.0003889991,3.733333e-06,5.12e-05,4786976.748
1.013333e-05,0.0003889991,3.733333e-06,5.55e-05,5323561.316
1.013333e-05,0.0003889991,3.733333e-06,5.97e-05,5779572.281
1.013333e-05,0.0003889991,3.733333e-06,6.4e-05,6172057.8
1.013333e-05,0.0003889991,3.733333e-06,6.83e-05,6514146.044
1.013333e-05,0.0003889991,3.733333e-06,7.25e-05,6815398.45
1.013333e-05,0.0003889991,3.733333e-06,7.68e-05,7276223.455
1.013333e-05,0.0003889991,3.733333e-06,8.11e-05,7794475.345
1.013333e-05,0.0003889991,3.733333e-06,8.53e-05,8262379.084
1.013333e-05,0.0003889991,3.733333e-06,8.96e-05,8689011.902
1.013333e-05,0.0003889991,4.8e-06,3.84e-05,3124279.92
1.013333e-05,0.0003889991,4.8e-06,4.27e-05,3670826.121
1.013333e-05,0.0003889991,4.8e-06,4.69e-05,4104478.311
1.013333e-05,0.0003889991,4.8e-06,5.12e-05,4457884.317
1.013333e-05,0.0003889991,4.8e-06,5.55e-05,4934610.963
1.013333e-05,0.0003889991,4.8e-06,5.97e-05,5435125.309
1.013333e-05,0.0003889991,4.8e-06,6.4e-05,5865135.28
1.013333e-05,0.0003889991,4.8e-06,6.83e-05,6240393.834
1.013333e-05,0.0003889991,4.8e-06,7.25e-05,6570276.533
1.013333e-05,0.0003889991,4.8e-06,7.68e-05,6862900.511
1.013333e-05,0.0003889991,4.8e-06,8.11e-05,7362961.418
1.013333e-05,0.0003889991,4.8e-06,8.53e-05,7872747.18
1.013333e-05,0.0003889991,4.8e-06,8.96e-05,8333771.498
1.013333e-05,0.0003889991,4.266667e-06,3.84e-05,3288802.255
1.013333e-05,0.0003889991,4.266667e-06,4.27e-05,3808921.457
1.013333e-05,0.0003889991,4.266667e-06,4.69e-05,4221860.089
1.013333e-05,0.0003889991,4.266667e-06,5.12e-05,4558567.389
1.013333e-05,0.0003889991,4.266667e-06,5.55e-05,5112531.846
1.013333e-05,0.0003889991,4.266667e-06,5.97e-05,5592124.654
1.013333e-05,0.0003889991,4.266667e-06,6.4e-05,6005804.073
1.013333e-05,0.0003889991,4.266667e-06,6.83e-05,6365949.513
1.013333e-05,0.0003889991,4.266667e-06,7.25e-05,6682823.591
1.013333e-05,0.0003889991,4.266667e-06,7.68e-05,7017062.79
1.013333e-05,0.0003889991,4.266667e-06,8.11e-05,7562154.424
1.013333e-05,0.0003889991,4.266667e-06,8.53e-05,8051447.577
1.013333e-05,0.0003889991,4.266667e-06,8.96e-05,8497495.516
1.013333e-05,0.0003889991,4.533333e-06,3.84e-05,3027761.641
1.013333e-05,0.0003889991,4.533333e-06,4.27e-05,3589481.642
1.013333e-05,0.0003889991,4.533333e-06,4.69e-05,4035249.029
1.013333e-05,0.0003889991,4.533333e-06,5.12e-05,4398417.953
1.013333e-05,0.0003889991,4.533333e-06,5.55e-05,4830363.545
1.013333e-05,0.0003889991,4.533333e-06,5.97e-05,5342659.075
1.013333e-05,0.0003889991,4.533333e-06,6.4e-05,5783203.345
1.013333e-05,0.0003889991,4.533333e-06,6.83e-05,6166477.338
1.013333e-05,0.0003889991,4.533333e-06,7.25e-05,6503976.319
1.013333e-05,0.0003889991,4.533333e-06,7.68e-05,6803232.749
1.013333e-05,0.0003889991,4.533333e-06,8.11e-05,7246313.415
1.013333e-05,0.0003889991,4.533333e-06,8.53e-05,7766915.57
1.013333e-05,0.0003889991,4.533333e-06,8.96e-05,8237335.049
1.013333e-05,0.0003889991,4e-06,3.84e-05,45512709.31
1.013333e-05,0.0003889991,4e-06,4.27e-05,56067033.8
1.013333e-05,0.0003889991,4e-06,4.69e-05,68425920.07
1.013333e-05,0.0003889991,4e-06,5.12e-05,76765790.22
1.013333e-05,0.0003889991,4e-06,5.55e-05,82965457.24
1.013333e-05,0.0003889991,4e-06,5.97e-05,90428529.39
1.013333e-05,0.0003889991,4e-06,6.4e-05,96555791.16
1.013333e-05,0.0003889991,4e-06,6.83e-05,101624314.8
1.013333e-05,0.0003889991,4e-06,7.25e-05,105813273.1
1.013333e-05,0.0003889991,4e-06,7.68e-05,109230276.9
1.013333e-05,0.0003889991,4e-06,8.11e-05,111996711.4
1.013333e-05,0.0003889991,4e-06,8.53e-05,114233331.0
1.013333e-05,0.0003889991,4e-06,8.96e-05,116042784.7
1.013333e-05,0.0003889991,5.6e-06,3.84e-05,48063673.11
1.013333e-05,0.0003889991,5.6e-06,4.27e-05,60800777.94
1.013333e-05,0.0003889991,5.6e-06,4.69e-05,72956920.44
1.013333e-05,0.0003889991,5.6e-06,5.12e-05,81111729.47
1.013333e-05,0.0003889991,5.6e-06,5.55e-05,89375034.41
1.013333e-05,0.0003889991,5.6e-06,5.97e-05,96626456.81
1.013333e-05,0.0003889991,5.6e-06,6.4e-05,102413131.8
1.013333e-05,0.0003889991,5.6e-06,6.83e-05,107159071.5
1.013333e-05,0.0003889991,5.6e-06,7.25e-05,111051607.1
1.013333e-05,0.0003889991,5.6e-06,7.68e-05,114219551.0
1.013333e-05,0.0003889991,5.6e-06,8.11e-05,116786209.7
1.013333e-05,0.0003889991,5.6e-06,8.53e-05,118865271.5
1.013333e-05,0.0003889991,5.6e-06,8.96e-05,120551005.1
1.013333e-05,0.0003889991,5.066667e-06,3.84e-05,50034340.47
1.013333e-05,0.0003889991,5.066667e-06,4.27e-05,64385472.27
1.013333e-05,0.0003889991,5.066667e-06,4.69e-05,76380669.27
1.013333e-05,0.0003889991,5.066667e-06,5.12e-05,85087608.75
1.013333e-05,0.0003889991,5.066667e-06,5.55e-05,94213563.87
1.013333e-05,0.0003889991,5.066667e-06,5.97e-05,101224310.3
1.013333e-05,0.0003889991,5.066667e-06,6.4e-05,106797327.5
1.013333e-05,0.0003889991,5.066667e-06,6.83e-05,111323196.7
1.013333e-05,0.0003889991,5.066667e-06,7.25e-05,115010063.8
1.013333e-05,0.0003889991,5.066667e-06,7.68e-05,118002607.1
1.013333e-05,0.0003889991,5.066667e-06,8.11e-05,120426988.7
1.013333e-05,0.0003889991,5.066667e-06,8.53e-05,122392898.9
1.013333e-05,0.0003889991,5.066667e-06,8.96e-05,123989188.8
1.013333e-05,4.48e-05,5.333333e-06,3.84e-05,11044334.04
1.013333e-05,4.48e-05,5.333333e-06,4.27e-05,12589396.16
1.013333e-05,4.48e-05,5.333333e-06,4.69e-05,13889790.95
1.013333e-05,4.48e-05,5.333333e-06,5.12e-05,15004839.08
1.013333e-05,4.48e-05,5.333333e-06,5.55e-05,16137835.78
1.013333e-05,4.48e-05,5.333333e-06,5.97e-05,18110810.22
1.013333e-05,4.48e-05,5.333333e-06,6.4e-05,19884072.25
1.013333e-05,4.48e-05,5.333333e-06,6.83e-05,21494121.23
1.013333e-05,4.48e-05,5.333333e-06,7.25e-05,22961822.58
1.013333e-05,4.48e-05,5.333333e-06,7.68e-05,24725181.06
1.013333e-05,4.48e-05,5.333333e-06,8.11e-05,27596401.95
1.013333e-05,4.48e-05,5.333333e-06,8.53e-05,30263682.84
1.013333e-05,4.48e-05,5.333333e-06,8.96e-05,32752321.09
1.013333e-05,4.48e-05,2.4e-06,3.84e-05,10931329.73
1.013333e-05,4.48e-05,2.4e-06,4.27e-05,12509345.38
1.013333e-05,4.48e-05,2.4e-06,4.69e-05,13836392.89
1.013333e-05,4.48e-05,2.4e-06,5.12e-05,14973426.89
1.013333e-05,4.48e-05,2.4e-06,5.55e-05,16108549.16
1.013333e-05,4.48e-05,2.4e-06,5.97e-05,18121407.99
1.013333e-05,4.48e-05,2.4e-06,6.4e-05,19927666.69
1.013333e-05,4.48e-05,2.4e-06,6.83e-05,21570562.04
1.013333e-05,4.48e-05,2.4e-06,7.25e-05,23064493.23
1.013333e-05,4.48e-05,2.4e-06,7.68e-05,25027966.98
1.013333e-05,4.48e-05,2.4e-06,8.11e-05,27957455.23
1.013333e-05,4.48e-05,2.4e-06,8.53e-05,30669433.14
1.013333e-05,4.48e-05,2.4e-06,8.96e-05,33219588.64
1.013333e-05,4.48e-05,2.666667e-06,3.84e-05,10623359.96
1.013333e-05,4.48e-05,2.666667e-06,4.27e-05,12285170.07
1.013333e-05,4.48e-05,2.666667e-06,4.69e-05,13680117.03
1.013333e-05,4.48e-05,2.666667e-06,5.12e-05,14873279.46
1.013333e-05,4.48e-05,2.666667e-06,5.55e-05,15987394.09
1.013333e-05,4.48e-05,2.666667e-06,5.97e-05,18102154.34
1.013333e-05,4.48e-05,2.666667e-06,6.4e-05,20001411.23
1.013333e-05,4.48e-05,2.666667e-06,6.83e-05,21717553.25
1.013333e-05,4.48e-05,2.666667e-06,7.25e-05,23286506.6
1.013333e-05,4.48e-05,2.666667e-06,7.68e-05,25695608.46
1.013333e-05,4.48e-05,2.666667e-06,8.11e-05,28776960.94
1.013333e-05,4.48e-05,2.666667e-06,8.53e-05,31645111.18
1.013333e-05,4.48e-05,2.666667e-06,8.96e-05,34316975.59
1.013333e-05,4.48e-05,2.933333e-06,3.84e-05,10420257.75
1.013333e-05,4.48e-05,2.933333e-06,4.27e-05,12086773.47
1.013333e-05,4.48e-05,2.933333e-06,4.69e-05,13536810.92
1.013333e-05,4.48e-05,2.933333e-06,5.12e-05,14775574.24
1.013333e-05,4.48e-05,2.933333e-06,5.55e-05,15850456.47
1.013333e-05,4.48e-05,2.933333e-06,5.97e-05,18047969.63
1.013333e-05,4.48e-05,2.933333e-06,6.4e-05,20019975.1
1.013333e-05,4.48e-05,2.933333e-06,6.83e-05,21803370.42
1.013333e-05,4.48e-05,2.933333e-06,7.25e-05,23426238.61
1.013333e-05,4.48e-05,2.933333e-06,7.68e-05,26155942.4
1.013333e-05,4.48e-05,2.933333e-06,8.11e-05,29370681.07
1.013333e-05,4.48e-05,2.933333e-06,8.53e-05,32350402.49
1.013333e-05,4.48e-05,2.933333e-06,8.96e-05,35118822.33
1.013333e-05,4.48e-05,3.2e-06,3.84e-05,10255297.05
1.013333e-05,4.48e-05,3.2e-06,4.27e-05,11809586.18
1.013333e-05,4.48e-05,3.2e-06,4.69e-05,13329632.84
1.013333e-05,4.48e-05,3.2e-06,5.12e-05,14629486.8
1.013333e-05,4.48e-05,3.2e-06,5.55e-05,15754901.37
1.013333e-05,4.48e-05,3.2e-06,5.97e-05,17938082.61
1.013333e-05,4.48e-05,3.2e-06,6.4e-05,20007072.94
1.013333e-05,4.48e-05,3.2e-06,6.83e-05,21876443.14
1.013333e-05,4.48e-05,3.2e-06,7.25e-05,23577287.63
1.013333e-05,4.48e-05,3.2e-06,7.68e-05,26686168.57
1.013333e-05,4.48e-05,3.2e-06,8.11e-05,30062479.43
1.013333e-05,4.48e-05,3.2e-06,8.53e-05,33208478.42
1.013333e-05,4.48e-05,3.2e-06,8.96e-05,36126772.9
1.013333e-05,4.48e-05,3.466667e-06,3.84e-05,3805263.788
1.013333e-05,4.48e-05,3.466667e-06,4.27e-05,4245021.159
1.013333e-05,4.48e-05,3.466667e-06,4.69e-05,4620730.509
1.013333e-05,4.48e-05,3.466667e-06,5.12e-05,5207986.753
1.013333e-05,4.48e-05,3.466667e-06,5.55e-05,5698046.638
1.013333e-05,4.48e-05,3.466667e-06,5.97e-05,6114309.205
1.013333e-05,4.48e-05,3.466667e-06,6.4e-05,6473310.468
1.013333e-05,4.48e-05,3.466667e-06,6.83e-05,6786748.725
1.013333e-05,4.48e-05,3.466667e-06,7.25e-05,7234008.143
1.013333e-05,4.48e-05,3.466667e-06,7.68e-05,7767842.039
1.013333e-05,4.48e-05,3.466667e-06,8.11e-05,8244963.773
1.013333e-05,4.48e-05,3.466667e-06,8.53e-05,8678502.168
1.013333e-05,4.48e-05,3.466667e-06,8.96e-05,9072955.795
1.013333e-05,4.48e-05,3.733333e-06,3.84e-05,3572312.4
1.013333e-05,4.48e-05,3.733333e-06,4.27e-05,4051207.247
1.013333e-05,4.48e-05,3.733333e-06,4.69e-05,4431896.261
1.013333e-05,4.48e-05,3.733333e-06,5.12e-05,4920106.328
1.013333e-05,4.48e-05,3.733333e-06,5.55e-05,5445855.405
1.013333e-05,4.48e-05,3.733333e-06,5.97e-05,5892881.012
1.013333e-05,4.48e-05,3.733333e-06,6.4e-05,6277786.814
1.013333e-05,4.48e-05,3.733333e-06,6.83e-05,6613377.088
1.013333e-05,4.48e-05,3.733333e-06,7.25e-05,6908983.885
1.013333e-05,4.48e-05,3.733333e-06,7.68e-05,7467507.773
1.013333e-05,4.48e-05,3.733333e-06,8.11e-05,7976143.972
1.013333e-05,4.48e-05,3.733333e-06,8.53e-05,8435544.401
1.013333e-05,4.48e-05,3.733333e-06,8.96e-05,8854525.928
1.013333e-05,4.48e-05,4.8e-06,3.84e-05,3221372.906
1.013333e-05,4.48e-05,4.8e-06,4.27e-05,3757549.23
1.013333e-05,4.48e-05,4.8e-06,4.69e-05,4183119.954
1.013333e-05,4.48e-05,4.8e-06,5.12e-05,4530019.23
1.013333e-05,4.48e-05,4.8e-06,5.55e-05,5067877.245
1.013333e-05,4.48e-05,4.8e-06,5.97e-05,5558568.049
1.013333e-05,4.48e-05,4.8e-06,6.4e-05,5980278.663
1.013333e-05,4.48e-05,4.8e-06,6.83e-05,6348394.237
1.013333e-05,4.48e-05,4.8e-06,7.25e-05,6672065.114
1.013333e-05,4.48e-05,4.8e-06,7.68e-05,7006322.997
1.013333e-05,4.48e-05,4.8e-06,8.11e-05,7559671.857
1.013333e-05,4.48e-05,4.8e-06,8.53e-05,8060021.312
1.013333e-05,4.48e-05,4.8e-06,8.96e-05,8512647.597
1.013333e-05,4.48e-05,4.266667e-06,3.84e-05,3381967.99
1.013333e-05,4.48e-05,4.266667e-06,4.27e-05,3892110.581
1.013333e-05,4.48e-05,4.266667e-06,4.69e-05,4297282.859
1.013333e-05,4.48e-05,4.266667e-06,5.12e-05,4685612.204
1.013333e-05,4.48e-05,4.266667e-06,5.55e-05,5240773.094
1.013333e-05,4.48e-05,4.266667e-06,5.97e-05,5710939.591
1.013333e-05,4.48e-05,4.266667e-06,6.4e-05,6116637.507
1.013333e-05,4.48e-05,4.266667e-06,6.83e-05,6469936.534
1.013333e-05,4.48e-05,4.266667e-06,7.25e-05,6780858.237
1.013333e-05,4.48e-05,4.266667e-06,7.68e-05,7217060.381
1.013333e-05,4.48e-05,4.266667e-06,8.11e-05,7751962.768
1.013333e-05,4.48e-05,4.266667e-06,8.53e-05,8232287.002
1.013333e-05,4.48e-05,4.266667e-06,8.96e-05,8670259.266
1.013333e-05,4.48e-05,4.533333e-06,3.84e-05,3127161.595
1.013333e-05,4.48e-05,4.533333e-06,4.27e-05,3678285.252
1.013333e-05,4.48e-05,4.533333e-06,4.69e-05,4115785.237
1.013333e-05,4.48e-05,4.533333e-06,5.12e-05,4472294.713
1.013333e-05,4.48e-05,4.533333e-06,5.55e-05,4966586.437
1.013333e-05,4.48e-05,4.533333e-06,5.97e-05,5468830.918
1.013333e-05,4.48e-05,4.533333e-06,6.4e-05,5900870.504
1.013333e-05,4.48e-05,4.533333e-06,6.83e-05,6276840.484
1.013333e-05,4.48e-05,4.533333e-06,7.25e-05,6607974.166
1.013333e-05,4.48e-05,4.533333e-06,7.68e-05,6901630.949
1.013333e-05,4.48e-05,4.533333e-06,8.11e-05,7447070.971
1.013333e-05,4.48e-05,4.533333e-06,8.53e-05,7957994.226
1.013333e-05,4.48e-05,4.533333e-06,8.96e-05,8419801.785
1.013333e-05,4.48e-05,4e-06,3.84e-05,46905330.5
1.013333e-05,4.48e-05,4e-06,4.27e-05,58179849.41
1.013333e-05,4.48e-05,4e-06,4.69e-05,70286515.01
1.013333e-05,4.48e-05,4e-06,5.12e-05,78488941.98
1.013333e-05,4.48e-05,4e-06,5.55e-05,85402083.09
1.013333e-05,4.48e-05,4e-06,5.97e-05,92826068.59
1.013333e-05,4.48e-05,4e-06,6.4e-05,98800334.92
1.013333e-05,4.48e-05,4e-06,6.83e-05,103714774.0
1.013333e-05,4.48e-05,4e-06,7.25e-05,107757667.4
1.013333e-05,4.48e-05,4e-06,7.68e-05,111045964.0
1.013333e-05,4.48e-05,4e-06,8.11e-05,113703586.5
1.013333e-05,4.48e-05,4e-06,8.53e-05,115849616.0
1.013333e-05,4.48e-05,4e-06,8.96e-05,117583770.1
1.013333e-05,4.48e-05,5.6e-06,3.84e-05,49477813.73
1.013333e-05,4.48e-05,5.6e-06,4.27e-05,62900730.13
1.013333e-05,4.48e-05,5.6e-06,4.69e-05,74800056.13
1.013333e-05,4.48e-05,5.6e-06,5.12e-05,82822644.8
1.013333e-05,4.48e-05,5.6e-06,5.55e-05,91877865.39
1.013333e-05,4.48e-05,5.6e-06,5.97e-05,98976700.72
1.013333e-05,4.48e-05,5.6e-06,6.4e-05,104617642.3
1.013333e-05,4.48e-05,5.6e-06,6.83e-05,109215642.2
1.013333e-05,4.48e-05,5.6e-06,7.25e-05,112967732.7
1.013333e-05,4.48e-05,5.6e-06,7.68e-05,116011442.1
1.013333e-05,4.48e-05,5.6e-06,8.11e-05,118472564.2
1.013333e-05,4.48e-05,5.6e-06,8.53e-05,120463348.8
1.013333e-05,4.48e-05,5.6e-06,8.96e-05,122075389.2
1.013333e-05,4.48e-05,5.066667e-06,3.84e-05,51466253.91
1.013333e-05,4.48e-05,5.066667e-06,4.27e-05,66476839.58
1.013333e-05,4.48e-05,5.066667e-06,4.69e-05,78211670.41
1.013333e-05,4.48e-05,5.066667e-06,5.12e-05,87732757.25
1.013333e-05,4.48e-05,5.066667e-06,5.55e-05,96679043.37
1.013333e-05,4.48e-05,5.066667e-06,5.97e-05,103543038.4
1.013333e-05,4.48e-05,5.066667e-06,6.4e-05,108974571.6
1.013333e-05,4.48e-05,5.066667e-06,6.83e-05,113356987.3
1.013333e-05,4.48e-05,5.066667e-06,7.25e-05,116907510.3
1.013333e-05,4.48e-05,5.066667e-06,7.68e-05,119779089.1
1.013333e-05,4.48e-05,5.066667e-06,8.11e-05,122100329.9
1.013333e-05,4.48e-05,5.066667e-06,8.53e-05,123979650.9
1.013333e-05,4.48e-05,5.066667e-06,8.96e-05,125503414.6
1.066667e-05,0.000132012,5.333333e-06,3.84e-05,11287623.06
1.066667e-05,0.000132012,5.333333e-06,4.27e-05,12811544.77
1.066667e-05,0.000132012,5.333333e-06,4.69e-05,14094978.74
1.066667e-05,0.000132012,5.333333e-06,5.12e-05,15195983.72
1.066667e-05,0.000132012,5.333333e-06,5.55e-05,16549145.8
1.066667e-05,0.000132012,5.333333e-06,5.97e-05,18500926.41
1.066667e-05,0.000132012,5.333333e-06,6.4e-05,20255513.52
1.066667e-05,0.000132012,5.333333e-06,6.83e-05,21848801.32
1.066667e-05,0.000132012,5.333333e-06,7.25e-05,23301394.83
1.066667e-05,0.000132012,5.333333e-06,7.68e-05,25475484.01
1.066667e-05,0.000132012,5.333333e-06,8.11e-05,28318186.45
1.066667e-05,0.000132012,5.333333e-06,8.53e-05,30958938.61
1.066667e-05,0.000132012,5.333333e-06,8.96e-05,33422748.78
1.066667e-05,0.000132012,2.4e-06,3.84e-05,11179316.18
1.066667e-05,0.000132012,2.4e-06,4.27e-05,12735609.05
1.066667e-05,0.000132012,2.4e-06,4.69e-05,14045200.58
1.066667e-05,0.000132012,2.4e-06,5.12e-05,15167763.83
1.066667e-05,0.000132012,2.4e-06,5.55e-05,16527097.17
1.066667e-05,0.000132012,2.4e-06,5.97e-05,18518010.83
1.066667e-05,0.000132012,2.4e-06,6.4e-05,20304954.46
1.066667e-05,0.000132012,2.4e-06,6.83e-05,21930417.69
1.066667e-05,0.000132012,2.4e-06,7.25e-05,23408709.45
1.066667e-05,0.000132012,2.4e-06,7.68e-05,25789669.72
1.066667e-05,0.000132012,2.4e-06,8.11e-05,28689451.94
1.066667e-05,0.000132012,2.4e-06,8.53e-05,31373963.64
1.066667e-05,0.000132012,2.4e-06,8.96e-05,33897976.77
1.066667e-05,0.000132012,2.666667e-06,3.84e-05,10883553.74
1.066667e-05,0.000132012,2.666667e-06,4.27e-05,12522121.97
1.066667e-05,0.000132012,2.666667e-06,4.69e-05,13898324.85
1.066667e-05,0.000132012,2.666667e-06,5.12e-05,15075906.36
1.066667e-05,0.000132012,2.666667e-06,5.55e-05,16424698.22
1.066667e-05,0.000132012,2.666667e-06,5.97e-05,18515549.91
1.066667e-05,0.000132012,2.666667e-06,6.4e-05,20393622.87
1.066667e-05,0.000132012,2.666667e-06,6.83e-05,22090837.8
1.066667e-05,0.000132012,2.666667e-06,7.25e-05,23642516.06
1.066667e-05,0.000132012,2.666667e-06,7.68e-05,26486963.79
1.066667e-05,0.000132012,2.666667e-06,8.11e-05,29535409.46
1.066667e-05,0.000132012,2.666667e-06,8.53e-05,32372841.07
1.066667e-05,0.000132012,2.666667e-06,8.96e-05,35015836.87
1.066667e-05,0.000132012,2.933333e-06,3.84e-05,10628064.74
1.066667e-05,0.000132012,2.933333e-06,4.27e-05,12332570.04
1.066667e-05,0.000132012,2.933333e-06,4.69e-05,13762792.25
1.066667e-05,0.000132012,2.933333e-06,5.12e-05,14985054.27
1.066667e-05,0.000132012,2.933333e-06,5.55e-05,16303221.18
1.066667e-05,0.000132012,2.933333e-06,5.97e-05,18475188.57
1.066667e-05,0.000132012,2.933333e-06,6.4e-05,20424522.25
1.066667e-05,0.000132012,2.933333e-06,6.83e-05,22187559.59
1.066667e-05,0.000132012,2.933333e-06,7.25e-05,23791997.73
1.066667e-05,0.000132012,2.933333e-06,7.68e-05,26971651.07
1.066667e-05,0.000132012,2.933333e-06,8.11e-05,30150401.67
1.066667e-05,0.000132012,2.933333e-06,8.53e-05,33097232.85
1.066667e-05,0.000132012,2.933333e-06,8.96e-05,35834516.71
1.066667e-05,0.000132012,3.2e-06,3.84e-05,10382919.26
1.066667e-05,0.000132012,3.2e-06,4.27e-05,12067316.68
1.066667e-05,0.000132012,3.2e-06,4.69e-05,13566143.75
1.066667e-05,0.000132012,3.2e-06,5.12e-05,14848239.11
1.066667e-05,0.000132012,3.2e-06,5.55e-05,16103819.46
1.066667e-05,0.000132012,3.2e-06,5.97e-05,18383913.19
1.066667e-05,0.000132012,3.2e-06,6.4e-05,20428202.74
1.066667e-05,0.000132012,3.2e-06,6.83e-05,22275362.81
1.066667e-05,0.000132012,3.2e-06,7.25e-05,23956042.57
1.066667e-05,0.000132012,3.2e-06,7.68e-05,27534666.6
1.066667e-05,0.000132012,3.2e-06,8.11e-05,30872009.85
1.066667e-05,0.000132012,3.2e-06,8.53e-05,33980780.93
1.066667e-05,0.000132012,3.2e-06,8.96e-05,37426602.26
1.066667e-05,0.000132012,3.466667e-06,3.84e-05,3876662.221
1.066667e-05,0.000132012,3.466667e-06,4.27e-05,4308738.418
1.066667e-05,0.000132012,3.466667e-06,4.69e-05,4739291.352
1.066667e-05,0.000132012,3.466667e-06,5.12e-05,5315711.64
1.066667e-05,0.000132012,3.466667e-06,5.55e-05,5797022.695
1.066667e-05,0.000132012,3.466667e-06,5.97e-05,6206057.504
1.066667e-05,0.000132012,3.466667e-06,6.4e-05,6558968.787
1.066667e-05,0.000132012,3.466667e-06,6.83e-05,6867191.96
1.066667e-05,0.000132012,3.466667e-06,7.25e-05,7398227.126
1.066667e-05,0.000132012,3.466667e-06,7.68e-05,7923258.254
1.066667e-05,0.000132012,3.466667e-06,8.11e-05,8392712.448
1.066667e-05,0.000132012,3.466667e-06,8.53e-05,8819407.126
1.066667e-05,0.000132012,3.466667e-06,8.96e-05,9207744.521
1.066667e-05,0.000132012,3.733333e-06,3.84e-05,3648596.159
1.066667e-05,0.000132012,3.733333e-06,4.27e-05,4119329.524
1.066667e-05,0.000132012,3.733333e-06,4.69e-05,4493674.378
1.066667e-05,0.000132012,3.733333e-06,5.12e-05,5034613.871
1.066667e-05,0.000132012,3.733333e-06,5.55e-05,5551066.762
1.066667e-05,0.000132012,3.733333e-06,5.97e-05,5990382.635
1.066667e-05,0.000132012,3.733333e-06,6.4e-05,6368783.872
1.066667e-05,0.000132012,3.733333e-06,6.83e-05,6698796.999
1.066667e-05,0.000132012,3.733333e-06,7.25e-05,7072080.597
1.066667e-05,0.000132012,3.733333e-06,7.68e-05,7631980.649
1.066667e-05,0.000132012,3.733333e-06,8.11e-05,8132365.876
1.066667e-05,0.000132012,3.733333e-06,8.53e-05,8584468.336
1.066667e-05,0.000132012,3.733333e-06,8.96e-05,8996882.492
1.066667e-05,0.000132012,4.8e-06,3.84e-05,3304997.549
1.066667e-05,0.000132012,4.8e-06,4.27e-05,3832287.044
1.066667e-05,0.000132012,4.8e-06,4.69e-05,4250931.212
1.066667e-05,0.000132012,4.8e-06,5.12e-05,4613663.093
1.066667e-05,0.000132012,4.8e-06,5.55e-05,5182457.223
1.066667e-05,0.000132012,4.8e-06,5.97e-05,5664725.847
1.066667e-05,0.000132012,4.8e-06,6.4e-05,6079320.027
1.066667e-05,0.000132012,4.8e-06,6.83e-05,6441309.853
1.066667e-05,0.000132012,4.8e-06,7.25e-05,6759652.618
1.066667e-05,0.000132012,4.8e-06,7.68e-05,7184452.186
1.066667e-05,0.000132012,4.8e-06,8.11e-05,7728717.398
1.066667e-05,0.000132012,4.8e-06,8.53e-05,8220974.465
1.066667e-05,0.000132012,4.8e-06,8.96e-05,8666397.447
1.066667e-05,0.000132012,4.266667e-06,3.84e-05,3462233.833
1.066667e-05,0.000132012,4.266667e-06,4.27e-05,3963822.204
1.066667e-05,0.000132012,4.266667e-06,4.69e-05,4362334.553
1.066667e-05,0.000132012,4.266667e-06,5.12e-05,4805663.085
1.066667e-05,0.000132012,4.266667e-06,5.55e-05,5351062.458
1.066667e-05,0.000132012,4.266667e-06,5.97e-05,5813144.419
1.066667e-05,0.000132012,4.266667e-06,6.4e-05,6211996.08
1.066667e-05,0.000132012,4.266667e-06,6.83e-05,6559421.565
1.066667e-05,0.000132012,4.266667e-06,7.25e-05,6865235.844
1.066667e-05,0.000132012,4.266667e-06,7.68e-05,7388961.676
1.066667e-05,0.000132012,4.266667e-06,8.11e-05,7915123.501
1.066667e-05,0.000132012,4.266667e-06,8.53e-05,8387753.42
1.066667e-05,0.000132012,4.266667e-06,8.96e-05,8818796.781
1.066667e-05,0.000132012,4.533333e-06,3.84e-05,3212758.785
1.066667e-05,0.000132012,4.533333e-06,4.27e-05,3754804.245
1.066667e-05,0.000132012,4.533333e-06,4.69e-05,4185220.412
1.066667e-05,0.000132012,4.533333e-06,5.12e-05,4536022.64
1.066667e-05,0.000132012,4.533333e-06,5.55e-05,5083690.753
1.066667e-05,0.000132012,4.533333e-06,5.97e-05,5577319.741
1.066667e-05,0.000132012,4.533333e-06,6.4e-05,6002068.36
1.066667e-05,0.000132012,4.533333e-06,6.83e-05,6371775.704
1.066667e-05,0.000132012,4.533333e-06,7.25e-05,6697450.755
1.066667e-05,0.000132012,4.533333e-06,7.68e-05,7064270.109
1.066667e-05,0.000132012,4.533333e-06,8.11e-05,7619568.053
1.066667e-05,0.000132012,4.533333e-06,8.53e-05,8122191.504
1.066667e-05,0.000132012,4.533333e-06,8.96e-05,8576613.641
1.066667e-05,0.000132012,4e-06,3.84e-05,48102587.53
1.066667e-05,0.000132012,4e-06,4.27e-05,59994210.54
1.066667e-05,0.000132012,4e-06,4.69e-05,71883824.51
1.066667e-05,0.000132012,4e-06,5.12e-05,79967905.35
1.066667e-05,0.000132012,4e-06,5.55e-05,87593551.91
1.066667e-05,0.000132012,4e-06,5.97e-05,94878958.93
1.066667e-05,0.000132012,4e-06,6.4e-05,100719789.1
1.066667e-05,0.000132012,4e-06,6.83e-05,105500404.7
1.066667e-05,0.000132012,4e-06,7.25e-05,109417116.7
1.066667e-05,0.000132012,4e-06,7.68e-05,112594645.6
1.066667e-05,0.000132012,4e-06,8.11e-05,115158832.2
1.066667e-05,0.000132012,4e-06,8.53e-05,117227174.0
1.066667e-05,0.000132012,4e-06,8.96e-05,118896805.0
1.066667e-05,0.000132012,5.6e-06,3.84e-05,50692822.19
1.066667e-05,0.000132012,5.6e-06,4.27e-05,64702666.31
1.066667e-05,0.000132012,5.6e-06,4.69e-05,76381323.05
1.066667e-05,0.000132012,5.6e-06,5.12e-05,84926220.44
1.066667e-05,0.000132012,5.6e-06,5.55e-05,94021457.59
1.066667e-05,0.000132012,5.6e-06,5.97e-05,100987348.3
1.066667e-05,0.000132012,5.6e-06,6.4e-05,106501148.0
1.066667e-05,0.000132012,5.6e-06,6.83e-05,110970675.3
1.066667e-05,0.000132012,5.6e-06,7.25e-05,114601498.8
1.066667e-05,0.000132012,5.6e-06,7.68e-05,117538372.0
1.066667e-05,0.000132012,5.6e-06,8.11e-05,119908956.5
1.066667e-05,0.000132012,5.6e-06,8.53e-05,121824116.7
1.066667e-05,0.000132012,5.6e-06,8.96e-05,123373081.4
1.066667e-05,0.000132012,5.066667e-06,3.84e-05,52695938.09
1.066667e-05,0.000132012,5.066667e-06,4.27e-05,68270340.45
1.066667e-05,0.000132012,5.066667e-06,4.69e-05,79781799.15
1.066667e-05,0.000132012,5.066667e-06,5.12e-05,90001805.88
1.066667e-05,0.000132012,5.066667e-06,5.55e-05,98789348.17
1.066667e-05,0.000132012,5.066667e-06,5.97e-05,105525457.4
1.066667e-05,0.000132012,5.066667e-06,6.4e-05,110833490.3
1.066667e-05,0.000132012,5.066667e-06,6.83e-05,115091326.2
1.066667e-05,0.000132012,5.066667e-06,7.25e-05,118524157.3
1.066667e-05,0.000132012,5.066667e-06,7.68e-05,121291767.3
1.066667e-05,0.000132012,5.066667e-06,8.11e-05,123524587.2
1.066667e-05,0.000132012,5.066667e-06,8.53e-05,125329788.5
1.066667e-05,0.000132012,5.066667e-06,8.96e-05,127614906.3
1.066667e-05,0.0003889991,5.333333e-06,3.84e-05,11499750.27
1.066667e-05,0.0003889991,5.333333e-06,4.27e-05,13005280.13
1.066667e-05,0.0003889991,5.333333e-06,4.69e-05,14273953.89
1.066667e-05,0.0003889991,5.333333e-06,5.12e-05,15362734.39
1.066667e-05,0.0003889991,5.333333e-06,5.55e-05,16908008.5
1.066667e-05,0.0003889991,5.333333e-06,5.97e-05,18841335.63
1.066667e-05,0.0003889991,5.333333e-06,6.4e-05,20579658.57
1.066667e-05,0.0003889991,5.333333e-06,6.83e-05,22158347.56
1.066667e-05,0.0003889991,5.333333e-06,7.25e-05,23597779.99
1.066667e-05,0.0003889991,5.333333e-06,7.68e-05,26130350.84
1.066667e-05,0.0003889991,5.333333e-06,8.11e-05,28948175.09
1.066667e-05,0.0003889991,5.333333e-06,8.53e-05,31565784.45
1.066667e-05,0.0003889991,5.333333e-06,8.96e-05,34007933.75
1.066667e-05,0.0003889991,2.4e-06,3.84e-05,11395497.98
1.066667e-05,0.0003889991,2.4e-06,4.27e-05,12932895.28
1.066667e-05,0.0003889991,2.4e-06,4.69e-05,14227298.11
1.066667e-05,0.0003889991,2.4e-06,5.12e-05,15337266.7
1.066667e-05,0.0003889991,2.4e-06,5.55e-05,16892202.26
1.066667e-05,0.0003889991,2.4e-06,5.97e-05,18864011.23
1.066667e-05,0.0003889991,2.4e-06,6.4e-05,20634135.34
1.066667e-05,0.0003889991,2.4e-06,6.83e-05,22244418.32
1.066667e-05,0.0003889991,2.4e-06,7.25e-05,23709086.63
1.066667e-05,0.0003889991,2.4e-06,7.68e-05,26454347.67
1.066667e-05,0.0003889991,2.4e-06,8.11e-05,29328223.34
1.066667e-05,0.0003889991,2.4e-06,8.53e-05,31988788.84
1.066667e-05,0.0003889991,2.4e-06,8.96e-05,34489988.61
1.066667e-05,0.0003889991,2.666667e-06,3.84e-05,11110277.17
1.066667e-05,0.0003889991,2.666667e-06,4.27e-05,12728635.92
1.066667e-05,0.0003889991,2.666667e-06,4.69e-05,14088535.49
1.066667e-05,0.0003889991,2.666667e-06,5.12e-05,15252561.38
1.066667e-05,0.0003889991,2.666667e-06,5.55e-05,16805989.5
1.066667e-05,0.0003889991,2.666667e-06,5.97e-05,18876034.92
1.066667e-05,0.0003889991,2.666667e-06,6.4e-05,20735669.2
1.066667e-05,0.0003889991,2.666667e-06,6.83e-05,22416406.29
1.066667e-05,0.0003889991,2.666667e-06,7.25e-05,23953045.45
1.066667e-05,0.0003889991,2.666667e-06,7.68e-05,27177192.42
1.066667e-05,0.0003889991,2.666667e-06,8.11e-05,30196960.39
1.066667e-05,0.0003889991,2.666667e-06,8.53e-05,33007605.36
1.066667e-05,0.0003889991,2.666667e-06,8.96e-05,35625427.5
1.066667e-05,0.0003889991,2.933333e-06,3.84e-05,10863504.85
1.066667e-05,0.0003889991,2.933333e-06,4.27e-05,12546723.76
1.066667e-05,0.0003889991,2.933333e-06,4.69e-05,13959715.92
1.066667e-05,0.0003889991,2.933333e-06,5.12e-05,15167625.76
1.066667e-05,0.0003889991,2.933333e-06,5.55e-05,16697862.26
1.066667e-05,0.0003889991,2.933333e-06,5.97e-05,18847604.82
1.066667e-05,0.0003889991,2.933333e-06,6.4e-05,20777210.41
1.066667e-05,0.0003889991,2.933333e-06,6.83e-05,22522530.55
1.066667e-05,0.0003889991,2.933333e-06,7.25e-05,24274584.27
1.066667e-05,0.0003889991,2.933333e-06,7.68e-05,27682884.17
1.066667e-05,0.0003889991,2.933333e-06,8.11e-05,30830283.93
1.066667e-05,0.0003889991,2.933333e-06,8.53e-05,33748436.7
1.066667e-05,0.0003889991,2.933333e-06,8.96e-05,36609665.09
1.066667e-05,0.0003889991,3.2e-06,3.84e-05,10522034.26
1.066667e-05,0.0003889991,3.2e-06,4.27e-05,12291781.33
1.066667e-05,0.0003889991,3.2e-06,4.69e-05,13772163.61
1.066667e-05,0.0003889991,3.2e-06,5.12e-05,15038818.94
1.066667e-05,0.0003889991,3.2e-06,5.55e-05,16516470.85
1.066667e-05,0.0003889991,3.2e-06,5.97e-05,18772400.01
1.066667e-05,0.0003889991,3.2e-06,6.4e-05,20795203.56
1.066667e-05,0.0003889991,3.2e-06,6.83e-05,22623041.47
1.066667e-05,0.0003889991,3.2e-06,7.25e-05,24688702.08
1.066667e-05,0.0003889991,3.2e-06,7.68e-05,28274192.14
1.066667e-05,0.0003889991,3.2e-06,8.11e-05,31577575.1
1.066667e-05,0.0003889991,3.2e-06,8.53e-05,34653924.87
1.066667e-05,0.0003889991,3.2e-06,8.96e-05,38718122.53
1.066667e-05,0.0003889991,3.466667e-06,3.84e-05,3939073.361
1.066667e-05,0.0003889991,3.466667e-06,4.27e-05,4364460.096
1.066667e-05,0.0003889991,3.466667e-06,4.69e-05,4842711.971
1.066667e-05,0.0003889991,3.466667e-06,5.12e-05,5409699.706
1.066667e-05,0.0003889991,3.466667e-06,5.55e-05,5883394.432
1.066667e-05,0.0003889991,3.466667e-06,5.97e-05,6286136.394
1.066667e-05,0.0003889991,3.466667e-06,6.4e-05,6633744.738
1.066667e-05,0.0003889991,3.466667e-06,6.83e-05,6959688.082
1.066667e-05,0.0003889991,3.466667e-06,7.25e-05,7541447.867
1.066667e-05,0.0003889991,3.466667e-06,7.68e-05,8058816.099
1.066667e-05,0.0003889991,3.466667e-06,8.11e-05,8521594.732
1.066667e-05,0.0003889991,3.466667e-06,8.53e-05,8942330.405
1.066667e-05,0.0003889991,3.466667e-06,8.96e-05,9325341.729
1.066667e-05,0.0003889991,3.733333e-06,3.84e-05,3715247.81
1.066667e-05,0.0003889991,3.733333e-06,4.27e-05,4178878.879
1.066667e-05,0.0003889991,3.733333e-06,4.69e-05,4547702.293
1.066667e-05,0.0003889991,3.733333e-06,5.12e-05,5134473.908
1.066667e-05,0.0003889991,3.733333e-06,5.55e-05,5642838.384
1.066667e-05,0.0003889991,3.733333e-06,5.97e-05,6075445.525
1.066667e-05,0.0003889991,3.733333e-06,6.4e-05,6448185.994
1.066667e-05,0.0003889991,3.733333e-06,6.83e-05,6773344.759
1.066667e-05,0.0003889991,3.733333e-06,7.25e-05,7223681.099
1.066667e-05,0.0003889991,3.733333e-06,7.68e-05,7775367.636
1.066667e-05,0.0003889991,3.733333e-06,8.11e-05,8268573.293
1.066667e-05,0.0003889991,3.733333e-06,8.53e-05,8714324.083
1.066667e-05,0.0003889991,3.733333e-06,8.96e-05,9121021.957
1.066667e-05,0.0003889991,4.8e-06,3.84e-05,3378018.949
1.066667e-05,0.0003889991,4.8e-06,4.27e-05,3897583.132
1.066667e-05,0.0003889991,4.8e-06,4.69e-05,4310205.413
1.066667e-05,0.0003889991,4.8e-06,5.12e-05,4722371.424
1.066667e-05,0.0003889991,4.8e-06,5.55e-05,5282343.326
1.066667e-05,0.0003889991,4.8e-06,5.97e-05,5757288.704
1.066667e-05,0.0003889991,4.8e-06,6.4e-05,6165694.198
1.066667e-05,0.0003889991,4.8e-06,6.83e-05,6522356.199
1.066667e-05,0.0003889991,4.8e-06,7.25e-05,6836064.146
1.066667e-05,0.0003889991,4.8e-06,7.68e-05,7339649.959
1.066667e-05,0.0003889991,4.8e-06,8.11e-05,7876014.843
1.066667e-05,0.0003889991,4.8e-06,8.53e-05,8361234.151
1.066667e-05,0.0003889991,4.8e-06,8.96e-05,8800391.414
1.066667e-05,0.0003889991,4.266667e-06,3.84e-05,3532341.168
1.066667e-05,0.0003889991,4.266667e-06,4.27e-05,4026489.844
1.066667e-05,0.0003889991,4.266667e-06,4.69e-05,4419209.352
1.066667e-05,0.0003889991,4.266667e-06,5.12e-05,4910322.701
1.066667e-05,0.0003889991,4.266667e-06,5.55e-05,5447232.319
1.066667e-05,0.0003889991,4.266667e-06,5.97e-05,5902282.255
1.066667e-05,0.0003889991,4.266667e-06,6.4e-05,6295178.291
1.066667e-05,0.0003889991,4.266667e-06,6.83e-05,6637493.585
1.066667e-05,0.0003889991,4.266667e-06,7.25e-05,6962510.959
1.066667e-05,0.0003889991,4.266667e-06,7.68e-05,7538773.027
1.066667e-05,0.0003889991,4.266667e-06,8.11e-05,8057331.248
1.066667e-05,0.0003889991,4.266667e-06,8.53e-05,8523267.261
1.066667e-05,0.0003889991,4.266667e-06,8.96e-05,8948281.896
1.066667e-05,0.0003889991,4.533333e-06,3.84e-05,3287491.164
1.066667e-05,0.0003889991,4.533333e-06,4.27e-05,3821647.113
1.066667e-05,0.0003889991,4.533333e-06,4.69e-05,4245906.349
1.066667e-05,0.0003889991,4.533333e-06,5.12e-05,4612435.587
1.066667e-05,0.0003889991,4.533333e-06,5.55e-05,5185763.154
1.066667e-05,0.0003889991,4.533333e-06,5.97e-05,5671902.204
1.066667e-05,0.0003889991,4.533333e-06,6.4e-05,6090311.603
1.066667e-05,0.0003889991,4.533333e-06,6.83e-05,6454573.028
1.066667e-05,0.0003889991,4.533333e-06,7.25e-05,6775500.636
1.066667e-05,0.0003889991,4.533333e-06,7.68e-05,7222635.061
1.066667e-05,0.0003889991,4.533333e-06,8.11e-05,7769851.586
1.066667e-05,0.0003889991,4.533333e-06,8.53e-05,8265257.284
1.066667e-05,0.0003889991,4.533333e-06,8.96e-05,8713256.398
1.066667e-05,0.0003889991,4e-06,3.84e-05,49146231.58
1.066667e-05,0.0003889991,4e-06,4.27e-05,61573965.87
1.066667e-05,0.0003889991,4e-06,4.69e-05,73270974.86
1.066667e-05,0.0003889991,4e-06,5.12e-05,81254874.33
1.066667e-05,0.0003889991,4e-06,5.55e-05,89497843.91
1.066667e-05,0.0003889991,4e-06,5.97e-05,96660894.54
1.066667e-05,0.0003889991,4e-06,6.4e-05,102383785.7
1.066667e-05,0.0003889991,4e-06,6.83e-05,107046608.4
1.066667e-05,0.0003889991,4e-06,7.25e-05,110852814.9
1.066667e-05,0.0003889991,4e-06,7.68e-05,113933679.9
1.066667e-05,0.0003889991,4e-06,8.11e-05,116416499.6
1.066667e-05,0.0003889991,4e-06,8.53e-05,118417273.3
1.066667e-05,0.0003889991,4e-06,8.96e-05,120030830.3
1.066667e-05,0.0003889991,5.6e-06,3.84e-05,51751330.61
1.066667e-05,0.0003889991,5.6e-06,4.27e-05,66270461.16
1.066667e-05,0.0003889991,5.6e-06,4.69e-05,77756823.93
1.066667e-05,0.0003889991,5.6e-06,5.12e-05,86929900.65
1.066667e-05,0.0003889991,5.6e-06,5.55e-05,95882636.67
1.066667e-05,0.0003889991,5.6e-06,5.97e-05,102731104.2
1.066667e-05,0.0003889991,5.6e-06,6.4e-05,108132494.5
1.066667e-05,0.0003889991,5.6e-06,6.83e-05,112488956.2
1.066667e-05,0.0003889991,5.6e-06,7.25e-05,116013631.8
1.066667e-05,0.0003889991,5.6e-06,7.68e-05,118857343.3
1.066667e-05,0.0003889991,5.6e-06,8.11e-05,121149158.2
1.066667e-05,0.0003889991,5.6e-06,8.53e-05,122998612.2
1.066667e-05,0.0003889991,5.6e-06,8.96e-05,124492820.3
1.066667e-05,0.0003889991,5.066667e-06,3.84e-05,53766749.09
1.066667e-05,0.0003889991,5.066667e-06,4.27e-05,69829912.4
1.066667e-05,0.0003889991,5.066667e-06,4.69e-05,81147002.6
1.066667e-05,0.0003889991,5.066667e-06,5.12e-05,91969701.55
1.066667e-05,0.0003889991,5.066667e-06,5.55e-05,100620495.2
1.066667e-05,0.0003889991,5.066667e-06,5.97e-05,107243626.7
1.066667e-05,0.0003889991,5.066667e-06,6.4e-05,112442418.3
1.066667e-05,0.0003889991,5.066667e-06,6.83e-05,116590616.2
1.066667e-05,0.0003889991,5.066667e-06,7.25e-05,119920460.5
1.066667e-05,0.0003889991,5.066667e-06,7.68e-05,122597457.6
1.066667e-05,0.0003889991,5.066667e-06,8.11e-05,124753401.8
1.066667e-05,0.0003889991,5.066667e-06,8.53e-05,127028308.9
1.066667e-05,0.0003889991,5.066667e-06,8.96e-05,129745792.0
1.066667e-05,4.48e-05,5.333333e-06,3.84e-05,11686868.67
1.066667e-05,4.48e-05,5.333333e-06,4.27e-05,13176208.56
1.066667e-05,4.48e-05,5.333333e-06,4.69e-05,14431885.55
1.066667e-05,4.48e-05,5.333333e-06,5.12e-05,15509899.33
1.066667e-05,4.48e-05,5.333333e-06,5.55e-05,17224755.95
1.066667e-05,4.48e-05,5.333333e-06,5.97e-05,19141826.41
1.066667e-05,4.48e-05,5.333333e-06,6.4e-05,20865818.21
1.066667e-05,4.48e-05,5.333333e-06,6.83e-05,22431642.65
1.066667e-05,4.48e-05,5.333333e-06,7.25e-05,23859475.64
1.066667e-05,4.48e-05,5.333333e-06,7.68e-05,26708548.15
1.066667e-05,4.48e-05,5.333333e-06,8.11e-05,29504415.01
1.066667e-05,4.48e-05,5.333333e-06,8.53e-05,32101598.97
1.066667e-05,4.48e-05,5.333333e-06,8.96e-05,34524629.9
1.066667e-05,4.48e-05,2.4e-06,3.84e-05,11586158.83
1.066667e-05,4.48e-05,2.4e-06,4.27e-05,13106925.17
1.066667e-05,4.48e-05,2.4e-06,4.69e-05,14387955.91
1.066667e-05,4.48e-05,2.4e-06,5.12e-05,15486833.44
1.066667e-05,4.48e-05,2.4e-06,5.55e-05,17214399.24
1.066667e-05,4.48e-05,2.4e-06,5.97e-05,19169380.3
1.066667e-05,4.48e-05,2.4e-06,6.4e-05,20924685.72
1.066667e-05,4.48e-05,2.4e-06,6.83e-05,22521594.25
1.066667e-05,4.48e-05,2.4e-06,7.25e-05,23974256.14
1.066667e-05,4.48e-05,2.4e-06,7.68e-05,27041091.88
1.066667e-05,4.48e-05,2.4e-06,8.11e-05,29892109.33
1.066667e-05,4.48e-05,2.4e-06,8.53e-05,32531553.29
1.066667e-05,4.48e-05,2.4e-06,8.96e-05,35012612.02
1.066667e-05,4.48e-05,2.666667e-06,3.84e-05,11310152.09
1.066667e-05,4.48e-05,2.666667e-06,4.27e-05,12910729.65
1.066667e-05,4.48e-05,2.666667e-06,4.69e-05,14256280.97
1.066667e-05,4.48e-05,2.666667e-06,5.12e-05,15408373.92
1.066667e-05,4.48e-05,2.666667e-06,5.55e-05,17142325.08
1.066667e-05,4.48e-05,2.666667e-06,5.97e-05,19194050.27
1.066667e-05,4.48e-05,2.666667e-06,6.4e-05,21037446.25
1.066667e-05,4.48e-05,2.666667e-06,6.83e-05,22703669.03
1.066667e-05,4.48e-05,2.666667e-06,7.25e-05,24542676.65
1.066667e-05,4.48e-05,2.666667e-06,7.68e-05,27786221.38
1.066667e-05,4.48e-05,2.666667e-06,8.11e-05,30780704.22
1.066667e-05,4.48e-05,2.666667e-06,8.53e-05,33567717.11
1.066667e-05,4.48e-05,2.666667e-06,8.96e-05,36163330.99
1.066667e-05,4.48e-05,2.933333e-06,3.84e-05,11071001.83
1.066667e-05,4.48e-05,2.933333e-06,4.27e-05,12735496.7
1.066667e-05,4.48e-05,2.933333e-06,4.69e-05,14133329.13
1.066667e-05,4.48e-05,2.933333e-06,5.12e-05,15328608.29
1.066667e-05,4.48e-05,2.933333e-06,5.55e-05,17045865.21
1.066667e-05,4.48e-05,2.933333e-06,5.97e-05,19176043.65
1.066667e-05,4.48e-05,2.933333e-06,6.4e-05,21088280.11
1.066667e-05,4.48e-05,2.933333e-06,6.83e-05,22817999.7
1.066667e-05,4.48e-05,2.933333e-06,7.25e-05,24931447.37
1.066667e-05,4.48e-05,2.933333e-06,7.68e-05,28310249.74
1.066667e-05,4.48e-05,2.933333e-06,8.11e-05,31430023.73
1.066667e-05,4.48e-05,2.933333e-06,8.53e-05,34322871.12
1.066667e-05,4.48e-05,2.933333e-06,8.96e-05,37711323.39
1.066667e-05,4.48e-05,3.2e-06,3.84e-05,10739847.68
1.066667e-05,4.48e-05,3.2e-06,4.27e-05,12489571.16
1.066667e-05,4.48e-05,3.2e-06,4.69e-05,13953730.18
1.066667e-05,4.48e-05,3.2e-06,5.12e-05,15206802.18
1.066667e-05,4.48e-05,3.2e-06,5.55e-05,16880219.4
1.066667e-05,4.48e-05,3.2e-06,5.97e-05,19114883.99
1.066667e-05,4.48e-05,3.2e-06,6.4e-05,21118777.1
1.066667e-05,4.48e-05,3.2e-06,6.83e-05,22929607.02
1.066667e-05,4.48e-05,3.2e-06,7.25e-05,25373185.4
1.066667e-05,4.48e-05,3.2e-06,7.68e-05,28926266.65
1.066667e-05,4.48e-05,3.2e-06,8.11e-05,32199705.2
1.066667e-05,4.48e-05,3.2e-06,8.53e-05,35247488.57
1.066667e-05,4.48e-05,3.2e-06,8.96e-05,39856133.26
1.066667e-05,4.48e-05,3.466667e-06,3.84e-05,3994258.14
1.066667e-05,4.48e-05,3.466667e-06,4.27e-05,4413749.507
1.066667e-05,4.48e-05,3.466667e-06,4.69e-05,4933979.411
1.066667e-05,4.48e-05,3.466667e-06,5.12e-05,5492658.755
1.066667e-05,4.48e-05,3.466667e-06,5.55e-05,5959644.396
1.066667e-05,4.48e-05,3.466667e-06,5.97e-05,6356842.545
1.066667e-05,4.48e-05,3.466667e-06,6.4e-05,6699778.593
1.066667e-05,4.48e-05,3.466667e-06,6.83e-05,7093865.249
1.066667e-05,4.48e-05,3.466667e-06,7.25e-05,7667813.558
1.066667e-05,4.48e-05,3.466667e-06,7.68e-05,8178432.326
1.066667e-05,4.48e-05,3.466667e-06,8.11e-05,8635330.37
1.066667e-05,4.48e-05,3.466667e-06,8.53e-05,9050816.126
1.066667e-05,4.48e-05,3.466667e-06,8.96e-05,9429134.748
1.066667e-05,4.48e-05,3.733333e-06,3.84e-05,3774157.968
1.066667e-05,4.48e-05,3.733333e-06,4.27e-05,4231534.231
1.066667e-05,4.48e-05,3.733333e-06,4.69e-05,4620761.793
1.066667e-05,4.48e-05,3.733333e-06,5.12e-05,5222578.308
1.066667e-05,4.48e-05,3.733333e-06,5.55e-05,5723821.44
1.066667e-05,4.48e-05,3.733333e-06,5.97e-05,6150521.446
1.066667e-05,4.48e-05,3.733333e-06,6.4e-05,6518276.94
1.066667e-05,4.48e-05,3.733333e-06,6.83e-05,6839160.297
1.066667e-05,4.48e-05,3.733333e-06,7.25e-05,7357379.446
1.066667e-05,4.48e-05,3.733333e-06,7.68e-05,7901834.247
1.066667e-05,4.48e-05,3.733333e-06,8.11e-05,8388718.651
1.066667e-05,4.48e-05,3.733333e-06,8.53e-05,8828875.902
1.066667e-05,4.48e-05,3.733333e-06,8.96e-05,9230539.428
1.066667e-05,4.48e-05,4.8e-06,3.84e-05,3442523.321
1.066667e-05,4.48e-05,4.8e-06,4.27e-05,3955290.635
1.066667e-05,4.48e-05,4.8e-06,4.69e-05,4362614.268
1.066667e-05,4.48e-05,4.8e-06,5.12e-05,4818229.961
1.066667e-05,4.48e-05,4.8e-06,5.55e-05,5370439.805
1.066667e-05,4.48e-05,4.8e-06,5.97e-05,5838941.388
1.066667e-05,4.48e-05,4.8e-06,6.4e-05,6241900.741
1.066667e-05,4.48e-05,4.8e-06,6.83e-05,6593873.644
1.066667e-05,4.48e-05,4.8e-06,7.25e-05,6903501.829
1.066667e-05,4.48e-05,4.8e-06,7.68e-05,7476455.363
1.066667e-05,4.48e-05,4.8e-06,8.11e-05,8005867.396
1.066667e-05,4.48e-05,4.8e-06,8.53e-05,8484893.486
1.066667e-05,4.48e-05,4.8e-06,8.96e-05,8918535.871
1.066667e-05,4.48e-05,4.266667e-06,3.84e-05,3594286.585
1.066667e-05,4.48e-05,4.266667e-06,4.27e-05,4081886.84
1.066667e-05,4.48e-05,4.266667e-06,4.69e-05,4469507.012
1.066667e-05,4.48e-05,4.266667e-06,5.12e-05,5002633.207
1.066667e-05,4.48e-05,4.266667e-06,5.55e-05,5532071.018
1.066667e-05,4.48e-05,4.266667e-06,5.97e-05,5980931.467
1.066667e-05,4.48e-05,4.266667e-06,6.4e-05,6368584.921
1.066667e-05,4.48e-05,4.266667e-06,6.83e-05,6706401.251
1.066667e-05,4.48e-05,4.266667e-06,7.25e-05,7102171.479
1.066667e-05,4.48e-05,4.266667e-06,7.68e-05,7670863.188
1.066667e-05,4.48e-05,4.266667e-06,8.11e-05,8182728.377
1.066667e-05,4.48e-05,4.266667e-06,8.53e-05,8642771.751
1.066667e-05,4.48e-05,4.266667e-06,8.96e-05,9062478.72
1.066667e-05,4.48e-05,4.533333e-06,3.84e-05,3353497.705
1.066667e-05,4.48e-05,4.533333e-06,4.27e-05,3880714.06
1.066667e-05,4.48e-05,4.533333e-06,4.69e-05,4299557.182
1.066667e-05,4.48e-05,4.533333e-06,5.12e-05,4710381.316
1.066667e-05,4.48e-05,4.533333e-06,5.55e-05,5275776.12
1.066667e-05,4.48e-05,4.533333e-06,5.97e-05,5755325.849
1.066667e-05,4.48e-05,4.533333e-06,6.4e-05,6168157.659
1.066667e-05,4.48e-05,4.533333e-06,6.83e-05,6527626.827
1.066667e-05,4.48e-05,4.533333e-06,7.25e-05,6844376.279
1.066667e-05,4.48e-05,4.533333e-06,7.68e-05,7362213.059
1.066667e-05,4.48e-05,4.533333e-06,8.11e-05,7902318.939
1.066667e-05,4.48e-05,4.533333e-06,8.53e-05,8391373.258
1.066667e-05,4.48e-05,4.533333e-06,8.96e-05,8833719.977
1.066667e-05,4.48e-05,4e-06,3.84e-05,50066632.93
1.066667e-05,4.48e-05,4e-06,4.27e-05,62965543.73
1.066667e-05,4.48e-05,4e-06,4.69e-05,74495800.1
1.066667e-05,4.48e-05,4e-06,5.12e-05,82387812.6
1.066667e-05,4.48e-05,4e-06,5.55e-05,91171709.5
1.066667e-05,4.48e-05,4e-06,5.97e-05,98246253.0
1.066667e-05,4.48e-05,4e-06,6.4e-05,103842950.6
1.066667e-05,4.48e-05,4e-06,6.83e-05,108400916.8
1.066667e-05,4.48e-05,4e-06,7.25e-05,112109225.8
1.066667e-05,4.48e-05,4e-06,7.68e-05,115104741.4
1.066667e-05,4.48e-05,4e-06,8.11e-05,117515862.5
1.066667e-05,4.48e-05,4e-06,8.53e-05,119457168.6
1.066667e-05,4.48e-05,4e-06,8.96e-05,121021413.0
1.066667e-05,4.48e-05,5.6e-06,3.84e-05,52684337.13
1.066667e-05,4.48e-05,5.6e-06,4.27e-05,67650541.15
1.066667e-05,4.48e-05,5.6e-06,4.69e-05,78967340.29
1.066667e-05,4.48e-05,5.6e-06,5.12e-05,88691261.45
1.066667e-05,4.48e-05,5.6e-06,5.55e-05,97517277.45
1.066667e-05,4.48e-05,5.6e-06,5.97e-05,104260834.8
1.066667e-05,4.48e-05,5.6e-06,6.4e-05,109561722.9
1.066667e-05,4.48e-05,5.6e-06,6.83e-05,113817554.9
1.066667e-05,4.48e-05,5.6e-06,7.25e-05,117248242.3
1.066667e-05,4.48e-05,5.6e-06,7.68e-05,120009759.1
1.066667e-05,4.48e-05,5.6e-06,8.11e-05,122232227.3
1.066667e-05,4.48e-05,5.6e-06,8.53e-05,124023910.4
1.066667e-05,4.48e-05,5.6e-06,8.96e-05,125470015.4
1.066667e-05,4.48e-05,5.066667e-06,3.84e-05,54710200.87
1.066667e-05,4.48e-05,5.066667e-06,4.27e-05,71202010.88
1.066667e-05,4.48e-05,5.066667e-06,4.69e-05,82347939.37
1.066667e-05,4.48e-05,5.066667e-06,5.12e-05,93698574.62
1.066667e-05,4.48e-05,5.066667e-06,5.55e-05,102227761.7
1.066667e-05,4.48e-05,5.066667e-06,5.97e-05,108749934.6
1.066667e-05,4.48e-05,5.066667e-06,6.4e-05,113851015.5
1.066667e-05,4.48e-05,5.066667e-06,6.83e-05,117901639.1
1.066667e-05,4.48e-05,5.066667e-06,7.25e-05,121140323.6
1.066667e-05,4.48e-05,5.066667e-06,7.68e-05,123737417.5
1.066667e-05,4.48e-05,5.066667e-06,8.11e-05,125825727.8
1.066667e-05,4.48e-05,5.066667e-06,8.53e-05,128948050.5
1.066667e-05,4.48e-05,5.066667e-06,8.96e-05,131607065.2
4.8e-06,0.000132012,5.333333e-06,3.84e-05,12003354.36
4.8e-06,0.000132012,5.333333e-06,4.27e-05,13465387.99
4.8e-06,0.000132012,5.333333e-06,4.69e-05,14699136.21
4.8e-06,0.000132012,5.333333e-06,5.12e-05,15758977.89
4.8e-06,0.000132012,5.333333e-06,5.55e-05,17760930.79
4.8e-06,0.000132012,5.333333e-06,5.97e-05,19650553.92
4.8e-06,0.000132012,5.333333e-06,6.4e-05,21350342.48
4.8e-06,0.000132012,5.333333e-06,6.83e-05,22894439.33
4.8e-06,0.000132012,5.333333e-06,7.25e-05,24711239.82
4.8e-06,0.000132012,5.333333e-06,7.68e-05,27687677.41
4.8e-06,0.000132012,5.333333e-06,8.11e-05,30446372.46
4.8e-06,0.000132012,5.333333e-06,8.53e-05,33008980.65
4.8e-06,0.000132012,5.333333e-06,8.96e-05,35399647.56
4.8e-06,0.000132012,2.4e-06,3.84e-05,11908557.52
4.8e-06,0.000132012,2.4e-06,4.27e-05,13401279.34
4.8e-06,0.000132012,2.4e-06,4.69e-05,14659752.66
4.8e-06,0.000132012,2.4e-06,5.12e-05,15739914.52
4.8e-06,0.000132012,2.4e-06,5.55e-05,17759659.9
4.8e-06,0.000132012,2.4e-06,5.97e-05,19686234.91
4.8e-06,0.000132012,2.4e-06,6.4e-05,21416517.62
4.8e-06,0.000132012,2.4e-06,6.83e-05,22990843.23
4.8e-06,0.000132012,2.4e-06,7.25e-05,24991170.47
4.8e-06,0.000132012,2.4e-06,7.68e-05,28034426.74
4.8e-06,0.000132012,2.4e-06,8.11e-05,30846764.28
4.8e-06,0.000132012,2.4e-06,8.53e-05,33450486.2
4.8e-06,0.000132012,2.4e-06,8.96e-05,35897435.74
4.8e-06,0.000132012,2.666667e-06,3.84e-05,11647939.86
4.8e-06,0.000132012,2.666667e-06,4.27e-05,13218547.5
4.8e-06,0.000132012,2.666667e-06,4.69e-05,14539906.46
4.8e-06,0.000132012,2.666667e-06,5.12e-05,15671873.06
4.8e-06,0.000132012,2.666667e-06,5.55e-05,17711177.51
4.8e-06,0.000132012,2.666667e-06,5.97e-05,19731992.43
4.8e-06,0.000132012,2.666667e-06,6.4e-05,21547984.99
4.8e-06,0.000132012,2.666667e-06,6.83e-05,23189707.45
4.8e-06,0.000132012,2.666667e-06,7.25e-05,25619200.11
4.8e-06,0.000132012,2.666667e-06,7.68e-05,28816658.61
4.8e-06,0.000132012,2.666667e-06,8.11e-05,31768400.18
4.8e-06,0.000132012,2.666667e-06,8.53e-05,34515430.59
4.8e-06,0.000132012,2.666667e-06,8.96e-05,37835990.95
4.8e-06,0.000132012,2.933333e-06,3.84e-05,11421527.02
4.8e-06,0.000132012,2.933333e-06,4.27e-05,13054473.36
4.8e-06,0.000132012,2.933333e-06,4.69e-05,14426754.58
4.8e-06,0.000132012,2.933333e-06,5.12e-05,15600738.58
4.8e-06,0.000132012,2.933333e-06,5.55e-05,17634200.36
4.8e-06,0.000132012,2.933333e-06,5.97e-05,19731381.8
4.8e-06,0.000132012,2.933333e-06,6.4e-05,21614317.38
4.8e-06,0.000132012,2.933333e-06,6.83e-05,23317715.91
4.8e-06,0.000132012,2.933333e-06,7.25e-05,26042309.22
4.8e-06,0.000132012,2.933333e-06,7.68e-05,29371255.68
4.8e-06,0.000132012,2.933333e-06,8.11e-05,32444385.81
4.8e-06,0.000132012,2.933333e-06,8.53e-05,35294394.48
4.8e-06,0.000132012,2.933333e-06,8.96e-05,39572757.15
4.8e-06,0.000132012,3.2e-06,3.84e-05,11107616.8
4.8e-06,0.000132012,3.2e-06,4.27e-05,12823617.53
4.8e-06,0.000132012,3.2e-06,4.69e-05,14260444.79
4.8e-06,0.000132012,3.2e-06,5.12e-05,15490626.28
4.8e-06,0.000132012,3.2e-06,5.55e-05,17494858.8
4.8e-06,0.000132012,3.2e-06,5.97e-05,19693674.82
4.8e-06,0.000132012,3.2e-06,6.4e-05,21665681.74
4.8e-06,0.000132012,3.2e-06,6.83e-05,23447829.38
4.8e-06,0.000132012,3.2e-06,7.25e-05,26530163.16
4.8e-06,0.000132012,3.2e-06,7.68e-05,30028487.47
4.8e-06,0.000132012,3.2e-06,8.11e-05,33251302.96
4.8e-06,0.000132012,3.2e-06,8.53e-05,36250846.82
4.8e-06,0.000132012,3.2e-06,8.96e-05,41777687.96
4.8e-06,0.000132012,3.466667e-06,3.84e-05,4087901.545
4.8e-06,0.000132012,3.466667e-06,4.27e-05,4497431.1
4.8e-06,0.000132012,3.466667e-06,4.69e-05,5088441.975
4.8e-06,0.000132012,3.466667e-06,5.12e-05,5633094.719
4.8e-06,0.000132012,3.466667e-06,5.55e-05,6088752.777
4.8e-06,0.000132012,3.466667e-06,5.97e-05,6476589.547
4.8e-06,0.000132012,3.466667e-06,6.4e-05,6811634.625
4.8e-06,0.000132012,3.466667e-06,6.83e-05,7320851.357
4.8e-06,0.000132012,3.466667e-06,7.25e-05,7881613.583
4.8e-06,0.000132012,3.466667e-06,7.68e-05,8380839.014
4.8e-06,0.000132012,3.466667e-06,8.11e-05,8827808.555
4.8e-06,0.000132012,3.466667e-06,8.53e-05,9234429.378
4.8e-06,0.000132012,3.466667e-06,8.96e-05,9604823.084
4.8e-06,0.000132012,3.733333e-06,3.84e-05,3874069.337
4.8e-06,0.000132012,3.733333e-06,4.27e-05,4320886.105
4.8e-06,0.000132012,3.733333e-06,4.69e-05,4784693.579
4.8e-06,0.000132012,3.733333e-06,5.12e-05,5371639.213
4.8e-06,0.000132012,3.733333e-06,5.55e-05,5860866.76
4.8e-06,0.000132012,3.733333e-06,5.97e-05,6277598.758
4.8e-06,0.000132012,3.733333e-06,6.4e-05,6636941.038
4.8e-06,0.000132012,3.733333e-06,6.83e-05,6987823.313
4.8e-06,0.000132012,3.733333e-06,7.25e-05,7583446.428
4.8e-06,0.000132012,3.733333e-06,7.68e-05,8115699.831
4.8e-06,0.000132012,3.733333e-06,8.11e-05,8591919.518
4.8e-06,0.000132012,3.733333e-06,8.53e-05,9022636.771
4.8e-06,0.000132012,3.733333e-06,8.96e-05,9415803.299
4.8e-06,0.000132012,4.8e-06,3.84e-05,3551843.166
4.8e-06,0.000132012,4.8e-06,4.27e-05,4053150.478
4.8e-06,0.000132012,4.8e-06,4.69e-05,4451539.255
4.8e-06,0.000132012,4.8e-06,5.12e-05,4980290.499
4.8e-06,0.000132012,4.8e-06,5.55e-05,5519415.801
4.8e-06,0.000132012,4.8e-06,5.97e-05,5977053.764
4.8e-06,0.000132012,4.8e-06,6.4e-05,6370829.967
4.8e-06,0.000132012,4.8e-06,6.83e-05,6714895.09
4.8e-06,0.000132012,4.8e-06,7.25e-05,7131023.785
4.8e-06,0.000132012,4.8e-06,7.68e-05,7707625.367
4.8e-06,0.000132012,4.8e-06,8.11e-05,8225313.587
4.8e-06,0.000132012,4.8e-06,8.53e-05,8693898.273
4.8e-06,0.000132012,4.8e-06,8.96e-05,9118240.28
4.8e-06,0.000132012,4.266667e-06,3.84e-05,3699303.413
4.8e-06,0.000132012,4.266667e-06,4.27e-05,4175856.269
4.8e-06,0.000132012,4.266667e-06,4.69e-05,4554872.736
4.8e-06,0.000132012,4.266667e-06,5.12e-05,5158745.625
4.8e-06,0.000132012,4.266667e-06,5.55e-05,5675583.052
4.8e-06,0.000132012,4.266667e-06,5.97e-05,6114004.22
4.8e-06,0.000132012,4.266667e-06,6.4e-05,6492814.32
4.8e-06,0.000132012,4.266667e-06,6.83e-05,6823040.327
4.8e-06,0.000132012,4.266667e-06,7.25e-05,7338215.674
4.8e-06,0.000132012,4.266667e-06,7.68e-05,7894140.84
4.8e-06,0.000132012,4.266667e-06,8.11e-05,8394717.449
4.8e-06,0.000132012,4.266667e-06,8.53e-05,8844821.381
4.8e-06,0.000132012,4.266667e-06,8.96e-05,9255574.301
4.8e-06,0.000132012,4.533333e-06,3.84e-05,3465342.843
4.8e-06,0.000132012,4.533333e-06,4.27e-05,3980862.407
4.8e-06,0.000132012,4.533333e-06,4.69e-05,4390575.613
4.8e-06,0.000132012,4.533333e-06,5.12e-05,4875940.655
4.8e-06,0.000132012,4.533333e-06,5.55e-05,5427966.251
4.8e-06,0.000132012,4.533333e-06,5.97e-05,5896409.601
4.8e-06,0.000132012,4.533333e-06,6.4e-05,6299838.953
4.8e-06,0.000132012,4.533333e-06,6.83e-05,6651228.105
4.8e-06,0.000132012,4.533333e-06,7.25e-05,7009446.644
4.8e-06,0.000132012,4.533333e-06,7.68e-05,7598023.951
4.8e-06,0.000132012,4.533333e-06,8.11e-05,8126143.648
4.8e-06,0.000132012,4.533333e-06,8.53e-05,8604490.293
4.8e-06,0.000132012,4.533333e-06,8.96e-05,9037306.905
4.8e-06,0.000132012,4e-06,3.84e-05,51622945.72
4.8e-06,0.000132012,4e-06,4.27e-05,65314425.96
4.8e-06,0.000132012,4e-06,4.69e-05,76562037.39
4.8e-06,0.000132012,4e-06,5.12e-05,84963585.14
4.8e-06,0.000132012,4e-06,5.55e-05,93987446.41
4.8e-06,0.000132012,4e-06,5.97e-05,100872059.4
4.8e-06,0.000132012,4e-06,6.4e-05,106288789.3
4.8e-06,0.000132012,4e-06,6.83e-05,110667114.4
4.8e-06,0.000132012,4e-06,7.25e-05,114208820.3
4.8e-06,0.000132012,4e-06,7.68e-05,117059755.5
4.8e-06,0.000132012,4e-06,8.11e-05,119349759.9
4.8e-06,0.000132012,4e-06,8.53e-05,121190782.6
4.8e-06,0.000132012,4e-06,8.96e-05,122671964.2
4.8e-06,0.000132012,5.6e-06,3.84e-05,54260805.87
4.8e-06,0.000132012,5.6e-06,4.27e-05,69977747.4
4.8e-06,0.000132012,5.6e-06,4.69e-05,81007791.1
4.8e-06,0.000132012,5.6e-06,5.12e-05,91654705.44
4.8e-06,0.000132012,5.6e-06,5.55e-05,100263732.2
4.8e-06,0.000132012,5.6e-06,5.97e-05,106826528.8
4.8e-06,0.000132012,5.6e-06,6.4e-05,111954146.7
4.8e-06,0.000132012,5.6e-06,6.83e-05,116037635.6
4.8e-06,0.000132012,5.6e-06,7.25e-05,119308498.3
4.8e-06,0.000132012,5.6e-06,7.68e-05,121930932.6
4.8e-06,0.000132012,5.6e-06,8.11e-05,124036410.4
4.8e-06,0.000132012,5.6e-06,8.53e-05,125730811.2
4.8e-06,0.000132012,5.6e-06,8.96e-05,128247172.3
4.8e-06,0.000132012,5.066667e-06,3.84e-05,57288798.75
4.8e-06,0.000132012,5.066667e-06,4.27e-05,73514008.88
4.8e-06,0.000132012,5.066667e-06,4.69e-05,85076868.88
4.8e-06,0.000132012,5.066667e-06,5.12e-05,96604805.37
4.8e-06,0.000132012,5.066667e-06,5.55e-05,104925736.9
4.8e-06,0.000132012,5.066667e-06,5.97e-05,111273906.8
4.8e-06,0.000132012,5.066667e-06,6.4e-05,116206440.9
4.8e-06,0.000132012,5.066667e-06,6.83e-05,120089975.0
4.8e-06,0.000132012,5.066667e-06,7.25e-05,123173721.7
4.8e-06,0.000132012,5.066667e-06,7.68e-05,125635716.9
4.8e-06,0.000132012,5.066667e-06,8.11e-05,129083351.6
4.8e-06,0.000132012,5.066667e-06,8.53e-05,132148070.6
4.8e-06,0.000132012,5.066667e-06,8.96e-05,134708087.3
4.8e-06,0.0003889991,5.333333e-06,3.84e-05,11853569.75
4.8e-06,0.0003889991,5.333333e-06,4.27e-05,13328514.26
4.8e-06,0.0003889991,5.333333e-06,4.69e-05,14572632.11
4.8e-06,0.0003889991,5.333333e-06,5.12e-05,15641067.92
4.8e-06,0.0003889991,5.333333e-06,5.55e-05,17507101.96
4.8e-06,0.0003889991,5.333333e-06,5.97e-05,19409707.31
4.8e-06,0.0003889991,5.333333e-06,6.4e-05,21120944.79
4.8e-06,0.0003889991,5.333333e-06,6.83e-05,22675319.64
4.8e-06,0.0003889991,5.333333e-06,7.25e-05,24228657.04
4.8e-06,0.0003889991,5.333333e-06,7.68e-05,27224091.87
4.8e-06,0.0003889991,5.333333e-06,8.11e-05,30000385.4
4.8e-06,0.0003889991,5.333333e-06,8.53e-05,32579362.45
4.8e-06,0.0003889991,5.333333e-06,8.96e-05,34985351.14
4.8e-06,0.0003889991,2.4e-06,3.84e-05,11755987.2
4.8e-06,0.0003889991,2.4e-06,4.27e-05,13261968.06
4.8e-06,0.0003889991,2.4e-06,4.69e-05,14531107.54
4.8e-06,0.0003889991,2.4e-06,5.12e-05,15620119.98
4.8e-06,0.0003889991,2.4e-06,5.55e-05,17501552.33
4.8e-06,0.0003889991,2.4e-06,5.97e-05,19441562.1
4.8e-06,0.0003889991,2.4e-06,6.4e-05,21183680.72
4.8e-06,0.0003889991,2.4e-06,6.83e-05,22768687.98
4.8e-06,0.0003889991,2.4e-06,7.25e-05,24501042.96
4.8e-06,0.0003889991,2.4e-06,7.68e-05,27564158.95
4.8e-06,0.0003889991,2.4e-06,8.11e-05,30394806.11
4.8e-06,0.0003889991,2.4e-06,8.53e-05,33015434.16
4.8e-06,0.0003889991,2.4e-06,8.96e-05,35478534.03
4.8e-06,0.0003889991,2.666667e-06,3.84e-05,11488118.01
4.8e-06,0.0003889991,2.666667e-06,4.27e-05,13072892.69
4.8e-06,0.0003889991,2.666667e-06,4.69e-05,14405688.98
4.8e-06,0.0003889991,2.666667e-06,5.12e-05,15547171.65
4.8e-06,0.0003889991,2.666667e-06,5.55e-05,17441956.92
4.8e-06,0.0003889991,2.666667e-06,5.97e-05,19477388.55
4.8e-06,0.0003889991,2.666667e-06,6.4e-05,21306340.42
4.8e-06,0.0003889991,2.666667e-06,6.83e-05,22959650.3
4.8e-06,0.0003889991,2.666667e-06,7.25e-05,25109658.25
4.8e-06,0.0003889991,2.666667e-06,7.68e-05,28328927.41
4.8e-06,0.0003889991,2.666667e-06,8.11e-05,31300893.43
4.8e-06,0.0003889991,2.666667e-06,8.53e-05,34066848.84
4.8e-06,0.0003889991,2.666667e-06,8.96e-05,36976362.69
4.8e-06,0.0003889991,2.933333e-06,3.84e-05,11255701.94
4.8e-06,0.0003889991,2.933333e-06,4.27e-05,12903559.86
4.8e-06,0.0003889991,2.933333e-06,4.69e-05,14287919.29
4.8e-06,0.0003889991,2.933333e-06,5.12e-05,15471970.7
4.8e-06,0.0003889991,2.933333e-06,5.55e-05,17355799.97
4.8e-06,0.0003889991,2.933333e-06,5.97e-05,19468582.94
4.8e-06,0.0003889991,2.933333e-06,6.4e-05,21365373.38
4.8e-06,0.0003889991,2.933333e-06,6.83e-05,23081218.33
4.8e-06,0.0003889991,2.933333e-06,7.25e-05,25516593.07
4.8e-06,0.0003889991,2.933333e-06,7.68e-05,28869129.8
4.8e-06,0.0003889991,2.933333e-06,8.11e-05,31964320.95
4.8e-06,0.0003889991,2.933333e-06,8.53e-05,34834611.84
4.8e-06,0.0003889991,2.933333e-06,8.96e-05,38692121.67
4.8e-06,0.0003889991,3.2e-06,3.84e-05,10933663.94
4.8e-06,0.0003889991,3.2e-06,4.27e-05,12665601.4
4.8e-06,0.0003889991,3.2e-06,4.69e-05,14115346.61
4.8e-06,0.0003889991,3.2e-06,5.12e-05,15356347.96
4.8e-06,0.0003889991,3.2e-06,5.55e-05,17204062.62
4.8e-06,0.0003889991,3.2e-06,5.97e-05,19419825.75
4.8e-06,0.0003889991,3.2e-06,6.4e-05,21406907.58
4.8e-06,0.0003889991,3.2e-06,6.83e-05,23202615.99
4.8e-06,0.0003889991,3.2e-06,7.25e-05,25982719.55
4.8e-06,0.0003889991,3.2e-06,7.68e-05,29506949.92
4.8e-06,0.0003889991,3.2e-06,8.11e-05,32753720.5
4.8e-06,0.0003889991,3.2e-06,8.53e-05,35776082.33
4.8e-06,0.0003889991,3.2e-06,8.96e-05,40868824.0
4.8e-06,0.0003889991,3.466667e-06,3.84e-05,4043532.577
4.8e-06,0.0003889991,3.466667e-06,4.27e-05,4457775.533
4.8e-06,0.0003889991,3.466667e-06,4.69e-05,5015322.815
4.8e-06,0.0003889991,3.466667e-06,5.12e-05,5566609.936
4.8e-06,0.0003889991,3.466667e-06,5.55e-05,6027625.933
4.8e-06,0.0003889991,3.466667e-06,5.97e-05,6419890.825
4.8e-06,0.0003889991,3.466667e-06,6.4e-05,6758668.693
4.8e-06,0.0003889991,3.466667e-06,6.83e-05,7213417.495
4.8e-06,0.0003889991,3.466667e-06,7.25e-05,7780416.201
4.8e-06,0.0003889991,3.466667e-06,7.68e-05,8285030.2
4.8e-06,0.0003889991,3.466667e-06,8.11e-05,8736695.813
4.8e-06,0.0003889991,3.466667e-06,8.53e-05,9147509.847
4.8e-06,0.0003889991,3.466667e-06,8.96e-05,9521652.268
4.8e-06,0.0003889991,3.733333e-06,3.84e-05,3826739.088
4.8e-06,0.0003889991,3.733333e-06,4.27e-05,4278550.514
4.8e-06,0.0003889991,3.733333e-06,4.69e-05,4707107.247
4.8e-06,0.0003889991,3.733333e-06,5.12e-05,5301084.972
4.8e-06,0.0003889991,3.733333e-06,5.55e-05,5795994.592
4.8e-06,0.0003889991,3.733333e-06,5.97e-05,6217440.556
4.8e-06,0.0003889991,3.733333e-06,6.4e-05,6580761.733
4.8e-06,0.0003889991,3.733333e-06,6.83e-05,6897841.497
4.8e-06,0.0003889991,3.733333e-06,7.25e-05,7476465.289
4.8e-06,0.0003889991,3.733333e-06,7.68e-05,8014488.475
4.8e-06,0.0003889991,3.733333e-06,8.11e-05,8495751.181
4.8e-06,0.0003889991,3.733333e-06,8.53e-05,8930932.831
4.8e-06,0.0003889991,3.733333e-06,8.96e-05,9328117.9
4.8e-06,0.0003889991,4.8e-06,3.84e-05,3500068.518
4.8e-06,0.0003889991,4.8e-06,4.27e-05,4006794.103
4.8e-06,0.0003889991,4.8e-06,4.69e-05,4409407.412
4.8e-06,0.0003889991,4.8e-06,5.12e-05,4903602.447
4.8e-06,0.0003889991,4.8e-06,5.55e-05,5448913.378
4.8e-06,0.0003889991,4.8e-06,5.97e-05,5911687.248
4.8e-06,0.0003889991,4.8e-06,6.4e-05,6309805.132
4.8e-06,0.0003889991,4.8e-06,6.83e-05,6657609.137
4.8e-06,0.0003889991,4.8e-06,7.25e-05,7015369.449
4.8e-06,0.0003889991,4.8e-06,7.68e-05,7598253.801
4.8e-06,0.0003889991,4.8e-06,8.11e-05,8121484.832
4.8e-06,0.0003889991,4.8e-06,8.53e-05,8595005.752
4.8e-06,0.0003889991,4.8e-06,8.96e-05,9023745.008
4.8e-06,0.0003889991,4.266667e-06,3.84e-05,3649561.324
4.8e-06,0.0003889991,4.266667e-06,4.27e-05,4131338.379
4.8e-06,0.0003889991,4.266667e-06,4.69e-05,4514423.592
4.8e-06,0.0003889991,4.266667e-06,5.12e-05,5084864.152
4.8e-06,0.0003889991,4.266667e-06,5.55e-05,5607659.148
4.8e-06,0.0003889991,4.266667e-06,5.97e-05,6051016.321
4.8e-06,0.0003889991,4.266667e-06,6.4e-05,6434008.002
4.8e-06,0.0003889991,4.266667e-06,6.83e-05,6767823.307
4.8e-06,0.0003889991,4.266667e-06,7.25e-05,7226529.903
4.8e-06,0.0003889991,4.266667e-06,7.68e-05,7788491.095
4.8e-06,0.0003889991,4.266667e-06,8.11e-05,8294405.198
4.8e-06,0.0003889991,4.266667e-06,8.53e-05,8749208.853
4.8e-06,0.0003889991,4.266667e-06,8.96e-05,9164195.778
4.8e-06,0.0003889991,4.533333e-06,3.84e-05,3412375.465
4.8e-06,0.0003889991,4.533333e-06,4.27e-05,3933424.641
4.8e-06,0.0003889991,4.533333e-06,4.69e-05,4347454.125
4.8e-06,0.0003889991,4.533333e-06,5.12e-05,4797601.766
4.8e-06,0.0003889991,4.533333e-06,5.55e-05,5355947.068
4.8e-06,0.0003889991,4.533333e-06,5.97e-05,5829640.675
4.8e-06,0.0003889991,4.533333e-06,6.4e-05,6237515.016
4.8e-06,0.0003889991,4.533333e-06,6.83e-05,6592724.208
4.8e-06,0.0003889991,4.533333e-06,7.25e-05,6905759.142
4.8e-06,0.0003889991,4.533333e-06,7.68e-05,7486463.846
4.8e-06,0.0003889991,4.533333e-06,8.11e-05,8020249.806
4.8e-06,0.0003889991,4.533333e-06,8.53e-05,8503658.503
4.8e-06,0.0003889991,4.533333e-06,8.96e-05,8940980.623
4.8e-06,0.0003889991,4e-06,3.84e-05,50886447.71
4.8e-06,0.0003889991,4e-06,4.27e-05,64203568.68
4.8e-06,0.0003889991,4e-06,4.69e-05,75585055.66
4.8e-06,0.0003889991,4e-06,5.12e-05,83524882.28
4.8e-06,0.0003889991,4e-06,5.55e-05,92657486.12
4.8e-06,0.0003889991,4e-06,5.97e-05,99632569.56
4.8e-06,0.0003889991,4e-06,6.4e-05,105135032.0
4.8e-06,0.0003889991,4e-06,6.83e-05,109598758.0
4.8e-06,0.0003889991,4e-06,7.25e-05,113219483.9
4.8e-06,0.0003889991,4e-06,7.68e-05,116138884.5
4.8e-06,0.0003889991,4e-06,8.11e-05,118486187.4
4.8e-06,0.0003889991,4e-06,8.53e-05,120374624.0
4.8e-06,0.0003889991,4e-06,8.96e-05,121895061.5
4.8e-06,0.0003889991,5.6e-06,3.84e-05,53514957.55
4.8e-06,0.0003889991,5.6e-06,4.27e-05,68877515.39
4.8e-06,0.0003889991,5.6e-06,4.69e-05,80043275.57
4.8e-06,0.0003889991,5.6e-06,5.12e-05,90254873.64
4.8e-06,0.0003889991,5.6e-06,5.55e-05,98967055.37
4.8e-06,0.0003889991,5.6e-06,5.97e-05,105615963.3
4.8e-06,0.0003889991,5.6e-06,6.4e-05,110826135.8
4.8e-06,0.0003889991,5.6e-06,6.83e-05,114991545.8
4.8e-06,0.0003889991,5.6e-06,7.25e-05,118338192.2
4.8e-06,0.0003889991,5.6e-06,7.68e-05,121026462.5
4.8e-06,0.0003889991,5.6e-06,8.11e-05,123187261.1
4.8e-06,0.0003889991,5.6e-06,8.53e-05,124927633.6
4.8e-06,0.0003889991,5.6e-06,8.96e-05,126749931.2
4.8e-06,0.0003889991,5.066667e-06,3.84e-05,55985199.46
4.8e-06,0.0003889991,5.066667e-06,4.27e-05,72421255.26
4.8e-06,0.0003889991,5.066667e-06,4.69e-05,83555999.08
4.8e-06,0.0003889991,5.066667e-06,5.12e-05,95232431.6
4.8e-06,0.0003889991,5.066667e-06,5.55e-05,103652371.3
4.8e-06,0.0003889991,5.066667e-06,5.97e-05,110083441.8
4.8e-06,0.0003889991,5.066667e-06,6.4e-05,115096293.9
4.8e-06,0.0003889991,5.066667e-06,6.83e-05,119059247.8
4.8e-06,0.0003889991,5.066667e-06,7.25e-05,122216447.6
4.8e-06,0.0003889991,5.066667e-06,7.68e-05,124742375.1
4.8e-06,0.0003889991,5.066667e-06,8.11e-05,127522560.6
4.8e-06,0.0003889991,5.066667e-06,8.53e-05,130641631.0
4.8e-06,0.0003889991,5.066667e-06,8.96e-05,133248519.1
4.8e-06,4.48e-05,5.333333e-06,3.84e-05,12262479.76
4.8e-06,4.48e-05,5.333333e-06,4.27e-05,13702233.83
4.8e-06,4.48e-05,5.333333e-06,4.69e-05,14918082.08
4.8e-06,4.48e-05,5.333333e-06,5.12e-05,16109117.3
4.8e-06,4.48e-05,5.333333e-06,5.55e-05,18200367.99
4.8e-06,4.48e-05,5.333333e-06,5.97e-05,20067567.48
4.8e-06,4.48e-05,5.333333e-06,6.4e-05,21747576.12
4.8e-06,4.48e-05,5.333333e-06,6.83e-05,23273915.84
4.8e-06,4.48e-05,5.333333e-06,7.25e-05,25546928.73
4.8e-06,4.48e-05,5.333333e-06,7.68e-05,28490487.82
4.8e-06,4.48e-05,5.333333e-06,8.11e-05,31218706.26
4.8e-06,4.48e-05,5.333333e-06,8.53e-05,33752970.93
4.8e-06,4.48e-05,5.333333e-06,8.96e-05,36117108.22
4.8e-06,4.48e-05,2.4e-06,3.84e-05,12172445.04
4.8e-06,4.48e-05,2.4e-06,4.27e-05,13642290.47
4.8e-06,4.48e-05,2.4e-06,4.69e-05,14882355.2
4.8e-06,4.48e-05,2.4e-06,5.12e-05,16073390.8
4.8e-06,4.48e-05,2.4e-06,5.55e-05,18206403.39
4.8e-06,4.48e-05,2.4e-06,5.97e-05,20109777.29
4.8e-06,4.48e-05,2.4e-06,6.4e-05,21819614.22
4.8e-06,4.48e-05,2.4e-06,6.83e-05,23375489.75
4.8e-06,4.48e-05,2.4e-06,7.25e-05,25839719.76
4.8e-06,4.48e-05,2.4e-06,7.68e-05,28848612.05
4.8e-06,4.48e-05,2.4e-06,8.11e-05,31629254.99
4.8e-06,4.48e-05,2.4e-06,8.53e-05,34203728.61
4.8e-06,4.48e-05,2.4e-06,8.96e-05,36935097.33
4.8e-06,4.48e-05,2.666667e-06,3.84e-05,11924230.07
4.8e-06,4.48e-05,2.666667e-06,4.27e-05,13470404.97
4.8e-06,4.48e-05,2.666667e-06,4.69e-05,14772032.85
4.8e-06,4.48e-05,2.666667e-06,5.12e-05,15937545.5
4.8e-06,4.48e-05,2.666667e-06,5.55e-05,18176910.88
4.8e-06,4.48e-05,2.666667e-06,5.97e-05,20172494.4
4.8e-06,4.48e-05,2.666667e-06,6.4e-05,21966112.84
4.8e-06,4.48e-05,2.666667e-06,6.83e-05,23587825.51
4.8e-06,4.48e-05,2.666667e-06,7.25e-05,26500894.73
4.8e-06,4.48e-05,2.666667e-06,7.68e-05,29660619.84
4.8e-06,4.48e-05,2.666667e-06,8.11e-05,32577388.67
4.8e-06,4.48e-05,2.666667e-06,8.53e-05,35291665.52
4.8e-06,4.48e-05,2.666667e-06,8.96e-05,39322112.13
4.8e-06,4.48e-05,2.933333e-06,3.84e-05,11708090.15
4.8e-06,4.48e-05,2.933333e-06,4.27e-05,13315327.19
4.8e-06,4.48e-05,2.933333e-06,4.69e-05,14666778.51
4.8e-06,4.48e-05,2.933333e-06,5.12e-05,15823395.87
4.8e-06,4.48e-05,2.933333e-06,5.55e-05,18115630.39
4.8e-06,4.48e-05,2.933333e-06,5.97e-05,20185889.27
4.8e-06,4.48e-05,2.933333e-06,6.4e-05,22044912.55
4.8e-06,4.48e-05,2.933333e-06,6.83e-05,23726827.61
4.8e-06,4.48e-05,2.933333e-06,7.25e-05,26951635.0
4.8e-06,4.48e-05,2.933333e-06,7.68e-05,30239789.9
4.8e-06,4.48e-05,2.933333e-06,8.11e-05,33274826.2
4.8e-06,4.48e-05,2.933333e-06,8.53e-05,36089700.12
4.8e-06,4.48e-05,2.933333e-06,8.96e-05,41094485.06
4.8e-06,4.48e-05,3.2e-06,3.84e-05,11408091.02
4.8e-06,4.48e-05,3.2e-06,4.27e-05,13096626.06
4.8e-06,4.48e-05,3.2e-06,4.69e-05,14511183.81
4.8e-06,4.48e-05,3.2e-06,5.12e-05,15722708.52
4.8e-06,4.48e-05,3.2e-06,5.55e-05,17997492.71
4.8e-06,4.48e-05,3.2e-06,5.97e-05,20167076.21
4.8e-06,4.48e-05,3.2e-06,6.4e-05,22113076.06
4.8e-06,4.48e-05,3.2e-06,6.83e-05,23871826.57
4.8e-06,4.48e-05,3.2e-06,7.25e-05,27476632.27
4.8e-06,4.48e-05,3.2e-06,7.68e-05,30930175.48
4.8e-06,4.48e-05,3.2e-06,8.11e-05,34111561.35
4.8e-06,4.48e-05,3.2e-06,8.53e-05,37853354.59
4.8e-06,4.48e-05,3.2e-06,8.96e-05,43347207.43
4.8e-06,4.48e-05,3.466667e-06,3.84e-05,4164886.096
4.8e-06,4.48e-05,3.466667e-06,4.27e-05,4566265.133
4.8e-06,4.48e-05,3.466667e-06,4.69e-05,5215011.897
4.8e-06,4.48e-05,3.466667e-06,5.12e-05,5748204.274
4.8e-06,4.48e-05,3.466667e-06,5.55e-05,6194606.242
4.8e-06,4.48e-05,3.466667e-06,5.97e-05,6574792.363
4.8e-06,4.48e-05,3.466667e-06,6.4e-05,6903387.279
4.8e-06,4.48e-05,3.466667e-06,6.83e-05,7506742.788
4.8e-06,4.48e-05,3.466667e-06,7.25e-05,8056734.226
4.8e-06,4.48e-05,3.466667e-06,7.68e-05,8546653.422
4.8e-06,4.48e-05,3.466667e-06,8.11e-05,8985511.247
4.8e-06,4.48e-05,3.466667e-06,8.53e-05,9384888.116
4.8e-06,4.48e-05,3.466667e-06,8.96e-05,9748805.144
4.8e-06,4.48e-05,3.733333e-06,3.84e-05,3956155.208
4.8e-06,4.48e-05,3.733333e-06,4.27e-05,4394341.663
4.8e-06,4.48e-05,3.733333e-06,4.69e-05,4918928.563
4.8e-06,4.48e-05,3.733333e-06,5.12e-05,5493733.863
4.8e-06,4.48e-05,3.733333e-06,5.55e-05,5973150.979
4.8e-06,4.48e-05,3.733333e-06,5.97e-05,6381743.293
4.8e-06,4.48e-05,3.733333e-06,6.4e-05,6734214.236
4.8e-06,4.48e-05,3.733333e-06,6.83e-05,7184257.381
4.8e-06,4.48e-05,3.733333e-06,7.25e-05,7768475.552
4.8e-06,4.48e-05,3.733333e-06,7.68e-05,8290768.521
4.8e-06,4.48e-05,3.733333e-06,8.11e-05,8758282.965
4.8e-06,4.48e-05,3.733333e-06,8.53e-05,9181291.362
4.8e-06,4.48e-05,3.733333e-06,8.96e-05,9567518.473
4.8e-06,4.48e-05,4.8e-06,3.84e-05,3641582.653
4.8e-06,4.48e-05,4.8e-06,4.27e-05,4133537.662
4.8e-06,4.48e-05,4.8e-06,4.69e-05,4524634.064
4.8e-06,4.48e-05,4.8e-06,5.12e-05,5112914.703
4.8e-06,4.48e-05,4.8e-06,5.55e-05,5641368.675
4.8e-06,4.48e-05,4.8e-06,5.97e-05,6090145.392
4.8e-06,4.48e-05,4.8e-06,6.4e-05,6476429.625
4.8e-06,4.48e-05,4.8e-06,6.83e-05,6814042.209
4.8e-06,4.48e-05,4.8e-06,7.25e-05,7330915.774
4.8e-06,4.48e-05,4.8e-06,7.68e-05,7896679.329
4.8e-06,4.48e-05,4.8e-06,8.11e-05,8404803.884
4.8e-06,4.48e-05,4.8e-06,8.53e-05,8864872.956
4.8e-06,4.48e-05,4.8e-06,8.96e-05,9281627.063
4.8e-06,4.48e-05,4.266667e-06,3.84e-05,3785543.148
4.8e-06,4.48e-05,4.266667e-06,4.27e-05,4253074.375
4.8e-06,4.48e-05,4.266667e-06,4.69e-05,4679281.941
4.8e-06,4.48e-05,4.266667e-06,5.12e-05,5286552.008
4.8e-06,4.48e-05,4.266667e-06,5.55e-05,5793107.942
4.8e-06,4.48e-05,4.266667e-06,5.97e-05,6223009.642
4.8e-06,4.48e-05,4.266667e-06,6.4e-05,6594601.64
4.8e-06,4.48e-05,4.266667e-06,6.83e-05,6918998.281
4.8e-06,4.48e-05,4.266667e-06,7.25e-05,7531306.492
4.8e-06,4.48e-05,4.266667e-06,7.68e-05,8076816.07
4.8e-06,4.48e-05,4.266667e-06,8.11e-05,8568181.346
4.8e-06,4.48e-05,4.266667e-06,8.53e-05,9010174.022
4.8e-06,4.48e-05,4.266667e-06,8.96e-05,9413618.532
4.8e-06,4.48e-05,4.533333e-06,3.84e-05,3557135.554
4.8e-06,4.48e-05,4.533333e-06,4.27e-05,4063113.279
4.8e-06,4.48e-05,4.533333e-06,4.69e-05,4465377.812
4.8e-06,4.48e-05,4.533333e-06,5.12e-05,5011398.497
4.8e-06,4.48e-05,4.533333e-06,5.55e-05,5552523.639
4.8e-06,4.48e-05,4.533333e-06,5.97e-05,6011910.275
4.8e-06,4.48e-05,4.533333e-06,6.4e-05,6407671.058
4.8e-06,4.48e-05,4.533333e-06,6.83e-05,6752468.807
4.8e-06,4.48e-05,4.533333e-06,7.25e-05,7213338.392
4.8e-06,4.48e-05,4.533333e-06,7.68e-05,7790828.858
4.8e-06,4.48e-05,4.533333e-06,8.11e-05,8309174.864
4.8e-06,4.48e-05,4.533333e-06,8.53e-05,8778788.736
4.8e-06,4.48e-05,4.533333e-06,8.96e-05,9203832.254
4.8e-06,4.48e-05,4e-06,3.84e-05,52896813.4
4.8e-06,4.48e-05,4e-06,4.27e-05,67232259.92
4.8e-06,4.48e-05,4e-06,4.69e-05,78247708.29
4.8e-06,4.48e-05,4e-06,5.12e-05,87441532.06
4.8e-06,4.48e-05,4e-06,5.55e-05,96274891.13
4.8e-06,4.48e-05,4e-06,5.97e-05,103000171.8
4.8e-06,4.48e-05,4e-06,6.4e-05,108265915.9
4.8e-06,4.48e-05,4e-06,6.83e-05,112494700.8
4.8e-06,4.48e-05,4e-06,7.25e-05,115898890.9
4.8e-06,4.48e-05,4e-06,7.68e-05,118631181.8
4.8e-06,4.48e-05,4e-06,8.11e-05,120822151.5
4.8e-06,4.48e-05,4e-06,8.53e-05,122581359.4
4.8e-06,4.48e-05,4e-06,8.96e-05,123994881.2
4.8e-06,4.48e-05,5.6e-06,3.84e-05,55992585.04
4.8e-06,4.48e-05,5.6e-06,4.27e-05,71875510.45
4.8e-06,4.48e-05,5.6e-06,4.69e-05,82670676.5
4.8e-06,4.48e-05,5.6e-06,5.12e-05,94062969.2
4.8e-06,4.48e-05,5.6e-06,5.55e-05,102491231.6
4.8e-06,4.48e-05,5.6e-06,5.97e-05,108902329.7
4.8e-06,4.48e-05,5.6e-06,6.4e-05,113884506.9
4.8e-06,4.48e-05,5.6e-06,6.83e-05,117824605.1
4.8e-06,4.48e-05,5.6e-06,7.25e-05,120963689.4
4.8e-06,4.48e-05,5.6e-06,7.68e-05,123472160.2
4.8e-06,4.48e-05,5.6e-06,8.11e-05,125482143.2
4.8e-06,4.48e-05,5.6e-06,8.53e-05,128215835.2
4.8e-06,4.48e-05,5.6e-06,8.96e-05,130798287.8
4.8e-06,4.48e-05,5.066667e-06,3.84e-05,59538224.8
4.8e-06,4.48e-05,5.066667e-06,4.27e-05,75397543.04
4.8e-06,4.48e-05,5.066667e-06,4.69e-05,87694231.97
4.8e-06,4.48e-05,5.066667e-06,5.12e-05,98963746.11
4.8e-06,4.48e-05,5.066667e-06,5.55e-05,107111144.1
4.8e-06,4.48e-05,5.066667e-06,5.97e-05,113313230.0
4.8e-06,4.48e-05,5.066667e-06,6.4e-05,118104203.8
4.8e-06,4.48e-05,5.066667e-06,6.83e-05,121848751.0
4.8e-06,4.48e-05,5.066667e-06,7.25e-05,124804839.4
4.8e-06,4.48e-05,5.066667e-06,7.68e-05,128195258.7
4.8e-06,4.48e-05,5.066667e-06,8.11e-05,131743848.9
4.8e-06,4.48e-05,5.066667e-06,8.53e-05,134714278.1
4.8e-06,4.48e-05,5.066667e-06,8.96e-05,137193122.3
5.333333e-06,0.000132012,5.333333e-06,3.84e-05,12138941.97
5.333333e-06,0.000132012,5.333333e-06,4.27e-05,13589308.67
5.333333e-06,0.000132012,5.333333e-06,4.69e-05,14813684.31
5.333333e-06,0.000132012,5.333333e-06,5.12e-05,15887280.57
5.333333e-06,0.000132012,5.333333e-06,5.55e-05,17990815.42
5.333333e-06,0.000132012,5.333333e-06,5.97e-05,19868699.59
5.333333e-06,0.000132012,5.333333e-06,6.4e-05,21558133.96
5.333333e-06,0.000132012,5.333333e-06,6.83e-05,23092935.47
5.333333e-06,0.000132012,5.333333e-06,7.25e-05,25148383.0
5.333333e-06,0.000132012,5.333333e-06,7.68e-05,28107619.45
5.333333e-06,0.000132012,5.333333e-06,8.11e-05,30850373.1
5.333333e-06,0.000132012,5.333333e-06,8.53e-05,33398154.95
5.333333e-06,0.000132012,5.333333e-06,8.96e-05,35774944.14
5.333333e-06,0.000132012,2.4e-06,3.84e-05,12046646.18
5.333333e-06,0.000132012,2.4e-06,4.27e-05,13527387.89
5.333333e-06,0.000132012,2.4e-06,4.69e-05,14776221.77
5.333333e-06,0.000132012,2.4e-06,5.12e-05,15848383.49
5.333333e-06,0.000132012,2.4e-06,5.55e-05,17993383.1
5.333333e-06,0.000132012,2.4e-06,5.97e-05,19907811.48
5.333333e-06,0.000132012,2.4e-06,6.4e-05,21627390.99
5.333333e-06,0.000132012,2.4e-06,6.83e-05,23192057.81
5.333333e-06,0.000132012,2.4e-06,7.25e-05,25435074.13
5.333333e-06,0.000132012,2.4e-06,7.68e-05,28460350.92
5.333333e-06,0.000132012,2.4e-06,8.11e-05,31256107.7
5.333333e-06,0.000132012,2.4e-06,8.53e-05,33844525.76
5.333333e-06,0.000132012,2.4e-06,8.96e-05,36276843.13
5.333333e-06,0.000132012,2.666667e-06,3.84e-05,11792541.32
5.333333e-06,0.000132012,2.666667e-06,4.27e-05,13350352.15
5.333333e-06,0.000132012,2.666667e-06,4.69e-05,14661377.8
5.333333e-06,0.000132012,2.666667e-06,5.12e-05,15784745.32
5.333333e-06,0.000132012,2.666667e-06,5.55e-05,17954875.44
5.333333e-06,0.000132012,2.666667e-06,5.97e-05,19962479.02
5.333333e-06,0.000132012,2.666667e-06,6.4e-05,21766756.91
5.333333e-06,0.000132012,2.666667e-06,6.83e-05,23398003.29
5.333333e-06,0.000132012,2.666667e-06,7.25e-05,26080518.97
5.333333e-06,0.000132012,2.666667e-06,7.68e-05,29258234.07
5.333333e-06,0.000132012,2.666667e-06,8.11e-05,32191673.85
5.333333e-06,0.000132012,2.666667e-06,8.53e-05,34921568.42
5.333333e-06,0.000132012,2.666667e-06,8.96e-05,38613792.7
5.333333e-06,0.000132012,2.933333e-06,3.84e-05,11571522.06
5.333333e-06,0.000132012,2.933333e-06,4.27e-05,13191001.8
5.333333e-06,0.000132012,2.933333e-06,4.69e-05,14552373.14
5.333333e-06,0.000132012,2.933333e-06,5.12e-05,15717261.92
5.333333e-06,0.000132012,2.933333e-06,5.55e-05,17886141.54
5.333333e-06,0.000132012,2.933333e-06,5.97e-05,19969224.71
5.333333e-06,0.000132012,2.933333e-06,6.4e-05,21839638.96
5.333333e-06,0.000132012,2.933333e-06,6.83e-05,23531788.27
5.333333e-06,0.000132012,2.933333e-06,7.25e-05,26518143.24
5.333333e-06,0.000132012,2.933333e-06,7.68e-05,29825742.75
5.333333e-06,0.000132012,2.933333e-06,8.11e-05,32878928.15
5.333333e-06,0.000132012,2.933333e-06,8.53e-05,35710561.07
5.333333e-06,0.000132012,2.933333e-06,8.96e-05,40369311.45
5.333333e-06,0.000132012,3.2e-06,3.84e-05,11264915.17
5.333333e-06,0.000132012,3.2e-06,4.27e-05,12966527.49
5.333333e-06,0.000132012,3.2e-06,4.69e-05,14391689.48
5.333333e-06,0.000132012,3.2e-06,5.12e-05,15612098.81
5.333333e-06,0.000132012,3.2e-06,5.55e-05,17757934.09
5.333333e-06,0.000132012,3.2e-06,5.97e-05,19941440.25
5.333333e-06,0.000132012,3.2e-06,6.4e-05,21899827.17
5.333333e-06,0.000132012,3.2e-06,6.83e-05,23669721.96
5.333333e-06,0.000132012,3.2e-06,7.25e-05,27025505.08
5.333333e-06,0.000132012,3.2e-06,7.68e-05,30500392.19
5.333333e-06,0.000132012,3.2e-06,8.11e-05,33701527.91
5.333333e-06,0.000132012,3.2e-06,8.53e-05,37061970.13
5.333333e-06,0.000132012,3.2e-06,8.96e-05,42599421.42
5.333333e-06,0.000132012,3.466667e-06,3.84e-05,4128146.717
5.333333e-06,0.000132012,3.466667e-06,4.27e-05,4533411.096
5.333333e-06,0.000132012,3.466667e-06,4.69e-05,5154657.422
5.333333e-06,0.000132012,3.466667e-06,5.12e-05,5693310.851
5.333333e-06,0.000132012,3.466667e-06,5.55e-05,6144123.603
5.333333e-06,0.000132012,3.466667e-06,5.97e-05,6527955.607
5.333333e-06,0.000132012,3.466667e-06,6.4e-05,6859624.46
5.333333e-06,0.000132012,3.466667e-06,6.83e-05,7418113.977
5.333333e-06,0.000132012,3.466667e-06,7.25e-05,7973237.448
5.333333e-06,0.000132012,3.466667e-06,7.68e-05,8467590.819
5.333333e-06,0.000132012,3.466667e-06,8.11e-05,8910313.901
5.333333e-06,0.000132012,3.466667e-06,8.53e-05,9313142.672
5.333333e-06,0.000132012,3.466667e-06,8.96e-05,9680146.077
5.333333e-06,0.000132012,3.733333e-06,3.84e-05,3916987.149
5.333333e-06,0.000132012,3.733333e-06,4.27e-05,4359286.628
5.333333e-06,0.000132012,3.733333e-06,4.69e-05,4854929.888
5.333333e-06,0.000132012,3.733333e-06,5.12e-05,5435519.127
5.333333e-06,0.000132012,3.733333e-06,5.55e-05,5919610.29
5.333333e-06,0.000132012,3.733333e-06,5.97e-05,6332080.763
5.333333e-06,0.000132012,3.733333e-06,6.4e-05,6687825.706
5.333333e-06,0.000132012,3.733333e-06,6.83e-05,7090619.325
5.333333e-06,0.000132012,3.733333e-06,7.25e-05,7680270.631
5.333333e-06,0.000132012,3.733333e-06,7.68e-05,8207308.819
5.333333e-06,0.000132012,3.733333e-06,8.11e-05,8678970.397
5.333333e-06,0.000132012,3.733333e-06,8.53e-05,9105651.661
5.333333e-06,0.000132012,3.733333e-06,8.96e-05,9495185.108
5.333333e-06,0.000132012,4.8e-06,3.84e-05,3598771.216
5.333333e-06,0.000132012,4.8e-06,4.27e-05,4095181.753
5.333333e-06,0.000132012,4.8e-06,4.69e-05,4489752.394
5.333333e-06,0.000132012,4.8e-06,5.12e-05,5049693.157
5.333333e-06,0.000132012,4.8e-06,5.55e-05,5583229.972
5.333333e-06,0.000132012,4.8e-06,5.97e-05,6036227.514
5.333333e-06,0.000132012,4.8e-06,6.4e-05,6426080.521
5.333333e-06,0.000132012,4.8e-06,6.83e-05,6766766.868
5.333333e-06,0.000132012,4.8e-06,7.25e-05,7235647.901
5.333333e-06,0.000132012,4.8e-06,7.68e-05,7806573.475
5.333333e-06,0.000132012,4.8e-06,8.11e-05,8319253.434
5.333333e-06,0.000132012,4.8e-06,8.53e-05,8783378.445
5.333333e-06,0.000132012,4.8e-06,8.96e-05,9203746.977
5.333333e-06,0.000132012,4.266667e-06,3.84e-05,3744397.634
5.333333e-06,0.000132012,4.266667e-06,4.27e-05,4216227.536
5.333333e-06,0.000132012,4.266667e-06,4.69e-05,4612305.568
5.333333e-06,0.000132012,4.266667e-06,5.12e-05,5225621.327
5.333333e-06,0.000132012,4.266667e-06,5.55e-05,5737075.001
5.333333e-06,0.000132012,4.266667e-06,5.97e-05,6171035.23
5.333333e-06,0.000132012,4.266667e-06,6.4e-05,6546065.929
5.333333e-06,0.000132012,4.266667e-06,6.83e-05,6873047.519
5.333333e-06,0.000132012,4.266667e-06,7.25e-05,7439270.653
5.333333e-06,0.000132012,4.266667e-06,7.68e-05,7989741.568
5.333333e-06,0.000132012,4.266667e-06,8.11e-05,8485494.726
5.333333e-06,0.000132012,4.266667e-06,8.53e-05,8931351.349
5.333333e-06,0.000132012,4.266667e-06,8.96e-05,9338277.506
5.333333e-06,0.000132012,4.533333e-06,3.84e-05,3513346.835
5.333333e-06,0.000132012,4.533333e-06,4.27e-05,4023869.965
5.333333e-06,0.000132012,4.533333e-06,4.69e-05,4429682.87
5.333333e-06,0.000132012,4.533333e-06,5.12e-05,4946829.597
5.333333e-06,0.000132012,4.533333e-06,5.55e-05,5493146.366
5.333333e-06,0.000132012,4.533333e-06,5.97e-05,5956846.64
5.333333e-06,0.000132012,4.533333e-06,6.4e-05,6356260.049
5.333333e-06,0.000132012,4.533333e-06,6.83e-05,6704197.52
5.333333e-06,0.000132012,4.533333e-06,7.25e-05,7116169.763
5.333333e-06,0.000132012,4.533333e-06,7.68e-05,7698940.442
5.333333e-06,0.000132012,4.533333e-06,8.11e-05,8221941.423
5.333333e-06,0.000132012,4.533333e-06,8.53e-05,8695714.674
5.333333e-06,0.000132012,4.533333e-06,8.96e-05,9124460.569
5.333333e-06,0.000132012,4e-06,3.84e-05,52289538.73
5.333333e-06,0.000132012,4e-06,4.27e-05,66318600.93
5.333333e-06,0.000132012,4e-06,4.69e-05,77444831.03
5.333333e-06,0.000132012,4e-06,5.12e-05,86262065.1
5.333333e-06,0.000132012,4e-06,5.55e-05,95186653.52
5.333333e-06,0.000132012,4e-06,5.97e-05,101988372.1
5.333333e-06,0.000132012,4e-06,6.4e-05,107326546.3
5.333333e-06,0.000132012,4e-06,6.83e-05,111626923.8
5.333333e-06,0.000132012,4e-06,7.25e-05,115096810.2
5.333333e-06,0.000132012,4e-06,7.68e-05,117885699.2
5.333333e-06,0.000132012,4e-06,8.11e-05,120123869.7
5.333333e-06,0.000132012,4e-06,8.53e-05,121922048.7
5.333333e-06,0.000132012,4e-06,8.96e-05,123367785.9
5.333333e-06,0.000132012,5.6e-06,3.84e-05,54935556.68
5.333333e-06,0.000132012,5.6e-06,4.27e-05,70971698.46
5.333333e-06,0.000132012,5.6e-06,4.69e-05,81878863.88
5.333333e-06,0.000132012,5.6e-06,5.12e-05,92917132.03
5.333333e-06,0.000132012,5.6e-06,5.55e-05,101431969.9
5.333333e-06,0.000132012,5.6e-06,5.97e-05,107915850.8
5.333333e-06,0.000132012,5.6e-06,6.4e-05,112967806.0
5.333333e-06,0.000132012,5.6e-06,6.83e-05,116976542.8
5.333333e-06,0.000132012,5.6e-06,7.25e-05,120178564.5
5.333333e-06,0.000132012,5.6e-06,7.68e-05,122741379.6
5.333333e-06,0.000132012,5.6e-06,8.11e-05,124796855.9
5.333333e-06,0.000132012,5.6e-06,8.53e-05,126966365.8
5.333333e-06,0.000132012,5.6e-06,8.96e-05,129588726.1
5.333333e-06,0.000132012,5.066667e-06,3.84e-05,58466777.33
5.333333e-06,0.000132012,5.066667e-06,4.27e-05,74500727.17
5.333333e-06,0.000132012,5.066667e-06,4.69e-05,86448740.99
5.333333e-06,0.000132012,5.066667e-06,5.12e-05,97841729.2
5.333333e-06,0.000132012,5.066667e-06,5.55e-05,106072246.4
5.333333e-06,0.000132012,5.066667e-06,5.97e-05,112344428.3
5.333333e-06,0.000132012,5.066667e-06,6.4e-05,117203327.7
5.333333e-06,0.000132012,5.066667e-06,6.83e-05,121014400.8
5.333333e-06,0.000132012,5.066667e-06,7.25e-05,124031447.4
5.333333e-06,0.000132012,5.066667e-06,7.68e-05,126881341.0
5.333333e-06,0.000132012,5.066667e-06,8.11e-05,130482229.3
5.333333e-06,0.000132012,5.066667e-06,8.53e-05,133497655.3
5.333333e-06,0.000132012,5.066667e-06,8.96e-05,136015212.6
