a,b,c,d,pm
1.12e-05,0.000132012,2.4e-06,3.84e-05,3.84e-05
1.12e-05,0.000132012,2.4e-06,4.27e-05,4.27e-05
1.12e-05,0.000132012,2.4e-06,4.69e-05,4.69e-05
1.12e-05,0.000132012,2.4e-06,5.12e-05,5.12e-05
1.12e-05,0.000132012,2.4e-06,5.55e-05,5.55e-05
1.12e-05,0.000132012,2.4e-06,5.97e-05,5.97e-05
1.12e-05,0.000132012,2.4e-06,6.4e-05,6.4e-05
1.12e-05,0.000132012,2.4e-06,6.83e-05,6.83e-05
1.12e-05,0.000132012,2.4e-06,7.25e-05,7.25e-05
1.12e-05,0.000132012,2.4e-06,7.68e-05,7.68e-05
1.12e-05,0.000132012,2.4e-06,8.11e-05,8.11e-05
1.12e-05,0.000132012,2.4e-06,8.53e-05,8.53e-05
1.12e-05,0.000132012,2.4e-06,8.96e-05,8.96e-05
1.12e-05,0.000132012,2.4e-06,86.36862725,87.25892675
1.12e-05,0.000132012,2.4e-06,87.62195541,88.48425649
1.12e-05,0.000132012,2.4e-06,88.78968131,89.62407255
1.12e-05,0.000132012,2.4e-06,90.09829297,90.90816184
1.12e-05,0.000132012,2.4e-06,91.32661872,92.11969459
1.12e-05,0.000132012,2.4e-06,92.40512871,93.18546752
1.12e-05,0.000132012,2.4e-06,93.3677888,94.13902737
1.12e-05,0.000132012,2.4e-06,94.07332399,94.7999845
1.12e-05,0.000132012,2.4e-06,94.33744349,95.02511744
1.12e-05,0.000132012,2.4e-06,94.36957148,95.01821047
1.12e-05,0.000132012,2.4e-06,94.19224171,94.80062339
1.12e-05,0.000132012,2.4e-06,93.70453724,94.09516189
1.12e-05,0.000132012,2.4e-06,92.18874543,92.45045759
1.12e-05,0.000132012,2.666667e-06,3.84e-05,3.84e-05
1.12e-05,0.000132012,2.666667e-06,4.27e-05,4.27e-05
1.12e-05,0.000132012,2.666667e-06,4.69e-05,4.69e-05
1.12e-05,0.000132012,2.666667e-06,5.12e-05,5.12e-05
1.12e-05,0.000132012,2.666667e-06,5.55e-05,5.55e-05
1.12e-05,0.000132012,2.666667e-06,5.97e-05,5.97e-05
1.12e-05,0.000132012,2.666667e-06,6.4e-05,6.4e-05
1.12e-05,0.000132012,2.666667e-06,6.83e-05,6.83e-05
1.12e-05,0.000132012,2.666667e-06,7.25e-05,7.25e-05
1.12e-05,0.000132012,2.666667e-06,7.68e-05,7.68e-05
1.12e-05,0.000132012,2.666667e-06,8.11e-05,8.11e-05
1.12e-05,0.000132012,2.666667e-06,8.53e-05,8.53e-05
1.12e-05,0.000132012,2.666667e-06,8.96e-05,8.96e-05
1.12e-05,0.000132012,2.666667e-06,88.75406112,89.39112895
1.12e-05,0.000132012,2.666667e-06,89.93456528,90.55357864
1.12e-05,0.000132012,2.666667e-06,91.03439531,91.6362495
1.12e-05,0.000132012,2.666667e-06,92.27173687,92.85395311
1.12e-05,0.000132012,2.666667e-06,93.45728779,94.02943148
1.12e-05,0.000132012,2.666667e-06,94.50429522,95.06946191
1.12e-05,0.000132012,2.666667e-06,95.44508946,96.00577449
1.12e-05,0.000132012,2.666667e-06,96.03102689,96.56006019
1.12e-05,0.000132012,2.666667e-06,96.19394027,96.69777131
1.12e-05,0.000132012,2.666667e-06,96.12415433,96.6022974
1.12e-05,0.000132012,2.666667e-06,95.84085376,96.29179547
1.12e-05,0.000132012,2.666667e-06,94.72915124,94.9915392
1.12e-05,0.000132012,2.666667e-06,92.85888036,93.02055345
1.12e-05,0.000132012,2.933333e-06,3.84e-05,3.84e-05
1.12e-05,0.000132012,2.933333e-06,4.27e-05,4.27e-05
1.12e-05,0.000132012,2.933333e-06,4.69e-05,4.69e-05
1.12e-05,0.000132012,2.933333e-06,5.12e-05,5.12e-05
1.12e-05,0.000132012,2.933333e-06,5.55e-05,5.55e-05
1.12e-05,0.000132012,2.933333e-06,5.97e-05,5.97e-05
1.12e-05,0.000132012,2.933333e-06,6.4e-05,6.4e-05
1.12e-05,0.000132012,2.933333e-06,6.83e-05,6.83e-05
1.12e-05,0.000132012,2.933333e-06,7.25e-05,7.25e-05
1.12e-05,0.000132012,2.933333e-06,7.68e-05,7.68e-05
1.12e-05,0.000132012,2.933333e-06,8.11e-05,8.11e-05
1.12e-05,0.000132012,2.933333e-06,8.53e-05,8.53e-05
1.12e-05,0.000132012,2.933333e-06,8.96e-05,8.96e-05
1.12e-05,0.000132012,2.933333e-06,90.49933619,90.98595838
1.12e-05,0.000132012,2.933333e-06,91.62569989,92.09824196
1.12e-05,0.000132012,2.933333e-06,92.68448998,93.1452947
1.12e-05,0.000132012,2.933333e-06,93.86828396,94.31429418
1.12e-05,0.000132012,2.933333e-06,95.02784605,95.46751512
1.12e-05,0.000132012,2.933333e-06,96.05723285,96.49284245
1.12e-05,0.000132012,2.933333e-06,96.98710578,97.42043047
1.12e-05,0.000132012,2.933333e-06,97.48730048,97.89738867
1.12e-05,0.000132012,2.933333e-06,97.58315739,97.9757015
1.12e-05,0.000132012,2.933333e-06,97.44473166,97.81916267
1.12e-05,0.000132012,2.933333e-06,97.08820895,97.44300433
1.12e-05,0.000132012,2.933333e-06,95.43631928,95.62691926
1.12e-05,0.000132012,2.933333e-06,93.25738442,93.36245438
1.12e-05,0.000132012,3.2e-06,3.84e-05,3.84e-05
1.12e-05,0.000132012,3.2e-06,4.27e-05,4.27e-05
1.12e-05,0.000132012,3.2e-06,4.69e-05,4.69e-05
1.12e-05,0.000132012,3.2e-06,5.12e-05,5.12e-05
1.12e-05,0.000132012,3.2e-06,5.55e-05,5.55e-05
1.12e-05,0.000132012,3.2e-06,5.97e-05,5.97e-05
1.12e-05,0.000132012,3.2e-06,6.4e-05,6.4e-05
1.12e-05,0.000132012,3.2e-06,6.83e-05,6.83e-05
1.12e-05,0.000132012,3.2e-06,7.25e-05,7.25e-05
1.12e-05,0.000132012,3.2e-06,7.68e-05,7.68e-05
1.12e-05,0.000132012,3.2e-06,8.11e-05,8.11e-05
1.12e-05,0.000132012,3.2e-06,8.53e-05,8.53e-05
1.12e-05,0.000132012,3.2e-06,8.96e-05,8.96e-05
1.12e-05,0.000132012,3.2e-06,92.60427995,91.85261326
1.12e-05,0.000132012,3.2e-06,93.670726,92.94018151
1.12e-05,0.000132012,3.2e-06,94.68006222,93.96675448
1.12e-05,0.000132012,3.2e-06,95.80086818,95.1096576
1.12e-05,0.000132012,3.2e-06,96.93510349,96.25242689
1.12e-05,0.000132012,3.2e-06,97.94974122,97.27148214
1.12e-05,0.000132012,3.2e-06,98.8721372,98.19582444
1.12e-05,0.000132012,3.2e-06,99.27470453,98.63235388
1.12e-05,0.000132012,3.2e-06,99.2985927,98.68074865
1.12e-05,0.000132012,3.2e-06,99.08563362,98.49322221
1.12e-05,0.000132012,3.2e-06,98.32932963,97.94975526
1.12e-05,0.000132012,3.2e-06,96.20804618,95.95914625
1.12e-05,0.000132012,3.2e-06,93.67336683,93.53661778
1.12e-05,0.000132012,3.466667e-06,3.84e-05,3.84e-05
1.12e-05,0.000132012,3.466667e-06,4.27e-05,4.27e-05
1.12e-05,0.000132012,3.466667e-06,4.69e-05,4.69e-05
1.12e-05,0.000132012,3.466667e-06,5.12e-05,5.12e-05
1.12e-05,0.000132012,3.466667e-06,5.55e-05,5.55e-05
1.12e-05,0.000132012,3.466667e-06,5.97e-05,5.97e-05
1.12e-05,0.000132012,3.466667e-06,6.4e-05,6.4e-05
1.12e-05,0.000132012,3.466667e-06,6.83e-05,6.83e-05
1.12e-05,0.000132012,3.466667e-06,7.25e-05,7.25e-05
1.12e-05,0.000132012,3.466667e-06,7.68e-05,7.68e-05
1.12e-05,0.000132012,3.466667e-06,8.11e-05,8.11e-05
1.12e-05,0.000132012,3.466667e-06,8.53e-05,8.53e-05
1.12e-05,0.000132012,3.466667e-06,8.96e-05,8.96e-05
1.12e-05,0.000132012,3.466667e-06,86.7949393,88.61469996
1.12e-05,0.000132012,3.466667e-06,84.66260863,86.17076176
1.12e-05,0.000132012,3.466667e-06,83.50160997,84.980483
1.12e-05,0.000132012,3.466667e-06,82.45931632,83.90663733
1.12e-05,0.000132012,3.466667e-06,81.504382,82.91904484
1.12e-05,0.000132012,3.466667e-06,80.61853392,82.00009291
1.12e-05,0.000132012,3.466667e-06,80.37123022,81.59130499
1.12e-05,0.000132012,3.466667e-06,80.2801537,81.48264624
1.12e-05,0.000132012,3.466667e-06,80.1860831,81.37134384
1.12e-05,0.000132012,3.466667e-06,80.08806335,81.2564455
1.12e-05,0.000132012,3.466667e-06,79.98629115,81.13821028
1.12e-05,0.000132012,3.466667e-06,79.8814777,81.01733494
1.12e-05,0.000132012,3.466667e-06,79.77460345,80.89477368
1.12e-05,0.000132012,3.733333e-06,3.84e-05,3.84e-05
1.12e-05,0.000132012,3.733333e-06,4.27e-05,4.27e-05
1.12e-05,0.000132012,3.733333e-06,4.69e-05,4.69e-05
1.12e-05,0.000132012,3.733333e-06,5.12e-05,5.12e-05
1.12e-05,0.000132012,3.733333e-06,5.55e-05,5.55e-05
1.12e-05,0.000132012,3.733333e-06,5.97e-05,5.97e-05
1.12e-05,0.000132012,3.733333e-06,6.4e-05,6.4e-05
1.12e-05,0.000132012,3.733333e-06,6.83e-05,6.83e-05
1.12e-05,0.000132012,3.733333e-06,7.25e-05,7.25e-05
1.12e-05,0.000132012,3.733333e-06,7.68e-05,7.68e-05
1.12e-05,0.000132012,3.733333e-06,8.11e-05,8.11e-05
1.12e-05,0.000132012,3.733333e-06,8.53e-05,8.53e-05
1.12e-05,0.000132012,3.733333e-06,8.96e-05,8.96e-05
1.12e-05,0.000132012,3.733333e-06,91.65851295,92.95200919
1.12e-05,0.000132012,3.733333e-06,88.66459339,89.81477374
1.12e-05,0.000132012,3.733333e-06,87.43103557,88.46412061
1.12e-05,0.000132012,3.733333e-06,86.30960092,87.32435387
1.12e-05,0.000132012,3.733333e-06,85.27530222,86.26937683
1.12e-05,0.000132012,3.733333e-06,84.3010913,85.27548355
1.12e-05,0.000132012,3.733333e-06,83.60751238,84.45533925
1.12e-05,0.000132012,3.733333e-06,83.4716373,84.30869192
1.12e-05,0.000132012,3.733333e-06,83.33351345,84.1599256
1.12e-05,0.000132012,3.733333e-06,83.1920486,84.00775486
1.12e-05,0.000132012,3.733333e-06,83.04775889,83.85291515
1.12e-05,0.000132012,3.733333e-06,82.90133152,83.69609373
1.12e-05,0.000132012,3.733333e-06,82.75368985,83.53820459
1.12e-05,0.000132012,4.8e-06,3.84e-05,3.84e-05
1.12e-05,0.000132012,4.8e-06,4.27e-05,4.27e-05
1.12e-05,0.000132012,4.8e-06,4.69e-05,4.69e-05
1.12e-05,0.000132012,4.8e-06,5.12e-05,5.12e-05
1.12e-05,0.000132012,4.8e-06,5.55e-05,5.55e-05
1.12e-05,0.000132012,4.8e-06,5.97e-05,5.97e-05
1.12e-05,0.000132012,4.8e-06,6.4e-05,6.4e-05
1.12e-05,0.000132012,4.8e-06,6.83e-05,6.83e-05
1.12e-05,0.000132012,4.8e-06,7.25e-05,7.25e-05
1.12e-05,0.000132012,4.8e-06,7.68e-05,7.68e-05
1.12e-05,0.000132012,4.8e-06,8.11e-05,8.11e-05
1.12e-05,0.000132012,4.8e-06,8.53e-05,8.53e-05
1.12e-05,0.000132012,4.8e-06,8.96e-05,8.96e-05
1.12e-05,0.000132012,4.8e-06,97.9378595,96.18408855
1.12e-05,0.000132012,4.8e-06,94.65753414,92.94878956
1.12e-05,0.000132012,4.8e-06,92.40439008,91.02553089
1.12e-05,0.000132012,4.8e-06,91.20370738,89.84460121
1.12e-05,0.000132012,4.8e-06,90.07899575,88.74266904
1.12e-05,0.000132012,4.8e-06,89.01501353,87.70232576
1.12e-05,0.000132012,4.8e-06,88.00376307,86.71633331
1.12e-05,0.000132012,4.8e-06,87.49281667,86.38012856
1.12e-05,0.000132012,4.8e-06,87.30777359,86.20688288
1.12e-05,0.000132012,4.8e-06,87.11702878,86.0292813
1.12e-05,0.000132012,4.8e-06,86.92395776,85.84927264
1.12e-05,0.000132012,4.8e-06,86.72926195,85.66754882
1.12e-05,0.000132012,4.8e-06,86.53382643,85.48500541
1.12e-05,0.000132012,4.266667e-06,3.84e-05,3.84e-05
1.12e-05,0.000132012,4.266667e-06,4.27e-05,4.27e-05
1.12e-05,0.000132012,4.266667e-06,4.69e-05,4.69e-05
1.12e-05,0.000132012,4.266667e-06,5.12e-05,5.12e-05
1.12e-05,0.000132012,4.266667e-06,5.55e-05,5.55e-05
1.12e-05,0.000132012,4.266667e-06,5.97e-05,5.97e-05
1.12e-05,0.000132012,4.266667e-06,6.4e-05,6.4e-05
1.12e-05,0.000132012,4.266667e-06,6.83e-05,6.83e-05
1.12e-05,0.000132012,4.266667e-06,7.25e-05,7.25e-05
1.12e-05,0.000132012,4.266667e-06,7.68e-05,7.68e-05
1.12e-05,0.000132012,4.266667e-06,8.11e-05,8.11e-05
1.12e-05,0.000132012,4.266667e-06,8.53e-05,8.53e-05
1.12e-05,0.000132012,4.266667e-06,8.96e-05,8.96e-05
1.12e-05,0.000132012,4.266667e-06,95.19864888,100.1461998
1.12e-05,0.000132012,4.266667e-06,91.99552014,96.81600674
1.12e-05,0.000132012,4.266667e-06,90.24746783,94.13079116
1.12e-05,0.000132012,4.266667e-06,89.07840991,92.90746644
1.12e-05,0.000132012,4.266667e-06,87.99009246,91.75653127
1.12e-05,0.000132012,4.266667e-06,86.96351097,90.66432732
1.12e-05,0.000132012,4.266667e-06,85.99222166,89.62284408
1.12e-05,0.000132012,4.266667e-06,85.75150768,88.88344647
1.12e-05,0.000132012,4.266667e-06,85.5853826,88.67975778
1.12e-05,0.000132012,4.266667e-06,85.41535279,88.47878752
1.12e-05,0.000132012,4.266667e-06,85.24285244,88.26964599
1.12e-05,0.000132012,4.266667e-06,85.06857184,88.05899136
1.12e-05,0.000132012,4.266667e-06,84.8934119,87.84767037
1.12e-05,0.000132012,4.533333e-06,3.84e-05,3.84e-05
1.12e-05,0.000132012,4.533333e-06,4.27e-05,4.27e-05
1.12e-05,0.000132012,4.533333e-06,4.69e-05,4.69e-05
1.12e-05,0.000132012,4.533333e-06,5.12e-05,5.12e-05
1.12e-05,0.000132012,4.533333e-06,5.55e-05,5.55e-05
1.12e-05,0.000132012,4.533333e-06,5.97e-05,5.97e-05
1.12e-05,0.000132012,4.533333e-06,6.4e-05,6.4e-05
1.12e-05,0.000132012,4.533333e-06,6.83e-05,6.83e-05
1.12e-05,0.000132012,4.533333e-06,7.25e-05,7.25e-05
1.12e-05,0.000132012,4.533333e-06,7.68e-05,7.68e-05
1.12e-05,0.000132012,4.533333e-06,8.11e-05,8.11e-05
1.12e-05,0.000132012,4.533333e-06,8.53e-05,8.53e-05
1.12e-05,0.000132012,4.533333e-06,8.96e-05,8.96e-05
1.12e-05,0.000132012,4.533333e-06,99.45785989,97.46498912
1.12e-05,0.000132012,4.533333e-06,96.14243056,93.02387165
1.12e-05,0.000132012,4.533333e-06,93.59378307,88.95258285
1.12e-05,0.000132012,4.533333e-06,92.37727855,85.9647133
1.12e-05,0.000132012,4.533333e-06,91.23424204,83.17195567
1.12e-05,0.000132012,4.533333e-06,90.15064803,79.59721209
1.12e-05,0.000132012,4.533333e-06,89.11840755,75.40039081
1.12e-05,0.000132012,4.533333e-06,88.4511949,71.21029572
1.12e-05,0.000132012,4.533333e-06,88.25708472,67.47138156
1.12e-05,0.000132012,4.533333e-06,88.05518864,64.28077648
1.12e-05,0.000132012,4.533333e-06,87.85103059,61.578875
1.12e-05,0.000132012,4.533333e-06,87.64531785,59.27629331
1.12e-05,0.000132012,4.533333e-06,87.43891679,57.29467465
1.12e-05,0.000132012,4e-06,3.84e-05,3.84e-05
1.12e-05,0.000132012,4e-06,4.27e-05,4.27e-05
1.12e-05,0.000132012,4e-06,4.69e-05,4.69e-05
1.12e-05,0.000132012,4e-06,5.12e-05,5.12e-05
1.12e-05,0.000132012,4e-06,5.55e-05,5.55e-05
1.12e-05,0.000132012,4e-06,5.97e-05,5.97e-05
1.12e-05,0.000132012,4e-06,6.4e-05,6.4e-05
1.12e-05,0.000132012,4e-06,6.83e-05,6.83e-05
1.12e-05,0.000132012,4e-06,7.25e-05,7.25e-05
1.12e-05,0.000132012,4e-06,7.68e-05,7.68e-05
1.12e-05,0.000132012,4e-06,8.11e-05,8.11e-05
1.12e-05,0.000132012,4e-06,8.53e-05,8.53e-05
1.12e-05,0.000132012,4e-06,8.96e-05,8.96e-05
1.12e-05,0.000132012,4e-06,97.48893279,97.43827436
1.12e-05,0.000132012,4e-06,92.3237253,91.97910581
1.12e-05,0.000132012,4e-06,87.83429907,87.52451502
1.12e-05,0.000132012,4e-06,85.10860944,84.70035377
1.12e-05,0.000132012,4e-06,82.14122872,81.65633921
1.12e-05,0.000132012,4e-06,78.51464608,78.00569849
1.12e-05,0.000132012,4e-06,74.38641083,73.90547028
1.12e-05,0.000132012,4e-06,70.3108262,69.87845615
1.12e-05,0.000132012,4e-06,66.67270769,66.28385227
1.12e-05,0.000132012,4e-06,63.55373999,63.19628901
1.12e-05,0.000132012,4e-06,60.89792651,60.62157897
1.12e-05,0.000132012,4e-06,58.65328973,58.65829115
1.12e-05,0.000132012,4e-06,56.93292742,56.94489708
1.12e-05,0.000132012,5.6e-06,3.84e-05,3.84e-05
1.12e-05,0.000132012,5.6e-06,4.27e-05,4.27e-05
1.12e-05,0.000132012,5.6e-06,4.69e-05,4.69e-05
1.12e-05,0.000132012,5.6e-06,5.12e-05,5.12e-05
1.12e-05,0.000132012,5.6e-06,5.55e-05,5.55e-05
1.12e-05,0.000132012,5.6e-06,5.97e-05,5.97e-05
1.12e-05,0.000132012,5.6e-06,6.4e-05,6.4e-05
1.12e-05,0.000132012,5.6e-06,6.83e-05,6.83e-05
1.12e-05,0.000132012,5.6e-06,7.25e-05,7.25e-05
1.12e-05,0.000132012,5.6e-06,7.68e-05,7.68e-05
1.12e-05,0.000132012,5.6e-06,8.11e-05,8.11e-05
1.12e-05,0.000132012,5.6e-06,8.53e-05,8.53e-05
1.12e-05,0.000132012,5.6e-06,8.96e-05,8.96e-05
1.12e-05,0.000132012,5.6e-06,97.28726933,96.88709525
1.12e-05,0.000132012,5.6e-06,91.3134411,90.09465848
1.12e-05,0.000132012,5.6e-06,86.93783319,85.85302929
1.12e-05,0.000132012,5.6e-06,83.92638604,82.53818069
1.12e-05,0.000132012,5.6e-06,80.74591243,79.13543431
1.12e-05,0.000132012,5.6e-06,77.05074667,75.36402905
1.12e-05,0.000132012,5.6e-06,72.99736913,71.37935162
1.12e-05,0.000132012,5.6e-06,69.05428794,67.91448821
1.12e-05,0.000132012,5.6e-06,65.53603396,65.0688723
1.12e-05,0.000132012,5.6e-06,62.80298643,62.54204655
1.12e-05,0.000132012,5.6e-06,60.5637445,60.33500074
1.12e-05,0.000132012,5.6e-06,58.61630616,58.40979218
1.12e-05,0.000132012,5.6e-06,56.91423638,56.723093
1.12e-05,0.000132012,5.066667e-06,3.84e-05,3.84e-05
1.12e-05,0.000132012,5.066667e-06,4.27e-05,4.27e-05
1.12e-05,0.000132012,5.066667e-06,4.69e-05,4.69e-05
1.12e-05,0.000132012,5.066667e-06,5.12e-05,5.12e-05
1.12e-05,0.000132012,5.066667e-06,5.55e-05,5.55e-05
1.12e-05,0.000132012,5.066667e-06,5.97e-05,5.97e-05
1.12e-05,0.000132012,5.066667e-06,6.4e-05,6.4e-05
1.12e-05,0.000132012,5.066667e-06,6.83e-05,6.83e-05
1.12e-05,0.000132012,5.066667e-06,7.25e-05,7.25e-05
1.12e-05,0.000132012,5.066667e-06,7.68e-05,7.68e-05
1.12e-05,0.000132012,5.066667e-06,8.11e-05,8.11e-05
1.12e-05,0.000132012,5.066667e-06,8.53e-05,8.53e-05
1.12e-05,0.000132012,5.066667e-06,8.96e-05,8.96e-05
1.12e-05,0.000132012,5.066667e-06,96.99367908,97.19557917
1.12e-05,0.000132012,5.066667e-06,90.38505094,90.99435596
1.12e-05,0.000132012,5.066667e-06,86.11290022,86.65525529
1.12e-05,0.000132012,5.066667e-06,82.86674069,83.56020111
1.12e-05,0.000132012,5.066667e-06,79.51436163,80.31856407
1.12e-05,0.000132012,5.066667e-06,75.76056439,76.60282671
1.12e-05,0.000132012,5.066667e-06,71.76108375,72.56925119
1.12e-05,0.000132012,5.066667e-06,68.01029302,68.66274613
1.12e-05,0.000132012,5.066667e-06,65.15193768,65.30643005
1.12e-05,0.000132012,5.066667e-06,62.61538852,62.7472888
1.12e-05,0.000132012,5.066667e-06,60.40152103,60.5174423
1.12e-05,0.000132012,5.066667e-06,58.47167297,58.57657013
1.12e-05,0.000132012,5.066667e-06,56.78183335,56.87911608
1.12e-05,0.000132012,5.333333e-06,3.84e-05,3.84e-05
1.12e-05,0.000132012,5.333333e-06,4.27e-05,4.27e-05
1.12e-05,0.000132012,5.333333e-06,4.69e-05,4.69e-05
1.12e-05,0.000132012,5.333333e-06,5.12e-05,5.12e-05
1.12e-05,0.000132012,5.333333e-06,5.55e-05,5.55e-05
1.12e-05,0.000132012,5.333333e-06,5.97e-05,5.97e-05
1.12e-05,0.000132012,5.333333e-06,6.4e-05,6.4e-05
1.12e-05,0.000132012,5.333333e-06,6.83e-05,6.83e-05
1.12e-05,0.000132012,5.333333e-06,7.25e-05,7.25e-05
1.12e-05,0.000132012,5.333333e-06,7.68e-05,7.68e-05
1.12e-05,0.000132012,5.333333e-06,8.11e-05,8.11e-05
1.12e-05,0.000132012,5.333333e-06,8.53e-05,8.53e-05
1.12e-05,0.000132012,5.333333e-06,8.96e-05,8.96e-05
1.12e-05,0.000132012,5.333333e-06,96.77849889,96.64502733
1.12e-05,0.000132012,5.333333e-06,89.81346172,89.64547004
1.12e-05,0.000132012,5.333333e-06,85.6004672,85.3549762
1.12e-05,0.000132012,5.333333e-06,82.2208667,81.91417091
1.12e-05,0.000132012,5.333333e-06,78.77065688,78.41913278
1.12e-05,0.000132012,5.333333e-06,74.98251537,74.61507343
1.12e-05,0.000132012,5.333333e-06,71.01141245,70.74363995
1.12e-05,0.000132012,5.333333e-06,67.81718311,67.71892623
1.12e-05,0.000132012,5.333333e-06,64.98316176,64.89548727
1.12e-05,0.000132012,5.333333e-06,62.46517946,62.38557044
1.12e-05,0.000132012,5.333333e-06,60.26430346,60.19028901
1.12e-05,0.000132012,5.333333e-06,58.34324915,58.27296202
1.12e-05,0.000132012,5.333333e-06,56.65932117,56.59148138
1.12e-05,0.0003889991,2.4e-06,3.84e-05,3.84e-05
1.12e-05,0.0003889991,2.4e-06,4.27e-05,4.27e-05
1.12e-05,0.0003889991,2.4e-06,4.69e-05,4.69e-05
1.12e-05,0.0003889991,2.4e-06,5.12e-05,5.12e-05
1.12e-05,0.0003889991,2.4e-06,5.55e-05,5.55e-05
1.12e-05,0.0003889991,2.4e-06,5.97e-05,5.97e-05
1.12e-05,0.0003889991,2.4e-06,6.4e-05,6.4e-05
1.12e-05,0.0003889991,2.4e-06,6.83e-05,6.83e-05
1.12e-05,0.0003889991,2.4e-06,7.25e-05,7.25e-05
1.12e-05,0.0003889991,2.4e-06,7.68e-05,7.68e-05
1.12e-05,0.0003889991,2.4e-06,8.11e-05,8.11e-05
1.12e-05,0.0003889991,2.4e-06,8.53e-05,8.53e-05
1.12e-05,0.0003889991,2.4e-06,8.96e-05,8.96e-05
1.12e-05,0.0003889991,2.4e-06,86.57818717,87.45518034
1.12e-05,0.0003889991,2.4e-06,87.81544001,88.66845542
1.12e-05,0.0003889991,2.4e-06,88.96848599,89.79810965
1.12e-05,0.0003889991,2.4e-06,90.21154647,91.01448902
1.12e-05,0.0003889991,2.4e-06,91.43780306,92.22330474
1.12e-05,0.0003889991,2.4e-06,92.51557329,93.28808172
1.12e-05,0.0003889991,2.4e-06,93.47279272,94.23548626
1.12e-05,0.0003889991,2.4e-06,94.27288761,94.99752524
1.12e-05,0.0003889991,2.4e-06,94.56609399,95.25232736
1.12e-05,0.0003889991,2.4e-06,94.62919235,95.27711548
1.12e-05,0.0003889991,2.4e-06,94.48450857,95.09297469
1.12e-05,0.0003889991,2.4e-06,94.15224355,94.68480025
1.12e-05,0.0003889991,2.4e-06,92.8238858,93.10811483
1.12e-05,0.0003889991,2.666667e-06,3.84e-05,3.84e-05
1.12e-05,0.0003889991,2.666667e-06,4.27e-05,4.27e-05
1.12e-05,0.0003889991,2.666667e-06,4.69e-05,4.69e-05
1.12e-05,0.0003889991,2.666667e-06,5.12e-05,5.12e-05
1.12e-05,0.0003889991,2.666667e-06,5.55e-05,5.55e-05
1.12e-05,0.0003889991,2.666667e-06,5.97e-05,5.97e-05
1.12e-05,0.0003889991,2.666667e-06,6.4e-05,6.4e-05
1.12e-05,0.0003889991,2.666667e-06,6.83e-05,6.83e-05
1.12e-05,0.0003889991,2.666667e-06,7.25e-05,7.25e-05
1.12e-05,0.0003889991,2.666667e-06,7.68e-05,7.68e-05
1.12e-05,0.0003889991,2.666667e-06,8.11e-05,8.11e-05
1.12e-05,0.0003889991,2.666667e-06,8.53e-05,8.53e-05
1.12e-05,0.0003889991,2.666667e-06,8.96e-05,8.96e-05
1.12e-05,0.0003889991,2.666667e-06,88.93439906,89.56456466
1.12e-05,0.0003889991,2.666667e-06,90.10226926,90.71375402
1.12e-05,0.0003889991,2.666667e-06,91.19416276,91.79045921
1.12e-05,0.0003889991,2.666667e-06,92.36510158,92.94142267
1.12e-05,0.0003889991,2.666667e-06,93.54746105,94.11963026
1.12e-05,0.0003889991,2.666667e-06,94.59304737,95.15202072
1.12e-05,0.0003889991,2.666667e-06,95.52653647,96.08060421
1.12e-05,0.0003889991,2.666667e-06,96.22434869,96.75127468
1.12e-05,0.0003889991,2.666667e-06,96.41812216,96.92047297
1.12e-05,0.0003889991,2.666667e-06,96.38146345,96.85887722
1.12e-05,0.0003889991,2.666667e-06,96.13321686,96.58420027
1.12e-05,0.0003889991,2.666667e-06,95.35310881,95.62969387
1.12e-05,0.0003889991,2.666667e-06,93.53705947,93.71225115
1.12e-05,0.0003889991,2.933333e-06,3.84e-05,3.84e-05
1.12e-05,0.0003889991,2.933333e-06,4.27e-05,4.27e-05
1.12e-05,0.0003889991,2.933333e-06,4.69e-05,4.69e-05
1.12e-05,0.0003889991,2.933333e-06,5.12e-05,5.12e-05
1.12e-05,0.0003889991,2.933333e-06,5.55e-05,5.55e-05
1.12e-05,0.0003889991,2.933333e-06,5.97e-05,5.97e-05
1.12e-05,0.0003889991,2.933333e-06,6.4e-05,6.4e-05
1.12e-05,0.0003889991,2.933333e-06,6.83e-05,6.83e-05
1.12e-05,0.0003889991,2.933333e-06,7.25e-05,7.25e-05
1.12e-05,0.0003889991,2.933333e-06,7.68e-05,7.68e-05
1.12e-05,0.0003889991,2.933333e-06,8.11e-05,8.11e-05
1.12e-05,0.0003889991,2.933333e-06,8.53e-05,8.53e-05
1.12e-05,0.0003889991,2.933333e-06,8.96e-05,8.96e-05
1.12e-05,0.0003889991,2.933333e-06,90.66058642,91.14178096
1.12e-05,0.0003889991,2.933333e-06,91.77841235,92.24638415
1.12e-05,0.0003889991,2.933333e-06,92.83093026,93.28099531
1.12e-05,0.0003889991,2.933333e-06,93.94818679,94.38821472
1.12e-05,0.0003889991,2.933333e-06,95.10544566,95.53947517
1.12e-05,0.0003889991,2.933333e-06,96.12858503,96.55909434
1.12e-05,0.0003889991,2.933333e-06,97.05017225,97.47824949
1.12e-05,0.0003889991,2.933333e-06,97.67441612,98.08253937
1.12e-05,0.0003889991,2.933333e-06,97.80314963,98.19449857
1.12e-05,0.0003889991,2.933333e-06,97.70021789,98.07433185
1.12e-05,0.0003889991,2.933333e-06,97.38108953,97.71907476
1.12e-05,0.0003889991,2.933333e-06,96.07730002,96.27614524
1.12e-05,0.0003889991,2.933333e-06,93.99876887,94.11689315
1.12e-05,0.0003889991,3.2e-06,3.84e-05,3.84e-05
1.12e-05,0.0003889991,3.2e-06,4.27e-05,4.27e-05
1.12e-05,0.0003889991,3.2e-06,4.69e-05,4.69e-05
1.12e-05,0.0003889991,3.2e-06,5.12e-05,5.12e-05
1.12e-05,0.0003889991,3.2e-06,5.55e-05,5.55e-05
1.12e-05,0.0003889991,3.2e-06,5.97e-05,5.97e-05
1.12e-05,0.0003889991,3.2e-06,6.4e-05,6.4e-05
1.12e-05,0.0003889991,3.2e-06,6.83e-05,6.83e-05
1.12e-05,0.0003889991,3.2e-06,7.25e-05,7.25e-05
1.12e-05,0.0003889991,3.2e-06,7.68e-05,7.68e-05
1.12e-05,0.0003889991,3.2e-06,8.11e-05,8.11e-05
1.12e-05,0.0003889991,3.2e-06,8.53e-05,8.53e-05
1.12e-05,0.0003889991,3.2e-06,8.96e-05,8.96e-05
1.12e-05,0.0003889991,3.2e-06,92.74163207,91.99863529
1.12e-05,0.0003889991,3.2e-06,93.7990804,93.08077704
1.12e-05,0.0003889991,3.2e-06,94.79809597,94.09313477
1.12e-05,0.0003889991,3.2e-06,95.85568666,95.17339743
1.12e-05,0.0003889991,3.2e-06,96.98806159,96.31424237
1.12e-05,0.0003889991,3.2e-06,97.99823204,97.32837463
1.12e-05,0.0003889991,3.2e-06,98.91224882,98.24420344
1.12e-05,0.0003889991,3.2e-06,99.45266208,98.81377354
1.12e-05,0.0003889991,3.2e-06,99.51380845,98.89751425
1.12e-05,0.0003889991,3.2e-06,99.31975207,98.73257989
1.12e-05,0.0003889991,3.2e-06,98.91070001,98.35316821
1.12e-05,0.0003889991,3.2e-06,96.91240408,96.62186161
1.12e-05,0.0003889991,3.2e-06,94.47301316,94.31490947
1.12e-05,0.0003889991,3.466667e-06,3.84e-05,3.84e-05
1.12e-05,0.0003889991,3.466667e-06,4.27e-05,4.27e-05
1.12e-05,0.0003889991,3.466667e-06,4.69e-05,4.69e-05
1.12e-05,0.0003889991,3.466667e-06,5.12e-05,5.12e-05
1.12e-05,0.0003889991,3.466667e-06,5.55e-05,5.55e-05
1.12e-05,0.0003889991,3.466667e-06,5.97e-05,5.97e-05
1.12e-05,0.0003889991,3.466667e-06,6.4e-05,6.4e-05
1.12e-05,0.0003889991,3.466667e-06,6.83e-05,6.83e-05
1.12e-05,0.0003889991,3.466667e-06,7.25e-05,7.25e-05
1.12e-05,0.0003889991,3.466667e-06,7.68e-05,7.68e-05
1.12e-05,0.0003889991,3.466667e-06,8.11e-05,8.11e-05
1.12e-05,0.0003889991,3.466667e-06,8.53e-05,8.53e-05
1.12e-05,0.0003889991,3.466667e-06,8.96e-05,8.96e-05
1.12e-05,0.0003889991,3.466667e-06,87.57640245,89.37919192
1.12e-05,0.0003889991,3.466667e-06,85.1921232,86.67966067
1.12e-05,0.0003889991,3.466667e-06,84.045465,85.50598594
1.12e-05,0.0003889991,3.466667e-06,83.01597135,84.44661907
1.12e-05,0.0003889991,3.466667e-06,82.0709095,83.47093631
1.12e-05,0.0003889991,3.466667e-06,81.19801809,82.56736752
1.12e-05,0.0003889991,3.466667e-06,80.7534666,81.95964231
1.12e-05,0.0003889991,3.466667e-06,80.66561471,81.85486527
1.12e-05,0.0003889991,3.466667e-06,80.57466439,81.74723108
1.12e-05,0.0003889991,3.466667e-06,80.47976741,81.63601673
1.12e-05,0.0003889991,3.466667e-06,80.38105193,81.52136525
1.12e-05,0.0003889991,3.466667e-06,80.27920785,81.40395654
1.12e-05,0.0003889991,3.466667e-06,80.17519421,81.28472716
1.12e-05,0.0003889991,3.733333e-06,3.84e-05,3.84e-05
1.12e-05,0.0003889991,3.733333e-06,4.27e-05,4.27e-05
1.12e-05,0.0003889991,3.733333e-06,4.69e-05,4.69e-05
1.12e-05,0.0003889991,3.733333e-06,5.12e-05,5.12e-05
1.12e-05,0.0003889991,3.733333e-06,5.55e-05,5.55e-05
1.12e-05,0.0003889991,3.733333e-06,5.97e-05,5.97e-05
1.12e-05,0.0003889991,3.733333e-06,6.4e-05,6.4e-05
1.12e-05,0.0003889991,3.733333e-06,6.83e-05,6.83e-05
1.12e-05,0.0003889991,3.733333e-06,7.25e-05,7.25e-05
1.12e-05,0.0003889991,3.733333e-06,7.68e-05,7.68e-05
1.12e-05,0.0003889991,3.733333e-06,8.11e-05,8.11e-05
1.12e-05,0.0003889991,3.733333e-06,8.53e-05,8.53e-05
1.12e-05,0.0003889991,3.733333e-06,8.96e-05,8.96e-05
1.12e-05,0.0003889991,3.733333e-06,92.38697392,93.66592451
1.12e-05,0.0003889991,3.733333e-06,89.32509429,90.56429504
1.12e-05,0.0003889991,3.733333e-06,87.9256497,88.94554573
1.12e-05,0.0003889991,3.733333e-06,86.82149608,87.8242545
1.12e-05,0.0003889991,3.733333e-06,85.79871707,86.78297297
1.12e-05,0.0003889991,3.733333e-06,84.84130626,85.80607372
1.12e-05,0.0003889991,3.733333e-06,83.95259816,84.88354678
1.12e-05,0.0003889991,3.733333e-06,83.82171924,84.64941438
1.12e-05,0.0003889991,3.733333e-06,83.68801712,84.50527774
1.12e-05,0.0003889991,3.733333e-06,83.55115547,84.35809632
1.12e-05,0.0003889991,3.733333e-06,83.41131743,84.20807439
1.12e-05,0.0003889991,3.733333e-06,83.26917999,84.05589149
1.12e-05,0.0003889991,3.733333e-06,83.1256544,83.90245176
1.12e-05,0.0003889991,4.8e-06,3.84e-05,3.84e-05
1.12e-05,0.0003889991,4.8e-06,4.27e-05,4.27e-05
1.12e-05,0.0003889991,4.8e-06,4.69e-05,4.69e-05
1.12e-05,0.0003889991,4.8e-06,5.12e-05,5.12e-05
1.12e-05,0.0003889991,4.8e-06,5.55e-05,5.55e-05
1.12e-05,0.0003889991,4.8e-06,5.97e-05,5.97e-05
1.12e-05,0.0003889991,4.8e-06,6.4e-05,6.4e-05
1.12e-05,0.0003889991,4.8e-06,6.83e-05,6.83e-05
1.12e-05,0.0003889991,4.8e-06,7.25e-05,7.25e-05
1.12e-05,0.0003889991,4.8e-06,7.68e-05,7.68e-05
1.12e-05,0.0003889991,4.8e-06,8.11e-05,8.11e-05
1.12e-05,0.0003889991,4.8e-06,8.53e-05,8.53e-05
1.12e-05,0.0003889991,4.8e-06,8.96e-05,8.96e-05
1.12e-05,0.0003889991,4.8e-06,98.59238096,96.86008853
1.12e-05,0.0003889991,4.8e-06,95.36528715,93.67182183
1.12e-05,0.0003889991,4.8e-06,92.8346616,91.47385993
1.12e-05,0.0003889991,4.8e-06,91.6569821,90.31434936
1.12e-05,0.0003889991,4.8e-06,90.55248151,89.23065961
1.12e-05,0.0003889991,4.8e-06,89.50760153,88.20844069
1.12e-05,0.0003889991,4.8e-06,88.5141036,87.23880055
1.12e-05,0.0003889991,4.8e-06,87.79864804,86.69788106
1.12e-05,0.0003889991,4.8e-06,87.61726655,86.52912842
1.12e-05,0.0003889991,4.8e-06,87.43301896,86.35748677
1.12e-05,0.0003889991,4.8e-06,87.2462073,86.18321858
1.12e-05,0.0003889991,4.8e-06,87.05752603,86.00701392
1.12e-05,0.0003889991,4.8e-06,86.86785829,85.82976369
1.12e-05,0.0003889991,4.266667e-06,3.84e-05,3.84e-05
1.12e-05,0.0003889991,4.266667e-06,4.27e-05,4.27e-05
1.12e-05,0.0003889991,4.266667e-06,4.69e-05,4.69e-05
1.12e-05,0.0003889991,4.266667e-06,5.12e-05,5.12e-05
1.12e-05,0.0003889991,4.266667e-06,5.55e-05,5.55e-05
1.12e-05,0.0003889991,4.266667e-06,5.97e-05,5.97e-05
1.12e-05,0.0003889991,4.266667e-06,6.4e-05,6.4e-05
1.12e-05,0.0003889991,4.266667e-06,6.83e-05,6.83e-05
1.12e-05,0.0003889991,4.266667e-06,7.25e-05,7.25e-05
1.12e-05,0.0003889991,4.266667e-06,7.68e-05,7.68e-05
1.12e-05,0.0003889991,4.266667e-06,8.11e-05,8.11e-05
1.12e-05,0.0003889991,4.266667e-06,8.53e-05,8.53e-05
1.12e-05,0.0003889991,4.266667e-06,8.96e-05,8.96e-05
1.12e-05,0.0003889991,4.266667e-06,95.88644117,100.7727082
1.12e-05,0.0003889991,4.266667e-06,92.72260373,97.49839366
1.12e-05,0.0003889991,4.266667e-06,90.705909,94.53811422
1.12e-05,0.0003889991,4.266667e-06,89.55738003,93.33990103
1.12e-05,0.0003889991,4.266667e-06,88.48605221,92.2112611
1.12e-05,0.0003889991,4.266667e-06,87.47715163,91.13965357
1.12e-05,0.0003889991,4.266667e-06,86.52143655,90.11772146
1.12e-05,0.0003889991,4.266667e-06,86.07616791,89.16991717
1.12e-05,0.0003889991,4.266667e-06,85.91471824,88.97870994
1.12e-05,0.0003889991,4.266667e-06,85.75034976,88.77903224
1.12e-05,0.0003889991,4.266667e-06,85.58330575,88.5768607
1.12e-05,0.0003889991,4.266667e-06,85.41427298,88.37288557
1.12e-05,0.0003889991,4.266667e-06,85.24414612,88.16796716
1.12e-05,0.0003889991,4.533333e-06,3.84e-05,3.84e-05
1.12e-05,0.0003889991,4.533333e-06,4.27e-05,4.27e-05
1.12e-05,0.0003889991,4.533333e-06,4.69e-05,4.69e-05
1.12e-05,0.0003889991,4.533333e-06,5.12e-05,5.12e-05
1.12e-05,0.0003889991,4.533333e-06,5.55e-05,5.55e-05
1.12e-05,0.0003889991,4.533333e-06,5.97e-05,5.97e-05
1.12e-05,0.0003889991,4.533333e-06,6.4e-05,6.4e-05
1.12e-05,0.0003889991,4.533333e-06,6.83e-05,6.83e-05
1.12e-05,0.0003889991,4.533333e-06,7.25e-05,7.25e-05
1.12e-05,0.0003889991,4.533333e-06,7.68e-05,7.68e-05
1.12e-05,0.0003889991,4.533333e-06,8.11e-05,8.11e-05
1.12e-05,0.0003889991,4.533333e-06,8.53e-05,8.53e-05
1.12e-05,0.0003889991,4.533333e-06,8.96e-05,8.96e-05
1.12e-05,0.0003889991,4.533333e-06,100.0932254,97.97661786
1.12e-05,0.0003889991,4.533333e-06,96.83189532,93.79891631
1.12e-05,0.0003889991,4.533333e-06,94.00829835,89.83875354
1.12e-05,0.0003889991,4.533333e-06,92.81621881,86.75714432
1.12e-05,0.0003889991,4.533333e-06,91.69486526,84.04520098
1.12e-05,0.0003889991,4.533333e-06,90.63138046,80.52031565
1.12e-05,0.0003889991,4.533333e-06,89.61812661,76.32972766
1.12e-05,0.0003889991,4.533333e-06,88.7428546,72.11414375
1.12e-05,0.0003889991,4.533333e-06,88.55530353,68.3413175
1.12e-05,0.0003889991,4.533333e-06,88.36039864,65.12034127
1.12e-05,0.0003889991,4.533333e-06,88.16297915,62.39425243
1.12e-05,0.0003889991,4.533333e-06,87.96373156,60.07296504
1.12e-05,0.0003889991,4.533333e-06,87.76352915,58.07676826
1.12e-05,0.0003889991,4e-06,3.84e-05,3.84e-05
1.12e-05,0.0003889991,4e-06,4.27e-05,4.27e-05
1.12e-05,0.0003889991,4e-06,4.69e-05,4.69e-05
1.12e-05,0.0003889991,4e-06,5.12e-05,5.12e-05
1.12e-05,0.0003889991,4e-06,5.55e-05,5.55e-05
1.12e-05,0.0003889991,4e-06,5.97e-05,5.97e-05
1.12e-05,0.0003889991,4e-06,6.4e-05,6.4e-05
1.12e-05,0.0003889991,4e-06,6.83e-05,6.83e-05
1.12e-05,0.0003889991,4e-06,7.25e-05,7.25e-05
1.12e-05,0.0003889991,4e-06,7.68e-05,7.68e-05
1.12e-05,0.0003889991,4e-06,8.11e-05,8.11e-05
1.12e-05,0.0003889991,4e-06,8.53e-05,8.53e-05
1.12e-05,0.0003889991,4e-06,8.96e-05,8.96e-05
1.12e-05,0.0003889991,4e-06,98.16592666,98.13924094
1.12e-05,0.0003889991,4e-06,93.15253744,92.83466367
1.12e-05,0.0003889991,4e-06,88.78299492,88.30441103
1.12e-05,0.0003889991,4e-06,85.95829176,85.57529576
1.12e-05,0.0003889991,4e-06,83.07460405,82.61607363
1.12e-05,0.0003889991,4e-06,79.49781215,79.01504343
1.12e-05,0.0003889991,4e-06,75.37393662,74.91831966
1.12e-05,0.0003889991,4e-06,71.27119955,70.86344311
1.12e-05,0.0003889991,4e-06,67.59784827,67.233054
1.12e-05,0.0003889991,4e-06,64.44739779,64.11353662
1.12e-05,0.0003889991,4e-06,61.76646528,61.45273558
1.12e-05,0.0003889991,4e-06,59.47182325,59.28458615
1.12e-05,0.0003889991,4e-06,57.53237701,57.55897065
1.12e-05,0.0003889991,5.6e-06,3.84e-05,3.84e-05
1.12e-05,0.0003889991,5.6e-06,4.27e-05,4.27e-05
1.12e-05,0.0003889991,5.6e-06,4.69e-05,4.69e-05
1.12e-05,0.0003889991,5.6e-06,5.12e-05,5.12e-05
1.12e-05,0.0003889991,5.6e-06,5.55e-05,5.55e-05
1.12e-05,0.0003889991,5.6e-06,5.97e-05,5.97e-05
1.12e-05,0.0003889991,5.6e-06,6.4e-05,6.4e-05
1.12e-05,0.0003889991,5.6e-06,6.83e-05,6.83e-05
1.12e-05,0.0003889991,5.6e-06,7.25e-05,7.25e-05
1.12e-05,0.0003889991,5.6e-06,7.68e-05,7.68e-05
1.12e-05,0.0003889991,5.6e-06,8.11e-05,8.11e-05
1.12e-05,0.0003889991,5.6e-06,8.53e-05,8.53e-05
1.12e-05,0.0003889991,5.6e-06,8.96e-05,8.96e-05
1.12e-05,0.0003889991,5.6e-06,98.03062799,97.69680895
1.12e-05,0.0003889991,5.6e-06,92.21616445,91.07264405
1.12e-05,0.0003889991,5.6e-06,87.7588354,86.74249716
1.12e-05,0.0003889991,5.6e-06,84.84653188,83.53270585
1.12e-05,0.0003889991,5.6e-06,81.75252802,80.2182269
1.12e-05,0.0003889991,5.6e-06,78.10639412,76.49409708
1.12e-05,0.0003889991,5.6e-06,74.05492799,72.50847324
1.12e-05,0.0003889991,5.6e-06,70.08274105,68.66704127
1.12e-05,0.0003889991,5.6e-06,66.52775562,65.80957806
1.12e-05,0.0003889991,5.6e-06,63.48428154,63.26812
1.12e-05,0.0003889991,5.6e-06,61.23016211,61.04681043
1.12e-05,0.0003889991,5.6e-06,59.26926838,59.10861318
1.12e-05,0.0003889991,5.6e-06,57.55516065,57.4102385
1.12e-05,0.0003889991,5.066667e-06,3.84e-05,3.84e-05
1.12e-05,0.0003889991,5.066667e-06,4.27e-05,4.27e-05
1.12e-05,0.0003889991,5.066667e-06,4.69e-05,4.69e-05
1.12e-05,0.0003889991,5.066667e-06,5.12e-05,5.12e-05
1.12e-05,0.0003889991,5.066667e-06,5.55e-05,5.55e-05
1.12e-05,0.0003889991,5.066667e-06,5.97e-05,5.97e-05
1.12e-05,0.0003889991,5.066667e-06,6.4e-05,6.4e-05
1.12e-05,0.0003889991,5.066667e-06,6.83e-05,6.83e-05
1.12e-05,0.0003889991,5.066667e-06,7.25e-05,7.25e-05
1.12e-05,0.0003889991,5.066667e-06,7.68e-05,7.68e-05
1.12e-05,0.0003889991,5.066667e-06,8.11e-05,8.11e-05
1.12e-05,0.0003889991,5.066667e-06,8.53e-05,8.53e-05
1.12e-05,0.0003889991,5.066667e-06,8.96e-05,8.96e-05
1.12e-05,0.0003889991,5.066667e-06,97.78886697,97.95767704
1.12e-05,0.0003889991,5.066667e-06,91.34619205,91.91800765
1.12e-05,0.0003889991,5.066667e-06,86.98666746,87.49489498
1.12e-05,0.0003889991,5.066667e-06,83.84431891,84.50071369
1.12e-05,0.0003889991,5.066667e-06,80.5799151,81.34616632
1.12e-05,0.0003889991,5.066667e-06,76.87388875,77.6790845
1.12e-05,0.0003889991,5.066667e-06,72.87414378,73.64667072
1.12e-05,0.0003889991,5.066667e-06,69.00162674,69.71050812
1.12e-05,0.0003889991,5.066667e-06,65.88242272,66.18886596
1.12e-05,0.0003889991,5.066667e-06,63.3310452,63.44060881
1.12e-05,0.0003889991,5.066667e-06,61.1027662,61.19604375
1.12e-05,0.0003889991,5.066667e-06,59.15981609,59.24183589
1.12e-05,0.0003889991,5.066667e-06,57.45821206,57.53243586
1.12e-05,0.0003889991,5.333333e-06,3.84e-05,3.84e-05
1.12e-05,0.0003889991,5.333333e-06,4.27e-05,4.27e-05
1.12e-05,0.0003889991,5.333333e-06,4.69e-05,4.69e-05
1.12e-05,0.0003889991,5.333333e-06,5.12e-05,5.12e-05
1.12e-05,0.0003889991,5.333333e-06,5.55e-05,5.55e-05
1.12e-05,0.0003889991,5.333333e-06,5.97e-05,5.97e-05
1.12e-05,0.0003889991,5.333333e-06,6.4e-05,6.4e-05
1.12e-05,0.0003889991,5.333333e-06,6.83e-05,6.83e-05
1.12e-05,0.0003889991,5.333333e-06,7.25e-05,7.25e-05
1.12e-05,0.0003889991,5.333333e-06,7.68e-05,7.68e-05
1.12e-05,0.0003889991,5.333333e-06,8.11e-05,8.11e-05
1.12e-05,0.0003889991,5.333333e-06,8.53e-05,8.53e-05
1.12e-05,0.0003889991,5.333333e-06,8.96e-05,8.96e-05
1.12e-05,0.0003889991,5.333333e-06,97.60148024,97.50388921
1.12e-05,0.0003889991,5.333333e-06,90.80717661,90.54957266
1.12e-05,0.0003889991,5.333333e-06,86.50484199,86.27353574
1.12e-05,0.0003889991,5.333333e-06,83.23141725,82.9399097
1.12e-05,0.0003889991,5.333333e-06,79.86968138,79.53347564
1.12e-05,0.0003889991,5.333333e-06,76.12829144,75.77561981
1.12e-05,0.0003889991,5.333333e-06,72.15557775,71.81476277
1.12e-05,0.0003889991,5.333333e-06,68.5792748,68.49016467
1.12e-05,0.0003889991,5.333333e-06,65.73365143,65.65536042
1.12e-05,0.0003889991,5.333333e-06,63.20122675,63.13118518
1.12e-05,0.0003889991,5.333333e-06,60.98623078,60.92192359
1.12e-05,0.0003889991,5.333333e-06,59.05229862,58.99182691
1.12e-05,0.0003889991,5.333333e-06,57.35678244,57.29884364
1.12e-05,4.48e-05,2.4e-06,3.84e-05,3.84e-05
1.12e-05,4.48e-05,2.4e-06,4.27e-05,4.27e-05
1.12e-05,4.48e-05,2.4e-06,4.69e-05,4.69e-05
1.12e-05,4.48e-05,2.4e-06,5.12e-05,5.12e-05
1.12e-05,4.48e-05,2.4e-06,5.55e-05,5.55e-05
1.12e-05,4.48e-05,2.4e-06,5.97e-05,5.97e-05
1.12e-05,4.48e-05,2.4e-06,6.4e-05,6.4e-05
1.12e-05,4.48e-05,2.4e-06,6.83e-05,6.83e-05
1.12e-05,4.48e-05,2.4e-06,7.25e-05,7.25e-05
1.12e-05,4.48e-05,2.4e-06,7.68e-05,7.68e-05
1.12e-05,4.48e-05,2.4e-06,8.11e-05,8.11e-05
1.12e-05,4.48e-05,2.4e-06,8.53e-05,8.53e-05
1.12e-05,4.48e-05,2.4e-06,8.96e-05,8.96e-05
1.12e-05,4.48e-05,2.4e-06,86.46879067,87.35459996
1.12e-05,4.48e-05,2.4e-06,87.71626081,88.57402245
1.12e-05,4.48e-05,2.4e-06,88.8756161,89.71068915
1.12e-05,4.48e-05,2.4e-06,90.15327269,90.96438809
1.12e-05,4.48e-05,2.4e-06,91.38368429,92.17267254
1.12e-05,4.48e-05,2.4e-06,92.45926668,93.23577386
1.12e-05,4.48e-05,2.4e-06,93.42446186,94.19262086
1.12e-05,4.48e-05,2.4e-06,94.17105502,94.89673502
1.12e-05,4.48e-05,2.4e-06,94.44933082,95.13629314
1.12e-05,4.48e-05,2.4e-06,94.49654212,95.14481558
1.12e-05,4.48e-05,2.4e-06,94.3351245,94.94353031
1.12e-05,4.48e-05,2.4e-06,93.98166138,94.38180858
1.12e-05,4.48e-05,2.4e-06,92.49846665,92.7732939
1.12e-05,4.48e-05,2.666667e-06,3.84e-05,3.84e-05
1.12e-05,4.48e-05,2.666667e-06,4.27e-05,4.27e-05
1.12e-05,4.48e-05,2.666667e-06,4.69e-05,4.69e-05
1.12e-05,4.48e-05,2.666667e-06,5.12e-05,5.12e-05
1.12e-05,4.48e-05,2.666667e-06,5.55e-05,5.55e-05
1.12e-05,4.48e-05,2.666667e-06,5.97e-05,5.97e-05
1.12e-05,4.48e-05,2.666667e-06,6.4e-05,6.4e-05
1.12e-05,4.48e-05,2.666667e-06,6.83e-05,6.83e-05
1.12e-05,4.48e-05,2.666667e-06,7.25e-05,7.25e-05
1.12e-05,4.48e-05,2.666667e-06,7.68e-05,7.68e-05
1.12e-05,4.48e-05,2.666667e-06,8.11e-05,8.11e-05
1.12e-05,4.48e-05,2.666667e-06,8.53e-05,8.53e-05
1.12e-05,4.48e-05,2.666667e-06,8.96e-05,8.96e-05
1.12e-05,4.48e-05,2.666667e-06,88.84203995,89.47577014
1.12e-05,4.48e-05,2.666667e-06,90.01619909,90.63146323
1.12e-05,4.48e-05,2.666667e-06,91.11840582,91.7107864
1.12e-05,4.48e-05,2.666667e-06,92.31894171,92.89769245
1.12e-05,4.48e-05,2.666667e-06,93.50306394,94.07203121
1.12e-05,4.48e-05,2.666667e-06,94.54782534,95.10997202
1.12e-05,4.48e-05,2.666667e-06,95.48374416,96.04111064
1.12e-05,4.48e-05,2.666667e-06,96.12571547,96.65370979
1.12e-05,4.48e-05,2.666667e-06,96.30360702,96.80669231
1.12e-05,4.48e-05,2.666667e-06,96.24997013,96.7277152
1.12e-05,4.48e-05,2.666667e-06,95.98374947,96.43469448
1.12e-05,4.48e-05,2.666667e-06,95.03165419,95.30090326
1.12e-05,4.48e-05,2.666667e-06,93.17973271,93.34663943
1.12e-05,4.48e-05,2.933333e-06,3.84e-05,3.84e-05
1.12e-05,4.48e-05,2.933333e-06,4.27e-05,4.27e-05
1.12e-05,4.48e-05,2.933333e-06,4.69e-05,4.69e-05
1.12e-05,4.48e-05,2.933333e-06,5.12e-05,5.12e-05
1.12e-05,4.48e-05,2.933333e-06,5.55e-05,5.55e-05
1.12e-05,4.48e-05,2.933333e-06,5.97e-05,5.97e-05
1.12e-05,4.48e-05,2.933333e-06,6.4e-05,6.4e-05
1.12e-05,4.48e-05,2.933333e-06,6.83e-05,6.83e-05
1.12e-05,4.48e-05,2.933333e-06,7.25e-05,7.25e-05
1.12e-05,4.48e-05,2.933333e-06,7.68e-05,7.68e-05
1.12e-05,4.48e-05,2.933333e-06,8.11e-05,8.11e-05
1.12e-05,4.48e-05,2.933333e-06,8.53e-05,8.53e-05
1.12e-05,4.48e-05,2.933333e-06,8.96e-05,8.96e-05
1.12e-05,4.48e-05,2.933333e-06,90.57808258,91.0620775
1.12e-05,4.48e-05,2.933333e-06,91.70317708,92.17451455
1.12e-05,4.48e-05,2.933333e-06,92.75345811,93.21176585
1.12e-05,4.48e-05,2.933333e-06,93.90642244,94.35004532
1.12e-05,4.48e-05,2.933333e-06,95.06479873,95.50194662
1.12e-05,4.48e-05,2.933333e-06,96.09229841,96.5254408
1.12e-05,4.48e-05,2.933333e-06,97.01661117,97.44737197
1.12e-05,4.48e-05,2.933333e-06,97.57891304,97.98801457
1.12e-05,4.48e-05,2.933333e-06,97.69065576,98.08254766
1.12e-05,4.48e-05,2.933333e-06,97.56949173,97.94369677
1.12e-05,4.48e-05,2.933333e-06,97.23121187,97.58618388
1.12e-05,4.48e-05,2.933333e-06,95.75978566,95.9569888
1.12e-05,4.48e-05,2.933333e-06,93.61828784,93.7296975
1.12e-05,4.48e-05,3.2e-06,3.84e-05,3.84e-05
1.12e-05,4.48e-05,3.2e-06,4.27e-05,4.27e-05
1.12e-05,4.48e-05,3.2e-06,4.69e-05,4.69e-05
1.12e-05,4.48e-05,3.2e-06,5.12e-05,5.12e-05
1.12e-05,4.48e-05,3.2e-06,5.55e-05,5.55e-05
1.12e-05,4.48e-05,3.2e-06,5.97e-05,5.97e-05
1.12e-05,4.48e-05,3.2e-06,6.4e-05,6.4e-05
1.12e-05,4.48e-05,3.2e-06,6.83e-05,6.83e-05
1.12e-05,4.48e-05,3.2e-06,7.25e-05,7.25e-05
1.12e-05,4.48e-05,3.2e-06,7.68e-05,7.68e-05
1.12e-05,4.48e-05,3.2e-06,8.11e-05,8.11e-05
1.12e-05,4.48e-05,3.2e-06,8.53e-05,8.53e-05
1.12e-05,4.48e-05,3.2e-06,8.96e-05,8.96e-05
1.12e-05,4.48e-05,3.2e-06,92.67144355,91.92398419
1.12e-05,4.48e-05,3.2e-06,93.73363401,93.00706807
1.12e-05,4.48e-05,3.2e-06,94.73785669,94.02866833
1.12e-05,4.48e-05,3.2e-06,95.82771005,95.14096663
1.12e-05,4.48e-05,3.2e-06,96.96099054,96.28231292
1.12e-05,4.48e-05,3.2e-06,97.97380757,97.29957269
1.12e-05,4.48e-05,3.2e-06,98.89064592,98.21822525
1.12e-05,4.48e-05,3.2e-06,99.36164244,98.72108304
1.12e-05,4.48e-05,3.2e-06,99.40330806,98.78643373
1.12e-05,4.48e-05,3.2e-06,99.20994573,98.61750684
1.12e-05,4.48e-05,3.2e-06,98.62775178,98.20925261
1.12e-05,4.48e-05,3.2e-06,96.55102944,96.2699829
1.12e-05,4.48e-05,3.2e-06,94.06255957,93.91544353
1.12e-05,4.48e-05,3.466667e-06,3.84e-05,3.84e-05
1.12e-05,4.48e-05,3.466667e-06,4.27e-05,4.27e-05
1.12e-05,4.48e-05,3.466667e-06,4.69e-05,4.69e-05
1.12e-05,4.48e-05,3.466667e-06,5.12e-05,5.12e-05
1.12e-05,4.48e-05,3.466667e-06,5.55e-05,5.55e-05
1.12e-05,4.48e-05,3.466667e-06,5.97e-05,5.97e-05
1.12e-05,4.48e-05,3.466667e-06,6.4e-05,6.4e-05
1.12e-05,4.48e-05,3.466667e-06,6.83e-05,6.83e-05
1.12e-05,4.48e-05,3.466667e-06,7.25e-05,7.25e-05
1.12e-05,4.48e-05,3.466667e-06,7.68e-05,7.68e-05
1.12e-05,4.48e-05,3.466667e-06,8.11e-05,8.11e-05
1.12e-05,4.48e-05,3.466667e-06,8.53e-05,8.53e-05
1.12e-05,4.48e-05,3.466667e-06,8.96e-05,8.96e-05
1.12e-05,4.48e-05,3.466667e-06,87.1762809,88.98412085
1.12e-05,4.48e-05,3.466667e-06,84.9198935,86.41807029
1.12e-05,4.48e-05,3.466667e-06,83.76573994,85.23576683
1.12e-05,4.48e-05,3.466667e-06,82.72929296,84.16866523
1.12e-05,4.48e-05,3.466667e-06,81.77927984,83.18690711
1.12e-05,4.48e-05,3.466667e-06,80.89888436,82.27432682
1.12e-05,4.48e-05,3.466667e-06,80.55687761,81.77023491
1.12e-05,4.48e-05,3.466667e-06,80.4673714,81.66348895
1.12e-05,4.48e-05,3.466667e-06,80.37477233,81.55390508
1.12e-05,4.48e-05,3.466667e-06,80.27825386,81.44078127
1.12e-05,4.48e-05,3.466667e-06,80.17795361,81.32427447
1.12e-05,4.48e-05,3.466667e-06,80.07457195,81.20507277
1.12e-05,4.48e-05,3.466667e-06,79.96907855,81.08412148
1.12e-05,4.48e-05,3.733333e-06,3.84e-05,3.84e-05
1.12e-05,4.48e-05,3.733333e-06,4.27e-05,4.27e-05
1.12e-05,4.48e-05,3.733333e-06,4.69e-05,4.69e-05
1.12e-05,4.48e-05,3.733333e-06,5.12e-05,5.12e-05
1.12e-05,4.48e-05,3.733333e-06,5.55e-05,5.55e-05
1.12e-05,4.48e-05,3.733333e-06,5.97e-05,5.97e-05
1.12e-05,4.48e-05,3.733333e-06,6.4e-05,6.4e-05
1.12e-05,4.48e-05,3.733333e-06,6.83e-05,6.83e-05
1.12e-05,4.48e-05,3.733333e-06,7.25e-05,7.25e-05
1.12e-05,4.48e-05,3.733333e-06,7.68e-05,7.68e-05
1.12e-05,4.48e-05,3.733333e-06,8.11e-05,8.11e-05
1.12e-05,4.48e-05,3.733333e-06,8.53e-05,8.53e-05
1.12e-05,4.48e-05,3.733333e-06,8.96e-05,8.96e-05
1.12e-05,4.48e-05,3.733333e-06,92.01226238,93.29878871
1.12e-05,4.48e-05,3.733333e-06,88.93292114,90.1781455
1.12e-05,4.48e-05,3.733333e-06,87.67142539,88.69814877
1.12e-05,4.48e-05,3.733333e-06,86.55820994,87.56721103
1.12e-05,4.48e-05,3.733333e-06,85.52763368,86.51747413
1.12e-05,4.48e-05,3.733333e-06,84.56478783,85.53456598
1.12e-05,4.48e-05,3.733333e-06,83.77519848,84.61824824
1.12e-05,4.48e-05,3.733333e-06,83.64184847,84.47441916
1.12e-05,4.48e-05,3.733333e-06,83.50574976,84.32774195
1.12e-05,4.48e-05,3.733333e-06,83.36650722,84.17798171
1.12e-05,4.48e-05,3.733333e-06,83.22436851,84.02547136
1.12e-05,4.48e-05,3.733333e-06,83.08001544,83.870894
1.12e-05,4.48e-05,3.733333e-06,82.93436519,83.71515854
1.12e-05,4.48e-05,4.8e-06,3.84e-05,3.84e-05
1.12e-05,4.48e-05,4.8e-06,4.27e-05,4.27e-05
1.12e-05,4.48e-05,4.8e-06,4.69e-05,4.69e-05
1.12e-05,4.48e-05,4.8e-06,5.12e-05,5.12e-05
1.12e-05,4.48e-05,4.8e-06,5.55e-05,5.55e-05
1.12e-05,4.48e-05,4.8e-06,5.97e-05,5.97e-05
1.12e-05,4.48e-05,4.8e-06,6.4e-05,6.4e-05
1.12e-05,4.48e-05,4.8e-06,6.83e-05,6.83e-05
1.12e-05,4.48e-05,4.8e-06,7.25e-05,7.25e-05
1.12e-05,4.48e-05,4.8e-06,7.68e-05,7.68e-05
1.12e-05,4.48e-05,4.8e-06,8.11e-05,8.11e-05
1.12e-05,4.48e-05,4.8e-06,8.53e-05,8.53e-05
1.12e-05,4.48e-05,4.8e-06,8.96e-05,8.96e-05
1.12e-05,4.48e-05,4.8e-06,98.25612787,96.51267763
1.12e-05,4.48e-05,4.8e-06,94.99980363,93.30256758
1.12e-05,4.48e-05,4.8e-06,92.61370523,91.24358273
1.12e-05,4.48e-05,4.8e-06,91.42412872,90.07295882
1.12e-05,4.48e-05,4.8e-06,90.31207893,88.97930989
1.12e-05,4.48e-05,4.8e-06,89.25544466,87.94947343
1.12e-05,4.48e-05,4.8e-06,88.25150989,86.96994909
1.12e-05,4.48e-05,4.8e-06,87.64176284,86.53485078
1.12e-05,4.48e-05,4.8e-06,87.45825811,86.36353385
1.12e-05,4.48e-05,4.8e-06,87.27065824,86.1888161
1.12e-05,4.48e-05,4.8e-06,87.08061966,86.01158668
1.12e-05,4.48e-05,4.8e-06,86.88883893,85.83253618
1.12e-05,4.48e-05,4.8e-06,86.69619983,85.65255759
1.12e-05,4.48e-05,4.266667e-06,3.84e-05,3.84e-05
1.12e-05,4.48e-05,4.266667e-06,4.27e-05,4.27e-05
1.12e-05,4.48e-05,4.266667e-06,4.69e-05,4.69e-05
1.12e-05,4.48e-05,4.266667e-06,5.12e-05,5.12e-05
1.12e-05,4.48e-05,4.266667e-06,5.55e-05,5.55e-05
1.12e-05,4.48e-05,4.266667e-06,5.97e-05,5.97e-05
1.12e-05,4.48e-05,4.266667e-06,6.4e-05,6.4e-05
1.12e-05,4.48e-05,4.266667e-06,6.83e-05,6.83e-05
1.12e-05,4.48e-05,4.266667e-06,7.25e-05,7.25e-05
1.12e-05,4.48e-05,4.266667e-06,7.68e-05,7.68e-05
1.12e-05,4.48e-05,4.266667e-06,8.11e-05,8.11e-05
1.12e-05,4.48e-05,4.266667e-06,8.53e-05,8.53e-05
1.12e-05,4.48e-05,4.266667e-06,8.96e-05,8.96e-05
1.12e-05,4.48e-05,4.266667e-06,95.53289907,100.4509791
1.12e-05,4.48e-05,4.266667e-06,92.34785924,97.14758009
1.12e-05,4.48e-05,4.266667e-06,90.47040411,94.32894599
1.12e-05,4.48e-05,4.266667e-06,89.31120683,93.1178417
1.12e-05,4.48e-05,4.266667e-06,88.23036081,91.97892166
1.12e-05,4.48e-05,4.266667e-06,87.21436027,90.89611648
1.12e-05,4.48e-05,4.266667e-06,86.24909618,89.86308269
1.12e-05,4.48e-05,4.266667e-06,85.90954489,89.02546044
1.12e-05,4.48e-05,4.266667e-06,85.74546066,88.8231736
1.12e-05,4.48e-05,4.266667e-06,85.57816903,88.62479664
1.12e-05,4.48e-05,4.266667e-06,85.40830932,88.41903345
1.12e-05,4.48e-05,4.266667e-06,85.23656971,88.21161902
1.12e-05,4.48e-05,4.266667e-06,85.06384778,88.00340464
1.12e-05,4.48e-05,4.533333e-06,3.84e-05,3.84e-05
1.12e-05,4.48e-05,4.533333e-06,4.27e-05,4.27e-05
1.12e-05,4.48e-05,4.533333e-06,4.69e-05,4.69e-05
1.12e-05,4.48e-05,4.533333e-06,5.12e-05,5.12e-05
1.12e-05,4.48e-05,4.533333e-06,5.55e-05,5.55e-05
1.12e-05,4.48e-05,4.533333e-06,5.97e-05,5.97e-05
1.12e-05,4.48e-05,4.533333e-06,6.4e-05,6.4e-05
1.12e-05,4.48e-05,4.533333e-06,6.83e-05,6.83e-05
1.12e-05,4.48e-05,4.533333e-06,7.25e-05,7.25e-05
1.12e-05,4.48e-05,4.533333e-06,7.68e-05,7.68e-05
1.12e-05,4.48e-05,4.533333e-06,8.11e-05,8.11e-05
1.12e-05,4.48e-05,4.533333e-06,8.53e-05,8.53e-05
1.12e-05,4.48e-05,4.533333e-06,8.96e-05,8.96e-05
1.12e-05,4.48e-05,4.533333e-06,99.76690825,97.71541802
1.12e-05,4.48e-05,4.533333e-06,96.47739269,93.39839328
1.12e-05,4.48e-05,4.533333e-06,93.79544613,89.38488908
1.12e-05,4.48e-05,4.533333e-06,92.59079034,86.35170276
1.12e-05,4.48e-05,4.533333e-06,91.45989836,83.59795879
1.12e-05,4.48e-05,4.533333e-06,90.38514689,80.04714034
1.12e-05,4.48e-05,4.533333e-06,89.36099989,75.85308818
1.12e-05,4.48e-05,4.533333e-06,88.59531956,71.65051783
1.12e-05,4.48e-05,4.533333e-06,88.40211235,67.89513877
1.12e-05,4.48e-05,4.533333e-06,88.20360173,64.68981002
1.12e-05,4.48e-05,4.533333e-06,88.00271003,61.97617626
1.12e-05,4.48e-05,4.533333e-06,87.80013243,59.66450591
1.12e-05,4.48e-05,4.533333e-06,87.59673828,57.67578677
1.12e-05,4.48e-05,4e-06,3.84e-05,3.84e-05
1.12e-05,4.48e-05,4e-06,4.27e-05,4.27e-05
1.12e-05,4.48e-05,4e-06,4.69e-05,4.69e-05
1.12e-05,4.48e-05,4e-06,5.12e-05,5.12e-05
1.12e-05,4.48e-05,4e-06,5.55e-05,5.55e-05
1.12e-05,4.48e-05,4e-06,5.97e-05,5.97e-05
1.12e-05,4.48e-05,4e-06,6.4e-05,6.4e-05
1.12e-05,4.48e-05,4e-06,6.83e-05,6.83e-05
1.12e-05,4.48e-05,4e-06,7.25e-05,7.25e-05
1.12e-05,4.48e-05,4e-06,7.68e-05,7.68e-05
1.12e-05,4.48e-05,4e-06,8.11e-05,8.11e-05
1.12e-05,4.48e-05,4e-06,8.53e-05,8.53e-05
1.12e-05,4.48e-05,4e-06,8.96e-05,8.96e-05
1.12e-05,4.48e-05,4e-06,97.81939778,97.78035256
1.12e-05,4.48e-05,4e-06,92.72816782,92.39652821
1.12e-05,4.48e-05,4e-06,88.2969564,87.9054395
1.12e-05,4.48e-05,4e-06,85.52335526,85.12734159
1.12e-05,4.48e-05,4e-06,82.5963469,82.12421483
1.12e-05,4.48e-05,4e-06,78.99361415,78.49731689
1.12e-05,4.48e-05,4e-06,74.86721946,74.39850559
1.12e-05,4.48e-05,4e-06,70.77834747,70.35785772
1.12e-05,4.48e-05,4e-06,67.12312394,66.74588138
1.12e-05,4.48e-05,4e-06,63.98889504,63.64282931
1.12e-05,4.48e-05,4e-06,61.32089843,60.99517342
1.12e-05,4.48e-05,4e-06,59.03626644,58.964393
1.12e-05,4.48e-05,4e-06,57.2260022,57.24500899
1.12e-05,4.48e-05,5.6e-06,3.84e-05,3.84e-05
1.12e-05,4.48e-05,5.6e-06,4.27e-05,4.27e-05
1.12e-05,4.48e-05,5.6e-06,4.69e-05,4.69e-05
1.12e-05,4.48e-05,5.6e-06,5.12e-05,5.12e-05
1.12e-05,4.48e-05,5.6e-06,5.55e-05,5.55e-05
1.12e-05,4.48e-05,5.6e-06,5.97e-05,5.97e-05
1.12e-05,4.48e-05,5.6e-06,6.4e-05,6.4e-05
1.12e-05,4.48e-05,5.6e-06,6.83e-05,6.83e-05
1.12e-05,4.48e-05,5.6e-06,7.25e-05,7.25e-05
1.12e-05,4.48e-05,5.6e-06,7.68e-05,7.68e-05
1.12e-05,4.48e-05,5.6e-06,8.11e-05,8.11e-05
1.12e-05,4.48e-05,5.6e-06,8.53e-05,8.53e-05
1.12e-05,4.48e-05,5.6e-06,8.96e-05,8.96e-05
1.12e-05,4.48e-05,5.6e-06,97.64979071,97.28122578
1.12e-05,4.48e-05,5.6e-06,91.75372389,90.57127485
1.12e-05,4.48e-05,5.6e-06,87.33870514,86.28711129
1.12e-05,4.48e-05,5.6e-06,84.37527537,83.0230851
1.12e-05,4.48e-05,5.6e-06,81.23646756,79.66280715
1.12e-05,4.48e-05,5.6e-06,77.56472732,75.91391183
1.12e-05,4.48e-05,5.6e-06,73.51197824,71.92845125
1.12e-05,4.48e-05,5.6e-06,69.55465717,68.28196883
1.12e-05,4.48e-05,5.6e-06,66.01857325,65.43045912
1.12e-05,4.48e-05,5.6e-06,63.1358164,62.89642888
1.12e-05,4.48e-05,5.6e-06,60.88927674,60.68237862
1.12e-05,4.48e-05,5.6e-06,58.93524142,58.75079571
1.12e-05,4.48e-05,5.6e-06,57.227269,57.05836643
1.12e-05,4.48e-05,5.066667e-06,3.84e-05,3.84e-05
1.12e-05,4.48e-05,5.066667e-06,4.27e-05,4.27e-05
1.12e-05,4.48e-05,5.066667e-06,4.69e-05,4.69e-05
1.12e-05,4.48e-05,5.066667e-06,5.12e-05,5.12e-05
1.12e-05,4.48e-05,5.066667e-06,5.55e-05,5.55e-05
1.12e-05,4.48e-05,5.066667e-06,5.97e-05,5.97e-05
1.12e-05,4.48e-05,5.066667e-06,6.4e-05,6.4e-05
1.12e-05,4.48e-05,5.066667e-06,6.83e-05,6.83e-05
1.12e-05,4.48e-05,5.066667e-06,7.25e-05,7.25e-05
1.12e-05,4.48e-05,5.066667e-06,7.68e-05,7.68e-05
1.12e-05,4.48e-05,5.066667e-06,8.11e-05,8.11e-05
1.12e-05,4.48e-05,5.066667e-06,8.53e-05,8.53e-05
1.12e-05,4.48e-05,5.066667e-06,8.96e-05,8.96e-05
1.12e-05,4.48e-05,5.066667e-06,97.38094687,97.56708209
1.12e-05,4.48e-05,5.066667e-06,90.85355849,91.44476498
1.12e-05,4.48e-05,5.066667e-06,86.53936825,87.0651695
1.12e-05,4.48e-05,5.066667e-06,83.34344204,84.01895518
1.12e-05,4.48e-05,5.066667e-06,80.03340669,80.81926699
1.12e-05,4.48e-05,5.066667e-06,76.30237454,77.1267556
1.12e-05,4.48e-05,5.066667e-06,72.3024473,73.09343787
1.12e-05,4.48e-05,5.066667e-06,68.44559074,69.17242414
1.12e-05,4.48e-05,5.066667e-06,65.50860464,65.66989539
1.12e-05,4.48e-05,5.066667e-06,62.96475726,63.08590661
1.12e-05,4.48e-05,5.066667e-06,60.74381474,60.84883834
1.12e-05,4.48e-05,5.066667e-06,58.80753826,58.9014263
1.12e-05,4.48e-05,5.066667e-06,57.11192622,57.1981134
1.12e-05,4.48e-05,5.333333e-06,3.84e-05,3.84e-05
1.12e-05,4.48e-05,5.333333e-06,4.27e-05,4.27e-05
1.12e-05,4.48e-05,5.333333e-06,4.69e-05,4.69e-05
1.12e-05,4.48e-05,5.333333e-06,5.12e-05,5.12e-05
1.12e-05,4.48e-05,5.333333e-06,5.55e-05,5.55e-05
1.12e-05,4.48e-05,5.333333e-06,5.97e-05,5.97e-05
1.12e-05,4.48e-05,5.333333e-06,6.4e-05,6.4e-05
1.12e-05,4.48e-05,5.333333e-06,6.83e-05,6.83e-05
1.12e-05,4.48e-05,5.333333e-06,7.25e-05,7.25e-05
1.12e-05,4.48e-05,5.333333e-06,7.68e-05,7.68e-05
1.12e-05,4.48e-05,5.333333e-06,8.11e-05,8.11e-05
1.12e-05,4.48e-05,5.333333e-06,8.53e-05,8.53e-05
1.12e-05,4.48e-05,5.333333e-06,8.96e-05,8.96e-05
1.12e-05,4.48e-05,5.333333e-06,97.17885556,97.07481748
1.12e-05,4.48e-05,5.333333e-06,90.29763301,90.04369696
1.12e-05,4.48e-05,5.333333e-06,86.04177718,85.80316297
1.12e-05,4.48e-05,5.333333e-06,82.71352642,82.41417919
1.12e-05,4.48e-05,5.333333e-06,79.30586844,78.96173954
1.12e-05,4.48e-05,5.333333e-06,75.53996858,75.17964243
1.12e-05,4.48e-05,5.333333e-06,71.56775495,71.2196143
1.12e-05,4.48e-05,5.333333e-06,68.18925603,68.09540271
1.12e-05,4.48e-05,5.333333e-06,65.34945808,65.26630025
1.12e-05,4.48e-05,5.333333e-06,62.82436208,62.74935764
1.12e-05,4.48e-05,5.333333e-06,60.6165503,60.54720719
1.12e-05,4.48e-05,5.333333e-06,58.6891745,58.62361027
1.12e-05,4.48e-05,5.333333e-06,56.99955797,56.93648181
1.013333e-05,0.000132012,2.4e-06,3.84e-05,3.84e-05
1.013333e-05,0.000132012,2.4e-06,4.27e-05,4.27e-05
1.013333e-05,0.000132012,2.4e-06,4.69e-05,4.69e-05
1.013333e-05,0.000132012,2.4e-06,5.12e-05,5.12e-05
1.013333e-05,0.000132012,2.4e-06,5.55e-05,5.55e-05
1.013333e-05,0.000132012,2.4e-06,5.97e-05,5.97e-05
1.013333e-05,0.000132012,2.4e-06,6.4e-05,6.4e-05
1.013333e-05,0.000132012,2.4e-06,6.83e-05,6.83e-05
1.013333e-05,0.000132012,2.4e-06,7.25e-05,7.25e-05
1.013333e-05,0.000132012,2.4e-06,7.68e-05,7.68e-05
1.013333e-05,0.000132012,2.4e-06,8.11e-05,8.11e-05
1.013333e-05,0.000132012,2.4e-06,8.53e-05,8.53e-05
1.013333e-05,0.000132012,2.4e-06,8.96e-05,8.96e-05
1.013333e-05,0.000132012,2.4e-06,87.536287,88.3952665
1.013333e-05,0.000132012,2.4e-06,88.63268566,89.41643022
1.013333e-05,0.000132012,2.4e-06,89.70905287,90.47098774
1.013333e-05,0.000132012,2.4e-06,90.7203482,91.46389756
1.013333e-05,0.000132012,2.4e-06,91.68757853,92.41560092
1.013333e-05,0.000132012,2.4e-06,92.69594937,93.40708422
1.013333e-05,0.000132012,2.4e-06,93.65001257,94.34503909
1.013333e-05,0.000132012,2.4e-06,94.49740599,95.18795165
1.013333e-05,0.000132012,2.4e-06,95.27006393,95.95062567
1.013333e-05,0.000132012,2.4e-06,95.97037186,96.65643718
1.013333e-05,0.000132012,2.4e-06,96.24645225,96.8594853
1.013333e-05,0.000132012,2.4e-06,96.22421608,96.79694545
1.013333e-05,0.000132012,2.4e-06,96.01548084,96.5561127
1.013333e-05,0.000132012,2.666667e-06,3.84e-05,3.84e-05
1.013333e-05,0.000132012,2.666667e-06,4.27e-05,4.27e-05
1.013333e-05,0.000132012,2.666667e-06,4.69e-05,4.69e-05
1.013333e-05,0.000132012,2.666667e-06,5.12e-05,5.12e-05
1.013333e-05,0.000132012,2.666667e-06,5.55e-05,5.55e-05
1.013333e-05,0.000132012,2.666667e-06,5.97e-05,5.97e-05
1.013333e-05,0.000132012,2.666667e-06,6.4e-05,6.4e-05
1.013333e-05,0.000132012,2.666667e-06,6.83e-05,6.83e-05
1.013333e-05,0.000132012,2.666667e-06,7.25e-05,7.25e-05
1.013333e-05,0.000132012,2.666667e-06,7.68e-05,7.68e-05
1.013333e-05,0.000132012,2.666667e-06,8.11e-05,8.11e-05
1.013333e-05,0.000132012,2.666667e-06,8.53e-05,8.53e-05
1.013333e-05,0.000132012,2.666667e-06,8.96e-05,8.96e-05
1.013333e-05,0.000132012,2.666667e-06,89.84129223,90.45900142
1.013333e-05,0.000132012,2.666667e-06,90.73008119,91.28888712
1.013333e-05,0.000132012,2.666667e-06,91.74907296,92.29309283
1.013333e-05,0.000132012,2.666667e-06,92.71195695,93.24348758
1.013333e-05,0.000132012,2.666667e-06,93.63826752,94.15923086
1.013333e-05,0.000132012,2.666667e-06,94.60208282,95.11153364
1.013333e-05,0.000132012,2.666667e-06,95.52244668,96.02532448
1.013333e-05,0.000132012,2.666667e-06,96.35477182,96.8554964
1.013333e-05,0.000132012,2.666667e-06,97.1054294,97.60055213
1.013333e-05,0.000132012,2.666667e-06,97.79634134,98.29075798
1.013333e-05,0.000132012,2.666667e-06,97.90305686,98.34757163
1.013333e-05,0.000132012,2.666667e-06,97.77509316,98.19808639
1.013333e-05,0.000132012,2.666667e-06,97.47727683,97.87528728
1.013333e-05,0.000132012,2.933333e-06,3.84e-05,3.84e-05
1.013333e-05,0.000132012,2.933333e-06,4.27e-05,4.27e-05
1.013333e-05,0.000132012,2.933333e-06,4.69e-05,4.69e-05
1.013333e-05,0.000132012,2.933333e-06,5.12e-05,5.12e-05
1.013333e-05,0.000132012,2.933333e-06,5.55e-05,5.55e-05
1.013333e-05,0.000132012,2.933333e-06,5.97e-05,5.97e-05
1.013333e-05,0.000132012,2.933333e-06,6.4e-05,6.4e-05
1.013333e-05,0.000132012,2.933333e-06,6.83e-05,6.83e-05
1.013333e-05,0.000132012,2.933333e-06,7.25e-05,7.25e-05
1.013333e-05,0.000132012,2.933333e-06,7.68e-05,7.68e-05
1.013333e-05,0.000132012,2.933333e-06,8.11e-05,8.11e-05
1.013333e-05,0.000132012,2.933333e-06,8.53e-05,8.53e-05
1.013333e-05,0.000132012,2.933333e-06,8.96e-05,8.96e-05
1.013333e-05,0.000132012,2.933333e-06,91.53478611,92.00792494
1.013333e-05,0.000132012,2.933333e-06,92.25975338,92.68565197
1.013333e-05,0.000132012,2.933333e-06,93.23868002,93.65362134
1.013333e-05,0.000132012,2.933333e-06,94.16773766,94.57344583
1.013333e-05,0.000132012,2.933333e-06,95.06544062,95.46335546
1.013333e-05,0.000132012,2.933333e-06,95.99809887,96.38752919
1.013333e-05,0.000132012,2.933333e-06,96.90179916,97.28734595
1.013333e-05,0.000132012,2.933333e-06,97.71932887,98.10240187
1.013333e-05,0.000132012,2.933333e-06,98.46683053,98.84956959
1.013333e-05,0.000132012,2.933333e-06,99.13586921,99.49939133
1.013333e-05,0.000132012,2.933333e-06,99.1366021,99.47947118
1.013333e-05,0.000132012,2.933333e-06,98.94255995,99.27292966
1.013333e-05,0.000132012,2.933333e-06,98.58543896,98.89296167
1.013333e-05,0.000132012,3.2e-06,3.84e-05,3.84e-05
1.013333e-05,0.000132012,3.2e-06,4.27e-05,4.27e-05
1.013333e-05,0.000132012,3.2e-06,4.69e-05,4.69e-05
1.013333e-05,0.000132012,3.2e-06,5.12e-05,5.12e-05
1.013333e-05,0.000132012,3.2e-06,5.55e-05,5.55e-05
1.013333e-05,0.000132012,3.2e-06,5.97e-05,5.97e-05
1.013333e-05,0.000132012,3.2e-06,6.4e-05,6.4e-05
1.013333e-05,0.000132012,3.2e-06,6.83e-05,6.83e-05
1.013333e-05,0.000132012,3.2e-06,7.25e-05,7.25e-05
1.013333e-05,0.000132012,3.2e-06,7.68e-05,7.68e-05
1.013333e-05,0.000132012,3.2e-06,8.11e-05,8.11e-05
1.013333e-05,0.000132012,3.2e-06,8.53e-05,8.53e-05
1.013333e-05,0.000132012,3.2e-06,8.96e-05,8.96e-05
1.013333e-05,0.000132012,3.2e-06,93.58454726,92.85166784
1.013333e-05,0.000132012,3.2e-06,94.09539844,93.44370851
1.013333e-05,0.000132012,3.2e-06,95.03277403,94.39229682
1.013333e-05,0.000132012,3.2e-06,95.92227618,95.29583311
1.013333e-05,0.000132012,3.2e-06,96.78672026,96.17203189
1.013333e-05,0.000132012,3.2e-06,97.6831599,97.08127668
1.013333e-05,0.000132012,3.2e-06,98.57249907,97.9750143
1.013333e-05,0.000132012,3.2e-06,99.38182897,98.78652366
1.013333e-05,0.000132012,3.2e-06,100.1246596,99.53582989
1.013333e-05,0.000132012,3.2e-06,100.7195913,100.1505165
1.013333e-05,0.000132012,3.2e-06,100.6562452,100.1040503
1.013333e-05,0.000132012,3.2e-06,100.3874695,99.87015236
1.013333e-05,0.000132012,3.2e-06,99.94021067,99.44937346
1.013333e-05,0.000132012,3.466667e-06,3.84e-05,3.84e-05
1.013333e-05,0.000132012,3.466667e-06,4.27e-05,4.27e-05
1.013333e-05,0.000132012,3.466667e-06,4.69e-05,4.69e-05
1.013333e-05,0.000132012,3.466667e-06,5.12e-05,5.12e-05
1.013333e-05,0.000132012,3.466667e-06,5.55e-05,5.55e-05
1.013333e-05,0.000132012,3.466667e-06,5.97e-05,5.97e-05
1.013333e-05,0.000132012,3.466667e-06,6.4e-05,6.4e-05
1.013333e-05,0.000132012,3.466667e-06,6.83e-05,6.83e-05
1.013333e-05,0.000132012,3.466667e-06,7.25e-05,7.25e-05
1.013333e-05,0.000132012,3.466667e-06,7.68e-05,7.68e-05
1.013333e-05,0.000132012,3.466667e-06,8.11e-05,8.11e-05
1.013333e-05,0.000132012,3.466667e-06,8.53e-05,8.53e-05
1.013333e-05,0.000132012,3.466667e-06,8.96e-05,8.96e-05
1.013333e-05,0.000132012,3.466667e-06,92.59503341,94.21980474
1.013333e-05,0.000132012,3.466667e-06,90.08783623,91.68054153
1.013333e-05,0.000132012,3.466667e-06,87.82140016,89.37508449
1.013333e-05,0.000132012,3.466667e-06,86.48761977,87.78216533
1.013333e-05,0.000132012,3.466667e-06,85.69750446,86.97344389
1.013333e-05,0.000132012,3.466667e-06,84.96227464,86.2188123
1.013333e-05,0.000132012,3.466667e-06,84.2716501,85.50807671
1.013333e-05,0.000132012,3.466667e-06,83.61905676,84.83484715
1.013333e-05,0.000132012,3.466667e-06,83.0048937,84.19498173
1.013333e-05,0.000132012,3.466667e-06,82.86149828,83.92085472
1.013333e-05,0.000132012,3.466667e-06,82.80588322,83.85426582
1.013333e-05,0.000132012,3.466667e-06,82.7495268,83.78644103
1.013333e-05,0.000132012,3.466667e-06,82.68959411,83.71475405
1.013333e-05,0.000132012,3.733333e-06,3.84e-05,3.84e-05
1.013333e-05,0.000132012,3.733333e-06,4.27e-05,4.27e-05
1.013333e-05,0.000132012,3.733333e-06,4.69e-05,4.69e-05
1.013333e-05,0.000132012,3.733333e-06,5.12e-05,5.12e-05
1.013333e-05,0.000132012,3.733333e-06,5.55e-05,5.55e-05
1.013333e-05,0.000132012,3.733333e-06,5.97e-05,5.97e-05
1.013333e-05,0.000132012,3.733333e-06,6.4e-05,6.4e-05
1.013333e-05,0.000132012,3.733333e-06,6.83e-05,6.83e-05
1.013333e-05,0.000132012,3.733333e-06,7.25e-05,7.25e-05
1.013333e-05,0.000132012,3.733333e-06,7.68e-05,7.68e-05
1.013333e-05,0.000132012,3.733333e-06,8.11e-05,8.11e-05
1.013333e-05,0.000132012,3.733333e-06,8.53e-05,8.53e-05
1.013333e-05,0.000132012,3.733333e-06,8.96e-05,8.96e-05
1.013333e-05,0.000132012,3.733333e-06,96.92327943,98.06698949
1.013333e-05,0.000132012,3.733333e-06,94.34028013,95.46906924
1.013333e-05,0.000132012,3.733333e-06,91.97794294,93.08572494
1.013333e-05,0.000132012,3.733333e-06,89.91923824,90.8817133
1.013333e-05,0.000132012,3.733333e-06,89.09039659,89.97906671
1.013333e-05,0.000132012,3.733333e-06,88.30566283,89.18731293
1.013333e-05,0.000132012,3.733333e-06,87.56374747,88.43296873
1.013333e-05,0.000132012,3.733333e-06,86.85833349,87.71470052
1.013333e-05,0.000132012,3.733333e-06,86.18538216,87.02846592
1.013333e-05,0.000132012,3.733333e-06,85.6732591,86.41295699
1.013333e-05,0.000132012,3.733333e-06,85.59437821,86.32089172
1.013333e-05,0.000132012,3.733333e-06,85.50290275,86.2244685
1.013333e-05,0.000132012,3.733333e-06,85.41217745,86.12706545
1.013333e-05,0.000132012,4.8e-06,3.84e-05,3.84e-05
1.013333e-05,0.000132012,4.8e-06,4.27e-05,4.27e-05
1.013333e-05,0.000132012,4.8e-06,4.69e-05,4.69e-05
1.013333e-05,0.000132012,4.8e-06,5.12e-05,5.12e-05
1.013333e-05,0.000132012,4.8e-06,5.55e-05,5.55e-05
1.013333e-05,0.000132012,4.8e-06,5.97e-05,5.97e-05
1.013333e-05,0.000132012,4.8e-06,6.4e-05,6.4e-05
1.013333e-05,0.000132012,4.8e-06,6.83e-05,6.83e-05
1.013333e-05,0.000132012,4.8e-06,7.25e-05,7.25e-05
1.013333e-05,0.000132012,4.8e-06,7.68e-05,7.68e-05
1.013333e-05,0.000132012,4.8e-06,8.11e-05,8.11e-05
1.013333e-05,0.000132012,4.8e-06,8.53e-05,8.53e-05
1.013333e-05,0.000132012,4.8e-06,8.96e-05,8.96e-05
1.013333e-05,0.000132012,4.8e-06,102.4935683,100.9124756
1.013333e-05,0.000132012,4.8e-06,99.81343324,98.28630129
1.013333e-05,0.000132012,4.8e-06,97.36616233,95.85852863
1.013333e-05,0.000132012,4.8e-06,95.08019613,93.59874591
1.013333e-05,0.000132012,4.8e-06,93.38467687,92.19237811
1.013333e-05,0.000132012,4.8e-06,92.55435905,91.37398814
1.013333e-05,0.000132012,4.8e-06,91.7634731,90.59508233
1.013333e-05,0.000132012,4.8e-06,90.999155,89.84648731
1.013333e-05,0.000132012,4.8e-06,90.26553624,89.12891993
1.013333e-05,0.000132012,4.8e-06,89.55965037,88.43967189
1.013333e-05,0.000132012,4.8e-06,89.09647176,88.12458566
1.013333e-05,0.000132012,4.8e-06,88.97446503,88.01151017
1.013333e-05,0.000132012,4.8e-06,88.84901346,87.89993337
1.013333e-05,0.000132012,4.266667e-06,3.84e-05,3.84e-05
1.013333e-05,0.000132012,4.266667e-06,4.27e-05,4.27e-05
1.013333e-05,0.000132012,4.266667e-06,4.69e-05,4.69e-05
1.013333e-05,0.000132012,4.266667e-06,5.12e-05,5.12e-05
1.013333e-05,0.000132012,4.266667e-06,5.55e-05,5.55e-05
1.013333e-05,0.000132012,4.266667e-06,5.97e-05,5.97e-05
1.013333e-05,0.000132012,4.266667e-06,6.4e-05,6.4e-05
1.013333e-05,0.000132012,4.266667e-06,6.83e-05,6.83e-05
1.013333e-05,0.000132012,4.266667e-06,7.25e-05,7.25e-05
1.013333e-05,0.000132012,4.266667e-06,7.68e-05,7.68e-05
1.013333e-05,0.000132012,4.266667e-06,8.11e-05,8.11e-05
1.013333e-05,0.000132012,4.266667e-06,8.53e-05,8.53e-05
1.013333e-05,0.000132012,4.266667e-06,8.96e-05,8.96e-05
1.013333e-05,0.000132012,4.266667e-06,100.0466643,105.036782
1.013333e-05,0.000132012,4.266667e-06,97.42779169,101.7355292
1.013333e-05,0.000132012,4.266667e-06,95.01236655,99.26784714
1.013333e-05,0.000132012,4.266667e-06,92.76854374,96.95277903
1.013333e-05,0.000132012,4.266667e-06,91.51984076,94.87823197
1.013333e-05,0.000132012,4.266667e-06,90.71234461,94.03434753
1.013333e-05,0.000132012,4.266667e-06,89.93722482,93.22470911
1.013333e-05,0.000132012,4.266667e-06,89.19763823,92.44753067
1.013333e-05,0.000132012,4.266667e-06,88.48936108,91.69430077
1.013333e-05,0.000132012,4.266667e-06,87.80975092,90.96827655
1.013333e-05,0.000132012,4.266667e-06,87.57713372,90.30114434
1.013333e-05,0.000132012,4.266667e-06,87.46911785,90.17338085
1.013333e-05,0.000132012,4.266667e-06,87.35988913,90.03790196
1.013333e-05,0.000132012,4.533333e-06,3.84e-05,3.84e-05
1.013333e-05,0.000132012,4.533333e-06,4.27e-05,4.27e-05
1.013333e-05,0.000132012,4.533333e-06,4.69e-05,4.69e-05
1.013333e-05,0.000132012,4.533333e-06,5.12e-05,5.12e-05
1.013333e-05,0.000132012,4.533333e-06,5.55e-05,5.55e-05
1.013333e-05,0.000132012,4.533333e-06,5.97e-05,5.97e-05
1.013333e-05,0.000132012,4.533333e-06,6.4e-05,6.4e-05
1.013333e-05,0.000132012,4.533333e-06,6.83e-05,6.83e-05
1.013333e-05,0.000132012,4.533333e-06,7.25e-05,7.25e-05
1.013333e-05,0.000132012,4.533333e-06,7.68e-05,7.68e-05
1.013333e-05,0.000132012,4.533333e-06,8.11e-05,8.11e-05
1.013333e-05,0.000132012,4.533333e-06,8.53e-05,8.53e-05
1.013333e-05,0.000132012,4.533333e-06,8.96e-05,8.96e-05
1.013333e-05,0.000132012,4.533333e-06,104.241118,101.6768208
1.013333e-05,0.000132012,4.533333e-06,101.1364657,99.34747792
1.013333e-05,0.000132012,4.533333e-06,98.67468936,96.47097769
1.013333e-05,0.000132012,4.533333e-06,96.3682506,93.89882556
1.013333e-05,0.000132012,4.533333e-06,94.413575,91.24391112
1.013333e-05,0.000132012,4.533333e-06,93.5737538,87.90107526
1.013333e-05,0.000132012,4.533333e-06,92.76883025,84.06350505
1.013333e-05,0.000132012,4.533333e-06,91.99636921,79.78201691
1.013333e-05,0.000132012,4.533333e-06,91.24921253,75.67660976
1.013333e-05,0.000132012,4.533333e-06,90.52938193,72.08295834
1.013333e-05,0.000132012,4.533333e-06,89.92499715,69.03212763
1.013333e-05,0.000132012,4.533333e-06,89.80051428,66.44883736
1.013333e-05,0.000132012,4.533333e-06,89.66821946,64.24453053
1.013333e-05,0.000132012,4e-06,3.84e-05,3.84e-05
1.013333e-05,0.000132012,4e-06,4.27e-05,4.27e-05
1.013333e-05,0.000132012,4e-06,4.69e-05,4.69e-05
1.013333e-05,0.000132012,4e-06,5.12e-05,5.12e-05
1.013333e-05,0.000132012,4e-06,5.55e-05,5.55e-05
1.013333e-05,0.000132012,4e-06,5.97e-05,5.97e-05
1.013333e-05,0.000132012,4e-06,6.4e-05,6.4e-05
1.013333e-05,0.000132012,4e-06,6.83e-05,6.83e-05
1.013333e-05,0.000132012,4e-06,7.25e-05,7.25e-05
1.013333e-05,0.000132012,4e-06,7.68e-05,7.68e-05
1.013333e-05,0.000132012,4e-06,8.11e-05,8.11e-05
1.013333e-05,0.000132012,4e-06,8.53e-05,8.53e-05
1.013333e-05,0.000132012,4e-06,8.96e-05,8.96e-05
1.013333e-05,0.000132012,4e-06,102.2937656,102.537532
1.013333e-05,0.000132012,4e-06,99.50954162,99.5325961
1.013333e-05,0.000132012,4e-06,95.96089406,95.71481777
1.013333e-05,0.000132012,4e-06,93.1294716,92.76733902
1.013333e-05,0.000132012,4e-06,90.32111033,89.89543995
1.013333e-05,0.000132012,4e-06,87.27568822,87.00675905
1.013333e-05,0.000132012,4e-06,83.55686688,83.30060602
1.013333e-05,0.000132012,4e-06,79.37189398,79.15612144
1.013333e-05,0.000132012,4e-06,75.36236299,75.18777257
1.013333e-05,0.000132012,4e-06,71.83867173,71.69461891
1.013333e-05,0.000132012,4e-06,68.83248429,68.7082027
1.013333e-05,0.000132012,4e-06,66.27509747,66.16248619
1.013333e-05,0.000132012,4e-06,64.0839162,63.97738897
1.013333e-05,0.000132012,5.6e-06,3.84e-05,3.84e-05
1.013333e-05,0.000132012,5.6e-06,4.27e-05,4.27e-05
1.013333e-05,0.000132012,5.6e-06,4.69e-05,4.69e-05
1.013333e-05,0.000132012,5.6e-06,5.12e-05,5.12e-05
1.013333e-05,0.000132012,5.6e-06,5.55e-05,5.55e-05
1.013333e-05,0.000132012,5.6e-06,5.97e-05,5.97e-05
1.013333e-05,0.000132012,5.6e-06,6.4e-05,6.4e-05
1.013333e-05,0.000132012,5.6e-06,6.83e-05,6.83e-05
1.013333e-05,0.000132012,5.6e-06,7.25e-05,7.25e-05
1.013333e-05,0.000132012,5.6e-06,7.68e-05,7.68e-05
1.013333e-05,0.000132012,5.6e-06,8.11e-05,8.11e-05
1.013333e-05,0.000132012,5.6e-06,8.53e-05,8.53e-05
1.013333e-05,0.000132012,5.6e-06,8.96e-05,8.96e-05
1.013333e-05,0.000132012,5.6e-06,102.9366963,103.504892
1.013333e-05,0.000132012,5.6e-06,99.36037899,98.94772786
1.013333e-05,0.000132012,5.6e-06,95.21707214,94.30447193
1.013333e-05,0.000132012,5.6e-06,92.08881967,90.9188991
1.013333e-05,0.000132012,5.6e-06,89.36057992,88.49029342
1.013333e-05,0.000132012,5.6e-06,86.48815623,85.50636921
1.013333e-05,0.000132012,5.6e-06,82.79540307,81.84073813
1.013333e-05,0.000132012,5.6e-06,78.72005907,77.86973109
1.013333e-05,0.000132012,5.6e-06,74.8236013,74.08634289
1.013333e-05,0.000132012,5.6e-06,71.38454875,70.73470824
1.013333e-05,0.000132012,5.6e-06,68.43362687,67.8425494
1.013333e-05,0.000132012,5.6e-06,65.90919008,65.3543553
1.013333e-05,0.000132012,5.6e-06,63.73546994,63.20089518
1.013333e-05,0.000132012,5.066667e-06,3.84e-05,3.84e-05
1.013333e-05,0.000132012,5.066667e-06,4.27e-05,4.27e-05
1.013333e-05,0.000132012,5.066667e-06,4.69e-05,4.69e-05
1.013333e-05,0.000132012,5.066667e-06,5.12e-05,5.12e-05
1.013333e-05,0.000132012,5.066667e-06,5.55e-05,5.55e-05
1.013333e-05,0.000132012,5.066667e-06,5.97e-05,5.97e-05
1.013333e-05,0.000132012,5.066667e-06,6.4e-05,6.4e-05
1.013333e-05,0.000132012,5.066667e-06,6.83e-05,6.83e-05
1.013333e-05,0.000132012,5.066667e-06,7.25e-05,7.25e-05
1.013333e-05,0.000132012,5.066667e-06,7.68e-05,7.68e-05
1.013333e-05,0.000132012,5.066667e-06,8.11e-05,8.11e-05
1.013333e-05,0.000132012,5.066667e-06,8.53e-05,8.53e-05
1.013333e-05,0.000132012,5.066667e-06,8.96e-05,8.96e-05
1.013333e-05,0.000132012,5.066667e-06,103.3841476,103.1024989
1.013333e-05,0.000132012,5.066667e-06,99.05503699,99.26271131
1.013333e-05,0.000132012,5.066667e-06,94.52218271,94.97838911
1.013333e-05,0.000132012,5.066667e-06,91.17578022,91.7712879
1.013333e-05,0.000132012,5.066667e-06,88.69992889,89.13519177
1.013333e-05,0.000132012,5.066667e-06,85.7416842,86.23252209
1.013333e-05,0.000132012,5.066667e-06,82.07142861,82.54897933
1.013333e-05,0.000132012,5.066667e-06,78.07768086,78.50337399
1.013333e-05,0.000132012,5.066667e-06,74.26910679,74.6385283
1.013333e-05,0.000132012,5.066667e-06,70.89772862,71.22361141
1.013333e-05,0.000132012,5.066667e-06,67.99213334,68.28873074
1.013333e-05,0.000132012,5.066667e-06,65.49553381,65.77405725
1.013333e-05,0.000132012,5.066667e-06,63.33727271,63.60568314
1.013333e-05,0.000132012,5.333333e-06,3.84e-05,3.84e-05
1.013333e-05,0.000132012,5.333333e-06,4.27e-05,4.27e-05
1.013333e-05,0.000132012,5.333333e-06,4.69e-05,4.69e-05
1.013333e-05,0.000132012,5.333333e-06,5.12e-05,5.12e-05
1.013333e-05,0.000132012,5.333333e-06,5.55e-05,5.55e-05
1.013333e-05,0.000132012,5.333333e-06,5.97e-05,5.97e-05
1.013333e-05,0.000132012,5.333333e-06,6.4e-05,6.4e-05
1.013333e-05,0.000132012,5.333333e-06,6.83e-05,6.83e-05
1.013333e-05,0.000132012,5.333333e-06,7.25e-05,7.25e-05
1.013333e-05,0.000132012,5.333333e-06,7.68e-05,7.68e-05
1.013333e-05,0.000132012,5.333333e-06,8.11e-05,8.11e-05
1.013333e-05,0.000132012,5.333333e-06,8.53e-05,8.53e-05
1.013333e-05,0.000132012,5.333333e-06,8.96e-05,8.96e-05
1.013333e-05,0.000132012,5.333333e-06,103.6147332,103.7151107
1.013333e-05,0.000132012,5.333333e-06,98.83934756,98.7305441
1.013333e-05,0.000132012,5.333333e-06,94.09343172,93.88881822
1.013333e-05,0.000132012,5.333333e-06,90.7571374,90.59869508
1.013333e-05,0.000132012,5.333333e-06,88.28595928,88.08682253
1.013333e-05,0.000132012,5.333333e-06,85.27757337,85.05507826
1.013333e-05,0.000132012,5.333333e-06,81.61550247,81.39566783
1.013333e-05,0.000132012,5.333333e-06,77.66544445,77.46497062
1.013333e-05,0.000132012,5.333333e-06,73.90556183,73.72708965
1.013333e-05,0.000132012,5.333333e-06,70.57250632,70.41156439
1.013333e-05,0.000132012,5.333333e-06,67.69308548,67.54424906
1.013333e-05,0.000132012,5.333333e-06,65.21292822,65.07179295
1.013333e-05,0.000132012,5.333333e-06,63.06411776,62.92749283
1.013333e-05,0.0003889991,2.4e-06,3.84e-05,3.84e-05
1.013333e-05,0.0003889991,2.4e-06,4.27e-05,4.27e-05
1.013333e-05,0.0003889991,2.4e-06,4.69e-05,4.69e-05
1.013333e-05,0.0003889991,2.4e-06,5.12e-05,5.12e-05
1.013333e-05,0.0003889991,2.4e-06,5.55e-05,5.55e-05
1.013333e-05,0.0003889991,2.4e-06,5.97e-05,5.97e-05
1.013333e-05,0.0003889991,2.4e-06,6.4e-05,6.4e-05
1.013333e-05,0.0003889991,2.4e-06,6.83e-05,6.83e-05
1.013333e-05,0.0003889991,2.4e-06,7.25e-05,7.25e-05
1.013333e-05,0.0003889991,2.4e-06,7.68e-05,7.68e-05
1.013333e-05,0.0003889991,2.4e-06,8.11e-05,8.11e-05
1.013333e-05,0.0003889991,2.4e-06,8.53e-05,8.53e-05
1.013333e-05,0.0003889991,2.4e-06,8.96e-05,8.96e-05
1.013333e-05,0.0003889991,2.4e-06,87.26817951,88.0877253
1.013333e-05,0.0003889991,2.4e-06,88.45139657,89.2447389
1.013333e-05,0.0003889991,2.4e-06,89.54310096,90.31449351
1.013333e-05,0.0003889991,2.4e-06,90.56995971,91.32288693
1.013333e-05,0.0003889991,2.4e-06,91.5533237,92.29069623
1.013333e-05,0.0003889991,2.4e-06,92.61151003,93.33112277
1.013333e-05,0.0003889991,2.4e-06,93.5708903,94.27465619
1.013333e-05,0.0003889991,2.4e-06,94.42347796,95.123134
1.013333e-05,0.0003889991,2.4e-06,95.20144941,95.89143655
1.013333e-05,0.0003889991,2.4e-06,95.88403037,96.54177125
1.013333e-05,0.0003889991,2.4e-06,96.00038027,96.61482456
1.013333e-05,0.0003889991,2.4e-06,95.94748651,96.52095955
1.013333e-05,0.0003889991,2.4e-06,95.70588855,96.24669037
1.013333e-05,0.0003889991,2.666667e-06,3.84e-05,3.84e-05
1.013333e-05,0.0003889991,2.666667e-06,4.27e-05,4.27e-05
1.013333e-05,0.0003889991,2.666667e-06,4.69e-05,4.69e-05
1.013333e-05,0.0003889991,2.666667e-06,5.12e-05,5.12e-05
1.013333e-05,0.0003889991,2.666667e-06,5.55e-05,5.55e-05
1.013333e-05,0.0003889991,2.666667e-06,5.97e-05,5.97e-05
1.013333e-05,0.0003889991,2.666667e-06,6.4e-05,6.4e-05
1.013333e-05,0.0003889991,2.666667e-06,6.83e-05,6.83e-05
1.013333e-05,0.0003889991,2.666667e-06,7.25e-05,7.25e-05
1.013333e-05,0.0003889991,2.666667e-06,7.68e-05,7.68e-05
1.013333e-05,0.0003889991,2.666667e-06,8.11e-05,8.11e-05
1.013333e-05,0.0003889991,2.666667e-06,8.53e-05,8.53e-05
1.013333e-05,0.0003889991,2.666667e-06,8.96e-05,8.96e-05
1.013333e-05,0.0003889991,2.666667e-06,89.52471264,90.14944783
1.013333e-05,0.0003889991,2.666667e-06,90.57491129,91.14090756
1.013333e-05,0.0003889991,2.666667e-06,91.60885966,92.15996516
1.013333e-05,0.0003889991,2.666667e-06,92.58708457,93.12563675
1.013333e-05,0.0003889991,2.666667e-06,93.52944423,94.05740109
1.013333e-05,0.0003889991,2.666667e-06,94.54114419,95.05729678
1.013333e-05,0.0003889991,2.666667e-06,95.46763661,95.97746003
1.013333e-05,0.0003889991,2.666667e-06,96.30610459,96.81405247
1.013333e-05,0.0003889991,2.666667e-06,97.06290225,97.56545459
1.013333e-05,0.0003889991,2.666667e-06,97.63288166,98.1069919
1.013333e-05,0.0003889991,2.666667e-06,97.66200737,98.10827391
1.013333e-05,0.0003889991,2.666667e-06,97.50142059,97.92581855
1.013333e-05,0.0003889991,2.666667e-06,97.16904392,97.56791569
1.013333e-05,0.0003889991,2.933333e-06,3.84e-05,3.84e-05
1.013333e-05,0.0003889991,2.933333e-06,4.27e-05,4.27e-05
1.013333e-05,0.0003889991,2.933333e-06,4.69e-05,4.69e-05
1.013333e-05,0.0003889991,2.933333e-06,5.12e-05,5.12e-05
1.013333e-05,0.0003889991,2.933333e-06,5.55e-05,5.55e-05
1.013333e-05,0.0003889991,2.933333e-06,5.97e-05,5.97e-05
1.013333e-05,0.0003889991,2.933333e-06,6.4e-05,6.4e-05
1.013333e-05,0.0003889991,2.933333e-06,6.83e-05,6.83e-05
1.013333e-05,0.0003889991,2.933333e-06,7.25e-05,7.25e-05
1.013333e-05,0.0003889991,2.933333e-06,7.68e-05,7.68e-05
1.013333e-05,0.0003889991,2.933333e-06,8.11e-05,8.11e-05
1.013333e-05,0.0003889991,2.933333e-06,8.53e-05,8.53e-05
1.013333e-05,0.0003889991,2.933333e-06,8.96e-05,8.96e-05
1.013333e-05,0.0003889991,2.933333e-06,91.23764807,91.71629299
1.013333e-05,0.0003889991,2.933333e-06,92.12449254,92.55606
1.013333e-05,0.0003889991,2.933333e-06,93.11808479,93.53861101
1.013333e-05,0.0003889991,2.933333e-06,94.06230278,94.47354246
1.013333e-05,0.0003889991,2.933333e-06,94.9759728,95.37939332
1.013333e-05,0.0003889991,2.933333e-06,95.95595035,96.35086201
1.013333e-05,0.0003889991,2.933333e-06,96.86646279,97.25769087
1.013333e-05,0.0003889991,2.933333e-06,97.69077929,98.07973295
1.013333e-05,0.0003889991,2.933333e-06,98.44514315,98.83397293
1.013333e-05,0.0003889991,2.933333e-06,98.93190252,99.2976706
1.013333e-05,0.0003889991,2.933333e-06,98.90155173,99.24597447
1.013333e-05,0.0003889991,2.933333e-06,98.67333967,99.00529057
1.013333e-05,0.0003889991,2.933333e-06,98.28039327,98.58890494
1.013333e-05,0.0003889991,3.2e-06,3.84e-05,3.84e-05
1.013333e-05,0.0003889991,3.2e-06,4.27e-05,4.27e-05
1.013333e-05,0.0003889991,3.2e-06,4.69e-05,4.69e-05
1.013333e-05,0.0003889991,3.2e-06,5.12e-05,5.12e-05
1.013333e-05,0.0003889991,3.2e-06,5.55e-05,5.55e-05
1.013333e-05,0.0003889991,3.2e-06,5.97e-05,5.97e-05
1.013333e-05,0.0003889991,3.2e-06,6.4e-05,6.4e-05
1.013333e-05,0.0003889991,3.2e-06,6.83e-05,6.83e-05
1.013333e-05,0.0003889991,3.2e-06,7.25e-05,7.25e-05
1.013333e-05,0.0003889991,3.2e-06,7.68e-05,7.68e-05
1.013333e-05,0.0003889991,3.2e-06,8.11e-05,8.11e-05
1.013333e-05,0.0003889991,3.2e-06,8.53e-05,8.53e-05
1.013333e-05,0.0003889991,3.2e-06,8.96e-05,8.96e-05
1.013333e-05,0.0003889991,3.2e-06,93.31147433,92.56993076
1.013333e-05,0.0003889991,3.2e-06,93.98491348,93.32433957
1.013333e-05,0.0003889991,3.2e-06,94.9366919,94.28735528
1.013333e-05,0.0003889991,3.2e-06,95.84111023,95.2058993
1.013333e-05,0.0003889991,3.2e-06,96.72139905,96.09798984
1.013333e-05,0.0003889991,3.2e-06,97.66548603,97.05463443
1.013333e-05,0.0003889991,3.2e-06,98.56253613,97.95575161
1.013333e-05,0.0003889991,3.2e-06,99.3795537,98.77461444
1.013333e-05,0.0003889991,3.2e-06,100.1301356,99.53140792
1.013333e-05,0.0003889991,3.2e-06,100.526544,99.95320612
1.013333e-05,0.0003889991,3.2e-06,100.4303845,99.87441874
1.013333e-05,0.0003889991,3.2e-06,100.1261896,99.60591162
1.013333e-05,0.0003889991,3.2e-06,99.64058151,99.1474719
1.013333e-05,0.0003889991,3.466667e-06,3.84e-05,3.84e-05
1.013333e-05,0.0003889991,3.466667e-06,4.27e-05,4.27e-05
1.013333e-05,0.0003889991,3.466667e-06,4.69e-05,4.69e-05
1.013333e-05,0.0003889991,3.466667e-06,5.12e-05,5.12e-05
1.013333e-05,0.0003889991,3.466667e-06,5.55e-05,5.55e-05
1.013333e-05,0.0003889991,3.466667e-06,5.97e-05,5.97e-05
1.013333e-05,0.0003889991,3.466667e-06,6.4e-05,6.4e-05
1.013333e-05,0.0003889991,3.466667e-06,6.83e-05,6.83e-05
1.013333e-05,0.0003889991,3.466667e-06,7.25e-05,7.25e-05
1.013333e-05,0.0003889991,3.466667e-06,7.68e-05,7.68e-05
1.013333e-05,0.0003889991,3.466667e-06,8.11e-05,8.11e-05
1.013333e-05,0.0003889991,3.466667e-06,8.53e-05,8.53e-05
1.013333e-05,0.0003889991,3.466667e-06,8.96e-05,8.96e-05
1.013333e-05,0.0003889991,3.466667e-06,91.83463492,93.48290085
1.013333e-05,0.0003889991,3.466667e-06,89.28626161,90.89828813
1.013333e-05,0.0003889991,3.466667e-06,86.98775516,88.55691426
1.013333e-05,0.0003889991,3.466667e-06,85.94464571,87.25748205
1.013333e-05,0.0003889991,3.466667e-06,85.14001487,86.43277116
1.013333e-05,0.0003889991,3.466667e-06,84.39182111,85.66380053
1.013333e-05,0.0003889991,3.466667e-06,83.68948812,84.94006628
1.013333e-05,0.0003889991,3.466667e-06,83.02625292,84.25498091
1.013333e-05,0.0003889991,3.466667e-06,82.52460468,83.60426876
1.013333e-05,0.0003889991,3.466667e-06,82.47440733,83.54671404
1.013333e-05,0.0003889991,3.466667e-06,82.41560764,83.47653167
1.013333e-05,0.0003889991,3.466667e-06,82.35620235,83.40525839
1.013333e-05,0.0003889991,3.466667e-06,82.29341092,83.33031747
1.013333e-05,0.0003889991,3.733333e-06,3.84e-05,3.84e-05
1.013333e-05,0.0003889991,3.733333e-06,4.27e-05,4.27e-05
1.013333e-05,0.0003889991,3.733333e-06,4.69e-05,4.69e-05
1.013333e-05,0.0003889991,3.733333e-06,5.12e-05,5.12e-05
1.013333e-05,0.0003889991,3.733333e-06,5.55e-05,5.55e-05
1.013333e-05,0.0003889991,3.733333e-06,5.97e-05,5.97e-05
1.013333e-05,0.0003889991,3.733333e-06,6.4e-05,6.4e-05
1.013333e-05,0.0003889991,3.733333e-06,6.83e-05,6.83e-05
1.013333e-05,0.0003889991,3.733333e-06,7.25e-05,7.25e-05
1.013333e-05,0.0003889991,3.733333e-06,7.68e-05,7.68e-05
1.013333e-05,0.0003889991,3.733333e-06,8.11e-05,8.11e-05
1.013333e-05,0.0003889991,3.733333e-06,8.53e-05,8.53e-05
1.013333e-05,0.0003889991,3.733333e-06,8.96e-05,8.96e-05
1.013333e-05,0.0003889991,3.733333e-06,96.2268647,97.38820025
1.013333e-05,0.0003889991,3.733333e-06,93.59188714,94.73562875
1.013333e-05,0.0003889991,3.733333e-06,91.18737021,92.30752007
1.013333e-05,0.0003889991,3.733333e-06,89.42524082,90.34032411
1.013333e-05,0.0003889991,3.733333e-06,88.57826204,89.47908409
1.013333e-05,0.0003889991,3.733333e-06,87.77696549,88.66997486
1.013333e-05,0.0003889991,3.733333e-06,87.01995294,87.89966341
1.013333e-05,0.0003889991,3.733333e-06,86.30069481,87.16672217
1.013333e-05,0.0003889991,3.733333e-06,85.61500654,86.46695787
1.013333e-05,0.0003889991,3.733333e-06,85.32103573,86.07016733
1.013333e-05,0.0003889991,3.733333e-06,85.23791789,85.97345724
1.013333e-05,0.0003889991,3.733333e-06,85.14230977,85.87268729
1.013333e-05,0.0003889991,3.733333e-06,85.04766758,85.77111745
1.013333e-05,0.0003889991,4.8e-06,3.84e-05,3.84e-05
1.013333e-05,0.0003889991,4.8e-06,4.27e-05,4.27e-05
1.013333e-05,0.0003889991,4.8e-06,4.69e-05,4.69e-05
1.013333e-05,0.0003889991,4.8e-06,5.12e-05,5.12e-05
1.013333e-05,0.0003889991,4.8e-06,5.55e-05,5.55e-05
1.013333e-05,0.0003889991,4.8e-06,5.97e-05,5.97e-05
1.013333e-05,0.0003889991,4.8e-06,6.4e-05,6.4e-05
1.013333e-05,0.0003889991,4.8e-06,6.83e-05,6.83e-05
1.013333e-05,0.0003889991,4.8e-06,7.25e-05,7.25e-05
1.013333e-05,0.0003889991,4.8e-06,7.68e-05,7.68e-05
1.013333e-05,0.0003889991,4.8e-06,8.11e-05,8.11e-05
1.013333e-05,0.0003889991,4.8e-06,8.53e-05,8.53e-05
1.013333e-05,0.0003889991,4.8e-06,8.96e-05,8.96e-05
1.013333e-05,0.0003889991,4.8e-06,101.8412132,100.2787046
1.013333e-05,0.0003889991,4.8e-06,99.14051541,97.59159868
1.013333e-05,0.0003889991,4.8e-06,96.63903263,95.11283791
1.013333e-05,0.0003889991,4.8e-06,94.30717266,92.81032292
1.013333e-05,0.0003889991,4.8e-06,92.93248338,91.72327546
1.013333e-05,0.0003889991,4.8e-06,92.08152698,90.88534941
1.013333e-05,0.0003889991,4.8e-06,91.27162443,90.08847296
1.013333e-05,0.0003889991,4.8e-06,90.48951226,89.32317129
1.013333e-05,0.0003889991,4.8e-06,89.7393651,88.59012092
1.013333e-05,0.0003889991,4.8e-06,89.01808818,87.90869904
1.013333e-05,0.0003889991,4.8e-06,88.78450268,87.80005169
1.013333e-05,0.0003889991,4.8e-06,88.65708136,87.68196945
1.013333e-05,0.0003889991,4.8e-06,88.52649948,87.56566138
1.013333e-05,0.0003889991,4.266667e-06,3.84e-05,3.84e-05
1.013333e-05,0.0003889991,4.266667e-06,4.27e-05,4.27e-05
1.013333e-05,0.0003889991,4.266667e-06,4.69e-05,4.69e-05
1.013333e-05,0.0003889991,4.266667e-06,5.12e-05,5.12e-05
1.013333e-05,0.0003889991,4.266667e-06,5.55e-05,5.55e-05
1.013333e-05,0.0003889991,4.266667e-06,5.97e-05,5.97e-05
1.013333e-05,0.0003889991,4.266667e-06,6.4e-05,6.4e-05
1.013333e-05,0.0003889991,4.266667e-06,6.83e-05,6.83e-05
1.013333e-05,0.0003889991,4.266667e-06,7.25e-05,7.25e-05
1.013333e-05,0.0003889991,4.266667e-06,7.68e-05,7.68e-05
1.013333e-05,0.0003889991,4.266667e-06,8.11e-05,8.11e-05
1.013333e-05,0.0003889991,4.266667e-06,8.53e-05,8.53e-05
1.013333e-05,0.0003889991,4.266667e-06,8.96e-05,8.96e-05
1.013333e-05,0.0003889991,4.266667e-06,99.39902831,103.9597997
1.013333e-05,0.0003889991,4.266667e-06,96.7210777,101.090732
1.013333e-05,0.0003889991,4.266667e-06,94.25652437,98.56493911
1.013333e-05,0.0003889991,4.266667e-06,91.97177104,96.20008765
1.013333e-05,0.0003889991,4.266667e-06,91.04128099,94.44744518
1.013333e-05,0.0003889991,4.266667e-06,90.21497903,93.58158957
1.013333e-05,0.0003889991,4.266667e-06,89.42240494,92.75153313
1.013333e-05,0.0003889991,4.266667e-06,88.66672651,91.95536709
1.013333e-05,0.0003889991,4.266667e-06,87.94355789,91.1843001
1.013333e-05,0.0003889991,4.266667e-06,87.34891853,90.44161652
1.013333e-05,0.0003889991,4.266667e-06,87.24558983,90.0049811
1.013333e-05,0.0003889991,4.266667e-06,87.13276835,89.8713609
1.013333e-05,0.0003889991,4.266667e-06,87.01892614,89.73033386
1.013333e-05,0.0003889991,4.533333e-06,3.84e-05,3.84e-05
1.013333e-05,0.0003889991,4.533333e-06,4.27e-05,4.27e-05
1.013333e-05,0.0003889991,4.533333e-06,4.69e-05,4.69e-05
1.013333e-05,0.0003889991,4.533333e-06,5.12e-05,5.12e-05
1.013333e-05,0.0003889991,4.533333e-06,5.55e-05,5.55e-05
1.013333e-05,0.0003889991,4.533333e-06,5.97e-05,5.97e-05
1.013333e-05,0.0003889991,4.533333e-06,6.4e-05,6.4e-05
1.013333e-05,0.0003889991,4.533333e-06,6.83e-05,6.83e-05
1.013333e-05,0.0003889991,4.533333e-06,7.25e-05,7.25e-05
1.013333e-05,0.0003889991,4.533333e-06,7.68e-05,7.68e-05
1.013333e-05,0.0003889991,4.533333e-06,8.11e-05,8.11e-05
1.013333e-05,0.0003889991,4.533333e-06,8.53e-05,8.53e-05
1.013333e-05,0.0003889991,4.533333e-06,8.96e-05,8.96e-05
1.013333e-05,0.0003889991,4.533333e-06,103.1901832,101.2494226
1.013333e-05,0.0003889991,4.533333e-06,100.4828254,98.79967546
1.013333e-05,0.0003889991,4.533333e-06,97.96413437,95.66109932
1.013333e-05,0.0003889991,4.533333e-06,95.60911318,92.97492276
1.013333e-05,0.0003889991,4.533333e-06,93.97610452,90.22297756
1.013333e-05,0.0003889991,4.533333e-06,93.11472099,86.94581589
1.013333e-05,0.0003889991,4.533333e-06,92.28978657,83.1531689
1.013333e-05,0.0003889991,4.533333e-06,91.49872769,78.87771909
1.013333e-05,0.0003889991,4.533333e-06,90.73414166,74.80288388
1.013333e-05,0.0003889991,4.533333e-06,89.99804643,71.24330079
1.013333e-05,0.0003889991,4.533333e-06,89.62389753,68.22155578
1.013333e-05,0.0003889991,4.533333e-06,89.49369121,65.6609911
1.013333e-05,0.0003889991,4.533333e-06,89.35598251,63.47400139
1.013333e-05,0.0003889991,4e-06,3.84e-05,3.84e-05
1.013333e-05,0.0003889991,4e-06,4.27e-05,4.27e-05
1.013333e-05,0.0003889991,4e-06,4.69e-05,4.69e-05
1.013333e-05,0.0003889991,4e-06,5.12e-05,5.12e-05
1.013333e-05,0.0003889991,4e-06,5.55e-05,5.55e-05
1.013333e-05,0.0003889991,4e-06,5.97e-05,5.97e-05
1.013333e-05,0.0003889991,4e-06,6.4e-05,6.4e-05
1.013333e-05,0.0003889991,4e-06,6.83e-05,6.83e-05
1.013333e-05,0.0003889991,4e-06,7.25e-05,7.25e-05
1.013333e-05,0.0003889991,4e-06,7.68e-05,7.68e-05
1.013333e-05,0.0003889991,4e-06,8.11e-05,8.11e-05
1.013333e-05,0.0003889991,4e-06,8.53e-05,8.53e-05
1.013333e-05,0.0003889991,4e-06,8.96e-05,8.96e-05
1.013333e-05,0.0003889991,4e-06,101.8358856,102.0665227
1.013333e-05,0.0003889991,4e-06,98.84964176,98.75414021
1.013333e-05,0.0003889991,4e-06,95.08297931,94.80634184
1.013333e-05,0.0003889991,4e-06,92.13383664,91.74081267
1.013333e-05,0.0003889991,4e-06,89.22857686,88.93683161
1.013333e-05,0.0003889991,4e-06,86.33633777,86.03685114
1.013333e-05,0.0003889991,4e-06,82.57761384,82.29079521
1.013333e-05,0.0003889991,4e-06,78.39969254,78.15377889
1.013333e-05,0.0003889991,4e-06,74.42190526,74.21767075
1.013333e-05,0.0003889991,4e-06,70.93347404,70.76029797
1.013333e-05,0.0003889991,4e-06,67.95744924,67.8045272
1.013333e-05,0.0003889991,4e-06,65.42367577,65.2828314
1.013333e-05,0.0003889991,4e-06,63.25050024,63.11606363
1.013333e-05,0.0003889991,5.6e-06,3.84e-05,3.84e-05
1.013333e-05,0.0003889991,5.6e-06,4.27e-05,4.27e-05
1.013333e-05,0.0003889991,5.6e-06,4.69e-05,4.69e-05
1.013333e-05,0.0003889991,5.6e-06,5.12e-05,5.12e-05
1.013333e-05,0.0003889991,5.6e-06,5.55e-05,5.55e-05
1.013333e-05,0.0003889991,5.6e-06,5.97e-05,5.97e-05
1.013333e-05,0.0003889991,5.6e-06,6.4e-05,6.4e-05
1.013333e-05,0.0003889991,5.6e-06,6.83e-05,6.83e-05
1.013333e-05,0.0003889991,5.6e-06,7.25e-05,7.25e-05
1.013333e-05,0.0003889991,5.6e-06,7.68e-05,7.68e-05
1.013333e-05,0.0003889991,5.6e-06,8.11e-05,8.11e-05
1.013333e-05,0.0003889991,5.6e-06,8.53e-05,8.53e-05
1.013333e-05,0.0003889991,5.6e-06,8.96e-05,8.96e-05
1.013333e-05,0.0003889991,5.6e-06,102.4425544,102.9733577
1.013333e-05,0.0003889991,5.6e-06,98.53195606,98.03690011
1.013333e-05,0.0003889991,5.6e-06,94.25668444,93.25958898
1.013333e-05,0.0003889991,5.6e-06,91.00811112,90.00260398
1.013333e-05,0.0003889991,5.6e-06,88.42005529,87.46197215
1.013333e-05,0.0003889991,5.6e-06,85.46196213,84.38986292
1.013333e-05,0.0003889991,5.6e-06,81.73065856,80.68490216
1.013333e-05,0.0003889991,5.6e-06,77.66349958,76.72323991
1.013333e-05,0.0003889991,5.6e-06,73.80014984,72.97435536
1.013333e-05,0.0003889991,5.6e-06,70.39780632,69.66096091
1.013333e-05,0.0003889991,5.6e-06,67.47840784,66.80181876
1.013333e-05,0.0003889991,5.6e-06,64.9787473,64.33972736
1.013333e-05,0.0003889991,5.6e-06,62.82396936,62.20632192
1.013333e-05,0.0003889991,5.066667e-06,3.84e-05,3.84e-05
1.013333e-05,0.0003889991,5.066667e-06,4.27e-05,4.27e-05
1.013333e-05,0.0003889991,5.066667e-06,4.69e-05,4.69e-05
1.013333e-05,0.0003889991,5.066667e-06,5.12e-05,5.12e-05
1.013333e-05,0.0003889991,5.066667e-06,5.55e-05,5.55e-05
1.013333e-05,0.0003889991,5.066667e-06,5.97e-05,5.97e-05
1.013333e-05,0.0003889991,5.066667e-06,6.4e-05,6.4e-05
1.013333e-05,0.0003889991,5.066667e-06,6.83e-05,6.83e-05
1.013333e-05,0.0003889991,5.066667e-06,7.25e-05,7.25e-05
1.013333e-05,0.0003889991,5.066667e-06,7.68e-05,7.68e-05
1.013333e-05,0.0003889991,5.066667e-06,8.11e-05,8.11e-05
1.013333e-05,0.0003889991,5.066667e-06,8.53e-05,8.53e-05
1.013333e-05,0.0003889991,5.066667e-06,8.96e-05,8.96e-05
1.013333e-05,0.0003889991,5.066667e-06,102.8610858,102.5980542
1.013333e-05,0.0003889991,5.066667e-06,98.16302773,98.41176311
1.013333e-05,0.0003889991,5.066667e-06,93.49645179,93.99475094
1.013333e-05,0.0003889991,5.066667e-06,90.18131438,90.66661688
1.013333e-05,0.0003889991,5.066667e-06,87.69174822,88.17077372
1.013333e-05,0.0003889991,5.066667e-06,84.64588025,85.18173521
1.013333e-05,0.0003889991,5.066667e-06,80.93642563,81.45937964
1.013333e-05,0.0003889991,5.066667e-06,76.95175562,77.4222761
1.013333e-05,0.0003889991,5.066667e-06,73.17736787,73.59092225
1.013333e-05,0.0003889991,5.066667e-06,69.84387925,70.21313225
1.013333e-05,0.0003889991,5.066667e-06,66.97095421,67.31017725
1.013333e-05,0.0003889991,5.066667e-06,64.50014521,64.82063233
1.013333e-05,0.0003889991,5.066667e-06,62.36167302,62.67149152
1.013333e-05,0.0003889991,5.333333e-06,3.84e-05,3.84e-05
1.013333e-05,0.0003889991,5.333333e-06,4.27e-05,4.27e-05
1.013333e-05,0.0003889991,5.333333e-06,4.69e-05,4.69e-05
1.013333e-05,0.0003889991,5.333333e-06,5.12e-05,5.12e-05
1.013333e-05,0.0003889991,5.333333e-06,5.55e-05,5.55e-05
1.013333e-05,0.0003889991,5.333333e-06,5.97e-05,5.97e-05
1.013333e-05,0.0003889991,5.333333e-06,6.4e-05,6.4e-05
1.013333e-05,0.0003889991,5.333333e-06,6.83e-05,6.83e-05
1.013333e-05,0.0003889991,5.333333e-06,7.25e-05,7.25e-05
1.013333e-05,0.0003889991,5.333333e-06,7.68e-05,7.68e-05
1.013333e-05,0.0003889991,5.333333e-06,8.11e-05,8.11e-05
1.013333e-05,0.0003889991,5.333333e-06,8.53e-05,8.53e-05
1.013333e-05,0.0003889991,5.333333e-06,8.96e-05,8.96e-05
1.013333e-05,0.0003889991,5.333333e-06,103.0752002,103.1680029
1.013333e-05,0.0003889991,5.333333e-06,97.91068953,97.78494962
1.013333e-05,0.0003889991,5.333333e-06,93.03049019,92.8088062
1.013333e-05,0.0003889991,5.333333e-06,89.82333488,89.64818952
1.013333e-05,0.0003889991,5.333333e-06,87.23850961,87.02116459
1.013333e-05,0.0003889991,5.333333e-06,84.14141652,83.90022777
1.013333e-05,0.0003889991,5.333333e-06,80.43992282,80.20133615
1.013333e-05,0.0003889991,5.333333e-06,76.49946633,76.2804889
1.013333e-05,0.0003889991,5.333333e-06,72.77438843,72.57769967
1.013333e-05,0.0003889991,5.333333e-06,69.47990643,69.30106573
1.013333e-05,0.0003889991,5.333333e-06,66.63383374,66.46741642
1.013333e-05,0.0003889991,5.333333e-06,64.18008021,64.02165477
1.013333e-05,0.0003889991,5.333333e-06,62.05158288,62.06812074
1.013333e-05,4.48e-05,2.4e-06,3.84e-05,3.84e-05
1.013333e-05,4.48e-05,2.4e-06,4.27e-05,4.27e-05
1.013333e-05,4.48e-05,2.4e-06,4.69e-05,4.69e-05
1.013333e-05,4.48e-05,2.4e-06,5.12e-05,5.12e-05
1.013333e-05,4.48e-05,2.4e-06,5.55e-05,5.55e-05
1.013333e-05,4.48e-05,2.4e-06,5.97e-05,5.97e-05
1.013333e-05,4.48e-05,2.4e-06,6.4e-05,6.4e-05
1.013333e-05,4.48e-05,2.4e-06,6.83e-05,6.83e-05
1.013333e-05,4.48e-05,2.4e-06,7.25e-05,7.25e-05
1.013333e-05,4.48e-05,2.4e-06,7.68e-05,7.68e-05
1.013333e-05,4.48e-05,2.4e-06,8.11e-05,8.11e-05
1.013333e-05,4.48e-05,2.4e-06,8.53e-05,8.53e-05
1.013333e-05,4.48e-05,2.4e-06,8.96e-05,8.96e-05
1.013333e-05,4.48e-05,2.4e-06,87.09374372,87.92189956
1.013333e-05,4.48e-05,2.4e-06,88.2903623,89.09211248
1.013333e-05,4.48e-05,2.4e-06,89.39522569,90.17489367
1.013333e-05,4.48e-05,2.4e-06,90.43544659,91.19657114
1.013333e-05,4.48e-05,2.4e-06,91.45410802,92.19593232
1.013333e-05,4.48e-05,2.4e-06,92.53500034,93.26204826
1.013333e-05,4.48e-05,2.4e-06,93.49873847,94.21016113
1.013333e-05,4.48e-05,2.4e-06,94.35557691,95.06321052
1.013333e-05,4.48e-05,2.4e-06,95.13791163,95.83614457
1.013333e-05,4.48e-05,2.4e-06,95.68894858,96.3486339
1.013333e-05,4.48e-05,2.4e-06,95.7790012,96.39458566
1.013333e-05,4.48e-05,2.4e-06,95.69861057,96.27261655
1.013333e-05,4.48e-05,2.4e-06,95.4275725,95.96837568
1.013333e-05,4.48e-05,2.666667e-06,3.84e-05,3.84e-05
1.013333e-05,4.48e-05,2.666667e-06,4.27e-05,4.27e-05
1.013333e-05,4.48e-05,2.666667e-06,4.69e-05,4.69e-05
1.013333e-05,4.48e-05,2.666667e-06,5.12e-05,5.12e-05
1.013333e-05,4.48e-05,2.666667e-06,5.55e-05,5.55e-05
1.013333e-05,4.48e-05,2.666667e-06,5.97e-05,5.97e-05
1.013333e-05,4.48e-05,2.666667e-06,6.4e-05,6.4e-05
1.013333e-05,4.48e-05,2.666667e-06,6.83e-05,6.83e-05
1.013333e-05,4.48e-05,2.666667e-06,7.25e-05,7.25e-05
1.013333e-05,4.48e-05,2.666667e-06,7.68e-05,7.68e-05
1.013333e-05,4.48e-05,2.666667e-06,8.11e-05,8.11e-05
1.013333e-05,4.48e-05,2.666667e-06,8.53e-05,8.53e-05
1.013333e-05,4.48e-05,2.666667e-06,8.96e-05,8.96e-05
1.013333e-05,4.48e-05,2.666667e-06,89.30957882,89.89977063
1.013333e-05,4.48e-05,2.666667e-06,90.43675974,91.0090565
1.013333e-05,4.48e-05,2.666667e-06,91.48350766,92.04081491
1.013333e-05,4.48e-05,2.666667e-06,92.47487771,93.01956946
1.013333e-05,4.48e-05,2.666667e-06,93.44139119,93.97192616
1.013333e-05,4.48e-05,2.666667e-06,94.48524777,95.00728049
1.013333e-05,4.48e-05,2.666667e-06,95.41679142,95.93270434
1.013333e-05,4.48e-05,2.666667e-06,96.26032793,96.77460517
1.013333e-05,4.48e-05,2.666667e-06,97.02219457,97.53125203
1.013333e-05,4.48e-05,2.666667e-06,97.44288501,97.91887466
1.013333e-05,4.48e-05,2.666667e-06,97.44476151,97.89248486
1.013333e-05,4.48e-05,2.666667e-06,97.25488829,97.68041833
1.013333e-05,4.48e-05,2.666667e-06,96.89150368,97.29100784
1.013333e-05,4.48e-05,2.933333e-06,3.84e-05,3.84e-05
1.013333e-05,4.48e-05,2.933333e-06,4.27e-05,4.27e-05
1.013333e-05,4.48e-05,2.933333e-06,4.69e-05,4.69e-05
1.013333e-05,4.48e-05,2.933333e-06,5.12e-05,5.12e-05
1.013333e-05,4.48e-05,2.933333e-06,5.55e-05,5.55e-05
1.013333e-05,4.48e-05,2.933333e-06,5.97e-05,5.97e-05
1.013333e-05,4.48e-05,2.933333e-06,6.4e-05,6.4e-05
1.013333e-05,4.48e-05,2.933333e-06,6.83e-05,6.83e-05
1.013333e-05,4.48e-05,2.933333e-06,7.25e-05,7.25e-05
1.013333e-05,4.48e-05,2.933333e-06,7.68e-05,7.68e-05
1.013333e-05,4.48e-05,2.933333e-06,8.11e-05,8.11e-05
1.013333e-05,4.48e-05,2.933333e-06,8.53e-05,8.53e-05
1.013333e-05,4.48e-05,2.933333e-06,8.96e-05,8.96e-05
1.013333e-05,4.48e-05,2.933333e-06,90.97307023,91.45649324
1.013333e-05,4.48e-05,2.933333e-06,92.00378762,92.44032368
1.013333e-05,4.48e-05,2.933333e-06,93.00990517,93.43532097
1.013333e-05,4.48e-05,2.933333e-06,93.9670934,94.38317109
1.013333e-05,4.48e-05,2.933333e-06,94.89457001,95.3026935
1.013333e-05,4.48e-05,2.933333e-06,95.91654259,96.31626555
1.013333e-05,4.48e-05,2.933333e-06,96.83269343,97.22890473
1.013333e-05,4.48e-05,2.933333e-06,97.6626297,98.05673797
1.013333e-05,4.48e-05,2.933333e-06,98.42268523,98.81685073
1.013333e-05,4.48e-05,2.933333e-06,98.74765498,99.11534264
1.013333e-05,4.48e-05,2.933333e-06,98.68937203,99.04998292
1.013333e-05,4.48e-05,2.933333e-06,98.43042834,98.76368108
1.013333e-05,4.48e-05,2.933333e-06,98.00529412,98.31456988
1.013333e-05,4.48e-05,3.2e-06,3.84e-05,3.84e-05
1.013333e-05,4.48e-05,3.2e-06,4.27e-05,4.27e-05
1.013333e-05,4.48e-05,3.2e-06,4.69e-05,4.69e-05
1.013333e-05,4.48e-05,3.2e-06,5.12e-05,5.12e-05
1.013333e-05,4.48e-05,3.2e-06,5.55e-05,5.55e-05
1.013333e-05,4.48e-05,3.2e-06,5.97e-05,5.97e-05
1.013333e-05,4.48e-05,3.2e-06,6.4e-05,6.4e-05
1.013333e-05,4.48e-05,3.2e-06,6.83e-05,6.83e-05
1.013333e-05,4.48e-05,3.2e-06,7.25e-05,7.25e-05
1.013333e-05,4.48e-05,3.2e-06,7.68e-05,7.68e-05
1.013333e-05,4.48e-05,3.2e-06,8.11e-05,8.11e-05
1.013333e-05,4.48e-05,3.2e-06,8.53e-05,8.53e-05
1.013333e-05,4.48e-05,3.2e-06,8.96e-05,8.96e-05
1.013333e-05,4.48e-05,3.2e-06,93.06778343,92.31871891
1.013333e-05,4.48e-05,3.2e-06,93.88592548,93.21756452
1.013333e-05,4.48e-05,3.2e-06,94.84997676,94.19288155
1.013333e-05,4.48e-05,3.2e-06,95.76713023,95.12424864
1.013333e-05,4.48e-05,3.2e-06,96.66099155,96.02995973
1.013333e-05,4.48e-05,3.2e-06,97.64756597,97.02883906
1.013333e-05,4.48e-05,3.2e-06,98.55102785,97.9360827
1.013333e-05,4.48e-05,3.2e-06,99.37444031,98.76105264
1.013333e-05,4.48e-05,3.2e-06,100.131478,99.52407789
1.013333e-05,4.48e-05,3.2e-06,100.3516474,99.77465384
1.013333e-05,4.48e-05,3.2e-06,100.2259378,99.66677348
1.013333e-05,4.48e-05,3.2e-06,99.88985599,99.36712764
1.013333e-05,4.48e-05,3.2e-06,99.36975479,98.8748322
1.013333e-05,4.48e-05,3.466667e-06,3.84e-05,3.84e-05
1.013333e-05,4.48e-05,3.466667e-06,4.27e-05,4.27e-05
1.013333e-05,4.48e-05,3.466667e-06,4.69e-05,4.69e-05
1.013333e-05,4.48e-05,3.466667e-06,5.12e-05,5.12e-05
1.013333e-05,4.48e-05,3.466667e-06,5.55e-05,5.55e-05
1.013333e-05,4.48e-05,3.466667e-06,5.97e-05,5.97e-05
1.013333e-05,4.48e-05,3.466667e-06,6.4e-05,6.4e-05
1.013333e-05,4.48e-05,3.466667e-06,6.83e-05,6.83e-05
1.013333e-05,4.48e-05,3.466667e-06,7.25e-05,7.25e-05
1.013333e-05,4.48e-05,3.466667e-06,7.68e-05,7.68e-05
1.013333e-05,4.48e-05,3.466667e-06,8.11e-05,8.11e-05
1.013333e-05,4.48e-05,3.466667e-06,8.53e-05,8.53e-05
1.013333e-05,4.48e-05,3.466667e-06,8.96e-05,8.96e-05
1.013333e-05,4.48e-05,3.466667e-06,91.15974382,92.82829856
1.013333e-05,4.48e-05,3.466667e-06,88.57686473,90.20536223
1.013333e-05,4.48e-05,3.466667e-06,86.34997466,87.83399574
1.013333e-05,4.48e-05,3.466667e-06,85.463334,86.79214812
1.013333e-05,4.48e-05,3.466667e-06,84.64623655,85.95362462
1.013333e-05,4.48e-05,3.466667e-06,83.88690248,85.17226352
1.013333e-05,4.48e-05,3.466667e-06,83.17450386,84.43729533
1.013333e-05,4.48e-05,3.466667e-06,82.50211787,83.74196383
1.013333e-05,4.48e-05,3.466667e-06,82.18517224,83.27647804
1.013333e-05,4.48e-05,3.466667e-06,82.13199257,83.21564007
1.013333e-05,4.48e-05,3.466667e-06,82.07038912,83.14227957
1.013333e-05,4.48e-05,3.466667e-06,82.00828759,83.06794528
1.013333e-05,4.48e-05,3.466667e-06,81.94295835,82.99010694
1.013333e-05,4.48e-05,3.733333e-06,3.84e-05,3.84e-05
1.013333e-05,4.48e-05,3.733333e-06,4.27e-05,4.27e-05
1.013333e-05,4.48e-05,3.733333e-06,4.69e-05,4.69e-05
1.013333e-05,4.48e-05,3.733333e-06,5.12e-05,5.12e-05
1.013333e-05,4.48e-05,3.733333e-06,5.55e-05,5.55e-05
1.013333e-05,4.48e-05,3.733333e-06,5.97e-05,5.97e-05
1.013333e-05,4.48e-05,3.733333e-06,6.4e-05,6.4e-05
1.013333e-05,4.48e-05,3.733333e-06,6.83e-05,6.83e-05
1.013333e-05,4.48e-05,3.733333e-06,7.25e-05,7.25e-05
1.013333e-05,4.48e-05,3.733333e-06,7.68e-05,7.68e-05
1.013333e-05,4.48e-05,3.733333e-06,8.11e-05,8.11e-05
1.013333e-05,4.48e-05,3.733333e-06,8.53e-05,8.53e-05
1.013333e-05,4.48e-05,3.733333e-06,8.96e-05,8.96e-05
1.013333e-05,4.48e-05,3.733333e-06,95.60732844,96.78396599
1.013333e-05,4.48e-05,3.733333e-06,92.9279322,94.08450654
1.013333e-05,4.48e-05,3.733333e-06,90.48773153,91.61835478
1.013333e-05,4.48e-05,3.733333e-06,88.98673496,89.91333699
1.013333e-05,4.48e-05,3.733333e-06,88.12397157,89.03538583
1.013333e-05,4.48e-05,3.733333e-06,87.30825837,88.21113276
1.013333e-05,4.48e-05,3.733333e-06,86.53810709,87.42689123
1.013333e-05,4.48e-05,3.733333e-06,85.80680442,86.68115414
1.013333e-05,4.48e-05,3.733333e-06,85.11003951,85.96959694
1.013333e-05,4.48e-05,3.733333e-06,85.00915823,85.76655448
1.013333e-05,4.48e-05,3.733333e-06,84.92227075,85.66570548
1.013333e-05,4.48e-05,3.733333e-06,84.82297832,85.56105304
1.013333e-05,4.48e-05,3.733333e-06,84.72483528,85.45575362
1.013333e-05,4.48e-05,4.8e-06,3.84e-05,3.84e-05
1.013333e-05,4.48e-05,4.8e-06,4.27e-05,4.27e-05
1.013333e-05,4.48e-05,4.8e-06,4.69e-05,4.69e-05
1.013333e-05,4.48e-05,4.8e-06,5.12e-05,5.12e-05
1.013333e-05,4.48e-05,4.8e-06,5.55e-05,5.55e-05
1.013333e-05,4.48e-05,4.8e-06,5.97e-05,5.97e-05
1.013333e-05,4.48e-05,4.8e-06,6.4e-05,6.4e-05
1.013333e-05,4.48e-05,4.8e-06,6.83e-05,6.83e-05
1.013333e-05,4.48e-05,4.8e-06,7.25e-05,7.25e-05
1.013333e-05,4.48e-05,4.8e-06,7.68e-05,7.68e-05
1.013333e-05,4.48e-05,4.8e-06,8.11e-05,8.11e-05
1.013333e-05,4.48e-05,4.8e-06,8.53e-05,8.53e-05
1.013333e-05,4.48e-05,4.8e-06,8.96e-05,8.96e-05
1.013333e-05,4.48e-05,4.8e-06,101.2979239,99.71364772
1.013333e-05,4.48e-05,4.8e-06,98.54155245,96.97382367
1.013333e-05,4.48e-05,4.8e-06,95.99334632,94.45131177
1.013333e-05,4.48e-05,4.8e-06,93.62226403,92.21011968
1.013333e-05,4.48e-05,4.8e-06,92.53049705,91.30652102
1.013333e-05,4.48e-05,4.8e-06,91.66138873,90.45145543
1.013333e-05,4.48e-05,4.8e-06,90.83476972,89.63881992
1.013333e-05,4.48e-05,4.8e-06,90.03702456,88.85887515
1.013333e-05,4.48e-05,4.8e-06,89.27236699,88.11226321
1.013333e-05,4.48e-05,4.8e-06,88.62740735,87.62573855
1.013333e-05,4.48e-05,4.8e-06,88.50778431,87.51233638
1.013333e-05,4.48e-05,4.8e-06,88.37550306,87.38976701
1.013333e-05,4.48e-05,4.8e-06,88.24030984,87.26921044
1.013333e-05,4.48e-05,4.266667e-06,3.84e-05,3.84e-05
1.013333e-05,4.48e-05,4.266667e-06,4.27e-05,4.27e-05
1.013333e-05,4.48e-05,4.266667e-06,4.69e-05,4.69e-05
1.013333e-05,4.48e-05,4.266667e-06,5.12e-05,5.12e-05
1.013333e-05,4.48e-05,4.266667e-06,5.55e-05,5.55e-05
1.013333e-05,4.48e-05,4.266667e-06,5.97e-05,5.97e-05
1.013333e-05,4.48e-05,4.266667e-06,6.4e-05,6.4e-05
1.013333e-05,4.48e-05,4.266667e-06,6.83e-05,6.83e-05
1.013333e-05,4.48e-05,4.266667e-06,7.25e-05,7.25e-05
1.013333e-05,4.48e-05,4.266667e-06,7.68e-05,7.68e-05
1.013333e-05,4.48e-05,4.266667e-06,8.11e-05,8.11e-05
1.013333e-05,4.48e-05,4.266667e-06,8.53e-05,8.53e-05
1.013333e-05,4.48e-05,4.266667e-06,8.96e-05,8.96e-05
1.013333e-05,4.48e-05,4.266667e-06,98.82189166,103.2843288
1.013333e-05,4.48e-05,4.266667e-06,96.09294793,100.516109
1.013333e-05,4.48e-05,4.266667e-06,93.58635337,97.93998334
1.013333e-05,4.48e-05,4.266667e-06,91.51253252,95.53234751
1.013333e-05,4.48e-05,4.266667e-06,90.61627124,94.06416857
1.013333e-05,4.48e-05,4.266667e-06,89.77349636,93.17893487
1.013333e-05,4.48e-05,4.266667e-06,88.96563759,92.33088041
1.013333e-05,4.48e-05,4.266667e-06,88.19587509,91.51798909
1.013333e-05,4.48e-05,4.266667e-06,87.45968111,90.73122191
1.013333e-05,4.48e-05,4.266667e-06,87.05963737,89.97388719
1.013333e-05,4.48e-05,4.266667e-06,86.9517406,89.74209703
1.013333e-05,4.48e-05,4.266667e-06,86.83461629,89.60321204
1.013333e-05,4.48e-05,4.266667e-06,86.71663615,89.45719044
1.013333e-05,4.48e-05,4.533333e-06,3.84e-05,3.84e-05
1.013333e-05,4.48e-05,4.533333e-06,4.27e-05,4.27e-05
1.013333e-05,4.48e-05,4.533333e-06,4.69e-05,4.69e-05
1.013333e-05,4.48e-05,4.533333e-06,5.12e-05,5.12e-05
1.013333e-05,4.48e-05,4.533333e-06,5.55e-05,5.55e-05
1.013333e-05,4.48e-05,4.533333e-06,5.97e-05,5.97e-05
1.013333e-05,4.48e-05,4.533333e-06,6.4e-05,6.4e-05
1.013333e-05,4.48e-05,4.533333e-06,6.83e-05,6.83e-05
1.013333e-05,4.48e-05,4.533333e-06,7.25e-05,7.25e-05
1.013333e-05,4.48e-05,4.533333e-06,7.68e-05,7.68e-05
1.013333e-05,4.48e-05,4.533333e-06,8.11e-05,8.11e-05
1.013333e-05,4.48e-05,4.533333e-06,8.53e-05,8.53e-05
1.013333e-05,4.48e-05,4.533333e-06,8.96e-05,8.96e-05
1.013333e-05,4.48e-05,4.533333e-06,102.6659659,100.8633757
1.013333e-05,4.48e-05,4.533333e-06,99.90054151,98.30611117
1.013333e-05,4.48e-05,4.533333e-06,97.33262686,94.93558609
1.013333e-05,4.48e-05,4.533333e-06,94.93592279,92.14923446
1.013333e-05,4.48e-05,4.533333e-06,93.58698471,89.31339374
1.013333e-05,4.48e-05,4.533333e-06,92.7065996,86.16620175
1.013333e-05,4.48e-05,4.533333e-06,91.86404045,82.34015819
1.013333e-05,4.48e-05,4.533333e-06,91.05661265,78.0715971
1.013333e-05,4.48e-05,4.533333e-06,90.27669733,74.02446962
1.013333e-05,4.48e-05,4.533333e-06,89.52630907,70.49517538
1.013333e-05,4.48e-05,4.533333e-06,89.35669236,67.49915945
1.013333e-05,4.48e-05,4.533333e-06,89.22134362,64.95870098
1.013333e-05,4.48e-05,4.533333e-06,89.07876336,62.78708101
1.013333e-05,4.48e-05,4e-06,3.84e-05,3.84e-05
1.013333e-05,4.48e-05,4e-06,4.27e-05,4.27e-05
1.013333e-05,4.48e-05,4e-06,4.69e-05,4.69e-05
1.013333e-05,4.48e-05,4e-06,5.12e-05,5.12e-05
1.013333e-05,4.48e-05,4e-06,5.55e-05,5.55e-05
1.013333e-05,4.48e-05,4e-06,5.97e-05,5.97e-05
1.013333e-05,4.48e-05,4e-06,6.4e-05,6.4e-05
1.013333e-05,4.48e-05,4e-06,6.83e-05,6.83e-05
1.013333e-05,4.48e-05,4e-06,7.25e-05,7.25e-05
1.013333e-05,4.48e-05,4e-06,7.68e-05,7.68e-05
1.013333e-05,4.48e-05,4e-06,8.11e-05,8.11e-05
1.013333e-05,4.48e-05,4e-06,8.53e-05,8.53e-05
1.013333e-05,4.48e-05,4e-06,8.96e-05,8.96e-05
1.013333e-05,4.48e-05,4e-06,101.4223566,101.6411417
1.013333e-05,4.48e-05,4e-06,98.1762776,98.05593692
1.013333e-05,4.48e-05,4e-06,94.2972795,93.993722
1.013333e-05,4.48e-05,4e-06,91.24514625,90.82505976
1.013333e-05,4.48e-05,4e-06,88.43243524,88.14072555
1.013333e-05,4.48e-05,4e-06,85.49610675,85.1781602
1.013333e-05,4.48e-05,4e-06,81.70428468,81.39075785
1.013333e-05,4.48e-05,4e-06,77.53429364,77.26210783
1.013333e-05,4.48e-05,4e-06,73.58530548,73.3552637
1.013333e-05,4.48e-05,4e-06,70.12822746,69.92970918
1.013333e-05,4.48e-05,4e-06,67.1788794,67.00103948
1.013333e-05,4.48e-05,4e-06,64.66599141,64.5005863
1.013333e-05,4.48e-05,4e-06,62.50879239,62.3500799
1.013333e-05,4.48e-05,5.6e-06,3.84e-05,3.84e-05
1.013333e-05,4.48e-05,5.6e-06,4.27e-05,4.27e-05
1.013333e-05,4.48e-05,5.6e-06,4.69e-05,4.69e-05
1.013333e-05,4.48e-05,5.6e-06,5.12e-05,5.12e-05
1.013333e-05,4.48e-05,5.6e-06,5.55e-05,5.55e-05
1.013333e-05,4.48e-05,5.6e-06,5.97e-05,5.97e-05
1.013333e-05,4.48e-05,5.6e-06,6.4e-05,6.4e-05
1.013333e-05,4.48e-05,5.6e-06,6.83e-05,6.83e-05
1.013333e-05,4.48e-05,5.6e-06,7.25e-05,7.25e-05
1.013333e-05,4.48e-05,5.6e-06,7.68e-05,7.68e-05
1.013333e-05,4.48e-05,5.6e-06,8.11e-05,8.11e-05
1.013333e-05,4.48e-05,5.6e-06,8.53e-05,8.53e-05
1.013333e-05,4.48e-05,5.6e-06,8.96e-05,8.96e-05
1.013333e-05,4.48e-05,5.6e-06,101.9962703,102.4932284
1.013333e-05,4.48e-05,5.6e-06,97.78935445,97.22117477
1.013333e-05,4.48e-05,5.6e-06,93.39824569,92.32681412
1.013333e-05,4.48e-05,5.6e-06,90.0450067,89.18059165
1.013333e-05,4.48e-05,5.6e-06,87.57747216,86.54208478
1.013333e-05,4.48e-05,5.6e-06,84.54564326,83.39449946
1.013333e-05,4.48e-05,5.6e-06,80.7826765,79.65765134
1.013333e-05,4.48e-05,5.6e-06,76.72464374,75.70636262
1.013333e-05,4.48e-05,5.6e-06,72.89137153,71.98886823
1.013333e-05,4.48e-05,5.6e-06,69.5216744,68.70948287
1.013333e-05,4.48e-05,5.6e-06,66.6301475,65.87951835
1.013333e-05,4.48e-05,5.6e-06,64.15239093,63.44048831
1.013333e-05,4.48e-05,5.6e-06,62.01441282,61.44176061
1.013333e-05,4.48e-05,5.066667e-06,3.84e-05,3.84e-05
1.013333e-05,4.48e-05,5.066667e-06,4.27e-05,4.27e-05
1.013333e-05,4.48e-05,5.066667e-06,4.69e-05,4.69e-05
1.013333e-05,4.48e-05,5.066667e-06,5.12e-05,5.12e-05
1.013333e-05,4.48e-05,5.066667e-06,5.55e-05,5.55e-05
1.013333e-05,4.48e-05,5.066667e-06,5.97e-05,5.97e-05
1.013333e-05,4.48e-05,5.066667e-06,6.4e-05,6.4e-05
1.013333e-05,4.48e-05,5.066667e-06,6.83e-05,6.83e-05
1.013333e-05,4.48e-05,5.066667e-06,7.25e-05,7.25e-05
1.013333e-05,4.48e-05,5.066667e-06,7.68e-05,7.68e-05
1.013333e-05,4.48e-05,5.066667e-06,8.11e-05,8.11e-05
1.013333e-05,4.48e-05,5.066667e-06,8.53e-05,8.53e-05
1.013333e-05,4.48e-05,5.066667e-06,8.96e-05,8.96e-05
1.013333e-05,4.48e-05,5.066667e-06,102.3886312,102.1424515
1.013333e-05,4.48e-05,5.066667e-06,97.36398908,97.64916002
1.013333e-05,4.48e-05,5.066667e-06,92.58049794,93.1158258
1.013333e-05,4.48e-05,5.066667e-06,89.37604043,89.78782626
1.013333e-05,4.48e-05,5.066667e-06,86.7895769,87.30713385
1.013333e-05,4.48e-05,5.066667e-06,83.66861247,84.24386633
1.013333e-05,4.48e-05,5.066667e-06,79.92727502,80.48973719
1.013333e-05,4.48e-05,5.066667e-06,75.95269032,76.46209899
1.013333e-05,4.48e-05,5.066667e-06,72.20939413,72.66118339
1.013333e-05,4.48e-05,5.066667e-06,68.90960304,69.31641215
1.013333e-05,4.48e-05,5.066667e-06,66.06555322,66.44168118
1.013333e-05,4.48e-05,5.066667e-06,63.6175337,63.97434818
1.013333e-05,4.48e-05,5.066667e-06,61.49660342,61.84226258
1.013333e-05,4.48e-05,5.333333e-06,3.84e-05,3.84e-05
1.013333e-05,4.48e-05,5.333333e-06,4.27e-05,4.27e-05
1.013333e-05,4.48e-05,5.333333e-06,4.69e-05,4.69e-05
1.013333e-05,4.48e-05,5.333333e-06,5.12e-05,5.12e-05
1.013333e-05,4.48e-05,5.333333e-06,5.55e-05,5.55e-05
1.013333e-05,4.48e-05,5.333333e-06,5.97e-05,5.97e-05
1.013333e-05,4.48e-05,5.333333e-06,6.4e-05,6.4e-05
1.013333e-05,4.48e-05,5.333333e-06,6.83e-05,6.83e-05
1.013333e-05,4.48e-05,5.333333e-06,7.25e-05,7.25e-05
1.013333e-05,4.48e-05,5.333333e-06,7.68e-05,7.68e-05
1.013333e-05,4.48e-05,5.333333e-06,8.11e-05,8.11e-05
1.013333e-05,4.48e-05,5.333333e-06,8.53e-05,8.53e-05
1.013333e-05,4.48e-05,5.333333e-06,8.96e-05,8.96e-05
1.013333e-05,4.48e-05,5.333333e-06,102.5878225,102.6737579
1.013333e-05,4.48e-05,5.333333e-06,97.07916133,96.93841797
1.013333e-05,4.48e-05,5.333333e-06,92.0818708,91.84522414
1.013333e-05,4.48e-05,5.333333e-06,88.98583388,88.79591767
1.013333e-05,4.48e-05,5.333333e-06,86.30180742,86.0684668
1.013333e-05,4.48e-05,5.333333e-06,83.12889126,82.8713903
1.013333e-05,4.48e-05,5.333333e-06,79.39553566,79.14068991
1.013333e-05,4.48e-05,5.333333e-06,75.4657298,75.23076116
1.013333e-05,4.48e-05,5.333333e-06,71.7723253,71.55991518
1.013333e-05,4.48e-05,5.333333e-06,68.51214818,68.31786783
1.013333e-05,4.48e-05,5.333333e-06,65.69554208,65.51396185
1.013333e-05,4.48e-05,5.333333e-06,63.27145238,63.27417505
1.013333e-05,4.48e-05,5.333333e-06,61.45497194,61.46123623
1.066667e-05,0.000132012,2.4e-06,3.84e-05,3.84e-05
1.066667e-05,0.000132012,2.4e-06,4.27e-05,4.27e-05
1.066667e-05,0.000132012,2.4e-06,4.69e-05,4.69e-05
1.066667e-05,0.000132012,2.4e-06,5.12e-05,5.12e-05
1.066667e-05,0.000132012,2.4e-06,5.55e-05,5.55e-05
1.066667e-05,0.000132012,2.4e-06,5.97e-05,5.97e-05
1.066667e-05,0.000132012,2.4e-06,6.4e-05,6.4e-05
1.066667e-05,0.000132012,2.4e-06,6.83e-05,6.83e-05
1.066667e-05,0.000132012,2.4e-06,7.25e-05,7.25e-05
1.066667e-05,0.000132012,2.4e-06,7.68e-05,7.68e-05
1.066667e-05,0.000132012,2.4e-06,8.11e-05,8.11e-05
1.066667e-05,0.000132012,2.4e-06,8.53e-05,8.53e-05
1.066667e-05,0.000132012,2.4e-06,8.96e-05,8.96e-05
1.066667e-05,0.000132012,2.4e-06,86.93729778,87.7730997
1.066667e-05,0.000132012,2.4e-06,88.14556212,88.95476959
1.066667e-05,0.000132012,2.4e-06,89.26184593,90.04884595
1.066667e-05,0.000132012,2.4e-06,90.31367139,91.08205205
1.066667e-05,0.000132012,2.4e-06,91.38019196,92.12838397
1.066667e-05,0.000132012,2.4e-06,92.46476397,93.1984115
1.066667e-05,0.000132012,2.4e-06,93.43209412,94.15030588
1.066667e-05,0.000132012,2.4e-06,94.29242795,95.00713165
1.066667e-05,0.000132012,2.4e-06,95.07836409,95.78389732
1.066667e-05,0.000132012,2.4e-06,95.51130845,96.1726572
1.066667e-05,0.000132012,2.4e-06,95.5775078,96.19402296
1.066667e-05,0.000132012,2.4e-06,95.47217435,96.0465543
1.066667e-05,0.000132012,2.4e-06,95.17446365,95.71514395
1.066667e-05,0.000132012,2.666667e-06,3.84e-05,3.84e-05
1.066667e-05,0.000132012,2.666667e-06,4.27e-05,4.27e-05
1.066667e-05,0.000132012,2.666667e-06,4.69e-05,4.69e-05
1.066667e-05,0.000132012,2.666667e-06,5.12e-05,5.12e-05
1.066667e-05,0.000132012,2.666667e-06,5.55e-05,5.55e-05
1.066667e-05,0.000132012,2.666667e-06,5.97e-05,5.97e-05
1.066667e-05,0.000132012,2.666667e-06,6.4e-05,6.4e-05
1.066667e-05,0.000132012,2.666667e-06,6.83e-05,6.83e-05
1.066667e-05,0.000132012,2.666667e-06,7.25e-05,7.25e-05
1.066667e-05,0.000132012,2.666667e-06,7.68e-05,7.68e-05
1.066667e-05,0.000132012,2.666667e-06,8.11e-05,8.11e-05
1.066667e-05,0.000132012,2.666667e-06,8.53e-05,8.53e-05
1.066667e-05,0.000132012,2.666667e-06,8.96e-05,8.96e-05
1.066667e-05,0.000132012,2.666667e-06,89.17393478,89.76985079
1.066667e-05,0.000132012,2.666667e-06,90.31225592,90.89014153
1.066667e-05,0.000132012,2.666667e-06,91.37008447,91.93288735
1.066667e-05,0.000132012,2.666667e-06,92.37284858,92.92297588
1.066667e-05,0.000132012,2.666667e-06,93.38513437,93.9207091
1.066667e-05,0.000132012,2.666667e-06,94.43330986,94.96056349
1.066667e-05,0.000132012,2.666667e-06,95.36904431,95.89035991
1.066667e-05,0.000132012,2.666667e-06,96.21678987,96.73667955
1.066667e-05,0.000132012,2.666667e-06,96.98286608,97.49768708
1.066667e-05,0.000132012,2.666667e-06,97.26958441,97.74719343
1.066667e-05,0.000132012,2.666667e-06,97.24670775,97.6956587
1.066667e-05,0.000132012,2.666667e-06,97.03025108,97.45670215
1.066667e-05,0.000132012,2.666667e-06,96.6387333,97.03869516
1.066667e-05,0.000132012,2.933333e-06,3.84e-05,3.84e-05
1.066667e-05,0.000132012,2.933333e-06,4.27e-05,4.27e-05
1.066667e-05,0.000132012,2.933333e-06,4.69e-05,4.69e-05
1.066667e-05,0.000132012,2.933333e-06,5.12e-05,5.12e-05
1.066667e-05,0.000132012,2.933333e-06,5.55e-05,5.55e-05
1.066667e-05,0.000132012,2.933333e-06,5.97e-05,5.97e-05
1.066667e-05,0.000132012,2.933333e-06,6.4e-05,6.4e-05
1.066667e-05,0.000132012,2.933333e-06,6.83e-05,6.83e-05
1.066667e-05,0.000132012,2.933333e-06,7.25e-05,7.25e-05
1.066667e-05,0.000132012,2.933333e-06,7.68e-05,7.68e-05
1.066667e-05,0.000132012,2.933333e-06,8.11e-05,8.11e-05
1.066667e-05,0.000132012,2.933333e-06,8.53e-05,8.53e-05
1.066667e-05,0.000132012,2.933333e-06,8.96e-05,8.96e-05
1.066667e-05,0.000132012,2.933333e-06,90.80420446,91.25761713
1.066667e-05,0.000132012,2.933333e-06,91.89476058,92.33570473
1.066667e-05,0.000132012,2.933333e-06,92.91169996,93.34144934
1.066667e-05,0.000132012,2.933333e-06,93.88011343,94.30047506
1.066667e-05,0.000132012,2.933333e-06,94.85244645,95.2616041
1.066667e-05,0.000132012,2.933333e-06,95.87924615,96.28324223
1.066667e-05,0.000132012,2.933333e-06,96.80009784,97.20073175
1.066667e-05,0.000132012,2.933333e-06,97.63471984,98.03339969
1.066667e-05,0.000132012,2.933333e-06,98.39952836,98.79842347
1.066667e-05,0.000132012,2.933333e-06,98.57931355,98.94866274
1.066667e-05,0.000132012,2.933333e-06,98.49564182,98.85672148
1.066667e-05,0.000132012,2.933333e-06,98.20876652,98.54310308
1.066667e-05,0.000132012,2.933333e-06,97.75438886,98.06425657
1.066667e-05,0.000132012,3.2e-06,3.84e-05,3.84e-05
1.066667e-05,0.000132012,3.2e-06,4.27e-05,4.27e-05
1.066667e-05,0.000132012,3.2e-06,4.69e-05,4.69e-05
1.066667e-05,0.000132012,3.2e-06,5.12e-05,5.12e-05
1.066667e-05,0.000132012,3.2e-06,5.55e-05,5.55e-05
1.066667e-05,0.000132012,3.2e-06,5.97e-05,5.97e-05
1.066667e-05,0.000132012,3.2e-06,6.4e-05,6.4e-05
1.066667e-05,0.000132012,3.2e-06,6.83e-05,6.83e-05
1.066667e-05,0.000132012,3.2e-06,7.25e-05,7.25e-05
1.066667e-05,0.000132012,3.2e-06,7.68e-05,7.68e-05
1.066667e-05,0.000132012,3.2e-06,8.11e-05,8.11e-05
1.066667e-05,0.000132012,3.2e-06,8.53e-05,8.53e-05
1.066667e-05,0.000132012,3.2e-06,8.96e-05,8.96e-05
1.066667e-05,0.000132012,3.2e-06,92.84799468,92.09231577
1.066667e-05,0.000132012,3.2e-06,93.79616585,93.12089655
1.066667e-05,0.000132012,3.2e-06,94.77079719,94.10682436
1.066667e-05,0.000132012,3.2e-06,95.69894998,95.04927511
1.066667e-05,0.000132012,3.2e-06,96.62239622,95.99032737
1.066667e-05,0.000132012,3.2e-06,97.62935688,97.00363343
1.066667e-05,0.000132012,3.2e-06,98.53819255,97.91600246
1.066667e-05,0.000132012,3.2e-06,99.366965,98.74608187
1.066667e-05,0.000132012,3.2e-06,100.1294193,99.51433253
1.066667e-05,0.000132012,3.2e-06,100.1914152,99.61124724
1.066667e-05,0.000132012,3.2e-06,100.0388084,99.47689535
1.066667e-05,0.000132012,3.2e-06,99.67370556,99.14892399
1.066667e-05,0.000132012,3.2e-06,98.86238148,98.54156883
1.066667e-05,0.000132012,3.466667e-06,3.84e-05,3.84e-05
1.066667e-05,0.000132012,3.466667e-06,4.27e-05,4.27e-05
1.066667e-05,0.000132012,3.466667e-06,4.69e-05,4.69e-05
1.066667e-05,0.000132012,3.466667e-06,5.12e-05,5.12e-05
1.066667e-05,0.000132012,3.466667e-06,5.55e-05,5.55e-05
1.066667e-05,0.000132012,3.466667e-06,5.97e-05,5.97e-05
1.066667e-05,0.000132012,3.466667e-06,6.4e-05,6.4e-05
1.066667e-05,0.000132012,3.466667e-06,6.83e-05,6.83e-05
1.066667e-05,0.000132012,3.466667e-06,7.25e-05,7.25e-05
1.066667e-05,0.000132012,3.466667e-06,7.68e-05,7.68e-05
1.066667e-05,0.000132012,3.466667e-06,8.11e-05,8.11e-05
1.066667e-05,0.000132012,3.466667e-06,8.53e-05,8.53e-05
1.066667e-05,0.000132012,3.466667e-06,8.96e-05,8.96e-05
1.066667e-05,0.000132012,3.466667e-06,90.55457552,92.24086703
1.066667e-05,0.000132012,3.466667e-06,87.94242528,89.5851524
1.066667e-05,0.000132012,3.466667e-06,85.9309665,87.29189736
1.066667e-05,0.000132012,3.466667e-06,85.03207474,86.37501532
1.066667e-05,0.000132012,3.466667e-06,84.20413518,85.52441397
1.066667e-05,0.000132012,3.466667e-06,83.43510677,84.73221524
1.066667e-05,0.000132012,3.466667e-06,82.71394515,83.98741931
1.066667e-05,0.000132012,3.466667e-06,82.03359058,83.2831241
1.066667e-05,0.000132012,3.466667e-06,81.88148635,82.98323924
1.066667e-05,0.000132012,3.466667e-06,81.82565845,82.9193603
1.066667e-05,0.000132012,3.466667e-06,81.76155505,82.84315521
1.066667e-05,0.000132012,3.466667e-06,81.69703959,82.7660722
1.066667e-05,0.000132012,3.466667e-06,81.62943027,82.68562462
1.066667e-05,0.000132012,3.733333e-06,3.84e-05,3.84e-05
1.066667e-05,0.000132012,3.733333e-06,4.27e-05,4.27e-05
1.066667e-05,0.000132012,3.733333e-06,4.69e-05,4.69e-05
1.066667e-05,0.000132012,3.733333e-06,5.12e-05,5.12e-05
1.066667e-05,0.000132012,3.733333e-06,5.55e-05,5.55e-05
1.066667e-05,0.000132012,3.733333e-06,5.97e-05,5.97e-05
1.066667e-05,0.000132012,3.733333e-06,6.4e-05,6.4e-05
1.066667e-05,0.000132012,3.733333e-06,6.83e-05,6.83e-05
1.066667e-05,0.000132012,3.733333e-06,7.25e-05,7.25e-05
1.066667e-05,0.000132012,3.733333e-06,7.68e-05,7.68e-05
1.066667e-05,0.000132012,3.733333e-06,8.11e-05,8.11e-05
1.066667e-05,0.000132012,3.733333e-06,8.53e-05,8.53e-05
1.066667e-05,0.000132012,3.733333e-06,8.96e-05,8.96e-05
1.066667e-05,0.000132012,3.733333e-06,95.05063322,96.24071328
1.066667e-05,0.000132012,3.733333e-06,92.33283454,93.50056353
1.066667e-05,0.000132012,3.733333e-06,89.86207908,91.00169392
1.066667e-05,0.000132012,3.733333e-06,88.59333897,89.53013979
1.066667e-05,0.000132012,3.733333e-06,87.71667906,88.6374396
1.066667e-05,0.000132012,3.733333e-06,86.88827156,87.79982222
1.066667e-05,0.000132012,3.733333e-06,86.10655298,87.00328935
1.066667e-05,0.000132012,3.733333e-06,85.36464925,86.24626587
1.066667e-05,0.000132012,3.733333e-06,84.81432693,85.58424206
1.066667e-05,0.000132012,3.733333e-06,84.72989876,85.49462426
1.066667e-05,0.000132012,3.733333e-06,84.63962,85.39004739
1.066667e-05,0.000132012,3.733333e-06,84.53700809,85.28189111
1.066667e-05,0.000132012,3.733333e-06,84.43570334,85.17321957
1.066667e-05,0.000132012,4.8e-06,3.84e-05,3.84e-05
1.066667e-05,0.000132012,4.8e-06,4.27e-05,4.27e-05
1.066667e-05,0.000132012,4.8e-06,4.69e-05,4.69e-05
1.066667e-05,0.000132012,4.8e-06,5.12e-05,5.12e-05
1.066667e-05,0.000132012,4.8e-06,5.55e-05,5.55e-05
1.066667e-05,0.000132012,4.8e-06,5.97e-05,5.97e-05
1.066667e-05,0.000132012,4.8e-06,6.4e-05,6.4e-05
1.066667e-05,0.000132012,4.8e-06,6.83e-05,6.83e-05
1.066667e-05,0.000132012,4.8e-06,7.25e-05,7.25e-05
1.066667e-05,0.000132012,4.8e-06,7.68e-05,7.68e-05
1.066667e-05,0.000132012,4.8e-06,8.11e-05,8.11e-05
1.066667e-05,0.000132012,4.8e-06,8.53e-05,8.53e-05
1.066667e-05,0.000132012,4.8e-06,8.96e-05,8.96e-05
1.066667e-05,0.000132012,4.8e-06,100.8083706,99.20488688
1.066667e-05,0.000132012,4.8e-06,98.00312085,96.41894768
1.066667e-05,0.000132012,4.8e-06,95.41419301,93.85846298
1.066667e-05,0.000132012,4.8e-06,93.10263234,91.85258057
1.066667e-05,0.000132012,4.8e-06,92.16939998,90.93237046
1.066667e-05,0.000132012,4.8e-06,91.28415759,90.06210471
1.066667e-05,0.000132012,4.8e-06,90.44268795,89.23549927
1.066667e-05,0.000132012,4.8e-06,89.63106186,88.44257993
1.066667e-05,0.000132012,4.8e-06,88.85352891,87.68395914
1.066667e-05,0.000132012,4.8e-06,88.38379712,87.37212231
1.066667e-05,0.000132012,4.8e-06,88.25961625,87.25442534
1.066667e-05,0.000132012,4.8e-06,88.12293116,87.12779538
1.066667e-05,0.000132012,4.8e-06,87.98355476,87.00338719
1.066667e-05,0.000132012,4.266667e-06,3.84e-05,3.84e-05
1.066667e-05,0.000132012,4.266667e-06,4.27e-05,4.27e-05
1.066667e-05,0.000132012,4.266667e-06,4.69e-05,4.69e-05
1.066667e-05,0.000132012,4.266667e-06,5.12e-05,5.12e-05
1.066667e-05,0.000132012,4.266667e-06,5.55e-05,5.55e-05
1.066667e-05,0.000132012,4.266667e-06,5.97e-05,5.97e-05
1.066667e-05,0.000132012,4.266667e-06,6.4e-05,6.4e-05
1.066667e-05,0.000132012,4.266667e-06,6.83e-05,6.83e-05
1.066667e-05,0.000132012,4.266667e-06,7.25e-05,7.25e-05
1.066667e-05,0.000132012,4.266667e-06,7.68e-05,7.68e-05
1.066667e-05,0.000132012,4.266667e-06,8.11e-05,8.11e-05
1.066667e-05,0.000132012,4.266667e-06,8.53e-05,8.53e-05
1.066667e-05,0.000132012,4.266667e-06,8.96e-05,8.96e-05
1.066667e-05,0.000132012,4.266667e-06,98.30248469,102.8193106
1.066667e-05,0.000132012,4.266667e-06,95.52903441,99.99899928
1.066667e-05,0.000132012,4.266667e-06,92.9860445,97.37880186
1.066667e-05,0.000132012,4.266667e-06,91.1471468,94.93397903
1.066667e-05,0.000132012,4.266667e-06,90.23482714,93.71961937
1.066667e-05,0.000132012,4.266667e-06,89.37746415,92.81711847
1.066667e-05,0.000132012,4.266667e-06,88.55607302,91.95303513
1.066667e-05,0.000132012,4.266667e-06,87.77384731,91.1252584
1.066667e-05,0.000132012,4.266667e-06,87.02613362,90.32452764
1.066667e-05,0.000132012,4.266667e-06,86.80041549,89.64767588
1.066667e-05,0.000132012,4.266667e-06,86.6883961,89.50618502
1.066667e-05,0.000132012,4.266667e-06,86.56738095,89.36252413
1.066667e-05,0.000132012,4.266667e-06,86.44565333,89.21196608
1.066667e-05,0.000132012,4.533333e-06,3.84e-05,3.84e-05
1.066667e-05,0.000132012,4.533333e-06,4.27e-05,4.27e-05
1.066667e-05,0.000132012,4.533333e-06,4.69e-05,4.69e-05
1.066667e-05,0.000132012,4.533333e-06,5.12e-05,5.12e-05
1.066667e-05,0.000132012,4.533333e-06,5.55e-05,5.55e-05
1.066667e-05,0.000132012,4.533333e-06,5.97e-05,5.97e-05
1.066667e-05,0.000132012,4.533333e-06,6.4e-05,6.4e-05
1.066667e-05,0.000132012,4.533333e-06,6.83e-05,6.83e-05
1.066667e-05,0.000132012,4.533333e-06,7.25e-05,7.25e-05
1.066667e-05,0.000132012,4.533333e-06,7.68e-05,7.68e-05
1.066667e-05,0.000132012,4.533333e-06,8.11e-05,8.11e-05
1.066667e-05,0.000132012,4.533333e-06,8.53e-05,8.53e-05
1.066667e-05,0.000132012,4.533333e-06,8.96e-05,8.96e-05
1.066667e-05,0.000132012,4.533333e-06,102.1932651,100.5107087
1.066667e-05,0.000132012,4.533333e-06,99.37671564,97.80409418
1.066667e-05,0.000132012,4.533333e-06,96.76575999,94.27821835
1.066667e-05,0.000132012,4.533333e-06,94.33288291,91.40274638
1.066667e-05,0.000132012,4.533333e-06,93.23726628,88.49336625
1.066667e-05,0.000132012,4.533333e-06,92.33996212,85.4600923
1.066667e-05,0.000132012,4.533333e-06,91.48171803,81.60573588
1.066667e-05,0.000132012,4.533333e-06,90.65973231,77.34454204
1.066667e-05,0.000132012,4.533333e-06,89.86619284,73.32269712
1.066667e-05,0.000132012,4.533333e-06,89.2548814,69.82060412
1.066667e-05,0.000132012,4.533333e-06,89.11695175,66.84760498
1.066667e-05,0.000132012,4.533333e-06,88.97694002,64.32514645
1.066667e-05,0.000132012,4.533333e-06,88.82993656,62.167334
1.066667e-05,0.000132012,4e-06,3.84e-05,3.84e-05
1.066667e-05,0.000132012,4e-06,4.27e-05,4.27e-05
1.066667e-05,0.000132012,4e-06,4.69e-05,4.69e-05
1.066667e-05,0.000132012,4e-06,5.12e-05,5.12e-05
1.066667e-05,0.000132012,4e-06,5.55e-05,5.55e-05
1.066667e-05,0.000132012,4e-06,5.97e-05,5.97e-05
1.066667e-05,0.000132012,4e-06,6.4e-05,6.4e-05
1.066667e-05,0.000132012,4e-06,6.83e-05,6.83e-05
1.066667e-05,0.000132012,4e-06,7.25e-05,7.25e-05
1.066667e-05,0.000132012,4e-06,7.68e-05,7.68e-05
1.066667e-05,0.000132012,4e-06,8.11e-05,8.11e-05
1.066667e-05,0.000132012,4e-06,8.53e-05,8.53e-05
1.066667e-05,0.000132012,4e-06,8.96e-05,8.96e-05
1.066667e-05,0.000132012,4e-06,101.0446594,101.2526384
1.066667e-05,0.000132012,4e-06,97.56537339,97.42271257
1.066667e-05,0.000132012,4e-06,93.58607259,93.25852495
1.066667e-05,0.000132012,4e-06,90.44267414,89.99859852
1.066667e-05,0.000132012,4e-06,87.73378843,87.41903965
1.066667e-05,0.000132012,4e-06,84.73614079,84.39300771
1.066667e-05,0.000132012,4e-06,80.91648231,80.57935124
1.066667e-05,0.000132012,4e-06,76.75489734,76.45954693
1.066667e-05,0.000132012,4e-06,72.83220393,72.57942974
1.066667e-05,0.000132012,4e-06,69.40328226,69.18244854
1.066667e-05,0.000132012,4e-06,66.47779195,66.27801252
1.066667e-05,0.000132012,4e-06,63.98359481,63.79656632
1.066667e-05,0.000132012,4e-06,61.84074375,61.66066117
1.066667e-05,0.000132012,5.6e-06,3.84e-05,3.84e-05
1.066667e-05,0.000132012,5.6e-06,4.27e-05,4.27e-05
1.066667e-05,0.000132012,5.6e-06,4.69e-05,4.69e-05
1.066667e-05,0.000132012,5.6e-06,5.12e-05,5.12e-05
1.066667e-05,0.000132012,5.6e-06,5.55e-05,5.55e-05
1.066667e-05,0.000132012,5.6e-06,5.97e-05,5.97e-05
1.066667e-05,0.000132012,5.6e-06,6.4e-05,6.4e-05
1.066667e-05,0.000132012,5.6e-06,6.83e-05,6.83e-05
1.066667e-05,0.000132012,5.6e-06,7.25e-05,7.25e-05
1.066667e-05,0.000132012,5.6e-06,7.68e-05,7.68e-05
1.066667e-05,0.000132012,5.6e-06,8.11e-05,8.11e-05
1.066667e-05,0.000132012,5.6e-06,8.53e-05,8.53e-05
1.066667e-05,0.000132012,5.6e-06,8.96e-05,8.96e-05
1.066667e-05,0.000132012,5.6e-06,101.588692,102.0547215
1.066667e-05,0.000132012,5.6e-06,97.11625919,96.48249936
1.066667e-05,0.000132012,5.6e-06,92.62215497,91.4845834
1.066667e-05,0.000132012,5.6e-06,89.31890076,88.43519404
1.066667e-05,0.000132012,5.6e-06,86.81436891,85.71021447
1.066667e-05,0.000132012,5.6e-06,83.71828612,82.49721538
1.066667e-05,0.000132012,5.6e-06,79.92895549,78.73416694
1.066667e-05,0.000132012,5.6e-06,75.88054036,74.79377225
1.066667e-05,0.000132012,5.6e-06,72.0747524,71.10498477
1.066667e-05,0.000132012,5.6e-06,68.73437013,67.85613058
1.066667e-05,0.000132012,5.6e-06,65.86775839,65.05223194
1.066667e-05,0.000132012,5.6e-06,63.40959322,62.7214674
1.066667e-05,0.000132012,5.6e-06,61.28669429,60.91012745
1.066667e-05,0.000132012,5.066667e-06,3.84e-05,3.84e-05
1.066667e-05,0.000132012,5.066667e-06,4.27e-05,4.27e-05
1.066667e-05,0.000132012,5.066667e-06,4.69e-05,4.69e-05
1.066667e-05,0.000132012,5.066667e-06,5.12e-05,5.12e-05
1.066667e-05,0.000132012,5.066667e-06,5.55e-05,5.55e-05
1.066667e-05,0.000132012,5.066667e-06,5.97e-05,5.97e-05
1.066667e-05,0.000132012,5.066667e-06,6.4e-05,6.4e-05
1.066667e-05,0.000132012,5.066667e-06,6.83e-05,6.83e-05
1.066667e-05,0.000132012,5.066667e-06,7.25e-05,7.25e-05
1.066667e-05,0.000132012,5.066667e-06,7.68e-05,7.68e-05
1.066667e-05,0.000132012,5.066667e-06,8.11e-05,8.11e-05
1.066667e-05,0.000132012,5.066667e-06,8.53e-05,8.53e-05
1.066667e-05,0.000132012,5.066667e-06,8.96e-05,8.96e-05
1.066667e-05,0.000132012,5.066667e-06,101.9571422,101.7263628
1.066667e-05,0.000132012,5.066667e-06,96.64026798,96.9581149
1.066667e-05,0.000132012,5.066667e-06,91.75320959,92.32148081
1.066667e-05,0.000132012,5.066667e-06,88.64942971,89.08907819
1.066667e-05,0.000132012,5.066667e-06,85.97345083,86.5252829
1.066667e-05,0.000132012,5.066667e-06,82.78731648,83.39742313
1.066667e-05,0.000132012,5.066667e-06,79.01969612,79.61692695
1.066667e-05,0.000132012,5.066667e-06,75.0557101,75.59925246
1.066667e-05,0.000132012,5.066667e-06,71.3408428,71.82615733
1.066667e-05,0.000132012,5.066667e-06,68.07130533,68.5110339
1.066667e-05,0.000132012,5.066667e-06,65.2530555,65.6615292
1.066667e-05,0.000132012,5.066667e-06,62.82540752,63.21405921
1.066667e-05,0.000132012,5.066667e-06,60.89874736,61.09727911
1.066667e-05,0.000132012,5.333333e-06,3.84e-05,3.84e-05
1.066667e-05,0.000132012,5.333333e-06,4.27e-05,4.27e-05
1.066667e-05,0.000132012,5.333333e-06,4.69e-05,4.69e-05
1.066667e-05,0.000132012,5.333333e-06,5.12e-05,5.12e-05
1.066667e-05,0.000132012,5.333333e-06,5.55e-05,5.55e-05
1.066667e-05,0.000132012,5.333333e-06,5.97e-05,5.97e-05
1.066667e-05,0.000132012,5.333333e-06,6.4e-05,6.4e-05
1.066667e-05,0.000132012,5.333333e-06,6.83e-05,6.83e-05
1.066667e-05,0.000132012,5.333333e-06,7.25e-05,7.25e-05
1.066667e-05,0.000132012,5.333333e-06,7.68e-05,7.68e-05
1.066667e-05,0.000132012,5.333333e-06,8.11e-05,8.11e-05
1.066667e-05,0.000132012,5.333333e-06,8.53e-05,8.53e-05
1.066667e-05,0.000132012,5.333333e-06,8.96e-05,8.96e-05
1.066667e-05,0.000132012,5.333333e-06,102.1426851,102.2223365
1.066667e-05,0.000132012,5.333333e-06,96.32633035,96.17215389
1.066667e-05,0.000132012,5.333333e-06,91.22557882,90.97566612
1.066667e-05,0.000132012,5.333333e-06,88.22659753,88.0234894
1.066667e-05,0.000132012,5.333333e-06,85.45500315,85.20746514
1.066667e-05,0.000132012,5.333333e-06,82.21645652,81.94456668
1.066667e-05,0.000132012,5.333333e-06,78.45700734,78.18790162
1.066667e-05,0.000132012,5.333333e-06,74.53837934,74.28942487
1.066667e-05,0.000132012,5.333333e-06,70.87394532,70.64780029
1.066667e-05,0.000132012,5.333333e-06,67.64456253,67.43679755
1.066667e-05,0.000132012,5.333333e-06,64.85427603,64.76823997
1.066667e-05,0.000132012,5.333333e-06,62.72129903,62.71491459
1.066667e-05,0.000132012,5.333333e-06,60.91376289,60.91082283
1.066667e-05,0.0003889991,2.4e-06,3.84e-05,3.84e-05
1.066667e-05,0.0003889991,2.4e-06,4.27e-05,4.27e-05
1.066667e-05,0.0003889991,2.4e-06,4.69e-05,4.69e-05
1.066667e-05,0.0003889991,2.4e-06,5.12e-05,5.12e-05
1.066667e-05,0.0003889991,2.4e-06,5.55e-05,5.55e-05
1.066667e-05,0.0003889991,2.4e-06,5.97e-05,5.97e-05
1.066667e-05,0.0003889991,2.4e-06,6.4e-05,6.4e-05
1.066667e-05,0.0003889991,2.4e-06,6.83e-05,6.83e-05
1.066667e-05,0.0003889991,2.4e-06,7.25e-05,7.25e-05
1.066667e-05,0.0003889991,2.4e-06,7.68e-05,7.68e-05
1.066667e-05,0.0003889991,2.4e-06,8.11e-05,8.11e-05
1.066667e-05,0.0003889991,2.4e-06,8.53e-05,8.53e-05
1.066667e-05,0.0003889991,2.4e-06,8.96e-05,8.96e-05
1.066667e-05,0.0003889991,2.4e-06,86.79552262,87.63818504
1.066667e-05,0.0003889991,2.4e-06,88.01400445,88.82989563
1.066667e-05,0.0003889991,2.4e-06,89.14029557,89.93386068
1.066667e-05,0.0003889991,2.4e-06,90.20229643,90.97716863
1.066667e-05,0.0003889991,2.4e-06,91.31196075,92.0658676
1.066667e-05,0.0003889991,2.4e-06,92.3995807,93.13914593
1.066667e-05,0.0003889991,2.4e-06,93.36987994,94.09417267
1.066667e-05,0.0003889991,2.4e-06,94.23309321,94.95412664
1.066667e-05,0.0003889991,2.4e-06,95.02200864,95.73407046
1.066667e-05,0.0003889991,2.4e-06,95.34794718,96.01072699
1.066667e-05,0.0003889991,2.4e-06,95.39230475,96.00958508
1.066667e-05,0.0003889991,2.4e-06,95.26412797,95.83875905
1.066667e-05,0.0003889991,2.4e-06,94.94202043,95.48248413
1.066667e-05,0.0003889991,2.666667e-06,3.84e-05,3.84e-05
1.066667e-05,0.0003889991,2.666667e-06,4.27e-05,4.27e-05
1.066667e-05,0.0003889991,2.666667e-06,4.69e-05,4.69e-05
1.066667e-05,0.0003889991,2.666667e-06,5.12e-05,5.12e-05
1.066667e-05,0.0003889991,2.666667e-06,5.55e-05,5.55e-05
1.066667e-05,0.0003889991,2.666667e-06,5.97e-05,5.97e-05
1.066667e-05,0.0003889991,2.666667e-06,6.4e-05,6.4e-05
1.066667e-05,0.0003889991,2.666667e-06,6.83e-05,6.83e-05
1.066667e-05,0.0003889991,2.666667e-06,7.25e-05,7.25e-05
1.066667e-05,0.0003889991,2.666667e-06,7.68e-05,7.68e-05
1.066667e-05,0.0003889991,2.666667e-06,8.11e-05,8.11e-05
1.066667e-05,0.0003889991,2.666667e-06,8.53e-05,8.53e-05
1.066667e-05,0.0003889991,2.666667e-06,8.96e-05,8.96e-05
1.066667e-05,0.0003889991,2.666667e-06,89.05082389,89.65187578
1.066667e-05,0.0003889991,2.666667e-06,90.19888915,90.78178395
1.066667e-05,0.0003889991,2.666667e-06,91.2664034,91.8341273
1.066667e-05,0.0003889991,2.666667e-06,92.27913936,92.83412976
1.066667e-05,0.0003889991,2.666667e-06,93.33275227,93.87285055
1.066667e-05,0.0003889991,2.666667e-06,94.38453532,94.9164713
1.066667e-05,0.0003889991,2.666667e-06,95.32376063,95.84991793
1.066667e-05,0.0003889991,2.666667e-06,96.17501485,96.69993161
1.066667e-05,0.0003889991,2.666667e-06,96.94459852,97.45644657
1.066667e-05,0.0003889991,2.666667e-06,97.10996643,97.58898618
1.066667e-05,0.0003889991,2.666667e-06,97.0643918,97.51438831
1.066667e-05,0.0003889991,2.666667e-06,96.82357824,97.25078342
1.066667e-05,0.0003889991,2.666667e-06,96.40629314,96.80657642
1.066667e-05,0.0003889991,2.933333e-06,3.84e-05,3.84e-05
1.066667e-05,0.0003889991,2.933333e-06,4.27e-05,4.27e-05
1.066667e-05,0.0003889991,2.933333e-06,4.69e-05,4.69e-05
1.066667e-05,0.0003889991,2.933333e-06,5.12e-05,5.12e-05
1.066667e-05,0.0003889991,2.933333e-06,5.55e-05,5.55e-05
1.066667e-05,0.0003889991,2.933333e-06,5.97e-05,5.97e-05
1.066667e-05,0.0003889991,2.933333e-06,6.4e-05,6.4e-05
1.066667e-05,0.0003889991,2.933333e-06,6.83e-05,6.83e-05
1.066667e-05,0.0003889991,2.933333e-06,7.25e-05,7.25e-05
1.066667e-05,0.0003889991,2.933333e-06,7.68e-05,7.68e-05
1.066667e-05,0.0003889991,2.933333e-06,8.11e-05,8.11e-05
1.066667e-05,0.0003889991,2.933333e-06,8.53e-05,8.53e-05
1.066667e-05,0.0003889991,2.933333e-06,8.96e-05,8.96e-05
1.066667e-05,0.0003889991,2.933333e-06,90.69531369,91.15276522
1.066667e-05,0.0003889991,2.933333e-06,91.7952657,92.24016104
1.066667e-05,0.0003889991,2.933333e-06,92.8216461,93.25527629
1.066667e-05,0.0003889991,2.933333e-06,93.79986881,94.22406352
1.066667e-05,0.0003889991,2.933333e-06,94.81275059,95.22561077
1.066667e-05,0.0003889991,2.933333e-06,95.84360363,96.25143284
1.066667e-05,0.0003889991,2.933333e-06,96.7683935,97.17299174
1.066667e-05,0.0003889991,2.933333e-06,97.60693995,98.00971482
1.066667e-05,0.0003889991,2.933333e-06,98.33321698,98.7213818
1.066667e-05,0.0003889991,2.933333e-06,98.42401904,98.79482172
1.066667e-05,0.0003889991,2.933333e-06,98.31704632,98.67853988
1.066667e-05,0.0003889991,2.933333e-06,98.00455697,98.3398037
1.066667e-05,0.0003889991,2.933333e-06,97.45807983,97.66031174
1.066667e-05,0.0003889991,3.2e-06,3.84e-05,3.84e-05
1.066667e-05,0.0003889991,3.2e-06,4.27e-05,4.27e-05
1.066667e-05,0.0003889991,3.2e-06,4.69e-05,4.69e-05
1.066667e-05,0.0003889991,3.2e-06,5.12e-05,5.12e-05
1.066667e-05,0.0003889991,3.2e-06,5.55e-05,5.55e-05
1.066667e-05,0.0003889991,3.2e-06,5.97e-05,5.97e-05
1.066667e-05,0.0003889991,3.2e-06,6.4e-05,6.4e-05
1.066667e-05,0.0003889991,3.2e-06,6.83e-05,6.83e-05
1.066667e-05,0.0003889991,3.2e-06,7.25e-05,7.25e-05
1.066667e-05,0.0003889991,3.2e-06,7.68e-05,7.68e-05
1.066667e-05,0.0003889991,3.2e-06,8.11e-05,8.11e-05
1.066667e-05,0.0003889991,3.2e-06,8.53e-05,8.53e-05
1.066667e-05,0.0003889991,3.2e-06,8.96e-05,8.96e-05
1.066667e-05,0.0003889991,3.2e-06,92.67066501,91.96632174
1.066667e-05,0.0003889991,3.2e-06,93.71394101,93.03248007
1.066667e-05,0.0003889991,3.2e-06,94.69778218,94.02764963
1.066667e-05,0.0003889991,3.2e-06,95.6355273,94.9797736
1.066667e-05,0.0003889991,3.2e-06,96.59923752,95.9611074
1.066667e-05,0.0003889991,3.2e-06,97.61083832,96.9788374
1.066667e-05,0.0003889991,3.2e-06,98.52420323,97.89551737
1.066667e-05,0.0003889991,3.2e-06,99.35749211,98.72989312
1.066667e-05,0.0003889991,3.2e-06,100.0156137,99.41909085
1.066667e-05,0.0003889991,3.2e-06,100.0432276,99.46027404
1.066667e-05,0.0003889991,3.2e-06,99.86591579,99.30161461
1.066667e-05,0.0003889991,3.2e-06,99.47415583,98.94763657
1.066667e-05,0.0003889991,3.2e-06,98.3239886,98.01802592
1.066667e-05,0.0003889991,3.466667e-06,3.84e-05,3.84e-05
1.066667e-05,0.0003889991,3.466667e-06,4.27e-05,4.27e-05
1.066667e-05,0.0003889991,3.466667e-06,4.69e-05,4.69e-05
1.066667e-05,0.0003889991,3.466667e-06,5.12e-05,5.12e-05
1.066667e-05,0.0003889991,3.466667e-06,5.55e-05,5.55e-05
1.066667e-05,0.0003889991,3.466667e-06,5.97e-05,5.97e-05
1.066667e-05,0.0003889991,3.466667e-06,6.4e-05,6.4e-05
1.066667e-05,0.0003889991,3.466667e-06,6.83e-05,6.83e-05
1.066667e-05,0.0003889991,3.466667e-06,7.25e-05,7.25e-05
1.066667e-05,0.0003889991,3.466667e-06,7.68e-05,7.68e-05
1.066667e-05,0.0003889991,3.466667e-06,8.11e-05,8.11e-05
1.066667e-05,0.0003889991,3.466667e-06,8.53e-05,8.53e-05
1.066667e-05,0.0003889991,3.466667e-06,8.96e-05,8.96e-05
1.066667e-05,0.0003889991,3.466667e-06,90.00714875,91.70910896
1.066667e-05,0.0003889991,3.466667e-06,87.36990907,89.02506993
1.066667e-05,0.0003889991,3.466667e-06,85.55176403,86.92648839
1.066667e-05,0.0003889991,3.466667e-06,84.64211279,85.9976711
1.066667e-05,0.0003889991,3.466667e-06,83.80464307,85.13639947
1.066667e-05,0.0003889991,3.466667e-06,83.02708816,84.33462302
1.066667e-05,0.0003889991,3.466667e-06,82.29821567,83.58114022
1.066667e-05,0.0003889991,3.466667e-06,81.65234411,82.86892154
1.066667e-05,0.0003889991,3.466667e-06,81.60716855,82.71829018
1.066667e-05,0.0003889991,3.466667e-06,81.54896282,82.65167149
1.066667e-05,0.0003889991,3.466667e-06,81.48260647,82.57289466
1.066667e-05,0.0003889991,3.466667e-06,81.4159074,82.49331921
1.066667e-05,0.0003889991,3.466667e-06,81.34622887,82.41049948
1.066667e-05,0.0003889991,3.733333e-06,3.84e-05,3.84e-05
1.066667e-05,0.0003889991,3.733333e-06,4.27e-05,4.27e-05
1.066667e-05,0.0003889991,3.733333e-06,4.69e-05,4.69e-05
1.066667e-05,0.0003889991,3.733333e-06,5.12e-05,5.12e-05
1.066667e-05,0.0003889991,3.733333e-06,5.55e-05,5.55e-05
1.066667e-05,0.0003889991,3.733333e-06,5.97e-05,5.97e-05
1.066667e-05,0.0003889991,3.733333e-06,6.4e-05,6.4e-05
1.066667e-05,0.0003889991,3.733333e-06,6.83e-05,6.83e-05
1.066667e-05,0.0003889991,3.733333e-06,7.25e-05,7.25e-05
1.066667e-05,0.0003889991,3.733333e-06,7.68e-05,7.68e-05
1.066667e-05,0.0003889991,3.733333e-06,8.11e-05,8.11e-05
1.066667e-05,0.0003889991,3.733333e-06,8.53e-05,8.53e-05
1.066667e-05,0.0003889991,3.733333e-06,8.96e-05,8.96e-05
1.066667e-05,0.0003889991,3.733333e-06,94.54609361,95.74810196
1.066667e-05,0.0003889991,3.733333e-06,91.79476216,92.97229305
1.066667e-05,0.0003889991,3.733333e-06,89.29757262,90.44499776
1.066667e-05,0.0003889991,3.733333e-06,88.23720973,89.18313153
1.066667e-05,0.0003889991,3.733333e-06,87.34819516,88.27728849
1.066667e-05,0.0003889991,3.733333e-06,86.50849981,87.42776329
1.066667e-05,0.0003889991,3.733333e-06,85.71649683,86.62028004
1.066667e-05,0.0003889991,3.733333e-06,84.96517008,85.85320484
1.066667e-05,0.0003889991,3.733333e-06,84.56517523,85.34184737
1.066667e-05,0.0003889991,3.733333e-06,84.4774573,85.24874969
1.066667e-05,0.0003889991,3.733333e-06,84.38409905,85.14078469
1.066667e-05,0.0003889991,3.733333e-06,84.27846949,85.02943859
1.066667e-05,0.0003889991,3.733333e-06,84.17428417,84.91769191
1.066667e-05,0.0003889991,4.8e-06,3.84e-05,3.84e-05
1.066667e-05,0.0003889991,4.8e-06,4.27e-05,4.27e-05
1.066667e-05,0.0003889991,4.8e-06,4.69e-05,4.69e-05
1.066667e-05,0.0003889991,4.8e-06,5.12e-05,5.12e-05
1.066667e-05,0.0003889991,4.8e-06,5.55e-05,5.55e-05
1.066667e-05,0.0003889991,4.8e-06,5.97e-05,5.97e-05
1.066667e-05,0.0003889991,4.8e-06,6.4e-05,6.4e-05
1.066667e-05,0.0003889991,4.8e-06,6.83e-05,6.83e-05
1.066667e-05,0.0003889991,4.8e-06,7.25e-05,7.25e-05
1.066667e-05,0.0003889991,4.8e-06,7.68e-05,7.68e-05
1.066667e-05,0.0003889991,4.8e-06,8.11e-05,8.11e-05
1.066667e-05,0.0003889991,4.8e-06,8.53e-05,8.53e-05
1.066667e-05,0.0003889991,4.8e-06,8.96e-05,8.96e-05
1.066667e-05,0.0003889991,4.8e-06,100.3635411,98.74294376
1.066667e-05,0.0003889991,4.8e-06,97.51498254,95.9162843
1.066667e-05,0.0003889991,4.8e-06,94.89022206,93.32251768
1.066667e-05,0.0003889991,4.8e-06,92.79112619,91.52853272
1.066667e-05,0.0003889991,4.8e-06,91.84213636,90.59345125
1.066667e-05,0.0003889991,4.8e-06,90.94242408,89.70958087
1.066667e-05,0.0003889991,4.8e-06,90.08764202,88.87047692
1.066667e-05,0.0003889991,4.8e-06,89.26357863,88.06595457
1.066667e-05,0.0003889991,4.8e-06,88.4745167,87.29660059
1.066667e-05,0.0003889991,4.8e-06,88.16329487,87.14265464
1.066667e-05,0.0003889991,4.8e-06,88.03495813,87.02104565
1.066667e-05,0.0003889991,4.8e-06,87.89425008,86.89071073
1.066667e-05,0.0003889991,4.8e-06,87.75104906,86.76278228
1.066667e-05,0.0003889991,4.266667e-06,3.84e-05,3.84e-05
1.066667e-05,0.0003889991,4.266667e-06,4.27e-05,4.27e-05
1.066667e-05,0.0003889991,4.266667e-06,4.69e-05,4.69e-05
1.066667e-05,0.0003889991,4.266667e-06,5.12e-05,5.12e-05
1.066667e-05,0.0003889991,4.266667e-06,5.55e-05,5.55e-05
1.066667e-05,0.0003889991,4.266667e-06,5.97e-05,5.97e-05
1.066667e-05,0.0003889991,4.266667e-06,6.4e-05,6.4e-05
1.066667e-05,0.0003889991,4.266667e-06,6.83e-05,6.83e-05
1.066667e-05,0.0003889991,4.266667e-06,7.25e-05,7.25e-05
1.066667e-05,0.0003889991,4.266667e-06,7.68e-05,7.68e-05
1.066667e-05,0.0003889991,4.266667e-06,8.11e-05,8.11e-05
1.066667e-05,0.0003889991,4.266667e-06,8.53e-05,8.53e-05
1.066667e-05,0.0003889991,4.266667e-06,8.96e-05,8.96e-05
1.066667e-05,0.0003889991,4.266667e-06,97.8310666,102.3963752
1.066667e-05,0.0003889991,4.266667e-06,95.01839967,99.52973125
1.066667e-05,0.0003889991,4.266667e-06,92.44358832,96.8705828
1.066667e-05,0.0003889991,4.266667e-06,90.81607526,94.39312315
1.066667e-05,0.0003889991,4.266667e-06,89.88939802,93.40713965
1.066667e-05,0.0003889991,4.266667e-06,89.0189953,92.48911735
1.066667e-05,0.0003889991,4.266667e-06,88.18551084,91.61063301
1.066667e-05,0.0003889991,4.266667e-06,87.39215241,90.76949106
1.066667e-05,0.0003889991,4.266667e-06,86.67973174,89.95623063
1.066667e-05,0.0003889991,4.266667e-06,86.56592539,89.43850047
1.066667e-05,0.0003889991,4.266667e-06,86.45015342,89.29249638
1.066667e-05,0.0003889991,4.266667e-06,86.32559041,89.14446941
1.066667e-05,0.0003889991,4.266667e-06,86.20044094,88.98975948
1.066667e-05,0.0003889991,4.533333e-06,3.84e-05,3.84e-05
1.066667e-05,0.0003889991,4.533333e-06,4.27e-05,4.27e-05
1.066667e-05,0.0003889991,4.533333e-06,4.69e-05,4.69e-05
1.066667e-05,0.0003889991,4.533333e-06,5.12e-05,5.12e-05
1.066667e-05,0.0003889991,4.533333e-06,5.55e-05,5.55e-05
1.066667e-05,0.0003889991,4.533333e-06,5.97e-05,5.97e-05
1.066667e-05,0.0003889991,4.533333e-06,6.4e-05,6.4e-05
1.066667e-05,0.0003889991,4.533333e-06,6.83e-05,6.83e-05
1.066667e-05,0.0003889991,4.533333e-06,7.25e-05,7.25e-05
1.066667e-05,0.0003889991,4.533333e-06,7.68e-05,7.68e-05
1.066667e-05,0.0003889991,4.533333e-06,8.11e-05,8.11e-05
1.066667e-05,0.0003889991,4.533333e-06,8.53e-05,8.53e-05
1.066667e-05,0.0003889991,4.533333e-06,8.96e-05,8.96e-05
1.066667e-05,0.0003889991,4.533333e-06,101.7634706,100.1854449
1.066667e-05,0.0003889991,4.533333e-06,98.90149937,97.2906845
1.066667e-05,0.0003889991,4.533333e-06,96.25255332,93.67682194
1.066667e-05,0.0003889991,4.533333e-06,93.88018948,90.72120761
1.066667e-05,0.0003889991,4.533333e-06,92.92016741,87.78803343
1.066667e-05,0.0003889991,4.533333e-06,92.00766513,84.81449429
1.066667e-05,0.0003889991,4.533333e-06,91.13533835,80.93585529
1.066667e-05,0.0003889991,4.533333e-06,90.30028982,76.68227437
1.066667e-05,0.0003889991,4.533333e-06,89.49453295,72.68364286
1.066667e-05,0.0003889991,4.533333e-06,89.04217192,69.20619191
1.066667e-05,0.0003889991,4.533333e-06,88.89983598,66.25398198
1.066667e-05,0.0003889991,4.533333e-06,88.75556279,63.74780047
1.066667e-05,0.0003889991,4.533333e-06,88.60451223,61.60252008
1.066667e-05,0.0003889991,4e-06,3.84e-05,3.84e-05
1.066667e-05,0.0003889991,4e-06,4.27e-05,4.27e-05
1.066667e-05,0.0003889991,4e-06,4.69e-05,4.69e-05
1.066667e-05,0.0003889991,4e-06,5.12e-05,5.12e-05
1.066667e-05,0.0003889991,4e-06,5.55e-05,5.55e-05
1.066667e-05,0.0003889991,4e-06,5.97e-05,5.97e-05
1.066667e-05,0.0003889991,4e-06,6.4e-05,6.4e-05
1.066667e-05,0.0003889991,4e-06,6.83e-05,6.83e-05
1.066667e-05,0.0003889991,4e-06,7.25e-05,7.25e-05
1.066667e-05,0.0003889991,4e-06,7.68e-05,7.68e-05
1.066667e-05,0.0003889991,4e-06,8.11e-05,8.11e-05
1.066667e-05,0.0003889991,4e-06,8.53e-05,8.53e-05
1.066667e-05,0.0003889991,4e-06,8.96e-05,8.96e-05
1.066667e-05,0.0003889991,4e-06,100.6963995,100.8944416
1.066667e-05,0.0003889991,4e-06,97.00587432,96.8429729
1.066667e-05,0.0003889991,4e-06,92.94355044,92.58690928
1.066667e-05,0.0003889991,4e-06,89.710884,89.2453261
1.066667e-05,0.0003889991,4e-06,87.09420058,86.75872134
1.066667e-05,0.0003889991,4e-06,84.04225163,83.67663724
1.066667e-05,0.0003889991,4e-06,80.19890819,79.84071468
1.066667e-05,0.0003889991,4e-06,76.0459547,75.72997597
1.066667e-05,0.0003889991,4e-06,72.14741245,71.87441085
1.066667e-05,0.0003889991,4e-06,68.74399445,68.50330896
1.066667e-05,0.0003889991,4e-06,65.84004552,65.62074994
1.066667e-05,0.0003889991,4e-06,63.36274355,63.15648124
1.066667e-05,0.0003889991,4e-06,61.23291056,61.03382146
1.066667e-05,0.0003889991,5.6e-06,3.84e-05,3.84e-05
1.066667e-05,0.0003889991,5.6e-06,4.27e-05,4.27e-05
1.066667e-05,0.0003889991,5.6e-06,4.69e-05,4.69e-05
1.066667e-05,0.0003889991,5.6e-06,5.12e-05,5.12e-05
1.066667e-05,0.0003889991,5.6e-06,5.55e-05,5.55e-05
1.066667e-05,0.0003889991,5.6e-06,5.97e-05,5.97e-05
1.066667e-05,0.0003889991,5.6e-06,6.4e-05,6.4e-05
1.066667e-05,0.0003889991,5.6e-06,6.83e-05,6.83e-05
1.066667e-05,0.0003889991,5.6e-06,7.25e-05,7.25e-05
1.066667e-05,0.0003889991,5.6e-06,7.68e-05,7.68e-05
1.066667e-05,0.0003889991,5.6e-06,8.11e-05,8.11e-05
1.066667e-05,0.0003889991,5.6e-06,8.53e-05,8.53e-05
1.066667e-05,0.0003889991,5.6e-06,8.96e-05,8.96e-05
1.066667e-05,0.0003889991,5.6e-06,101.2129413,101.6504744
1.066667e-05,0.0003889991,5.6e-06,96.50038576,95.80727039
1.066667e-05,0.0003889991,5.6e-06,91.91368881,90.71669277
1.066667e-05,0.0003889991,5.6e-06,88.6944118,87.75305623
1.066667e-05,0.0003889991,5.6e-06,86.11681381,84.95093961
1.066667e-05,0.0003889991,5.6e-06,82.96414578,81.68063561
1.066667e-05,0.0003889991,5.6e-06,79.15261081,77.89581976
1.066667e-05,0.0003889991,5.6e-06,75.114027,73.96652757
1.066667e-05,0.0003889991,5.6e-06,71.33349392,70.30412882
1.066667e-05,0.0003889991,5.6e-06,68.01965798,67.08291102
1.066667e-05,0.0003889991,5.6e-06,65.17553045,64.30251783
1.066667e-05,0.0003889991,5.6e-06,62.73506369,62.2258558
1.066667e-05,0.0003889991,5.6e-06,60.62583825,60.42295016
1.066667e-05,0.0003889991,5.066667e-06,3.84e-05,3.84e-05
1.066667e-05,0.0003889991,5.066667e-06,4.27e-05,4.27e-05
1.066667e-05,0.0003889991,5.066667e-06,4.69e-05,4.69e-05
1.066667e-05,0.0003889991,5.066667e-06,5.12e-05,5.12e-05
1.066667e-05,0.0003889991,5.066667e-06,5.55e-05,5.55e-05
1.066667e-05,0.0003889991,5.066667e-06,5.97e-05,5.97e-05
1.066667e-05,0.0003889991,5.066667e-06,6.4e-05,6.4e-05
1.066667e-05,0.0003889991,5.066667e-06,6.83e-05,6.83e-05
1.066667e-05,0.0003889991,5.066667e-06,7.25e-05,7.25e-05
1.066667e-05,0.0003889991,5.066667e-06,7.68e-05,7.68e-05
1.066667e-05,0.0003889991,5.066667e-06,8.11e-05,8.11e-05
1.066667e-05,0.0003889991,5.066667e-06,8.53e-05,8.53e-05
1.066667e-05,0.0003889991,5.066667e-06,8.96e-05,8.96e-05
1.066667e-05,0.0003889991,5.066667e-06,101.5593646,101.3427752
1.066667e-05,0.0003889991,5.066667e-06,95.9785642,96.32598487
1.066667e-05,0.0003889991,5.066667e-06,90.99872358,91.59659094
1.066667e-05,0.0003889991,5.066667e-06,87.98040836,88.44898488
1.066667e-05,0.0003889991,5.066667e-06,85.22829341,85.81088708
1.066667e-05,0.0003889991,5.066667e-06,81.9849955,82.62622169
1.066667e-05,0.0003889991,5.066667e-06,78.19546452,78.82359444
1.066667e-05,0.0003889991,5.066667e-06,74.24228675,74.81609543
1.066667e-05,0.0003889991,5.066667e-06,70.55355058,71.06856736
1.066667e-05,0.0003889991,5.066667e-06,67.31140128,67.78028921
1.066667e-05,0.0003889991,5.066667e-06,64.51642143,64.95354537
1.066667e-05,0.0003889991,5.066667e-06,62.22748717,62.52401544
1.066667e-05,0.0003889991,5.066667e-06,60.42045856,60.42111115
1.066667e-05,0.0003889991,5.333333e-06,3.84e-05,3.84e-05
1.066667e-05,0.0003889991,5.333333e-06,4.27e-05,4.27e-05
1.066667e-05,0.0003889991,5.333333e-06,4.69e-05,4.69e-05
1.066667e-05,0.0003889991,5.333333e-06,5.12e-05,5.12e-05
1.066667e-05,0.0003889991,5.333333e-06,5.55e-05,5.55e-05
1.066667e-05,0.0003889991,5.333333e-06,5.97e-05,5.97e-05
1.066667e-05,0.0003889991,5.333333e-06,6.4e-05,6.4e-05
1.066667e-05,0.0003889991,5.333333e-06,6.83e-05,6.83e-05
1.066667e-05,0.0003889991,5.333333e-06,7.25e-05,7.25e-05
1.066667e-05,0.0003889991,5.333333e-06,7.68e-05,7.68e-05
1.066667e-05,0.0003889991,5.333333e-06,8.11e-05,8.11e-05
1.066667e-05,0.0003889991,5.333333e-06,8.53e-05,8.53e-05
1.066667e-05,0.0003889991,5.333333e-06,8.96e-05,8.96e-05
1.066667e-05,0.0003889991,5.333333e-06,101.7323237,101.7406599
1.066667e-05,0.0003889991,5.333333e-06,95.63830451,95.47198993
1.066667e-05,0.0003889991,5.333333e-06,90.44508573,90.26648235
1.066667e-05,0.0003889991,5.333333e-06,87.5319886,87.31699706
1.066667e-05,0.0003889991,5.333333e-06,84.68234556,84.42209264
1.066667e-05,0.0003889991,5.333333e-06,81.38637538,81.10167301
1.066667e-05,0.0003889991,5.333333e-06,77.60532149,77.32358383
1.066667e-05,0.0003889991,5.333333e-06,73.69807862,73.43676491
1.066667e-05,0.0003889991,5.333333e-06,70.06027736,69.82200517
1.066667e-05,0.0003889991,5.333333e-06,66.85876598,66.63909706
1.066667e-05,0.0003889991,5.333333e-06,64.26644061,64.24703355
1.066667e-05,0.0003889991,5.333333e-06,62.21724552,62.20274867
1.066667e-05,0.0003889991,5.333333e-06,60.41805739,60.40692028
1.066667e-05,4.48e-05,2.4e-06,3.84e-05,3.84e-05
1.066667e-05,4.48e-05,2.4e-06,4.27e-05,4.27e-05
1.066667e-05,4.48e-05,2.4e-06,4.69e-05,4.69e-05
1.066667e-05,4.48e-05,2.4e-06,5.12e-05,5.12e-05
1.066667e-05,4.48e-05,2.4e-06,5.55e-05,5.55e-05
1.066667e-05,4.48e-05,2.4e-06,5.97e-05,5.97e-05
1.066667e-05,4.48e-05,2.4e-06,6.4e-05,6.4e-05
1.066667e-05,4.48e-05,2.4e-06,6.83e-05,6.83e-05
1.066667e-05,4.48e-05,2.4e-06,7.25e-05,7.25e-05
1.066667e-05,4.48e-05,2.4e-06,7.68e-05,7.68e-05
1.066667e-05,4.48e-05,2.4e-06,8.11e-05,8.11e-05
1.066667e-05,4.48e-05,2.4e-06,8.53e-05,8.53e-05
1.066667e-05,4.48e-05,2.4e-06,8.96e-05,8.96e-05
1.066667e-05,4.48e-05,2.4e-06,86.66589401,87.51476655
1.066667e-05,4.48e-05,2.4e-06,87.89341341,88.71534865
1.066667e-05,4.48e-05,2.4e-06,89.02854521,89.8280419
1.066667e-05,4.48e-05,2.4e-06,90.09954106,90.88027374
1.066667e-05,4.48e-05,2.4e-06,91.24838453,92.00746488
1.066667e-05,4.48e-05,2.4e-06,92.3385311,93.08344881
1.066667e-05,4.48e-05,2.4e-06,93.31128462,94.04107139
1.066667e-05,4.48e-05,2.4e-06,94.17686711,94.90361682
1.066667e-05,4.48e-05,2.4e-06,94.96824569,95.65960466
1.066667e-05,4.48e-05,2.4e-06,95.1964485,95.86046454
1.066667e-05,4.48e-05,2.4e-06,95.22064393,95.83855606
1.066667e-05,4.48e-05,2.4e-06,95.07137511,95.64616034
1.066667e-05,4.48e-05,2.4e-06,94.72676941,95.26694427
1.066667e-05,4.48e-05,2.666667e-06,3.84e-05,3.84e-05
1.066667e-05,4.48e-05,2.666667e-06,4.27e-05,4.27e-05
1.066667e-05,4.48e-05,2.666667e-06,4.69e-05,4.69e-05
1.066667e-05,4.48e-05,2.666667e-06,5.12e-05,5.12e-05
1.066667e-05,4.48e-05,2.666667e-06,5.55e-05,5.55e-05
1.066667e-05,4.48e-05,2.666667e-06,5.97e-05,5.97e-05
1.066667e-05,4.48e-05,2.666667e-06,6.4e-05,6.4e-05
1.066667e-05,4.48e-05,2.666667e-06,6.83e-05,6.83e-05
1.066667e-05,4.48e-05,2.666667e-06,7.25e-05,7.25e-05
1.066667e-05,4.48e-05,2.666667e-06,7.68e-05,7.68e-05
1.066667e-05,4.48e-05,2.666667e-06,8.11e-05,8.11e-05
1.066667e-05,4.48e-05,2.666667e-06,8.53e-05,8.53e-05
1.066667e-05,4.48e-05,2.666667e-06,8.96e-05,8.96e-05
1.066667e-05,4.48e-05,2.666667e-06,88.93808944,89.54378984
1.066667e-05,4.48e-05,2.666667e-06,90.09474771,90.68217207
1.066667e-05,4.48e-05,2.666667e-06,91.17079776,91.74296771
1.066667e-05,4.48e-05,2.666667e-06,92.19233223,92.75171289
1.066667e-05,4.48e-05,2.666667e-06,93.28352392,93.82771743
1.066667e-05,4.48e-05,2.666667e-06,94.33832764,94.87449922
1.066667e-05,4.48e-05,2.666667e-06,95.28046536,95.81099907
1.066667e-05,4.48e-05,2.666667e-06,96.13464847,96.66410693
1.066667e-05,4.48e-05,2.666667e-06,96.82772186,97.32945244
1.066667e-05,4.48e-05,2.666667e-06,96.9617255,97.44198557
1.066667e-05,4.48e-05,2.666667e-06,96.8951697,97.34606452
1.066667e-05,4.48e-05,2.666667e-06,96.63185978,97.05968457
1.066667e-05,4.48e-05,2.666667e-06,96.19078263,96.52222241
1.066667e-05,4.48e-05,2.933333e-06,3.84e-05,3.84e-05
1.066667e-05,4.48e-05,2.933333e-06,4.27e-05,4.27e-05
1.066667e-05,4.48e-05,2.933333e-06,4.69e-05,4.69e-05
1.066667e-05,4.48e-05,2.933333e-06,5.12e-05,5.12e-05
1.066667e-05,4.48e-05,2.933333e-06,5.55e-05,5.55e-05
1.066667e-05,4.48e-05,2.933333e-06,5.97e-05,5.97e-05
1.066667e-05,4.48e-05,2.933333e-06,6.4e-05,6.4e-05
1.066667e-05,4.48e-05,2.933333e-06,6.83e-05,6.83e-05
1.066667e-05,4.48e-05,2.933333e-06,7.25e-05,7.25e-05
1.066667e-05,4.48e-05,2.933333e-06,7.68e-05,7.68e-05
1.066667e-05,4.48e-05,2.933333e-06,8.11e-05,8.11e-05
1.066667e-05,4.48e-05,2.933333e-06,8.53e-05,8.53e-05
1.066667e-05,4.48e-05,2.933333e-06,8.96e-05,8.96e-05
1.066667e-05,4.48e-05,2.933333e-06,90.59544965,91.05655661
1.066667e-05,4.48e-05,2.933333e-06,91.70366794,92.15213622
1.066667e-05,4.48e-05,2.933333e-06,92.73835241,93.17548891
1.066667e-05,4.48e-05,2.933333e-06,93.72521716,94.1528723
1.066667e-05,4.48e-05,2.933333e-06,94.77500753,95.19121995
1.066667e-05,4.48e-05,2.933333e-06,95.8092755,96.22057257
1.066667e-05,4.48e-05,2.933333e-06,96.73737326,97.14555546
1.066667e-05,4.48e-05,2.933333e-06,97.5792139,97.9856883
1.066667e-05,4.48e-05,2.933333e-06,98.20915218,98.59877583
1.066667e-05,4.48e-05,2.933333e-06,98.27958119,98.65166675
1.066667e-05,4.48e-05,2.933333e-06,98.15104667,98.51291997
1.066667e-05,4.48e-05,2.933333e-06,97.81488812,98.15090422
1.066667e-05,4.48e-05,2.933333e-06,97.00054059,97.19436278
1.066667e-05,4.48e-05,3.2e-06,3.84e-05,3.84e-05
1.066667e-05,4.48e-05,3.2e-06,4.27e-05,4.27e-05
1.066667e-05,4.48e-05,3.2e-06,4.69e-05,4.69e-05
1.066667e-05,4.48e-05,3.2e-06,5.12e-05,5.12e-05
1.066667e-05,4.48e-05,3.2e-06,5.55e-05,5.55e-05
1.066667e-05,4.48e-05,3.2e-06,5.97e-05,5.97e-05
1.066667e-05,4.48e-05,3.2e-06,6.4e-05,6.4e-05
1.066667e-05,4.48e-05,3.2e-06,6.83e-05,6.83e-05
1.066667e-05,4.48e-05,3.2e-06,7.25e-05,7.25e-05
1.066667e-05,4.48e-05,3.2e-06,7.68e-05,7.68e-05
1.066667e-05,4.48e-05,3.2e-06,8.11e-05,8.11e-05
1.066667e-05,4.48e-05,3.2e-06,8.53e-05,8.53e-05
1.066667e-05,4.48e-05,3.2e-06,8.96e-05,8.96e-05
1.066667e-05,4.48e-05,3.2e-06,92.58681582,91.87669454
1.066667e-05,4.48e-05,3.2e-06,93.63795918,92.95090027
1.066667e-05,4.48e-05,3.2e-06,94.62988344,93.95418533
1.066667e-05,4.48e-05,3.2e-06,95.57606238,94.91482068
1.066667e-05,4.48e-05,3.2e-06,96.57646805,95.93284942
1.066667e-05,4.48e-05,3.2e-06,97.59200362,96.95432258
1.066667e-05,4.48e-05,3.2e-06,98.50919979,97.87464043
1.066667e-05,4.48e-05,3.2e-06,99.34630675,98.71263933
1.066667e-05,4.48e-05,3.2e-06,99.89855693,99.2993668
1.066667e-05,4.48e-05,3.2e-06,99.90507395,99.31965415
1.066667e-05,4.48e-05,3.2e-06,99.70489386,99.13849884
1.066667e-05,4.48e-05,3.2e-06,99.28845479,98.76045302
1.066667e-05,4.48e-05,3.2e-06,97.82910857,97.53677514
1.066667e-05,4.48e-05,3.466667e-06,3.84e-05,3.84e-05
1.066667e-05,4.48e-05,3.466667e-06,4.27e-05,4.27e-05
1.066667e-05,4.48e-05,3.466667e-06,4.69e-05,4.69e-05
1.066667e-05,4.48e-05,3.466667e-06,5.12e-05,5.12e-05
1.066667e-05,4.48e-05,3.466667e-06,5.55e-05,5.55e-05
1.066667e-05,4.48e-05,3.466667e-06,5.97e-05,5.97e-05
1.066667e-05,4.48e-05,3.466667e-06,6.4e-05,6.4e-05
1.066667e-05,4.48e-05,3.466667e-06,6.83e-05,6.83e-05
1.066667e-05,4.48e-05,3.466667e-06,7.25e-05,7.25e-05
1.066667e-05,4.48e-05,3.466667e-06,7.68e-05,7.68e-05
1.066667e-05,4.48e-05,3.466667e-06,8.11e-05,8.11e-05
1.066667e-05,4.48e-05,3.466667e-06,8.53e-05,8.53e-05
1.066667e-05,4.48e-05,3.466667e-06,8.96e-05,8.96e-05
1.066667e-05,4.48e-05,3.466667e-06,89.50818896,91.22411597
1.066667e-05,4.48e-05,3.466667e-06,86.84925219,88.51538423
1.066667e-05,4.48e-05,3.466667e-06,85.20589465,86.59308283
1.066667e-05,4.48e-05,3.466667e-06,84.28670753,85.65363474
1.066667e-05,4.48e-05,3.466667e-06,83.44078397,84.7828526
1.066667e-05,4.48e-05,3.466667e-06,82.65566075,83.97253655
1.066667e-05,4.48e-05,3.466667e-06,81.91994062,83.21130682
1.066667e-05,4.48e-05,3.466667e-06,81.40472931,82.544863
1.066667e-05,4.48e-05,3.466667e-06,81.3573331,82.47692977
1.066667e-05,4.48e-05,3.466667e-06,81.29697204,82.40782086
1.066667e-05,4.48e-05,3.466667e-06,81.22856684,82.32669898
1.066667e-05,4.48e-05,3.466667e-06,81.15987508,82.24484462
1.066667e-05,4.48e-05,3.466667e-06,81.08830255,82.15985075
1.066667e-05,4.48e-05,3.733333e-06,3.84e-05,3.84e-05
1.066667e-05,4.48e-05,3.733333e-06,4.27e-05,4.27e-05
1.066667e-05,4.48e-05,3.733333e-06,4.69e-05,4.69e-05
1.066667e-05,4.48e-05,3.733333e-06,5.12e-05,5.12e-05
1.066667e-05,4.48e-05,3.733333e-06,5.55e-05,5.55e-05
1.066667e-05,4.48e-05,3.733333e-06,5.97e-05,5.97e-05
1.066667e-05,4.48e-05,3.733333e-06,6.4e-05,6.4e-05
1.066667e-05,4.48e-05,3.733333e-06,6.83e-05,6.83e-05
1.066667e-05,4.48e-05,3.733333e-06,7.25e-05,7.25e-05
1.066667e-05,4.48e-05,3.733333e-06,7.68e-05,7.68e-05
1.066667e-05,4.48e-05,3.733333e-06,8.11e-05,8.11e-05
1.066667e-05,4.48e-05,3.733333e-06,8.53e-05,8.53e-05
1.066667e-05,4.48e-05,3.733333e-06,8.96e-05,8.96e-05
1.066667e-05,4.48e-05,3.733333e-06,94.08541712,95.29810212
1.066667e-05,4.48e-05,3.733333e-06,91.30455262,92.49077758
1.066667e-05,4.48e-05,3.733333e-06,88.88820529,89.93856786
1.066667e-05,4.48e-05,3.733333e-06,87.9122991,88.86644822
1.066667e-05,4.48e-05,3.733333e-06,87.01220783,87.94879653
1.066667e-05,4.48e-05,3.733333e-06,86.16239028,87.08857318
1.066667e-05,4.48e-05,3.733333e-06,85.3611659,86.27125294
1.066667e-05,4.48e-05,3.733333e-06,84.60139193,85.49515081
1.066667e-05,4.48e-05,3.733333e-06,84.3381058,85.12089062
1.066667e-05,4.48e-05,3.733333e-06,84.24738652,85.02461462
1.066667e-05,4.48e-05,3.733333e-06,84.15120956,84.9135464
1.066667e-05,4.48e-05,3.733333e-06,84.04281565,84.7992745
1.066667e-05,4.48e-05,3.733333e-06,83.93598607,84.68470285
1.066667e-05,4.48e-05,4.8e-06,3.84e-05,3.84e-05
1.066667e-05,4.48e-05,4.8e-06,4.27e-05,4.27e-05
1.066667e-05,4.48e-05,4.8e-06,4.69e-05,4.69e-05
1.066667e-05,4.48e-05,4.8e-06,5.12e-05,5.12e-05
1.066667e-05,4.48e-05,4.8e-06,5.55e-05,5.55e-05
1.066667e-05,4.48e-05,4.8e-06,5.97e-05,5.97e-05
1.066667e-05,4.48e-05,4.8e-06,6.4e-05,6.4e-05
1.066667e-05,4.48e-05,4.8e-06,6.83e-05,6.83e-05
1.066667e-05,4.48e-05,4.8e-06,7.25e-05,7.25e-05
1.066667e-05,4.48e-05,4.8e-06,7.68e-05,7.68e-05
1.066667e-05,4.48e-05,4.8e-06,8.11e-05,8.11e-05
1.066667e-05,4.48e-05,4.8e-06,8.53e-05,8.53e-05
1.066667e-05,4.48e-05,4.8e-06,8.96e-05,8.96e-05
1.066667e-05,4.48e-05,4.8e-06,99.95641828,98.32044515
1.066667e-05,4.48e-05,4.8e-06,97.06917882,95.45753537
1.066667e-05,4.48e-05,4.8e-06,94.41262503,92.83434999
1.066667e-05,4.48e-05,4.8e-06,92.50648997,91.23257119
1.066667e-05,4.48e-05,4.8e-06,91.54325402,90.28407068
1.066667e-05,4.48e-05,4.8e-06,90.63046355,89.38792703
1.066667e-05,4.48e-05,4.8e-06,89.76365493,88.5375519
1.066667e-05,4.48e-05,4.8e-06,88.92836037,87.72257003
1.066667e-05,4.48e-05,4.8e-06,88.12889371,87.05669048
1.066667e-05,4.48e-05,4.8e-06,87.96208995,86.93334662
1.066667e-05,4.48e-05,4.8e-06,87.82993736,86.80814849
1.066667e-05,4.48e-05,4.8e-06,87.68552865,86.67440911
1.066667e-05,4.48e-05,4.8e-06,87.53880707,86.54324071
1.066667e-05,4.48e-05,4.266667e-06,3.84e-05,3.84e-05
1.066667e-05,4.48e-05,4.266667e-06,4.27e-05,4.27e-05
1.066667e-05,4.48e-05,4.266667e-06,4.69e-05,4.69e-05
1.066667e-05,4.48e-05,4.266667e-06,5.12e-05,5.12e-05
1.066667e-05,4.48e-05,4.266667e-06,5.55e-05,5.55e-05
1.066667e-05,4.48e-05,4.266667e-06,5.97e-05,5.97e-05
1.066667e-05,4.48e-05,4.266667e-06,6.4e-05,6.4e-05
1.066667e-05,4.48e-05,4.266667e-06,6.83e-05,6.83e-05
1.066667e-05,4.48e-05,4.266667e-06,7.25e-05,7.25e-05
1.066667e-05,4.48e-05,4.266667e-06,7.68e-05,7.68e-05
1.066667e-05,4.48e-05,4.266667e-06,8.11e-05,8.11e-05
1.066667e-05,4.48e-05,4.266667e-06,8.53e-05,8.53e-05
1.066667e-05,4.48e-05,4.266667e-06,8.96e-05,8.96e-05
1.066667e-05,4.48e-05,4.266667e-06,97.40006396,102.0089512
1.066667e-05,4.48e-05,4.266667e-06,94.55255575,99.10077592
1.066667e-05,4.48e-05,4.266667e-06,91.94968253,96.40692292
1.066667e-05,4.48e-05,4.266667e-06,90.51377321,94.10154999
1.066667e-05,4.48e-05,4.266667e-06,89.57415601,93.12157967
1.066667e-05,4.48e-05,4.266667e-06,88.69200381,92.18949963
1.066667e-05,4.48e-05,4.266667e-06,87.84762478,91.29797848
1.066667e-05,4.48e-05,4.266667e-06,87.04424145,90.44474461
1.066667e-05,4.48e-05,4.266667e-06,86.46943865,89.62015473
1.066667e-05,4.48e-05,4.266667e-06,86.35207816,89.24753336
1.066667e-05,4.48e-05,4.266667e-06,86.23286524,89.09737981
1.066667e-05,4.48e-05,4.266667e-06,86.10504379,88.94533464
1.066667e-05,4.48e-05,4.266667e-06,85.97674765,88.78679973
1.066667e-05,4.48e-05,4.533333e-06,3.84e-05,3.84e-05
1.066667e-05,4.48e-05,4.533333e-06,4.27e-05,4.27e-05
1.066667e-05,4.48e-05,4.533333e-06,4.69e-05,4.69e-05
1.066667e-05,4.48e-05,4.533333e-06,5.12e-05,5.12e-05
1.066667e-05,4.48e-05,4.533333e-06,5.55e-05,5.55e-05
1.066667e-05,4.48e-05,4.533333e-06,5.97e-05,5.97e-05
1.066667e-05,4.48e-05,4.533333e-06,6.4e-05,6.4e-05
1.066667e-05,4.48e-05,4.533333e-06,6.83e-05,6.83e-05
1.066667e-05,4.48e-05,4.533333e-06,7.25e-05,7.25e-05
1.066667e-05,4.48e-05,4.533333e-06,7.68e-05,7.68e-05
1.066667e-05,4.48e-05,4.533333e-06,8.11e-05,8.11e-05
1.066667e-05,4.48e-05,4.533333e-06,8.53e-05,8.53e-05
1.066667e-05,4.48e-05,4.533333e-06,8.96e-05,8.96e-05
1.066667e-05,4.48e-05,4.533333e-06,101.3698723,99.88300492
1.066667e-05,4.48e-05,4.533333e-06,98.46722957,96.81624939
1.066667e-05,4.48e-05,4.533333e-06,95.78447677,93.12206326
1.066667e-05,4.48e-05,4.533333e-06,93.60540335,90.09370819
1.066667e-05,4.48e-05,4.533333e-06,92.63044418,87.24032182
1.066667e-05,4.48e-05,4.533333e-06,91.70418548,84.21942924
1.066667e-05,4.48e-05,4.533333e-06,90.81911771,80.3197585
1.066667e-05,4.48e-05,4.533333e-06,89.97225771,76.07388814
1.066667e-05,4.48e-05,4.533333e-06,89.15546009,72.09669103
1.066667e-05,4.48e-05,4.533333e-06,88.84801047,68.64173393
1.066667e-05,4.48e-05,4.533333e-06,88.7016247,65.70845779
1.066667e-05,4.48e-05,4.533333e-06,88.55343066,63.21712307
1.066667e-05,4.48e-05,4.533333e-06,88.39865243,61.08331762
1.066667e-05,4.48e-05,4e-06,3.84e-05,3.84e-05
1.066667e-05,4.48e-05,4e-06,4.27e-05,4.27e-05
1.066667e-05,4.48e-05,4e-06,4.69e-05,4.69e-05
1.066667e-05,4.48e-05,4e-06,5.12e-05,5.12e-05
1.066667e-05,4.48e-05,4e-06,5.55e-05,5.55e-05
1.066667e-05,4.48e-05,4e-06,5.97e-05,5.97e-05
1.066667e-05,4.48e-05,4e-06,6.4e-05,6.4e-05
1.066667e-05,4.48e-05,4e-06,6.83e-05,6.83e-05
1.066667e-05,4.48e-05,4e-06,7.25e-05,7.25e-05
1.066667e-05,4.48e-05,4e-06,7.68e-05,7.68e-05
1.066667e-05,4.48e-05,4e-06,8.11e-05,8.11e-05
1.066667e-05,4.48e-05,4e-06,8.53e-05,8.53e-05
1.066667e-05,4.48e-05,4e-06,8.96e-05,8.96e-05
1.066667e-05,4.48e-05,4e-06,100.3726733,100.56151
1.066667e-05,4.48e-05,4e-06,96.48928667,96.30788427
1.066667e-05,4.48e-05,4e-06,92.34385259,91.9682603
1.066667e-05,4.48e-05,4e-06,89.03788159,88.65689733
1.066667e-05,4.48e-05,4e-06,86.50399929,86.14972237
1.066667e-05,4.48e-05,4e-06,83.41142573,83.0176877
1.066667e-05,4.48e-05,4e-06,79.53984205,79.16269588
1.066667e-05,4.48e-05,4e-06,75.39558783,75.06107984
1.066667e-05,4.48e-05,4e-06,71.51934938,71.22819038
1.066667e-05,4.48e-05,4e-06,68.13920664,67.88070389
1.066667e-05,4.48e-05,4e-06,65.25486919,65.01805815
1.066667e-05,4.48e-05,4e-06,62.79297167,62.56944804
1.066667e-05,4.48e-05,4e-06,60.67505442,60.45890971
1.066667e-05,4.48e-05,5.6e-06,3.84e-05,3.84e-05
1.066667e-05,4.48e-05,5.6e-06,4.27e-05,4.27e-05
1.066667e-05,4.48e-05,5.6e-06,4.69e-05,4.69e-05
1.066667e-05,4.48e-05,5.6e-06,5.12e-05,5.12e-05
1.066667e-05,4.48e-05,5.6e-06,5.55e-05,5.55e-05
1.066667e-05,4.48e-05,5.6e-06,5.97e-05,5.97e-05
1.066667e-05,4.48e-05,5.6e-06,6.4e-05,6.4e-05
1.066667e-05,4.48e-05,5.6e-06,6.83e-05,6.83e-05
1.066667e-05,4.48e-05,5.6e-06,7.25e-05,7.25e-05
1.066667e-05,4.48e-05,5.6e-06,7.68e-05,7.68e-05
1.066667e-05,4.48e-05,5.6e-06,8.11e-05,8.11e-05
1.066667e-05,4.48e-05,5.6e-06,8.53e-05,8.53e-05
1.066667e-05,4.48e-05,5.6e-06,8.96e-05,8.96e-05
1.066667e-05,4.48e-05,5.6e-06,100.8637375,101.2271256
1.066667e-05,4.48e-05,5.6e-06,95.93228921,95.18502237
1.066667e-05,4.48e-05,5.6e-06,91.26155332,90.02730981
1.066667e-05,4.48e-05,5.6e-06,88.11760072,87.12387686
1.066667e-05,4.48e-05,5.6e-06,85.47407655,84.2523743
1.066667e-05,4.48e-05,5.6e-06,82.27112142,80.93140095
1.066667e-05,4.48e-05,5.6e-06,78.44070367,77.12833297
1.066667e-05,4.48e-05,5.6e-06,74.41199156,73.21015846
1.066667e-05,4.48e-05,5.6e-06,70.65478594,69.57213714
1.066667e-05,4.48e-05,5.6e-06,67.36516826,66.37611896
1.066667e-05,4.48e-05,5.6e-06,64.54149887,63.81377142
1.066667e-05,4.48e-05,5.6e-06,62.11715872,61.76789982
1.066667e-05,4.48e-05,5.6e-06,60.02044137,59.97291476
1.066667e-05,4.48e-05,5.066667e-06,3.84e-05,3.84e-05
1.066667e-05,4.48e-05,5.066667e-06,4.27e-05,4.27e-05
1.066667e-05,4.48e-05,5.066667e-06,4.69e-05,4.69e-05
1.066667e-05,4.48e-05,5.066667e-06,5.12e-05,5.12e-05
1.066667e-05,4.48e-05,5.066667e-06,5.55e-05,5.55e-05
1.066667e-05,4.48e-05,5.066667e-06,5.97e-05,5.97e-05
1.066667e-05,4.48e-05,5.066667e-06,6.4e-05,6.4e-05
1.066667e-05,4.48e-05,5.066667e-06,6.83e-05,6.83e-05
1.066667e-05,4.48e-05,5.066667e-06,7.25e-05,7.25e-05
1.066667e-05,4.48e-05,5.066667e-06,7.68e-05,7.68e-05
1.066667e-05,4.48e-05,5.066667e-06,8.11e-05,8.11e-05
1.066667e-05,4.48e-05,5.066667e-06,8.53e-05,8.53e-05
1.066667e-05,4.48e-05,5.066667e-06,8.96e-05,8.96e-05
1.066667e-05,4.48e-05,5.066667e-06,101.1897241,100.9863024
1.066667e-05,4.48e-05,5.066667e-06,95.36864686,95.74304769
1.066667e-05,4.48e-05,5.066667e-06,90.30486968,90.92955339
1.066667e-05,4.48e-05,5.066667e-06,87.36314297,87.85798796
1.066667e-05,4.48e-05,5.066667e-06,84.54248627,85.15290421
1.066667e-05,4.48e-05,5.066667e-06,81.24858216,81.91782215
1.066667e-05,4.48e-05,5.066667e-06,77.44061363,78.09644031
1.066667e-05,4.48e-05,5.066667e-06,73.49826516,74.09915025
1.066667e-05,4.48e-05,5.066667e-06,69.83366815,70.375239
1.066667e-05,4.48e-05,5.066667e-06,66.61649548,67.11144877
1.066667e-05,4.48e-05,5.066667e-06,63.84267637,64.30541078
1.066667e-05,4.48e-05,5.066667e-06,61.77742704,61.89222415
1.066667e-05,4.48e-05,5.066667e-06,59.9783963,59.9623679
1.066667e-05,4.48e-05,5.333333e-06,3.84e-05,3.84e-05
1.066667e-05,4.48e-05,5.333333e-06,4.27e-05,4.27e-05
1.066667e-05,4.48e-05,5.333333e-06,4.69e-05,4.69e-05
1.066667e-05,4.48e-05,5.333333e-06,5.12e-05,5.12e-05
1.066667e-05,4.48e-05,5.333333e-06,5.55e-05,5.55e-05
1.066667e-05,4.48e-05,5.333333e-06,5.97e-05,5.97e-05
1.066667e-05,4.48e-05,5.333333e-06,6.4e-05,6.4e-05
1.066667e-05,4.48e-05,5.333333e-06,6.83e-05,6.83e-05
1.066667e-05,4.48e-05,5.333333e-06,7.25e-05,7.25e-05
1.066667e-05,4.48e-05,5.333333e-06,7.68e-05,7.68e-05
1.066667e-05,4.48e-05,5.333333e-06,8.11e-05,8.11e-05
1.066667e-05,4.48e-05,5.333333e-06,8.53e-05,8.53e-05
1.066667e-05,4.48e-05,5.333333e-06,8.96e-05,8.96e-05
1.066667e-05,4.48e-05,5.333333e-06,101.2232201,101.2126204
1.066667e-05,4.48e-05,5.333333e-06,95.00439506,94.82702432
1.066667e-05,4.48e-05,5.333333e-06,89.85619249,89.68839066
1.066667e-05,4.48e-05,5.333333e-06,86.89148584,86.66570876
1.066667e-05,4.48e-05,5.333333e-06,83.97169312,83.699963
1.066667e-05,4.48e-05,5.333333e-06,80.62500948,80.32880342
1.066667e-05,4.48e-05,5.333333e-06,76.82590474,76.53287907
1.066667e-05,4.48e-05,5.333333e-06,72.93005635,72.65772146
1.066667e-05,4.48e-05,5.333333e-06,69.31685801,69.06777889
1.066667e-05,4.48e-05,5.333333e-06,66.14075705,66.08670698
1.066667e-05,4.48e-05,5.333333e-06,63.79229962,63.7657101
1.066667e-05,4.48e-05,5.333333e-06,61.75171565,61.72994072
1.066667e-05,4.48e-05,5.333333e-06,59.96037226,59.94188276
4.8e-06,0.000132012,2.4e-06,3.84e-05,3.84e-05
4.8e-06,0.000132012,2.4e-06,4.27e-05,4.27e-05
4.8e-06,0.000132012,2.4e-06,4.69e-05,4.69e-05
4.8e-06,0.000132012,2.4e-06,5.12e-05,5.12e-05
4.8e-06,0.000132012,2.4e-06,5.55e-05,5.55e-05
4.8e-06,0.000132012,2.4e-06,5.97e-05,5.97e-05
4.8e-06,0.000132012,2.4e-06,6.4e-05,6.4e-05
4.8e-06,0.000132012,2.4e-06,6.83e-05,6.83e-05
4.8e-06,0.000132012,2.4e-06,7.25e-05,7.25e-05
4.8e-06,0.000132012,2.4e-06,7.68e-05,7.68e-05
4.8e-06,0.000132012,2.4e-06,8.11e-05,8.11e-05
4.8e-06,0.000132012,2.4e-06,8.53e-05,8.53e-05
4.8e-06,0.000132012,2.4e-06,8.96e-05,8.96e-05
4.8e-06,0.000132012,2.4e-06,86.43566412,87.29540151
4.8e-06,0.000132012,2.4e-06,87.67844583,88.51094181
4.8e-06,0.000132012,2.4e-06,88.82847964,89.63832857
4.8e-06,0.000132012,2.4e-06,89.91465146,90.70560152
4.8e-06,0.000132012,2.4e-06,91.13220437,91.90033501
4.8e-06,0.000132012,2.4e-06,92.22616243,92.98043161
4.8e-06,0.000132012,2.4e-06,93.2025958,93.94196534
4.8e-06,0.000132012,2.4e-06,94.07169566,94.80840969
4.8e-06,0.000132012,2.4e-06,94.732236,95.42143418
4.8e-06,0.000132012,2.4e-06,94.92190859,95.58792514
4.8e-06,0.000132012,2.4e-06,94.90983402,95.5287002
4.8e-06,0.000132012,2.4e-06,94.72260401,95.29747764
4.8e-06,0.000132012,2.4e-06,94.33757971,94.86669114
4.8e-06,0.000132012,2.666667e-06,3.84e-05,3.84e-05
4.8e-06,0.000132012,2.666667e-06,4.27e-05,4.27e-05
4.8e-06,0.000132012,2.666667e-06,4.69e-05,4.69e-05
4.8e-06,0.000132012,2.666667e-06,5.12e-05,5.12e-05
4.8e-06,0.000132012,2.666667e-06,5.55e-05,5.55e-05
4.8e-06,0.000132012,2.666667e-06,5.97e-05,5.97e-05
4.8e-06,0.000132012,2.666667e-06,6.4e-05,6.4e-05
4.8e-06,0.000132012,2.666667e-06,6.83e-05,6.83e-05
4.8e-06,0.000132012,2.666667e-06,7.25e-05,7.25e-05
4.8e-06,0.000132012,2.666667e-06,7.68e-05,7.68e-05
4.8e-06,0.000132012,2.666667e-06,8.11e-05,8.11e-05
4.8e-06,0.000132012,2.666667e-06,8.53e-05,8.53e-05
4.8e-06,0.000132012,2.666667e-06,8.96e-05,8.96e-05
4.8e-06,0.000132012,2.666667e-06,88.7374139,89.35124511
4.8e-06,0.000132012,2.666667e-06,89.90852045,90.5038579
4.8e-06,0.000132012,2.666667e-06,90.99890766,91.57883606
4.8e-06,0.000132012,2.666667e-06,92.03524599,92.60227976
4.8e-06,0.000132012,2.666667e-06,93.19244262,93.74379974
4.8e-06,0.000132012,2.666667e-06,94.25189006,94.79546219
4.8e-06,0.000132012,2.666667e-06,95.1984723,95.73664411
4.8e-06,0.000132012,2.666667e-06,96.05712678,96.59450618
4.8e-06,0.000132012,2.666667e-06,96.59423246,97.09842839
4.8e-06,0.000132012,2.666667e-06,96.69256056,97.17489976
4.8e-06,0.000132012,2.666667e-06,96.58818865,97.04053687
4.8e-06,0.000132012,2.666667e-06,96.28438016,96.71313226
4.8e-06,0.000132012,2.666667e-06,95.48270758,95.73729389
4.8e-06,0.000132012,2.933333e-06,3.84e-05,3.84e-05
4.8e-06,0.000132012,2.933333e-06,4.27e-05,4.27e-05
4.8e-06,0.000132012,2.933333e-06,4.69e-05,4.69e-05
4.8e-06,0.000132012,2.933333e-06,5.12e-05,5.12e-05
4.8e-06,0.000132012,2.933333e-06,5.55e-05,5.55e-05
4.8e-06,0.000132012,2.933333e-06,5.97e-05,5.97e-05
4.8e-06,0.000132012,2.933333e-06,6.4e-05,6.4e-05
4.8e-06,0.000132012,2.933333e-06,6.83e-05,6.83e-05
4.8e-06,0.000132012,2.933333e-06,7.25e-05,7.25e-05
4.8e-06,0.000132012,2.933333e-06,7.68e-05,7.68e-05
4.8e-06,0.000132012,2.933333e-06,8.11e-05,8.11e-05
4.8e-06,0.000132012,2.933333e-06,8.53e-05,8.53e-05
4.8e-06,0.000132012,2.933333e-06,8.96e-05,8.96e-05
4.8e-06,0.000132012,2.933333e-06,90.41728433,90.8847842
4.8e-06,0.000132012,2.933333e-06,91.53935379,91.99406355
4.8e-06,0.000132012,2.933333e-06,92.58794651,93.03120128
4.8e-06,0.000132012,2.933333e-06,93.58931983,94.02300679
4.8e-06,0.000132012,2.933333e-06,94.70401722,95.12609383
4.8e-06,0.000132012,2.933333e-06,95.74359491,96.16095176
4.8e-06,0.000132012,2.933333e-06,96.67680471,97.09124292
4.8e-06,0.000132012,2.933333e-06,97.52372672,97.93665216
4.8e-06,0.000132012,2.933333e-06,97.98312619,98.37524438
4.8e-06,0.000132012,2.933333e-06,98.01679353,98.39104135
4.8e-06,0.000132012,2.933333e-06,97.84932296,98.21190099
4.8e-06,0.000132012,2.933333e-06,97.47054587,97.80777209
4.8e-06,0.000132012,2.933333e-06,96.18283177,96.36171109
4.8e-06,0.000132012,3.2e-06,3.84e-05,3.84e-05
4.8e-06,0.000132012,3.2e-06,4.27e-05,4.27e-05
4.8e-06,0.000132012,3.2e-06,4.69e-05,4.69e-05
4.8e-06,0.000132012,3.2e-06,5.12e-05,5.12e-05
4.8e-06,0.000132012,3.2e-06,5.55e-05,5.55e-05
4.8e-06,0.000132012,3.2e-06,5.97e-05,5.97e-05
4.8e-06,0.000132012,3.2e-06,6.4e-05,6.4e-05
4.8e-06,0.000132012,3.2e-06,6.83e-05,6.83e-05
4.8e-06,0.000132012,3.2e-06,7.25e-05,7.25e-05
4.8e-06,0.000132012,3.2e-06,7.68e-05,7.68e-05
4.8e-06,0.000132012,3.2e-06,8.11e-05,8.11e-05
4.8e-06,0.000132012,3.2e-06,8.53e-05,8.53e-05
4.8e-06,0.000132012,3.2e-06,8.96e-05,8.96e-05
4.8e-06,0.000132012,3.2e-06,92.43665729,91.71643175
4.8e-06,0.000132012,3.2e-06,93.50092101,92.80408626
4.8e-06,0.000132012,3.2e-06,94.50634042,93.82093092
4.8e-06,0.000132012,3.2e-06,95.46663605,94.79582878
4.8e-06,0.000132012,3.2e-06,96.53167284,95.87845212
4.8e-06,0.000132012,3.2e-06,97.55339834,96.90579051
4.8e-06,0.000132012,3.2e-06,98.47659187,97.83177836
4.8e-06,0.000132012,3.2e-06,99.31966531,98.67541411
4.8e-06,0.000132012,3.2e-06,99.68451682,99.08077265
4.8e-06,0.000132012,3.2e-06,99.65290673,99.06331114
4.8e-06,0.000132012,3.2e-06,99.41144034,98.8415499
4.8e-06,0.000132012,3.2e-06,98.95042894,98.42005602
4.8e-06,0.000132012,3.2e-06,96.94498604,96.67691219
4.8e-06,0.000132012,3.466667e-06,3.84e-05,3.84e-05
4.8e-06,0.000132012,3.466667e-06,4.27e-05,4.27e-05
4.8e-06,0.000132012,3.466667e-06,4.69e-05,4.69e-05
4.8e-06,0.000132012,3.466667e-06,5.12e-05,5.12e-05
4.8e-06,0.000132012,3.466667e-06,5.55e-05,5.55e-05
4.8e-06,0.000132012,3.466667e-06,5.97e-05,5.97e-05
4.8e-06,0.000132012,3.466667e-06,6.4e-05,6.4e-05
4.8e-06,0.000132012,3.466667e-06,6.83e-05,6.83e-05
4.8e-06,0.000132012,3.466667e-06,7.25e-05,7.25e-05
4.8e-06,0.000132012,3.466667e-06,7.68e-05,7.68e-05
4.8e-06,0.000132012,3.466667e-06,8.11e-05,8.11e-05
4.8e-06,0.000132012,3.466667e-06,8.53e-05,8.53e-05
4.8e-06,0.000132012,3.466667e-06,8.96e-05,8.96e-05
4.8e-06,0.000132012,3.466667e-06,88.62792582,90.36774914
4.8e-06,0.000132012,3.466667e-06,85.93349323,87.6181406
4.8e-06,0.000132012,3.466667e-06,84.59487838,86.0038021
4.8e-06,0.000132012,3.466667e-06,83.65951048,85.04619047
4.8e-06,0.000132012,3.466667e-06,82.7992227,84.15914215
4.8e-06,0.000132012,3.466667e-06,82.00122737,83.33421262
4.8e-06,0.000132012,3.466667e-06,81.2538522,82.5597213
4.8e-06,0.000132012,3.466667e-06,80.96791144,82.12346714
4.8e-06,0.000132012,3.466667e-06,80.91664889,82.05105559
4.8e-06,0.000132012,3.466667e-06,80.85250551,81.97756318
4.8e-06,0.000132012,3.466667e-06,80.78048945,81.89229543
4.8e-06,0.000132012,3.466667e-06,80.70826938,81.80639756
4.8e-06,0.000132012,3.466667e-06,80.63332958,81.71753358
4.8e-06,0.000132012,3.733333e-06,3.84e-05,3.84e-05
4.8e-06,0.000132012,3.733333e-06,4.27e-05,4.27e-05
4.8e-06,0.000132012,3.733333e-06,4.69e-05,4.69e-05
4.8e-06,0.000132012,3.733333e-06,5.12e-05,5.12e-05
4.8e-06,0.000132012,3.733333e-06,5.55e-05,5.55e-05
4.8e-06,0.000132012,3.733333e-06,5.97e-05,5.97e-05
4.8e-06,0.000132012,3.733333e-06,6.4e-05,6.4e-05
4.8e-06,0.000132012,3.733333e-06,6.83e-05,6.83e-05
4.8e-06,0.000132012,3.733333e-06,7.25e-05,7.25e-05
4.8e-06,0.000132012,3.733333e-06,7.68e-05,7.68e-05
4.8e-06,0.000132012,3.733333e-06,8.11e-05,8.11e-05
4.8e-06,0.000132012,3.733333e-06,8.53e-05,8.53e-05
4.8e-06,0.000132012,3.733333e-06,8.96e-05,8.96e-05
4.8e-06,0.000132012,3.733333e-06,93.27077971,94.50183334
4.8e-06,0.000132012,3.733333e-06,90.44030303,91.64130345
4.8e-06,0.000132012,3.733333e-06,88.33548763,89.31734317
4.8e-06,0.000132012,3.733333e-06,87.33810749,88.306571
4.8e-06,0.000132012,3.733333e-06,86.41891952,87.36850157
4.8e-06,0.000132012,3.733333e-06,85.55164534,86.48978208
4.8e-06,0.000132012,3.733333e-06,84.73451964,85.65545637
4.8e-06,0.000132012,3.733333e-06,84.0325994,84.86375527
4.8e-06,0.000132012,3.733333e-06,83.93720552,84.73067197
4.8e-06,0.000132012,3.733333e-06,83.84117978,84.62876973
4.8e-06,0.000132012,3.733333e-06,83.73999637,84.51218642
4.8e-06,0.000132012,3.733333e-06,83.62668879,84.39270555
4.8e-06,0.000132012,3.733333e-06,83.51514546,84.27309393
4.8e-06,0.000132012,4.8e-06,3.84e-05,3.84e-05
4.8e-06,0.000132012,4.8e-06,4.27e-05,4.27e-05
4.8e-06,0.000132012,4.8e-06,4.69e-05,4.69e-05
4.8e-06,0.000132012,4.8e-06,5.12e-05,5.12e-05
4.8e-06,0.000132012,4.8e-06,5.55e-05,5.55e-05
4.8e-06,0.000132012,4.8e-06,5.97e-05,5.97e-05
4.8e-06,0.000132012,4.8e-06,6.4e-05,6.4e-05
4.8e-06,0.000132012,4.8e-06,6.83e-05,6.83e-05
4.8e-06,0.000132012,4.8e-06,7.25e-05,7.25e-05
4.8e-06,0.000132012,4.8e-06,7.68e-05,7.68e-05
4.8e-06,0.000132012,4.8e-06,8.11e-05,8.11e-05
4.8e-06,0.000132012,4.8e-06,8.53e-05,8.53e-05
4.8e-06,0.000132012,4.8e-06,8.96e-05,8.96e-05
4.8e-06,0.000132012,4.8e-06,99.23417041,97.5716093
4.8e-06,0.000132012,4.8e-06,96.28066101,94.64687543
4.8e-06,0.000132012,4.8e-06,93.57013492,91.97401229
4.8e-06,0.000132012,4.8e-06,92.00242223,90.70877144
4.8e-06,0.000132012,4.8e-06,91.01434807,89.73693499
4.8e-06,0.000132012,4.8e-06,90.07876462,88.81945411
4.8e-06,0.000132012,4.8e-06,89.19100889,87.94949379
4.8e-06,0.000132012,4.8e-06,88.33616357,87.11634641
4.8e-06,0.000132012,4.8e-06,87.74695503,86.69330714
4.8e-06,0.000132012,4.8e-06,87.60626062,86.56337534
4.8e-06,0.000132012,4.8e-06,87.46730939,86.43178748
4.8e-06,0.000132012,4.8e-06,87.31628946,86.2919745
4.8e-06,0.000132012,4.8e-06,87.16327388,86.15501307
4.8e-06,0.000132012,4.266667e-06,3.84e-05,3.84e-05
4.8e-06,0.000132012,4.266667e-06,4.27e-05,4.27e-05
4.8e-06,0.000132012,4.266667e-06,4.69e-05,4.69e-05
4.8e-06,0.000132012,4.266667e-06,5.12e-05,5.12e-05
4.8e-06,0.000132012,4.266667e-06,5.55e-05,5.55e-05
4.8e-06,0.000132012,4.266667e-06,5.97e-05,5.97e-05
4.8e-06,0.000132012,4.266667e-06,6.4e-05,6.4e-05
4.8e-06,0.000132012,4.266667e-06,6.83e-05,6.83e-05
4.8e-06,0.000132012,4.266667e-06,7.25e-05,7.25e-05
4.8e-06,0.000132012,4.266667e-06,7.68e-05,7.68e-05
4.8e-06,0.000132012,4.266667e-06,8.11e-05,8.11e-05
4.8e-06,0.000132012,4.266667e-06,8.53e-05,8.53e-05
4.8e-06,0.000132012,4.266667e-06,8.96e-05,8.96e-05
4.8e-06,0.000132012,4.266667e-06,96.63654329,101.3208323
4.8e-06,0.000132012,4.266667e-06,93.72978165,98.34114695
4.8e-06,0.000132012,4.266667e-06,91.07967835,95.58803703
4.8e-06,0.000132012,4.266667e-06,89.97893073,93.622443
4.8e-06,0.000132012,4.266667e-06,89.01684664,92.61582165
4.8e-06,0.000132012,4.266667e-06,88.11430092,91.65917387
4.8e-06,0.000132012,4.266667e-06,87.25101672,90.74488388
4.8e-06,0.000132012,4.266667e-06,86.43024726,89.87054864
4.8e-06,0.000132012,4.266667e-06,86.09785394,89.06324366
4.8e-06,0.000132012,4.266667e-06,85.97418487,88.90957188
4.8e-06,0.000132012,4.266667e-06,85.84884994,88.75201296
4.8e-06,0.000132012,4.266667e-06,85.71521872,88.59278709
4.8e-06,0.000132012,4.266667e-06,85.58130268,88.4274074
4.8e-06,0.000132012,4.533333e-06,3.84e-05,3.84e-05
4.8e-06,0.000132012,4.533333e-06,4.27e-05,4.27e-05
4.8e-06,0.000132012,4.533333e-06,4.69e-05,4.69e-05
4.8e-06,0.000132012,4.533333e-06,5.12e-05,5.12e-05
4.8e-06,0.000132012,4.533333e-06,5.55e-05,5.55e-05
4.8e-06,0.000132012,4.533333e-06,5.97e-05,5.97e-05
4.8e-06,0.000132012,4.533333e-06,6.4e-05,6.4e-05
4.8e-06,0.000132012,4.533333e-06,6.83e-05,6.83e-05
4.8e-06,0.000132012,4.533333e-06,7.25e-05,7.25e-05
4.8e-06,0.000132012,4.533333e-06,7.68e-05,7.68e-05
4.8e-06,0.000132012,4.533333e-06,8.11e-05,8.11e-05
4.8e-06,0.000132012,4.533333e-06,8.53e-05,8.53e-05
4.8e-06,0.000132012,4.533333e-06,8.96e-05,8.96e-05
4.8e-06,0.000132012,4.533333e-06,100.6710491,99.33303849
4.8e-06,0.000132012,4.533333e-06,97.69848001,95.96138117
4.8e-06,0.000132012,4.533333e-06,94.95810227,92.12481386
4.8e-06,0.000132012,4.533333e-06,93.11850509,88.96856822
4.8e-06,0.000132012,4.533333e-06,92.11745075,86.25381134
4.8e-06,0.000132012,4.533333e-06,91.16717062,83.15128862
4.8e-06,0.000132012,4.533333e-06,90.25986836,79.21708639
4.8e-06,0.000132012,4.533333e-06,89.39241211,74.98658494
4.8e-06,0.000132012,4.533333e-06,88.65415701,71.04783053
4.8e-06,0.000132012,4.533333e-06,88.50447395,67.63265087
4.8e-06,0.000132012,4.533333e-06,88.35086349,64.73277988
4.8e-06,0.000132012,4.533333e-06,88.19566463,62.26771149
4.8e-06,0.000132012,4.533333e-06,88.03421731,60.15432657
4.8e-06,0.000132012,4e-06,3.84e-05,3.84e-05
4.8e-06,0.000132012,4e-06,4.27e-05,4.27e-05
4.8e-06,0.000132012,4e-06,4.69e-05,4.69e-05
4.8e-06,0.000132012,4e-06,5.12e-05,5.12e-05
4.8e-06,0.000132012,4e-06,5.55e-05,5.55e-05
4.8e-06,0.000132012,4e-06,5.97e-05,5.97e-05
4.8e-06,0.000132012,4e-06,6.4e-05,6.4e-05
4.8e-06,0.000132012,4e-06,6.83e-05,6.83e-05
4.8e-06,0.000132012,4e-06,7.25e-05,7.25e-05
4.8e-06,0.000132012,4e-06,7.68e-05,7.68e-05
4.8e-06,0.000132012,4e-06,8.11e-05,8.11e-05
4.8e-06,0.000132012,4e-06,8.53e-05,8.53e-05
4.8e-06,0.000132012,4e-06,8.96e-05,8.96e-05
4.8e-06,0.000132012,4e-06,99.78428897,99.95649501
4.8e-06,0.000132012,4e-06,95.55962741,95.34542638
4.8e-06,0.000132012,4e-06,91.26741242,90.8584175
4.8e-06,0.000132012,4e-06,87.98240256,87.67365569
4.8e-06,0.000132012,4e-06,85.44299255,85.05579312
4.8e-06,0.000132012,4e-06,82.2651766,81.83833004
4.8e-06,0.000132012,4e-06,78.36254988,77.95254733
4.8e-06,0.000132012,4e-06,74.23553563,73.86897616
4.8e-06,0.000132012,4e-06,70.39929865,70.0767547
4.8e-06,0.000132012,4e-06,67.06029837,66.77100319
4.8e-06,0.000132012,4e-06,64.21054186,63.94346029
4.8e-06,0.000132012,4e-06,61.77588115,61.52252783
4.8e-06,0.000132012,4e-06,59.67915809,59.43354344
4.8e-06,0.000132012,5.6e-06,3.84e-05,3.84e-05
4.8e-06,0.000132012,5.6e-06,4.27e-05,4.27e-05
4.8e-06,0.000132012,5.6e-06,4.69e-05,4.69e-05
4.8e-06,0.000132012,5.6e-06,5.12e-05,5.12e-05
4.8e-06,0.000132012,5.6e-06,5.55e-05,5.55e-05
4.8e-06,0.000132012,5.6e-06,5.97e-05,5.97e-05
4.8e-06,0.000132012,5.6e-06,6.4e-05,6.4e-05
4.8e-06,0.000132012,5.6e-06,6.83e-05,6.83e-05
4.8e-06,0.000132012,5.6e-06,7.25e-05,7.25e-05
4.8e-06,0.000132012,5.6e-06,7.68e-05,7.68e-05
4.8e-06,0.000132012,5.6e-06,8.11e-05,8.11e-05
4.8e-06,0.000132012,5.6e-06,8.53e-05,8.53e-05
4.8e-06,0.000132012,5.6e-06,8.96e-05,8.96e-05
4.8e-06,0.000132012,5.6e-06,100.2293013,100.3142364
4.8e-06,0.000132012,5.6e-06,94.91136616,94.06835946
4.8e-06,0.000132012,5.6e-06,90.09281146,89.02196252
4.8e-06,0.000132012,5.6e-06,87.07935337,85.99368924
4.8e-06,0.000132012,5.6e-06,84.32112377,83.00198151
4.8e-06,0.000132012,5.6e-06,81.03249474,79.5952948
4.8e-06,0.000132012,5.6e-06,77.17190835,75.76369079
4.8e-06,0.000132012,5.6e-06,73.16266851,71.8673652
4.8e-06,0.000132012,5.6e-06,69.4472981,68.27305327
4.8e-06,0.000132012,5.6e-06,66.20046253,65.2914133
4.8e-06,0.000132012,5.6e-06,63.41283523,62.97278517
4.8e-06,0.000132012,5.6e-06,61.01698206,60.94297857
4.8e-06,0.000132012,5.6e-06,59.18549521,59.16257936
4.8e-06,0.000132012,5.066667e-06,3.84e-05,3.84e-05
4.8e-06,0.000132012,5.066667e-06,4.27e-05,4.27e-05
4.8e-06,0.000132012,5.066667e-06,4.69e-05,4.69e-05
4.8e-06,0.000132012,5.066667e-06,5.12e-05,5.12e-05
4.8e-06,0.000132012,5.066667e-06,5.55e-05,5.55e-05
4.8e-06,0.000132012,5.066667e-06,5.97e-05,5.97e-05
4.8e-06,0.000132012,5.066667e-06,6.4e-05,6.4e-05
4.8e-06,0.000132012,5.066667e-06,6.83e-05,6.83e-05
4.8e-06,0.000132012,5.066667e-06,7.25e-05,7.25e-05
4.8e-06,0.000132012,5.066667e-06,7.68e-05,7.68e-05
4.8e-06,0.000132012,5.066667e-06,8.11e-05,8.11e-05
4.8e-06,0.000132012,5.066667e-06,8.53e-05,8.53e-05
4.8e-06,0.000132012,5.066667e-06,8.96e-05,8.96e-05
4.8e-06,0.000132012,5.066667e-06,100.3299926,100.3334462
4.8e-06,0.000132012,5.066667e-06,94.27376277,94.6958628
4.8e-06,0.000132012,5.066667e-06,89.2152586,89.73465533
4.8e-06,0.000132012,5.066667e-06,86.2538678,86.79480926
4.8e-06,0.000132012,5.066667e-06,83.31433257,83.97331169
4.8e-06,0.000132012,5.066667e-06,79.93467456,80.65249296
4.8e-06,0.000132012,5.066667e-06,76.09772048,76.80130652
4.8e-06,0.000132012,5.066667e-06,72.17667124,72.8241322
4.8e-06,0.000132012,5.066667e-06,68.55535922,69.1425736
4.8e-06,0.000132012,5.066667e-06,65.3822791,65.92203239
4.8e-06,0.000132012,5.066667e-06,63.00156528,63.15246213
4.8e-06,0.000132012,5.066667e-06,60.96610469,60.9886928
4.8e-06,0.000132012,5.066667e-06,59.18178936,59.19510276
4.8e-06,0.000132012,5.333333e-06,3.84e-05,3.84e-05
4.8e-06,0.000132012,5.333333e-06,4.27e-05,4.27e-05
4.8e-06,0.000132012,5.333333e-06,4.69e-05,4.69e-05
4.8e-06,0.000132012,5.333333e-06,5.12e-05,5.12e-05
4.8e-06,0.000132012,5.333333e-06,5.55e-05,5.55e-05
4.8e-06,0.000132012,5.333333e-06,5.97e-05,5.97e-05
4.8e-06,0.000132012,5.333333e-06,6.4e-05,6.4e-05
4.8e-06,0.000132012,5.333333e-06,6.83e-05,6.83e-05
4.8e-06,0.000132012,5.333333e-06,7.25e-05,7.25e-05
4.8e-06,0.000132012,5.333333e-06,7.68e-05,7.68e-05
4.8e-06,0.000132012,5.333333e-06,8.11e-05,8.11e-05
4.8e-06,0.000132012,5.333333e-06,8.53e-05,8.53e-05
4.8e-06,0.000132012,5.333333e-06,8.96e-05,8.96e-05
4.8e-06,0.000132012,5.333333e-06,100.2913893,100.2627214
4.8e-06,0.000132012,5.333333e-06,93.86714857,93.67027517
4.8e-06,0.000132012,5.333333e-06,88.83277453,88.64773489
4.8e-06,0.000132012,5.333333e-06,85.7414334,85.4967456
4.8e-06,0.000132012,5.333333e-06,82.70024826,82.4085448
4.8e-06,0.000132012,5.333333e-06,79.26792136,78.95177219
4.8e-06,0.000132012,5.333333e-06,75.44075339,75.12834554
4.8e-06,0.000132012,5.333333e-06,71.56728094,71.27607122
4.8e-06,0.000132012,5.333333e-06,67.99819302,67.81337165
4.8e-06,0.000132012,5.333333e-06,65.2496438,65.20389663
4.8e-06,0.000132012,5.333333e-06,62.93843411,62.89947142
4.8e-06,0.000132012,5.333333e-06,60.91375045,60.8794417
4.8e-06,0.000132012,5.333333e-06,59.13686588,59.10571817
4.8e-06,0.0003889991,2.4e-06,3.84e-05,3.84e-05
4.8e-06,0.0003889991,2.4e-06,4.27e-05,4.27e-05
4.8e-06,0.0003889991,2.4e-06,4.69e-05,4.69e-05
4.8e-06,0.0003889991,2.4e-06,5.12e-05,5.12e-05
4.8e-06,0.0003889991,2.4e-06,5.55e-05,5.55e-05
4.8e-06,0.0003889991,2.4e-06,5.97e-05,5.97e-05
4.8e-06,0.0003889991,2.4e-06,6.4e-05,6.4e-05
4.8e-06,0.0003889991,2.4e-06,6.83e-05,6.83e-05
4.8e-06,0.0003889991,2.4e-06,7.25e-05,7.25e-05
4.8e-06,0.0003889991,2.4e-06,7.68e-05,7.68e-05
4.8e-06,0.0003889991,2.4e-06,8.11e-05,8.11e-05
4.8e-06,0.0003889991,2.4e-06,8.53e-05,8.53e-05
4.8e-06,0.0003889991,2.4e-06,8.96e-05,8.96e-05
4.8e-06,0.0003889991,2.4e-06,86.54645524,87.40099203
4.8e-06,0.0003889991,2.4e-06,87.78202428,88.60946736
4.8e-06,0.0003889991,2.4e-06,88.92502048,89.72991817
4.8e-06,0.0003889991,2.4e-06,90.00402301,90.79008805
4.8e-06,0.0003889991,2.4e-06,91.18867189,91.95247081
4.8e-06,0.0003889991,2.4e-06,92.28090891,93.03070421
4.8e-06,0.0003889991,2.4e-06,93.25568532,93.99047303
4.8e-06,0.0003889991,2.4e-06,94.12320856,94.85515934
4.8e-06,0.0003889991,2.4e-06,94.84868592,95.53690322
4.8e-06,0.0003889991,2.4e-06,95.05493164,95.72001868
4.8e-06,0.0003889991,2.4e-06,95.06038508,95.6788197
4.8e-06,0.0003889991,2.4e-06,94.89150374,95.4663651
4.8e-06,0.0003889991,2.4e-06,94.5260038,95.06583312
4.8e-06,0.0003889991,2.666667e-06,3.84e-05,3.84e-05
4.8e-06,0.0003889991,2.666667e-06,4.27e-05,4.27e-05
4.8e-06,0.0003889991,2.666667e-06,4.69e-05,4.69e-05
4.8e-06,0.0003889991,2.666667e-06,5.12e-05,5.12e-05
4.8e-06,0.0003889991,2.666667e-06,5.55e-05,5.55e-05
4.8e-06,0.0003889991,2.666667e-06,5.97e-05,5.97e-05
4.8e-06,0.0003889991,2.666667e-06,6.4e-05,6.4e-05
4.8e-06,0.0003889991,2.666667e-06,6.83e-05,6.83e-05
4.8e-06,0.0003889991,2.666667e-06,7.25e-05,7.25e-05
4.8e-06,0.0003889991,2.666667e-06,7.68e-05,7.68e-05
4.8e-06,0.0003889991,2.666667e-06,8.11e-05,8.11e-05
4.8e-06,0.0003889991,2.666667e-06,8.53e-05,8.53e-05
4.8e-06,0.0003889991,2.666667e-06,8.96e-05,8.96e-05
4.8e-06,0.0003889991,2.666667e-06,88.83405895,89.44399862
4.8e-06,0.0003889991,2.666667e-06,89.99834818,90.58989982
4.8e-06,0.0003889991,2.666667e-06,91.08197313,91.65819108
4.8e-06,0.0003889991,2.666667e-06,92.11132481,92.67469979
4.8e-06,0.0003889991,2.666667e-06,93.23689731,93.78482583
4.8e-06,0.0003889991,2.666667e-06,94.29423073,94.83426231
4.8e-06,0.0003889991,2.666667e-06,95.23879621,95.77331525
4.8e-06,0.0003889991,2.666667e-06,96.09542163,96.62901394
4.8e-06,0.0003889991,2.666667e-06,96.70748622,97.21051364
4.8e-06,0.0003889991,2.666667e-06,96.82306465,97.30442369
4.8e-06,0.0003889991,2.666667e-06,96.73697986,97.1886519
4.8e-06,0.0003889991,2.666667e-06,96.4527476,96.88108182
4.8e-06,0.0003889991,2.666667e-06,95.85229519,96.11575734
4.8e-06,0.0003889991,2.933333e-06,3.84e-05,3.84e-05
4.8e-06,0.0003889991,2.933333e-06,4.27e-05,4.27e-05
4.8e-06,0.0003889991,2.933333e-06,4.69e-05,4.69e-05
4.8e-06,0.0003889991,2.933333e-06,5.12e-05,5.12e-05
4.8e-06,0.0003889991,2.933333e-06,5.55e-05,5.55e-05
4.8e-06,0.0003889991,2.933333e-06,5.97e-05,5.97e-05
4.8e-06,0.0003889991,2.933333e-06,6.4e-05,6.4e-05
4.8e-06,0.0003889991,2.933333e-06,6.83e-05,6.83e-05
4.8e-06,0.0003889991,2.933333e-06,7.25e-05,7.25e-05
4.8e-06,0.0003889991,2.933333e-06,7.68e-05,7.68e-05
4.8e-06,0.0003889991,2.933333e-06,8.11e-05,8.11e-05
4.8e-06,0.0003889991,2.933333e-06,8.53e-05,8.53e-05
4.8e-06,0.0003889991,2.933333e-06,8.96e-05,8.96e-05
4.8e-06,0.0003889991,2.933333e-06,90.50315597,90.96759626
4.8e-06,0.0003889991,2.933333e-06,91.61869789,92.07042167
4.8e-06,0.0003889991,2.933333e-06,92.66073737,93.10106619
4.8e-06,0.0003889991,2.933333e-06,93.65526881,94.08607219
4.8e-06,0.0003889991,2.933333e-06,94.73885612,95.15812606
4.8e-06,0.0003889991,2.933333e-06,95.776005,96.19046268
4.8e-06,0.0003889991,2.933333e-06,96.70688263,97.11832891
4.8e-06,0.0003889991,2.933333e-06,97.55148856,97.96132992
4.8e-06,0.0003889991,2.933333e-06,98.09284015,98.4837739
4.8e-06,0.0003889991,2.933333e-06,98.144291,98.5175175
4.8e-06,0.0003889991,2.933333e-06,97.99566223,98.35789425
4.8e-06,0.0003889991,2.933333e-06,97.63748597,97.97415552
4.8e-06,0.0003889991,2.933333e-06,96.57707395,96.76314168
4.8e-06,0.0003889991,3.2e-06,3.84e-05,3.84e-05
4.8e-06,0.0003889991,3.2e-06,4.27e-05,4.27e-05
4.8e-06,0.0003889991,3.2e-06,4.69e-05,4.69e-05
4.8e-06,0.0003889991,3.2e-06,5.12e-05,5.12e-05
4.8e-06,0.0003889991,3.2e-06,5.55e-05,5.55e-05
4.8e-06,0.0003889991,3.2e-06,5.97e-05,5.97e-05
4.8e-06,0.0003889991,3.2e-06,6.4e-05,6.4e-05
4.8e-06,0.0003889991,3.2e-06,6.83e-05,6.83e-05
4.8e-06,0.0003889991,3.2e-06,7.25e-05,7.25e-05
4.8e-06,0.0003889991,3.2e-06,7.68e-05,7.68e-05
4.8e-06,0.0003889991,3.2e-06,8.11e-05,8.11e-05
4.8e-06,0.0003889991,3.2e-06,8.53e-05,8.53e-05
4.8e-06,0.0003889991,3.2e-06,8.96e-05,8.96e-05
4.8e-06,0.0003889991,3.2e-06,92.5091255,91.79373555
4.8e-06,0.0003889991,3.2e-06,93.56721667,92.87505818
4.8e-06,0.0003889991,3.2e-06,94.56628474,93.88551945
4.8e-06,0.0003889991,3.2e-06,95.51993048,94.85369601
4.8e-06,0.0003889991,3.2e-06,96.55397432,95.90534937
4.8e-06,0.0003889991,3.2e-06,97.57285462,96.9299962
4.8e-06,0.0003889991,3.2e-06,98.49329733,97.85338807
4.8e-06,0.0003889991,3.2e-06,99.33363634,98.69444524
4.8e-06,0.0003889991,3.2e-06,99.7885395,99.1869563
4.8e-06,0.0003889991,3.2e-06,99.77538286,99.18776292
4.8e-06,0.0003889991,3.2e-06,99.55389215,98.98564709
4.8e-06,0.0003889991,3.2e-06,99.11444952,98.58517487
4.8e-06,0.0003889991,3.2e-06,97.37118745,97.09143655
4.8e-06,0.0003889991,3.466667e-06,3.84e-05,3.84e-05
4.8e-06,0.0003889991,3.466667e-06,4.27e-05,4.27e-05
4.8e-06,0.0003889991,3.466667e-06,4.69e-05,4.69e-05
4.8e-06,0.0003889991,3.466667e-06,5.12e-05,5.12e-05
4.8e-06,0.0003889991,3.466667e-06,5.55e-05,5.55e-05
4.8e-06,0.0003889991,3.466667e-06,5.97e-05,5.97e-05
4.8e-06,0.0003889991,3.466667e-06,6.4e-05,6.4e-05
4.8e-06,0.0003889991,3.466667e-06,6.83e-05,6.83e-05
4.8e-06,0.0003889991,3.466667e-06,7.25e-05,7.25e-05
4.8e-06,0.0003889991,3.466667e-06,7.68e-05,7.68e-05
4.8e-06,0.0003889991,3.466667e-06,8.11e-05,8.11e-05
4.8e-06,0.0003889991,3.466667e-06,8.53e-05,8.53e-05
4.8e-06,0.0003889991,3.466667e-06,8.96e-05,8.96e-05
4.8e-06,0.0003889991,3.466667e-06,89.05039351,90.77886777
4.8e-06,0.0003889991,3.466667e-06,86.37254873,88.04844376
4.8e-06,0.0003889991,3.466667e-06,84.88828112,86.28681373
4.8e-06,0.0003889991,3.466667e-06,83.96057556,85.33782393
4.8e-06,0.0003889991,3.466667e-06,83.10709326,84.45849969
4.8e-06,0.0003889991,3.466667e-06,82.31519864,83.64051081
4.8e-06,0.0003889991,3.466667e-06,81.57334887,82.87231888
4.8e-06,0.0003889991,3.466667e-06,81.17758219,82.32575573
4.8e-06,0.0003889991,3.466667e-06,81.12816763,82.2554885
4.8e-06,0.0003889991,3.466667e-06,81.06583696,82.18409887
4.8e-06,0.0003889991,3.466667e-06,80.99555387,82.10082279
4.8e-06,0.0003889991,3.466667e-06,80.9250298,82.01686976
4.8e-06,0.0003889991,3.466667e-06,80.85171081,81.92986923
4.8e-06,0.0003889991,3.733333e-06,3.84e-05,3.84e-05
4.8e-06,0.0003889991,3.733333e-06,4.27e-05,4.27e-05
4.8e-06,0.0003889991,3.733333e-06,4.69e-05,4.69e-05
4.8e-06,0.0003889991,3.733333e-06,5.12e-05,5.12e-05
4.8e-06,0.0003889991,3.733333e-06,5.55e-05,5.55e-05
4.8e-06,0.0003889991,3.733333e-06,5.97e-05,5.97e-05
4.8e-06,0.0003889991,3.733333e-06,6.4e-05,6.4e-05
4.8e-06,0.0003889991,3.733333e-06,6.83e-05,6.83e-05
4.8e-06,0.0003889991,3.733333e-06,7.25e-05,7.25e-05
4.8e-06,0.0003889991,3.733333e-06,7.68e-05,7.68e-05
4.8e-06,0.0003889991,3.733333e-06,8.11e-05,8.11e-05
4.8e-06,0.0003889991,3.733333e-06,8.53e-05,8.53e-05
4.8e-06,0.0003889991,3.733333e-06,8.96e-05,8.96e-05
4.8e-06,0.0003889991,3.733333e-06,93.66205952,94.88437291
4.8e-06,0.0003889991,3.733333e-06,90.85498931,92.04898853
4.8e-06,0.0003889991,3.733333e-06,88.60101578,89.57540871
4.8e-06,0.0003889991,3.733333e-06,87.6138598,88.5754853
4.8e-06,0.0003889991,3.733333e-06,86.70376473,87.64714738
4.8e-06,0.0003889991,3.733333e-06,85.84480351,86.77724332
4.8e-06,0.0003889991,3.733333e-06,85.03524987,85.95102234
4.8e-06,0.0003889991,3.733333e-06,84.26784737,85.16675467
4.8e-06,0.0003889991,3.733333e-06,84.12968969,84.91804563
4.8e-06,0.0003889991,3.733333e-06,84.03621294,84.81884696
4.8e-06,0.0003889991,3.733333e-06,83.93743815,84.70491741
4.8e-06,0.0003889991,3.733333e-06,83.82649507,84.58794442
4.8e-06,0.0003889991,3.733333e-06,83.71722222,84.470761
4.8e-06,0.0003889991,4.8e-06,3.84e-05,3.84e-05
4.8e-06,0.0003889991,4.8e-06,4.27e-05,4.27e-05
4.8e-06,0.0003889991,4.8e-06,4.69e-05,4.69e-05
4.8e-06,0.0003889991,4.8e-06,5.12e-05,5.12e-05
4.8e-06,0.0003889991,4.8e-06,5.55e-05,5.55e-05
4.8e-06,0.0003889991,4.8e-06,5.97e-05,5.97e-05
4.8e-06,0.0003889991,4.8e-06,6.4e-05,6.4e-05
4.8e-06,0.0003889991,4.8e-06,6.83e-05,6.83e-05
4.8e-06,0.0003889991,4.8e-06,7.25e-05,7.25e-05
4.8e-06,0.0003889991,4.8e-06,7.68e-05,7.68e-05
4.8e-06,0.0003889991,4.8e-06,8.11e-05,8.11e-05
4.8e-06,0.0003889991,4.8e-06,8.53e-05,8.53e-05
4.8e-06,0.0003889991,4.8e-06,8.96e-05,8.96e-05
4.8e-06,0.0003889991,4.8e-06,99.58144805,97.93155996
4.8e-06,0.0003889991,4.8e-06,96.65941965,95.03614891
4.8e-06,0.0003889991,4.8e-06,93.97445123,92.3867664
4.8e-06,0.0003889991,4.8e-06,92.24466813,90.96044766
4.8e-06,0.0003889991,4.8e-06,91.26846566,89.99975521
4.8e-06,0.0003889991,4.8e-06,90.34377492,89.09246287
4.8e-06,0.0003889991,4.8e-06,89.46602764,88.2318529
4.8e-06,0.0003889991,4.8e-06,88.62052187,87.40737661
4.8e-06,0.0003889991,4.8e-06,87.91449029,86.86784191
4.8e-06,0.0003889991,4.8e-06,87.77720151,86.7410794
4.8e-06,0.0003889991,4.8e-06,87.64152396,86.61256766
4.8e-06,0.0003889991,4.8e-06,87.49369043,86.47568063
4.8e-06,0.0003889991,4.8e-06,87.34370901,86.34151211
4.8e-06,0.0003889991,4.266667e-06,3.84e-05,3.84e-05
4.8e-06,0.0003889991,4.266667e-06,4.27e-05,4.27e-05
4.8e-06,0.0003889991,4.266667e-06,4.69e-05,4.69e-05
4.8e-06,0.0003889991,4.266667e-06,5.12e-05,5.12e-05
4.8e-06,0.0003889991,4.266667e-06,5.55e-05,5.55e-05
4.8e-06,0.0003889991,4.266667e-06,5.97e-05,5.97e-05
4.8e-06,0.0003889991,4.266667e-06,6.4e-05,6.4e-05
4.8e-06,0.0003889991,4.266667e-06,6.83e-05,6.83e-05
4.8e-06,0.0003889991,4.266667e-06,7.25e-05,7.25e-05
4.8e-06,0.0003889991,4.266667e-06,7.68e-05,7.68e-05
4.8e-06,0.0003889991,4.266667e-06,8.11e-05,8.11e-05
4.8e-06,0.0003889991,4.266667e-06,8.53e-05,8.53e-05
4.8e-06,0.0003889991,4.266667e-06,8.96e-05,8.96e-05
4.8e-06,0.0003889991,4.266667e-06,97.00349009,101.651832
4.8e-06,0.0003889991,4.266667e-06,94.12480443,98.70617545
4.8e-06,0.0003889991,4.266667e-06,91.49699896,95.98118217
4.8e-06,0.0003889991,4.266667e-06,90.23588382,93.85275754
4.8e-06,0.0003889991,4.266667e-06,89.28452294,92.8588865
4.8e-06,0.0003889991,4.266667e-06,88.3917098,91.91399042
4.8e-06,0.0003889991,4.266667e-06,87.53744722,91.01058928
4.8e-06,0.0003889991,4.266667e-06,86.72497289,90.14634265
4.8e-06,0.0003889991,4.266667e-06,86.2763125,89.3114399
4.8e-06,0.0003889991,4.266667e-06,86.15567751,89.07196776
4.8e-06,0.0003889991,4.266667e-06,86.03328925,88.91797658
4.8e-06,0.0003889991,4.266667e-06,85.90245641,88.76221175
4.8e-06,0.0003889991,4.266667e-06,85.7712488,88.60013269
4.8e-06,0.0003889991,4.533333e-06,3.84e-05,3.84e-05
4.8e-06,0.0003889991,4.533333e-06,4.27e-05,4.27e-05
4.8e-06,0.0003889991,4.533333e-06,4.69e-05,4.69e-05
4.8e-06,0.0003889991,4.533333e-06,5.12e-05,5.12e-05
4.8e-06,0.0003889991,4.533333e-06,5.55e-05,5.55e-05
4.8e-06,0.0003889991,4.533333e-06,5.97e-05,5.97e-05
4.8e-06,0.0003889991,4.533333e-06,6.4e-05,6.4e-05
4.8e-06,0.0003889991,4.533333e-06,6.83e-05,6.83e-05
4.8e-06,0.0003889991,4.533333e-06,7.25e-05,7.25e-05
4.8e-06,0.0003889991,4.533333e-06,7.68e-05,7.68e-05
4.8e-06,0.0003889991,4.533333e-06,8.11e-05,8.11e-05
4.8e-06,0.0003889991,4.533333e-06,8.53e-05,8.53e-05
4.8e-06,0.0003889991,4.533333e-06,8.96e-05,8.96e-05
4.8e-06,0.0003889991,4.533333e-06,101.0071554,99.59981452
4.8e-06,0.0003889991,4.533333e-06,98.06784463,96.37474808
4.8e-06,0.0003889991,4.533333e-06,95.35479291,92.60665449
4.8e-06,0.0003889991,4.533333e-06,93.35254414,89.51174154
4.8e-06,0.0003889991,4.533333e-06,92.36397065,86.73074787
4.8e-06,0.0003889991,4.533333e-06,91.42517773,83.66709385
4.8e-06,0.0003889991,4.533333e-06,90.52850595,79.74905318
4.8e-06,0.0003889991,4.533333e-06,89.67089431,75.5108962
4.8e-06,0.0003889991,4.533333e-06,88.84405188,71.55359254
4.8e-06,0.0003889991,4.533333e-06,88.669536,68.11930579
4.8e-06,0.0003889991,4.533333e-06,88.51940574,65.20339895
4.8e-06,0.0003889991,4.533333e-06,88.36758294,62.72570857
4.8e-06,0.0003889991,4.533333e-06,88.20935131,60.60249037
4.8e-06,0.0003889991,4e-06,3.84e-05,3.84e-05
4.8e-06,0.0003889991,4e-06,4.27e-05,4.27e-05
4.8e-06,0.0003889991,4e-06,4.69e-05,4.69e-05
4.8e-06,0.0003889991,4e-06,5.12e-05,5.12e-05
4.8e-06,0.0003889991,4e-06,5.55e-05,5.55e-05
4.8e-06,0.0003889991,4e-06,5.97e-05,5.97e-05
4.8e-06,0.0003889991,4e-06,6.4e-05,6.4e-05
4.8e-06,0.0003889991,4e-06,6.83e-05,6.83e-05
4.8e-06,0.0003889991,4e-06,7.25e-05,7.25e-05
4.8e-06,0.0003889991,4e-06,7.68e-05,7.68e-05
4.8e-06,0.0003889991,4e-06,8.11e-05,8.11e-05
4.8e-06,0.0003889991,4e-06,8.53e-05,8.53e-05
4.8e-06,0.0003889991,4e-06,8.96e-05,8.96e-05
4.8e-06,0.0003889991,4e-06,100.0696501,100.2499039
4.8e-06,0.0003889991,4e-06,96.00896505,95.81053394
4.8e-06,0.0003889991,4e-06,91.78725407,91.39428865
4.8e-06,0.0003889991,4e-06,88.44320672,88.14911419
4.8e-06,0.0003889991,4e-06,85.95560665,85.5841686
4.8e-06,0.0003889991,4e-06,82.81829747,82.40727234
4.8e-06,0.0003889991,4e-06,78.93013923,78.53581261
4.8e-06,0.0003889991,4e-06,74.79455234,74.4432738
4.8e-06,0.0003889991,4e-06,70.9390147,70.63143046
4.8e-06,0.0003889991,4e-06,67.58025469,67.30563621
4.8e-06,0.0003889991,4e-06,64.71390128,64.46124766
4.8e-06,0.0003889991,4e-06,62.26615489,62.02701915
4.8e-06,0.0003889991,4e-06,60.15922778,59.92765853
4.8e-06,0.0003889991,5.6e-06,3.84e-05,3.84e-05
4.8e-06,0.0003889991,5.6e-06,4.27e-05,4.27e-05
4.8e-06,0.0003889991,5.6e-06,4.69e-05,4.69e-05
4.8e-06,0.0003889991,5.6e-06,5.12e-05,5.12e-05
4.8e-06,0.0003889991,5.6e-06,5.55e-05,5.55e-05
4.8e-06,0.0003889991,5.6e-06,5.97e-05,5.97e-05
4.8e-06,0.0003889991,5.6e-06,6.4e-05,6.4e-05
4.8e-06,0.0003889991,5.6e-06,6.83e-05,6.83e-05
4.8e-06,0.0003889991,5.6e-06,7.25e-05,7.25e-05
4.8e-06,0.0003889991,5.6e-06,7.68e-05,7.68e-05
4.8e-06,0.0003889991,5.6e-06,8.11e-05,8.11e-05
4.8e-06,0.0003889991,5.6e-06,8.53e-05,8.53e-05
4.8e-06,0.0003889991,5.6e-06,8.96e-05,8.96e-05
4.8e-06,0.0003889991,5.6e-06,100.5369511,100.7554564
4.8e-06,0.0003889991,5.6e-06,95.40457582,94.60755881
4.8e-06,0.0003889991,5.6e-06,90.65692733,89.50802856
4.8e-06,0.0003889991,5.6e-06,87.58118242,86.53956963
4.8e-06,0.0003889991,5.6e-06,84.8777454,83.60519629
4.8e-06,0.0003889991,5.6e-06,81.62974558,80.2390569
4.8e-06,0.0003889991,5.6e-06,77.78313762,76.42056666
4.8e-06,0.0003889991,5.6e-06,73.76422922,72.51340538
4.8e-06,0.0003889991,5.6e-06,70.02867464,68.89800758
4.8e-06,0.0003889991,5.6e-06,66.76129673,65.72511674
4.8e-06,0.0003889991,5.6e-06,63.95637663,63.37944245
4.8e-06,0.0003889991,5.6e-06,61.54684163,61.34180766
4.8e-06,0.0003889991,5.6e-06,59.54923942,59.55430466
4.8e-06,0.0003889991,5.066667e-06,3.84e-05,3.84e-05
4.8e-06,0.0003889991,5.066667e-06,4.27e-05,4.27e-05
4.8e-06,0.0003889991,5.066667e-06,4.69e-05,4.69e-05
4.8e-06,0.0003889991,5.066667e-06,5.12e-05,5.12e-05
4.8e-06,0.0003889991,5.066667e-06,5.55e-05,5.55e-05
4.8e-06,0.0003889991,5.066667e-06,5.97e-05,5.97e-05
4.8e-06,0.0003889991,5.066667e-06,6.4e-05,6.4e-05
4.8e-06,0.0003889991,5.066667e-06,6.83e-05,6.83e-05
4.8e-06,0.0003889991,5.066667e-06,7.25e-05,7.25e-05
4.8e-06,0.0003889991,5.066667e-06,7.68e-05,7.68e-05
4.8e-06,0.0003889991,5.066667e-06,8.11e-05,8.11e-05
4.8e-06,0.0003889991,5.066667e-06,8.53e-05,8.53e-05
4.8e-06,0.0003889991,5.066667e-06,8.96e-05,8.96e-05
4.8e-06,0.0003889991,5.066667e-06,100.7616309,100.6527315
4.8e-06,0.0003889991,5.066667e-06,94.80250404,95.20169153
4.8e-06,0.0003889991,5.066667e-06,89.69221557,90.31130528
4.8e-06,0.0003889991,5.066667e-06,86.78972924,87.30858789
4.8e-06,0.0003889991,5.066667e-06,83.90691791,84.54267676
4.8e-06,0.0003889991,5.066667e-06,80.56785077,81.262491
4.8e-06,0.0003889991,5.066667e-06,76.74424526,77.42508672
4.8e-06,0.0003889991,5.066667e-06,72.81263018,73.43792779
4.8e-06,0.0003889991,5.066667e-06,69.17043631,69.7359359
4.8e-06,0.0003889991,5.066667e-06,65.97618979,66.49462983
4.8e-06,0.0003889991,5.066667e-06,63.40183164,63.70756438
4.8e-06,0.0003889991,5.066667e-06,61.3584632,61.3672164
4.8e-06,0.0003889991,5.066667e-06,59.566983,59.56633608
4.8e-06,0.0003889991,5.333333e-06,3.84e-05,3.84e-05
4.8e-06,0.0003889991,5.333333e-06,4.27e-05,4.27e-05
4.8e-06,0.0003889991,5.333333e-06,4.69e-05,4.69e-05
4.8e-06,0.0003889991,5.333333e-06,5.12e-05,5.12e-05
4.8e-06,0.0003889991,5.333333e-06,5.55e-05,5.55e-05
4.8e-06,0.0003889991,5.333333e-06,5.97e-05,5.97e-05
4.8e-06,0.0003889991,5.333333e-06,6.4e-05,6.4e-05
4.8e-06,0.0003889991,5.333333e-06,6.83e-05,6.83e-05
4.8e-06,0.0003889991,5.333333e-06,7.25e-05,7.25e-05
4.8e-06,0.0003889991,5.333333e-06,7.68e-05,7.68e-05
4.8e-06,0.0003889991,5.333333e-06,8.11e-05,8.11e-05
4.8e-06,0.0003889991,5.333333e-06,8.53e-05,8.53e-05
4.8e-06,0.0003889991,5.333333e-06,8.96e-05,8.96e-05
4.8e-06,0.0003889991,5.333333e-06,100.7417276,100.7217571
4.8e-06,0.0003889991,5.333333e-06,94.41622987,94.22871742
4.8e-06,0.0003889991,5.333333e-06,89.32751019,89.15073976
4.8e-06,0.0003889991,5.333333e-06,86.29682902,86.06119772
4.8e-06,0.0003889991,5.333333e-06,83.3135223,83.03135994
4.8e-06,0.0003889991,5.333333e-06,79.92168563,79.61507517
4.8e-06,0.0003889991,5.333333e-06,76.10738622,75.80419536
4.8e-06,0.0003889991,5.333333e-06,72.22281946,71.94057786
4.8e-06,0.0003889991,5.333333e-06,68.63245297,68.37366491
4.8e-06,0.0003889991,5.333333e-06,65.67062849,65.6306686
4.8e-06,0.0003889991,5.333333e-06,63.35122008,63.31814518
4.8e-06,0.0003889991,5.333333e-06,61.31878598,61.29044083
4.8e-06,0.0003889991,5.333333e-06,59.53485749,59.509732
4.8e-06,4.48e-05,2.4e-06,3.84e-05,3.84e-05
4.8e-06,4.48e-05,2.4e-06,4.27e-05,4.27e-05
4.8e-06,4.48e-05,2.4e-06,4.69e-05,4.69e-05
4.8e-06,4.48e-05,2.4e-06,5.12e-05,5.12e-05
4.8e-06,4.48e-05,2.4e-06,5.55e-05,5.55e-05
4.8e-06,4.48e-05,2.4e-06,5.97e-05,5.97e-05
4.8e-06,4.48e-05,2.4e-06,6.4e-05,6.4e-05
4.8e-06,4.48e-05,2.4e-06,6.83e-05,6.83e-05
4.8e-06,4.48e-05,2.4e-06,7.25e-05,7.25e-05
4.8e-06,4.48e-05,2.4e-06,7.68e-05,7.68e-05
4.8e-06,4.48e-05,2.4e-06,8.11e-05,8.11e-05
4.8e-06,4.48e-05,2.4e-06,8.53e-05,8.53e-05
4.8e-06,4.48e-05,2.4e-06,8.96e-05,8.96e-05
4.8e-06,4.48e-05,2.4e-06,86.23532591,87.10432364
4.8e-06,4.48e-05,2.4e-06,87.49048063,88.3319645
4.8e-06,4.48e-05,2.4e-06,88.65256314,89.47121065
4.8e-06,4.48e-05,2.4e-06,89.77771212,90.57159076
4.8e-06,4.48e-05,2.4e-06,91.02713906,91.80298011
4.8e-06,4.48e-05,2.4e-06,92.12363329,92.88585604
4.8e-06,4.48e-05,2.4e-06,93.10248144,93.84998273
4.8e-06,4.48e-05,2.4e-06,93.97383771,94.71900061
4.8e-06,4.48e-05,2.4e-06,94.51743349,95.20830221
4.8e-06,4.48e-05,2.4e-06,94.67679079,95.34431581
4.8e-06,4.48e-05,2.4e-06,94.63266793,95.2521784
4.8e-06,4.48e-05,2.4e-06,94.4118698,94.98661703
4.8e-06,4.48e-05,2.4e-06,93.87352868,94.23172407
4.8e-06,4.48e-05,2.666667e-06,3.84e-05,3.84e-05
4.8e-06,4.48e-05,2.666667e-06,4.27e-05,4.27e-05
4.8e-06,4.48e-05,2.666667e-06,4.69e-05,4.69e-05
4.8e-06,4.48e-05,2.666667e-06,5.12e-05,5.12e-05
4.8e-06,4.48e-05,2.666667e-06,5.55e-05,5.55e-05
4.8e-06,4.48e-05,2.666667e-06,5.97e-05,5.97e-05
4.8e-06,4.48e-05,2.666667e-06,6.4e-05,6.4e-05
4.8e-06,4.48e-05,2.666667e-06,6.83e-05,6.83e-05
4.8e-06,4.48e-05,2.666667e-06,7.25e-05,7.25e-05
4.8e-06,4.48e-05,2.666667e-06,7.68e-05,7.68e-05
4.8e-06,4.48e-05,2.666667e-06,8.11e-05,8.11e-05
4.8e-06,4.48e-05,2.666667e-06,8.53e-05,8.53e-05
4.8e-06,4.48e-05,2.666667e-06,8.96e-05,8.96e-05
4.8e-06,4.48e-05,2.666667e-06,88.56226178,89.18302024
4.8e-06,4.48e-05,2.666667e-06,89.7450122,90.34708192
4.8e-06,4.48e-05,2.666667e-06,90.84693549,91.43345597
4.8e-06,4.48e-05,2.666667e-06,91.90485777,92.47296311
4.8e-06,4.48e-05,2.666667e-06,93.10875877,93.66621783
4.8e-06,4.48e-05,2.666667e-06,94.17141527,94.7212815
4.8e-06,4.48e-05,2.666667e-06,95.12102169,95.66567994
4.8e-06,4.48e-05,2.666667e-06,95.98271721,96.52681699
4.8e-06,4.48e-05,2.666667e-06,96.3849197,96.89113916
4.8e-06,4.48e-05,2.666667e-06,96.45166223,96.93567256
4.8e-06,4.48e-05,2.666667e-06,96.31379452,96.76725135
4.8e-06,4.48e-05,2.666667e-06,95.9741702,96.40353831
4.8e-06,4.48e-05,2.666667e-06,94.81140579,95.04999139
4.8e-06,4.48e-05,2.933333e-06,3.84e-05,3.84e-05
4.8e-06,4.48e-05,2.933333e-06,4.27e-05,4.27e-05
4.8e-06,4.48e-05,2.933333e-06,4.69e-05,4.69e-05
4.8e-06,4.48e-05,2.933333e-06,5.12e-05,5.12e-05
4.8e-06,4.48e-05,2.933333e-06,5.55e-05,5.55e-05
4.8e-06,4.48e-05,2.933333e-06,5.97e-05,5.97e-05
4.8e-06,4.48e-05,2.933333e-06,6.4e-05,6.4e-05
4.8e-06,4.48e-05,2.933333e-06,6.83e-05,6.83e-05
4.8e-06,4.48e-05,2.933333e-06,7.25e-05,7.25e-05
4.8e-06,4.48e-05,2.933333e-06,7.68e-05,7.68e-05
4.8e-06,4.48e-05,2.933333e-06,8.11e-05,8.11e-05
4.8e-06,4.48e-05,2.933333e-06,8.53e-05,8.53e-05
4.8e-06,4.48e-05,2.933333e-06,8.96e-05,8.96e-05
4.8e-06,4.48e-05,2.933333e-06,90.26130757,90.73425252
4.8e-06,4.48e-05,2.933333e-06,91.39448759,91.85450658
4.8e-06,4.48e-05,2.933333e-06,92.45422763,92.90267999
4.8e-06,4.48e-05,2.933333e-06,93.46726646,93.90607108
4.8e-06,4.48e-05,2.933333e-06,94.63744651,95.06451802
4.8e-06,4.48e-05,2.933333e-06,95.68077386,96.10328468
4.8e-06,4.48e-05,2.933333e-06,96.61754884,97.03730032
4.8e-06,4.48e-05,2.933333e-06,97.46799789,97.88639455
4.8e-06,4.48e-05,2.933333e-06,97.77995485,98.17413451
4.8e-06,4.48e-05,2.933333e-06,97.78102155,98.15702025
4.8e-06,4.48e-05,2.933333e-06,97.57896571,97.94221655
4.8e-06,4.48e-05,2.933333e-06,97.16251072,97.49790541
4.8e-06,4.48e-05,2.933333e-06,95.46703508,95.6329557
4.8e-06,4.48e-05,3.2e-06,3.84e-05,3.84e-05
4.8e-06,4.48e-05,3.2e-06,4.27e-05,4.27e-05
4.8e-06,4.48e-05,3.2e-06,4.69e-05,4.69e-05
4.8e-06,4.48e-05,3.2e-06,5.12e-05,5.12e-05
4.8e-06,4.48e-05,3.2e-06,5.55e-05,5.55e-05
4.8e-06,4.48e-05,3.2e-06,5.97e-05,5.97e-05
4.8e-06,4.48e-05,3.2e-06,6.4e-05,6.4e-05
4.8e-06,4.48e-05,3.2e-06,6.83e-05,6.83e-05
4.8e-06,4.48e-05,3.2e-06,7.25e-05,7.25e-05
4.8e-06,4.48e-05,3.2e-06,7.68e-05,7.68e-05
4.8e-06,4.48e-05,3.2e-06,8.11e-05,8.11e-05
4.8e-06,4.48e-05,3.2e-06,8.53e-05,8.53e-05
4.8e-06,4.48e-05,3.2e-06,8.96e-05,8.96e-05
4.8e-06,4.48e-05,3.2e-06,92.30453259,91.57570243
4.8e-06,4.48e-05,3.2e-06,93.37925197,92.67410585
4.8e-06,4.48e-05,3.2e-06,94.39544063,93.70178204
4.8e-06,4.48e-05,3.2e-06,95.3670399,94.68811806
4.8e-06,4.48e-05,3.2e-06,96.48741424,95.82601471
4.8e-06,4.48e-05,3.2e-06,97.51360613,96.85755486
4.8e-06,4.48e-05,3.2e-06,98.44108447,97.78756117
4.8e-06,4.48e-05,3.2e-06,99.28840292,98.63517417
4.8e-06,4.48e-05,3.2e-06,99.4912511,98.88375363
4.8e-06,4.48e-05,3.2e-06,99.42576746,98.83276869
4.8e-06,4.48e-05,3.2e-06,99.14766667,98.57498244
4.8e-06,4.48e-05,3.2e-06,98.29890918,97.93609149
4.8e-06,4.48e-05,3.2e-06,96.17152832,95.92453608
4.8e-06,4.48e-05,3.466667e-06,3.84e-05,3.84e-05
4.8e-06,4.48e-05,3.466667e-06,4.27e-05,4.27e-05
4.8e-06,4.48e-05,3.466667e-06,4.69e-05,4.69e-05
4.8e-06,4.48e-05,3.466667e-06,5.12e-05,5.12e-05
4.8e-06,4.48e-05,3.466667e-06,5.55e-05,5.55e-05
4.8e-06,4.48e-05,3.466667e-06,5.97e-05,5.97e-05
4.8e-06,4.48e-05,3.466667e-06,6.4e-05,6.4e-05
4.8e-06,4.48e-05,3.466667e-06,6.83e-05,6.83e-05
4.8e-06,4.48e-05,3.466667e-06,7.25e-05,7.25e-05
4.8e-06,4.48e-05,3.466667e-06,7.68e-05,7.68e-05
4.8e-06,4.48e-05,3.466667e-06,8.11e-05,8.11e-05
4.8e-06,4.48e-05,3.466667e-06,8.53e-05,8.53e-05
4.8e-06,4.48e-05,3.466667e-06,8.96e-05,8.96e-05
4.8e-06,4.48e-05,3.466667e-06,87.870919,89.63051622
4.8e-06,4.48e-05,3.466667e-06,85.14886597,86.84857787
4.8e-06,4.48e-05,3.466667e-06,84.06823242,85.49558577
4.8e-06,4.48e-05,3.466667e-06,83.11962022,84.52297617
4.8e-06,4.48e-05,3.466667e-06,82.24755226,83.62247701
4.8e-06,4.48e-05,3.466667e-06,81.4389857,82.78545376
4.8e-06,4.48e-05,3.466667e-06,80.68202846,81.99998162
4.8e-06,4.48e-05,3.466667e-06,80.59181958,81.76051679
4.8e-06,4.48e-05,3.466667e-06,80.5372757,81.68428121
4.8e-06,4.48e-05,3.466667e-06,80.46989033,81.6070209
4.8e-06,4.48e-05,3.466667e-06,80.39476373,81.51817064
4.8e-06,4.48e-05,3.466667e-06,80.31948702,81.4287635
4.8e-06,4.48e-05,3.466667e-06,80.24161549,81.33652754
4.8e-06,4.48e-05,3.733333e-06,3.84e-05,3.84e-05
4.8e-06,4.48e-05,3.733333e-06,4.27e-05,4.27e-05
4.8e-06,4.48e-05,3.733333e-06,4.69e-05,4.69e-05
4.8e-06,4.48e-05,3.733333e-06,5.12e-05,5.12e-05
4.8e-06,4.48e-05,3.733333e-06,5.55e-05,5.55e-05
4.8e-06,4.48e-05,3.733333e-06,5.97e-05,5.97e-05
4.8e-06,4.48e-05,3.733333e-06,6.4e-05,6.4e-05
4.8e-06,4.48e-05,3.733333e-06,6.83e-05,6.83e-05
4.8e-06,4.48e-05,3.733333e-06,7.25e-05,7.25e-05
4.8e-06,4.48e-05,3.733333e-06,7.68e-05,7.68e-05
4.8e-06,4.48e-05,3.733333e-06,8.11e-05,8.11e-05
4.8e-06,4.48e-05,3.733333e-06,8.53e-05,8.53e-05
4.8e-06,4.48e-05,3.733333e-06,8.96e-05,8.96e-05
4.8e-06,4.48e-05,3.733333e-06,92.56820501,93.814562
4.8e-06,4.48e-05,3.733333e-06,89.69771122,90.91083725
4.8e-06,4.48e-05,3.733333e-06,87.85829679,88.8534014
4.8e-06,4.48e-05,3.733333e-06,86.84298813,87.82355562
4.8e-06,4.48e-05,3.733333e-06,85.90785198,86.86837372
4.8e-06,4.48e-05,3.733333e-06,85.02599226,85.97415315
4.8e-06,4.48e-05,3.733333e-06,84.19558166,85.12557662
4.8e-06,4.48e-05,3.733333e-06,83.6917682,84.50381034
4.8e-06,4.48e-05,3.733333e-06,83.59167631,84.39422864
4.8e-06,4.48e-05,3.733333e-06,83.49106927,84.28746361
4.8e-06,4.48e-05,3.733333e-06,83.38553841,84.16608948
4.8e-06,4.48e-05,3.733333e-06,83.2679615,84.04207477
4.8e-06,4.48e-05,3.733333e-06,83.15230792,83.91806529
4.8e-06,4.48e-05,4.8e-06,3.84e-05,3.84e-05
4.8e-06,4.48e-05,4.8e-06,4.27e-05,4.27e-05
4.8e-06,4.48e-05,4.8e-06,4.69e-05,4.69e-05
4.8e-06,4.48e-05,4.8e-06,5.12e-05,5.12e-05
4.8e-06,4.48e-05,4.8e-06,5.55e-05,5.55e-05
4.8e-06,4.48e-05,4.8e-06,5.97e-05,5.97e-05
4.8e-06,4.48e-05,4.8e-06,6.4e-05,6.4e-05
4.8e-06,4.48e-05,4.8e-06,6.83e-05,6.83e-05
4.8e-06,4.48e-05,4.8e-06,7.25e-05,7.25e-05
4.8e-06,4.48e-05,4.8e-06,7.68e-05,7.68e-05
4.8e-06,4.48e-05,4.8e-06,8.11e-05,8.11e-05
4.8e-06,4.48e-05,4.8e-06,8.53e-05,8.53e-05
4.8e-06,4.48e-05,4.8e-06,8.96e-05,8.96e-05
4.8e-06,4.48e-05,4.8e-06,98.60882699,96.92397669
4.8e-06,4.48e-05,4.8e-06,95.6004871,93.94838649
4.8e-06,4.48e-05,4.8e-06,92.84582453,91.3181668
4.8e-06,4.48e-05,4.8e-06,91.56664855,90.2562861
4.8e-06,4.48e-05,4.8e-06,90.55754548,89.26475406
4.8e-06,4.48e-05,4.8e-06,89.60267366,88.3292705
4.8e-06,4.48e-05,4.8e-06,88.69720513,87.44279568
4.8e-06,4.48e-05,4.8e-06,87.82583848,86.59433996
4.8e-06,4.48e-05,4.8e-06,87.44577921,86.37968843
4.8e-06,4.48e-05,4.8e-06,87.29893668,86.24404078
4.8e-06,4.48e-05,4.8e-06,87.15406826,86.10689486
4.8e-06,4.48e-05,4.8e-06,86.9972739,85.96178537
4.8e-06,4.48e-05,4.8e-06,86.83875721,85.81975796
4.8e-06,4.48e-05,4.266667e-06,3.84e-05,3.84e-05
4.8e-06,4.48e-05,4.266667e-06,4.27e-05,4.27e-05
4.8e-06,4.48e-05,4.266667e-06,4.69e-05,4.69e-05
4.8e-06,4.48e-05,4.266667e-06,5.12e-05,5.12e-05
4.8e-06,4.48e-05,4.266667e-06,5.55e-05,5.55e-05
4.8e-06,4.48e-05,4.266667e-06,5.97e-05,5.97e-05
4.8e-06,4.48e-05,4.266667e-06,6.4e-05,6.4e-05
4.8e-06,4.48e-05,4.266667e-06,6.83e-05,6.83e-05
4.8e-06,4.48e-05,4.266667e-06,7.25e-05,7.25e-05
4.8e-06,4.48e-05,4.266667e-06,7.68e-05,7.68e-05
4.8e-06,4.48e-05,4.266667e-06,8.11e-05,8.11e-05
4.8e-06,4.48e-05,4.266667e-06,8.53e-05,8.53e-05
4.8e-06,4.48e-05,4.266667e-06,8.96e-05,8.96e-05
4.8e-06,4.48e-05,4.266667e-06,95.97662106,100.7241671
4.8e-06,4.48e-05,4.266667e-06,93.02129413,97.6849404
4.8e-06,4.48e-05,4.266667e-06,90.56983598,94.8830122
4.8e-06,4.48e-05,4.266667e-06,89.51709711,93.20782255
4.8e-06,4.48e-05,4.266667e-06,88.53608765,92.17855996
4.8e-06,4.48e-05,4.266667e-06,87.61636938,91.20105315
4.8e-06,4.48e-05,4.266667e-06,86.73716972,90.26744659
4.8e-06,4.48e-05,4.266667e-06,85.90250598,89.37522739
4.8e-06,4.48e-05,4.266667e-06,85.77725983,88.77777531
4.8e-06,4.48e-05,4.266667e-06,85.64812203,88.61742242
4.8e-06,4.48e-05,4.266667e-06,85.51746509,88.45340633
4.8e-06,4.48e-05,4.266667e-06,85.37877016,88.28790911
4.8e-06,4.48e-05,4.266667e-06,85.23994595,88.11654152
4.8e-06,4.48e-05,4.533333e-06,3.84e-05,3.84e-05
4.8e-06,4.48e-05,4.533333e-06,4.27e-05,4.27e-05
4.8e-06,4.48e-05,4.533333e-06,4.69e-05,4.69e-05
4.8e-06,4.48e-05,4.533333e-06,5.12e-05,5.12e-05
4.8e-06,4.48e-05,4.533333e-06,5.55e-05,5.55e-05
4.8e-06,4.48e-05,4.533333e-06,5.97e-05,5.97e-05
4.8e-06,4.48e-05,4.533333e-06,6.4e-05,6.4e-05
4.8e-06,4.48e-05,4.533333e-06,6.83e-05,6.83e-05
4.8e-06,4.48e-05,4.533333e-06,7.25e-05,7.25e-05
4.8e-06,4.48e-05,4.533333e-06,7.68e-05,7.68e-05
4.8e-06,4.48e-05,4.533333e-06,8.11e-05,8.11e-05
4.8e-06,4.48e-05,4.533333e-06,8.53e-05,8.53e-05
4.8e-06,4.48e-05,4.533333e-06,8.96e-05,8.96e-05
4.8e-06,4.48e-05,4.533333e-06,100.0653819,98.84002836
4.8e-06,4.48e-05,4.533333e-06,97.03469827,95.20430303
4.8e-06,4.48e-05,4.533333e-06,94.24695044,91.24409273
4.8e-06,4.48e-05,4.533333e-06,92.69728032,87.97795112
4.8e-06,4.48e-05,4.533333e-06,91.67407953,85.38092199
4.8e-06,4.48e-05,4.533333e-06,90.70342422,82.21021234
4.8e-06,4.48e-05,4.533333e-06,89.77727661,78.2489662
4.8e-06,4.48e-05,4.533333e-06,88.89238031,74.03346311
4.8e-06,4.48e-05,4.533333e-06,88.36378902,70.12840403
4.8e-06,4.48e-05,4.533333e-06,88.20758988,66.74755556
4.8e-06,4.48e-05,4.533333e-06,88.04768185,63.87646544
4.8e-06,4.48e-05,4.533333e-06,87.88636723,61.43412487
4.8e-06,4.48e-05,4.533333e-06,87.71908683,59.33855277
4.8e-06,4.48e-05,4e-06,3.84e-05,3.84e-05
4.8e-06,4.48e-05,4e-06,4.27e-05,4.27e-05
4.8e-06,4.48e-05,4e-06,4.69e-05,4.69e-05
4.8e-06,4.48e-05,4e-06,5.12e-05,5.12e-05
4.8e-06,4.48e-05,4e-06,5.55e-05,5.55e-05
4.8e-06,4.48e-05,4e-06,5.97e-05,5.97e-05
4.8e-06,4.48e-05,4e-06,6.4e-05,6.4e-05
4.8e-06,4.48e-05,4e-06,6.83e-05,6.83e-05
4.8e-06,4.48e-05,4e-06,7.25e-05,7.25e-05
4.8e-06,4.48e-05,4e-06,7.68e-05,7.68e-05
4.8e-06,4.48e-05,4e-06,8.11e-05,8.11e-05
4.8e-06,4.48e-05,4e-06,8.53e-05,8.53e-05
4.8e-06,4.48e-05,4e-06,8.96e-05,8.96e-05
4.8e-06,4.48e-05,4e-06,99.25721339,99.41465679
4.8e-06,4.48e-05,4e-06,94.73765921,94.49503557
4.8e-06,4.48e-05,4e-06,90.3185361,89.88079279
4.8e-06,4.48e-05,4e-06,87.13793407,86.80298978
4.8e-06,4.48e-05,4e-06,84.50653338,84.09127828
4.8e-06,4.48e-05,4e-06,81.25803523,80.80315983
4.8e-06,4.48e-05,4e-06,77.33147941,76.89381837
4.8e-06,4.48e-05,4e-06,73.22118679,72.8277127
4.8e-06,4.48e-05,4e-06,69.42000173,69.07112245
4.8e-06,4.48e-05,4e-06,66.11648863,65.80135786
4.8e-06,4.48e-05,4e-06,63.29650312,63.00402342
4.8e-06,4.48e-05,4e-06,60.88539207,60.60701219
4.8e-06,4.48e-05,4e-06,58.80714478,58.53681019
4.8e-06,4.48e-05,5.6e-06,3.84e-05,3.84e-05
4.8e-06,4.48e-05,5.6e-06,4.27e-05,4.27e-05
4.8e-06,4.48e-05,5.6e-06,4.69e-05,4.69e-05
4.8e-06,4.48e-05,5.6e-06,5.12e-05,5.12e-05
4.8e-06,4.48e-05,5.6e-06,5.55e-05,5.55e-05
4.8e-06,4.48e-05,5.6e-06,5.97e-05,5.97e-05
4.8e-06,4.48e-05,5.6e-06,6.4e-05,6.4e-05
4.8e-06,4.48e-05,5.6e-06,6.83e-05,6.83e-05
4.8e-06,4.48e-05,5.6e-06,7.25e-05,7.25e-05
4.8e-06,4.48e-05,5.6e-06,7.68e-05,7.68e-05
4.8e-06,4.48e-05,5.6e-06,8.11e-05,8.11e-05
4.8e-06,4.48e-05,5.6e-06,8.53e-05,8.53e-05
4.8e-06,4.48e-05,5.6e-06,8.96e-05,8.96e-05
4.8e-06,4.48e-05,5.6e-06,99.58494508,99.50734134
4.8e-06,4.48e-05,5.6e-06,94.01036833,93.08468542
4.8e-06,4.48e-05,5.6e-06,89.06462842,88.13232695
4.8e-06,4.48e-05,5.6e-06,86.16157307,84.99733057
4.8e-06,4.48e-05,5.6e-06,83.30638225,81.90456807
4.8e-06,4.48e-05,5.6e-06,79.94724038,78.42797584
4.8e-06,4.48e-05,5.6e-06,76.0639177,74.57554473
4.8e-06,4.48e-05,5.6e-06,72.07346456,70.70020416
4.8e-06,4.48e-05,5.6e-06,68.39473771,67.14578333
4.8e-06,4.48e-05,5.6e-06,65.18476848,64.53117965
4.8e-06,4.48e-05,5.6e-06,62.42813338,62.22814384
4.8e-06,4.48e-05,5.6e-06,60.30304315,60.21296626
4.8e-06,4.48e-05,5.6e-06,58.51763284,58.44582681
4.8e-06,4.48e-05,5.066667e-06,3.84e-05,3.84e-05
4.8e-06,4.48e-05,5.066667e-06,4.27e-05,4.27e-05
4.8e-06,4.48e-05,5.066667e-06,4.69e-05,4.69e-05
4.8e-06,4.48e-05,5.066667e-06,5.12e-05,5.12e-05
4.8e-06,4.48e-05,5.066667e-06,5.55e-05,5.55e-05
4.8e-06,4.48e-05,5.066667e-06,5.97e-05,5.97e-05
4.8e-06,4.48e-05,5.066667e-06,6.4e-05,6.4e-05
4.8e-06,4.48e-05,5.066667e-06,6.83e-05,6.83e-05
4.8e-06,4.48e-05,5.066667e-06,7.25e-05,7.25e-05
4.8e-06,4.48e-05,5.066667e-06,7.68e-05,7.68e-05
4.8e-06,4.48e-05,5.066667e-06,8.11e-05,8.11e-05
4.8e-06,4.48e-05,5.066667e-06,8.53e-05,8.53e-05
4.8e-06,4.48e-05,5.066667e-06,8.96e-05,8.96e-05
4.8e-06,4.48e-05,5.066667e-06,99.54041752,99.58140363
4.8e-06,4.48e-05,5.066667e-06,93.30887157,93.77216027
4.8e-06,4.48e-05,5.066667e-06,88.3419329,88.77555153
4.8e-06,4.48e-05,5.066667e-06,85.27537599,85.85569349
4.8e-06,4.48e-05,5.066667e-06,82.23575706,82.935935
4.8e-06,4.48e-05,5.066667e-06,78.78600565,79.54471741
4.8e-06,4.48e-05,5.066667e-06,74.92771954,75.67124224
4.8e-06,4.48e-05,5.066667e-06,71.02714764,71.71345043
4.8e-06,4.48e-05,5.066667e-06,67.44373117,68.06898306
4.8e-06,4.48e-05,5.066667e-06,64.57908238,64.88569856
4.8e-06,4.48e-05,5.066667e-06,62.26809517,62.3277873
4.8e-06,4.48e-05,5.066667e-06,60.24740023,60.29416659
4.8e-06,4.48e-05,5.066667e-06,58.47644888,58.51415475
4.8e-06,4.48e-05,5.333333e-06,3.84e-05,3.84e-05
4.8e-06,4.48e-05,5.333333e-06,4.27e-05,4.27e-05
4.8e-06,4.48e-05,5.333333e-06,4.69e-05,4.69e-05
4.8e-06,4.48e-05,5.333333e-06,5.12e-05,5.12e-05
4.8e-06,4.48e-05,5.333333e-06,5.55e-05,5.55e-05
4.8e-06,4.48e-05,5.333333e-06,5.97e-05,5.97e-05
4.8e-06,4.48e-05,5.333333e-06,6.4e-05,6.4e-05
4.8e-06,4.48e-05,5.333333e-06,6.83e-05,6.83e-05
4.8e-06,4.48e-05,5.333333e-06,7.25e-05,7.25e-05
4.8e-06,4.48e-05,5.333333e-06,7.68e-05,7.68e-05
4.8e-06,4.48e-05,5.333333e-06,8.11e-05,8.11e-05
4.8e-06,4.48e-05,5.333333e-06,8.53e-05,8.53e-05
4.8e-06,4.48e-05,5.333333e-06,8.96e-05,8.96e-05
4.8e-06,4.48e-05,5.333333e-06,99.46801397,99.42362847
4.8e-06,4.48e-05,5.333333e-06,92.86573714,92.65207166
4.8e-06,4.48e-05,5.333333e-06,87.92762017,87.72778254
4.8e-06,4.48e-05,5.333333e-06,84.72811485,84.46729314
4.8e-06,4.48e-05,5.333333e-06,81.5850209,81.27643394
4.8e-06,4.48e-05,5.333333e-06,78.08297874,77.75003254
4.8e-06,4.48e-05,5.333333e-06,74.23552241,73.90699277
4.8e-06,4.48e-05,5.333333e-06,70.38352103,70.07665664
4.8e-06,4.48e-05,5.333333e-06,67.08337093,67.01824396
4.8e-06,4.48e-05,5.333333e-06,64.47887543,64.42300982
4.8e-06,4.48e-05,5.333333e-06,62.18308022,62.13382646
4.8e-06,4.48e-05,5.333333e-06,60.17289236,60.12816275
4.8e-06,4.48e-05,5.333333e-06,58.40916542,58.36749692
5.333333e-06,0.000132012,2.4e-06,3.84e-05,3.84e-05
5.333333e-06,0.000132012,2.4e-06,4.27e-05,4.27e-05
5.333333e-06,0.000132012,2.4e-06,4.69e-05,4.69e-05
5.333333e-06,0.000132012,2.4e-06,5.12e-05,5.12e-05
5.333333e-06,0.000132012,2.4e-06,5.55e-05,5.55e-05
5.333333e-06,0.000132012,2.4e-06,5.97e-05,5.97e-05
5.333333e-06,0.000132012,2.4e-06,6.4e-05,6.4e-05
5.333333e-06,0.000132012,2.4e-06,6.83e-05,6.83e-05
5.333333e-06,0.000132012,2.4e-06,7.25e-05,7.25e-05
5.333333e-06,0.000132012,2.4e-06,7.68e-05,7.68e-05
5.333333e-06,0.000132012,2.4e-06,8.11e-05,8.11e-05
5.333333e-06,0.000132012,2.4e-06,8.53e-05,8.53e-05
5.333333e-06,0.000132012,2.4e-06,8.96e-05,8.96e-05
5.333333e-06,0.000132012,2.4e-06,86.33228738,87.19682736
5.333333e-06,0.000132012,2.4e-06,87.5815652,88.41872396
5.333333e-06,0.000132012,2.4e-06,88.73792901,89.55234386
5.333333e-06,0.000132012,2.4e-06,89.83055307,90.62600516
5.333333e-06,0.000132012,2.4e-06,91.07849147,91.85062144
5.333333e-06,0.000132012,2.4e-06,92.17385431,92.93225059
5.333333e-06,0.000132012,2.4e-06,93.15163087,93.89522229
5.333333e-06,0.000132012,2.4e-06,94.02199456,94.76309592
5.333333e-06,0.000132012,2.4e-06,94.62209964,95.31217691
5.333333e-06,0.000132012,2.4e-06,94.79618517,95.46300907
5.333333e-06,0.000132012,2.4e-06,94.76763038,95.38685143
5.333333e-06,0.000132012,2.4e-06,94.56314195,95.13797476
5.333333e-06,0.000132012,2.4e-06,94.15977458,94.53950707
5.333333e-06,0.000132012,2.666667e-06,3.84e-05,3.84e-05
5.333333e-06,0.000132012,2.666667e-06,4.27e-05,4.27e-05
5.333333e-06,0.000132012,2.666667e-06,4.69e-05,4.69e-05
5.333333e-06,0.000132012,2.666667e-06,5.12e-05,5.12e-05
5.333333e-06,0.000132012,2.666667e-06,5.55e-05,5.55e-05
5.333333e-06,0.000132012,2.666667e-06,5.97e-05,5.97e-05
5.333333e-06,0.000132012,2.666667e-06,6.4e-05,6.4e-05
5.333333e-06,0.000132012,2.666667e-06,6.83e-05,6.83e-05
5.333333e-06,0.000132012,2.666667e-06,7.25e-05,7.25e-05
5.333333e-06,0.000132012,2.666667e-06,7.68e-05,7.68e-05
5.333333e-06,0.000132012,2.666667e-06,8.11e-05,8.11e-05
5.333333e-06,0.000132012,2.666667e-06,8.53e-05,8.53e-05
5.333333e-06,0.000132012,2.666667e-06,8.96e-05,8.96e-05
5.333333e-06,0.000132012,2.666667e-06,88.64709965,89.26452385
5.333333e-06,0.000132012,2.666667e-06,89.82432812,90.42315849
5.333333e-06,0.000132012,2.666667e-06,90.92078302,91.50413258
5.333333e-06,0.000132012,2.666667e-06,91.96339754,92.53380276
5.333333e-06,0.000132012,2.666667e-06,93.14982035,93.70434267
5.333333e-06,0.000132012,2.666667e-06,94.21102602,94.75786422
5.333333e-06,0.000132012,2.666667e-06,95.15927277,95.70081165
5.333333e-06,0.000132012,2.666667e-06,96.0196015,96.56047017
5.333333e-06,0.000132012,2.666667e-06,96.48697684,96.99223176
5.333333e-06,0.000132012,2.666667e-06,96.56906981,97.05228805
5.333333e-06,0.000132012,2.666667e-06,96.44748306,96.90042209
5.333333e-06,0.000132012,2.666667e-06,96.12526062,96.55435354
5.333333e-06,0.000132012,2.666667e-06,95.13674719,95.38306637
5.333333e-06,0.000132012,2.933333e-06,3.84e-05,3.84e-05
5.333333e-06,0.000132012,2.933333e-06,4.27e-05,4.27e-05
5.333333e-06,0.000132012,2.933333e-06,4.69e-05,4.69e-05
5.333333e-06,0.000132012,2.933333e-06,5.12e-05,5.12e-05
5.333333e-06,0.000132012,2.933333e-06,5.55e-05,5.55e-05
5.333333e-06,0.000132012,2.933333e-06,5.97e-05,5.97e-05
5.333333e-06,0.000132012,2.933333e-06,6.4e-05,6.4e-05
5.333333e-06,0.000132012,2.933333e-06,6.83e-05,6.83e-05
5.333333e-06,0.000132012,2.933333e-06,7.25e-05,7.25e-05
5.333333e-06,0.000132012,2.933333e-06,7.68e-05,7.68e-05
5.333333e-06,0.000132012,2.933333e-06,8.11e-05,8.11e-05
5.333333e-06,0.000132012,2.933333e-06,8.53e-05,8.53e-05
5.333333e-06,0.000132012,2.933333e-06,8.96e-05,8.96e-05
5.333333e-06,0.000132012,2.933333e-06,90.33691625,90.80724055
5.333333e-06,0.000132012,2.933333e-06,91.46483373,91.92229823
5.333333e-06,0.000132012,2.933333e-06,92.51929515,92.9652475
5.333333e-06,0.000132012,2.933333e-06,93.52680536,93.96314916
5.333333e-06,0.000132012,2.933333e-06,94.67027195,95.09493957
5.333333e-06,0.000132012,2.933333e-06,95.71189157,96.13192287
5.333333e-06,0.000132012,2.933333e-06,96.64704991,97.06424617
5.333333e-06,0.000132012,2.933333e-06,97.49590246,97.9116689
5.333333e-06,0.000132012,2.933333e-06,97.87908262,98.27227788
5.333333e-06,0.000132012,2.933333e-06,97.89599936,98.27116652
5.333333e-06,0.000132012,2.933333e-06,97.71076662,98.07368318
5.333333e-06,0.000132012,2.933333e-06,97.31261533,97.65031646
5.333333e-06,0.000132012,2.933333e-06,95.81389021,95.98607402
5.333333e-06,0.000132012,3.2e-06,3.84e-05,3.84e-05
5.333333e-06,0.000132012,3.2e-06,4.27e-05,4.27e-05
5.333333e-06,0.000132012,3.2e-06,4.69e-05,4.69e-05
5.333333e-06,0.000132012,3.2e-06,5.12e-05,5.12e-05
5.333333e-06,0.000132012,3.2e-06,5.55e-05,5.55e-05
5.333333e-06,0.000132012,3.2e-06,5.97e-05,5.97e-05
5.333333e-06,0.000132012,3.2e-06,6.4e-05,6.4e-05
5.333333e-06,0.000132012,3.2e-06,6.83e-05,6.83e-05
5.333333e-06,0.000132012,3.2e-06,7.25e-05,7.25e-05
5.333333e-06,0.000132012,3.2e-06,7.68e-05,7.68e-05
5.333333e-06,0.000132012,3.2e-06,8.11e-05,8.11e-05
5.333333e-06,0.000132012,3.2e-06,8.53e-05,8.53e-05
5.333333e-06,0.000132012,3.2e-06,8.96e-05,8.96e-05
5.333333e-06,0.000132012,3.2e-06,92.36866195,91.64397284
5.333333e-06,0.000132012,3.2e-06,93.43843764,92.73728989
5.333333e-06,0.000132012,3.2e-06,94.44953257,93.75984158
5.333333e-06,0.000132012,3.2e-06,95.41578061,94.74076043
5.333333e-06,0.000132012,3.2e-06,96.50950161,95.85203825
5.333333e-06,0.000132012,3.2e-06,97.53364489,96.88165569
5.333333e-06,0.000132012,3.2e-06,98.4591645,97.80982991
5.333333e-06,0.000132012,3.2e-06,99.30454538,98.65563258
5.333333e-06,0.000132012,3.2e-06,99.58564873,98.97994215
5.333333e-06,0.000132012,3.2e-06,99.53664114,98.94526144
5.333333e-06,0.000132012,3.2e-06,99.27635389,98.70499194
5.333333e-06,0.000132012,3.2e-06,98.62698501,98.2554104
5.333333e-06,0.000132012,3.2e-06,96.54625969,96.28907333
5.333333e-06,0.000132012,3.466667e-06,3.84e-05,3.84e-05
5.333333e-06,0.000132012,3.466667e-06,4.27e-05,4.27e-05
5.333333e-06,0.000132012,3.466667e-06,4.69e-05,4.69e-05
5.333333e-06,0.000132012,3.466667e-06,5.12e-05,5.12e-05
5.333333e-06,0.000132012,3.466667e-06,5.55e-05,5.55e-05
5.333333e-06,0.000132012,3.466667e-06,5.97e-05,5.97e-05
5.333333e-06,0.000132012,3.466667e-06,6.4e-05,6.4e-05
5.333333e-06,0.000132012,3.466667e-06,6.83e-05,6.83e-05
5.333333e-06,0.000132012,3.466667e-06,7.25e-05,7.25e-05
5.333333e-06,0.000132012,3.466667e-06,7.68e-05,7.68e-05
5.333333e-06,0.000132012,3.466667e-06,8.11e-05,8.11e-05
5.333333e-06,0.000132012,3.466667e-06,8.53e-05,8.53e-05
5.333333e-06,0.000132012,3.466667e-06,8.96e-05,8.96e-05
5.333333e-06,0.000132012,3.466667e-06,88.23605891,89.98620922
5.333333e-06,0.000132012,3.466667e-06,85.52698881,87.21953363
5.333333e-06,0.000132012,3.466667e-06,84.32241922,85.74091385
5.333333e-06,0.000132012,3.466667e-06,83.38011688,84.7754653
5.333333e-06,0.000132012,3.466667e-06,82.51366416,83.881391
5.333333e-06,0.000132012,3.466667e-06,81.71013846,83.05014561
5.333333e-06,0.000132012,3.466667e-06,80.95775175,82.26992043
5.333333e-06,0.000132012,3.466667e-06,80.77331067,81.93568276
5.333333e-06,0.000132012,3.466667e-06,80.72034516,81.86128914
5.333333e-06,0.000132012,3.466667e-06,80.65452305,81.78584668
5.333333e-06,0.000132012,3.466667e-06,80.58089811,81.69872704
5.333333e-06,0.000132012,3.466667e-06,80.50709905,81.61101691
5.333333e-06,0.000132012,3.466667e-06,80.43064651,81.52041312
5.333333e-06,0.000132012,3.733333e-06,3.84e-05,3.84e-05
5.333333e-06,0.000132012,3.733333e-06,4.27e-05,4.27e-05
5.333333e-06,0.000132012,3.733333e-06,4.69e-05,4.69e-05
5.333333e-06,0.000132012,3.733333e-06,5.12e-05,5.12e-05
5.333333e-06,0.000132012,3.733333e-06,5.55e-05,5.55e-05
5.333333e-06,0.000132012,3.733333e-06,5.97e-05,5.97e-05
5.333333e-06,0.000132012,3.733333e-06,6.4e-05,6.4e-05
5.333333e-06,0.000132012,3.733333e-06,6.83e-05,6.83e-05
5.333333e-06,0.000132012,3.733333e-06,7.25e-05,7.25e-05
5.333333e-06,0.000132012,3.733333e-06,7.68e-05,7.68e-05
5.333333e-06,0.000132012,3.733333e-06,8.11e-05,8.11e-05
5.333333e-06,0.000132012,3.733333e-06,8.53e-05,8.53e-05
5.333333e-06,0.000132012,3.733333e-06,8.96e-05,8.96e-05
5.333333e-06,0.000132012,3.733333e-06,92.90732514,94.1463588
5.333333e-06,0.000132012,3.733333e-06,90.05582044,91.26316534
5.333333e-06,0.000132012,3.733333e-06,88.08870888,89.0774428
5.333333e-06,0.000132012,3.733333e-06,87.08198407,88.05673724
5.333333e-06,0.000132012,3.733333e-06,86.15448423,87.10975634
5.333333e-06,0.000132012,3.733333e-06,85.27960929,86.22296448
5.333333e-06,0.000132012,3.733333e-06,84.45556056,85.38121746
5.333333e-06,0.000132012,3.733333e-06,83.85628853,84.66378564
5.333333e-06,0.000132012,3.733333e-06,83.75846282,84.55664391
5.333333e-06,0.000132012,3.733333e-06,83.66006809,84.45222762
5.333333e-06,0.000132012,3.733333e-06,83.55663963,84.33317038
5.333333e-06,0.000132012,3.733333e-06,83.44112754,84.21134927
5.333333e-06,0.000132012,3.733333e-06,83.32746358,84.08946891
5.333333e-06,0.000132012,4.8e-06,3.84e-05,3.84e-05
5.333333e-06,0.000132012,4.8e-06,4.27e-05,4.27e-05
5.333333e-06,0.000132012,4.8e-06,4.69e-05,4.69e-05
5.333333e-06,0.000132012,4.8e-06,5.12e-05,5.12e-05
5.333333e-06,0.000132012,4.8e-06,5.55e-05,5.55e-05
5.333333e-06,0.000132012,4.8e-06,5.97e-05,5.97e-05
5.333333e-06,0.000132012,4.8e-06,6.4e-05,6.4e-05
5.333333e-06,0.000132012,4.8e-06,6.83e-05,6.83e-05
5.333333e-06,0.000132012,4.8e-06,7.25e-05,7.25e-05
5.333333e-06,0.000132012,4.8e-06,7.68e-05,7.68e-05
5.333333e-06,0.000132012,4.8e-06,8.11e-05,8.11e-05
5.333333e-06,0.000132012,4.8e-06,8.53e-05,8.53e-05
5.333333e-06,0.000132012,4.8e-06,8.96e-05,8.96e-05
5.333333e-06,0.000132012,4.8e-06,98.91095804,97.23679037
5.333333e-06,0.000132012,4.8e-06,95.92880569,94.28545413
5.333333e-06,0.000132012,4.8e-06,93.19516112,91.59142345
5.333333e-06,0.000132012,4.8e-06,91.77713128,90.47479952
5.333333e-06,0.000132012,4.8e-06,90.77813098,89.49272254
5.333333e-06,0.000132012,4.8e-06,89.83252471,88.56588069
5.333333e-06,0.000132012,4.8e-06,88.9355633,87.68733207
5.333333e-06,0.000132012,4.8e-06,88.07213032,86.84622263
5.333333e-06,0.000132012,4.8e-06,87.59122775,86.53112299
5.333333e-06,0.000132012,4.8e-06,87.44735821,86.39823847
5.333333e-06,0.000132012,4.8e-06,87.30535227,86.26378106
5.333333e-06,0.000132012,4.8e-06,87.1513538,86.12123514
5.333333e-06,0.000132012,4.8e-06,86.99550105,85.98166141
5.333333e-06,0.000132012,4.266667e-06,3.84e-05,3.84e-05
5.333333e-06,0.000132012,4.266667e-06,4.27e-05,4.27e-05
5.333333e-06,0.000132012,4.266667e-06,4.69e-05,4.69e-05
5.333333e-06,0.000132012,4.266667e-06,5.12e-05,5.12e-05
5.333333e-06,0.000132012,4.266667e-06,5.55e-05,5.55e-05
5.333333e-06,0.000132012,4.266667e-06,5.97e-05,5.97e-05
5.333333e-06,0.000132012,4.266667e-06,6.4e-05,6.4e-05
5.333333e-06,0.000132012,4.266667e-06,6.83e-05,6.83e-05
5.333333e-06,0.000132012,4.266667e-06,7.25e-05,7.25e-05
5.333333e-06,0.000132012,4.266667e-06,7.68e-05,7.68e-05
5.333333e-06,0.000132012,4.266667e-06,8.11e-05,8.11e-05
5.333333e-06,0.000132012,4.266667e-06,8.53e-05,8.53e-05
5.333333e-06,0.000132012,4.266667e-06,8.96e-05,8.96e-05
5.333333e-06,0.000132012,4.266667e-06,96.29532237,101.0125455
5.333333e-06,0.000132012,4.266667e-06,93.36313552,98.0018014
5.333333e-06,0.000132012,4.266667e-06,90.78277601,95.22316421
5.333333e-06,0.000132012,4.266667e-06,89.74010233,93.40813873
5.333333e-06,0.000132012,4.266667e-06,88.76817389,92.38976254
5.333333e-06,0.000132012,4.266667e-06,87.85669487,91.42228377
5.333333e-06,0.000132012,4.266667e-06,86.98513096,90.49796195
5.333333e-06,0.000132012,4.266667e-06,86.15675106,89.61433679
5.333333e-06,0.000132012,4.266667e-06,85.93205016,88.91566742
5.333333e-06,0.000132012,4.266667e-06,85.80555553,88.75854633
5.333333e-06,0.000132012,4.266667e-06,85.67747261,88.59765524
5.333333e-06,0.000132012,4.266667e-06,85.54122831,88.43519427
5.333333e-06,0.000132012,4.266667e-06,85.40478062,88.26672687
5.333333e-06,0.000132012,4.533333e-06,3.84e-05,3.84e-05
5.333333e-06,0.000132012,4.533333e-06,4.27e-05,4.27e-05
5.333333e-06,0.000132012,4.533333e-06,4.69e-05,4.69e-05
5.333333e-06,0.000132012,4.533333e-06,5.12e-05,5.12e-05
5.333333e-06,0.000132012,4.533333e-06,5.55e-05,5.55e-05
5.333333e-06,0.000132012,4.533333e-06,5.97e-05,5.97e-05
5.333333e-06,0.000132012,4.533333e-06,6.4e-05,6.4e-05
5.333333e-06,0.000132012,4.533333e-06,6.83e-05,6.83e-05
5.333333e-06,0.000132012,4.533333e-06,7.25e-05,7.25e-05
5.333333e-06,0.000132012,4.533333e-06,7.68e-05,7.68e-05
5.333333e-06,0.000132012,4.533333e-06,8.11e-05,8.11e-05
5.333333e-06,0.000132012,4.533333e-06,8.53e-05,8.53e-05
5.333333e-06,0.000132012,4.533333e-06,8.96e-05,8.96e-05
5.333333e-06,0.000132012,4.533333e-06,100.3580781,99.08039586
5.333333e-06,0.000132012,4.533333e-06,97.35518157,95.57226661
5.333333e-06,0.000132012,4.533333e-06,94.59002139,91.67188968
5.333333e-06,0.000132012,4.533333e-06,92.9007708,88.45877324
5.333333e-06,0.000132012,4.533333e-06,91.88821589,85.80507651
5.333333e-06,0.000132012,4.533333e-06,90.92735369,82.66701926
5.333333e-06,0.000132012,4.533333e-06,90.01026225,78.71850906
5.333333e-06,0.000132012,4.533333e-06,89.13374485,74.49556682
5.333333e-06,0.000132012,4.533333e-06,88.5040382,70.57418143
5.333333e-06,0.000132012,4.533333e-06,88.35099072,67.17675676
5.333333e-06,0.000132012,4.533333e-06,88.19413021,64.29177413
5.333333e-06,0.000132012,4.533333e-06,88.03577635,61.83844987
5.333333e-06,0.000132012,4.533333e-06,87.87132106,59.73425136
5.333333e-06,0.000132012,4e-06,3.84e-05,3.84e-05
5.333333e-06,0.000132012,4e-06,4.27e-05,4.27e-05
5.333333e-06,0.000132012,4e-06,4.69e-05,4.69e-05
5.333333e-06,0.000132012,4e-06,5.12e-05,5.12e-05
5.333333e-06,0.000132012,4e-06,5.55e-05,5.55e-05
5.333333e-06,0.000132012,4e-06,5.97e-05,5.97e-05
5.333333e-06,0.000132012,4e-06,6.4e-05,6.4e-05
5.333333e-06,0.000132012,4e-06,6.83e-05,6.83e-05
5.333333e-06,0.000132012,4e-06,7.25e-05,7.25e-05
5.333333e-06,0.000132012,4e-06,7.68e-05,7.68e-05
5.333333e-06,0.000132012,4e-06,8.11e-05,8.11e-05
5.333333e-06,0.000132012,4e-06,8.53e-05,8.53e-05
5.333333e-06,0.000132012,4e-06,8.96e-05,8.96e-05
5.333333e-06,0.000132012,4e-06,99.51414193,99.67876401
5.333333e-06,0.000132012,4e-06,95.13701665,94.90813187
5.333333e-06,0.000132012,4e-06,90.77922514,90.35535556
5.333333e-06,0.000132012,4e-06,87.54845881,87.22614081
5.333333e-06,0.000132012,4e-06,84.96129232,84.55953952
5.333333e-06,0.000132012,4e-06,81.74657981,81.3051723
5.333333e-06,0.000132012,4e-06,77.83124506,77.40685598
5.333333e-06,0.000132012,4e-06,73.71266994,73.33210356
5.333333e-06,0.000132012,4e-06,69.89450296,69.55825156
5.333333e-06,0.000132012,4e-06,66.57385836,66.27111569
5.333333e-06,0.000132012,4e-06,63.73950521,63.45920394
5.333333e-06,0.000132012,4e-06,61.31701545,61.05063561
5.333333e-06,0.000132012,4e-06,59.22982211,58.97133994
5.333333e-06,0.000132012,5.6e-06,3.84e-05,3.84e-05
5.333333e-06,0.000132012,5.6e-06,4.27e-05,4.27e-05
5.333333e-06,0.000132012,5.6e-06,4.69e-05,4.69e-05
5.333333e-06,0.000132012,5.6e-06,5.12e-05,5.12e-05
5.333333e-06,0.000132012,5.6e-06,5.55e-05,5.55e-05
5.333333e-06,0.000132012,5.6e-06,5.97e-05,5.97e-05
5.333333e-06,0.000132012,5.6e-06,6.4e-05,6.4e-05
5.333333e-06,0.000132012,5.6e-06,6.83e-05,6.83e-05
5.333333e-06,0.000132012,5.6e-06,7.25e-05,7.25e-05
5.333333e-06,0.000132012,5.6e-06,7.68e-05,7.68e-05
5.333333e-06,0.000132012,5.6e-06,8.11e-05,8.11e-05
5.333333e-06,0.000132012,5.6e-06,8.53e-05,8.53e-05
5.333333e-06,0.000132012,5.6e-06,8.96e-05,8.96e-05
5.333333e-06,0.000132012,5.6e-06,99.9381444,99.8993264
5.333333e-06,0.000132012,5.6e-06,94.44791996,93.56216591
5.333333e-06,0.000132012,5.6e-06,89.56357421,88.56461978
5.333333e-06,0.000132012,5.6e-06,86.60742707,85.48102867
5.333333e-06,0.000132012,5.6e-06,83.79880745,82.43673729
5.333333e-06,0.000132012,5.6e-06,80.47330749,78.99342073
5.333333e-06,0.000132012,5.6e-06,76.60058096,75.15060843
5.333333e-06,0.000132012,5.6e-06,72.60083397,71.26489771
5.333333e-06,0.000132012,5.6e-06,68.90435666,67.69031642
5.333333e-06,0.000132012,5.6e-06,65.67659465,64.90071786
5.333333e-06,0.000132012,5.6e-06,62.90500706,62.59004114
5.333333e-06,0.000132012,5.6e-06,60.63461407,60.567706
5.333333e-06,0.000132012,5.6e-06,58.84251542,58.79408124
5.333333e-06,0.000132012,5.066667e-06,3.84e-05,3.84e-05
5.333333e-06,0.000132012,5.066667e-06,4.27e-05,4.27e-05
5.333333e-06,0.000132012,5.066667e-06,4.69e-05,4.69e-05
5.333333e-06,0.000132012,5.066667e-06,5.12e-05,5.12e-05
5.333333e-06,0.000132012,5.066667e-06,5.55e-05,5.55e-05
5.333333e-06,0.000132012,5.066667e-06,5.97e-05,5.97e-05
5.333333e-06,0.000132012,5.066667e-06,6.4e-05,6.4e-05
5.333333e-06,0.000132012,5.066667e-06,6.83e-05,6.83e-05
5.333333e-06,0.000132012,5.066667e-06,7.25e-05,7.25e-05
5.333333e-06,0.000132012,5.066667e-06,7.68e-05,7.68e-05
5.333333e-06,0.000132012,5.066667e-06,8.11e-05,8.11e-05
5.333333e-06,0.000132012,5.066667e-06,8.53e-05,8.53e-05
5.333333e-06,0.000132012,5.066667e-06,8.96e-05,8.96e-05
5.333333e-06,0.000132012,5.066667e-06,99.92402276,99.94684871
5.333333e-06,0.000132012,5.066667e-06,93.77728373,94.22068042
5.333333e-06,0.000132012,5.066667e-06,88.76636077,89.19381767
5.333333e-06,0.000132012,5.066667e-06,85.75047009,86.31182609
5.333333e-06,0.000132012,5.066667e-06,82.75887372,83.43924586
5.333333e-06,0.000132012,5.066667e-06,79.34250605,80.08159596
5.333333e-06,0.000132012,5.066667e-06,75.49409549,76.218486
5.333333e-06,0.000132012,5.066667e-06,71.58340189,72.25110853
5.333333e-06,0.000132012,5.066667e-06,67.98163131,68.58867474
5.333333e-06,0.000132012,5.066667e-06,64.94336664,65.38741059
5.333333e-06,0.000132012,5.066667e-06,62.62465137,62.67291897
5.333333e-06,0.000132012,5.066667e-06,60.59673395,60.63194113
5.333333e-06,0.000132012,5.066667e-06,58.81924787,58.84529293
5.333333e-06,0.000132012,5.333333e-06,3.84e-05,3.84e-05
5.333333e-06,0.000132012,5.333333e-06,4.27e-05,4.27e-05
5.333333e-06,0.000132012,5.333333e-06,4.69e-05,4.69e-05
5.333333e-06,0.000132012,5.333333e-06,5.12e-05,5.12e-05
5.333333e-06,0.000132012,5.333333e-06,5.55e-05,5.55e-05
5.333333e-06,0.000132012,5.333333e-06,5.97e-05,5.97e-05
5.333333e-06,0.000132012,5.333333e-06,6.4e-05,6.4e-05
5.333333e-06,0.000132012,5.333333e-06,6.83e-05,6.83e-05
5.333333e-06,0.000132012,5.333333e-06,7.25e-05,7.25e-05
5.333333e-06,0.000132012,5.333333e-06,7.68e-05,7.68e-05
5.333333e-06,0.000132012,5.333333e-06,8.11e-05,8.11e-05
5.333333e-06,0.000132012,5.333333e-06,8.53e-05,8.53e-05
5.333333e-06,0.000132012,5.333333e-06,8.96e-05,8.96e-05
5.333333e-06,0.000132012,5.333333e-06,99.86797221,99.83119052
5.333333e-06,0.000132012,5.333333e-06,93.35177945,93.14621781
5.333333e-06,0.000132012,5.333333e-06,88.36739579,88.17469272
5.333333e-06,0.000132012,5.333333e-06,85.21997875,84.96692379
5.333333e-06,0.000132012,5.333333e-06,82.1257484,81.82527062
5.333333e-06,0.000132012,5.333333e-06,78.65688284,78.33198109
5.333333e-06,0.000132012,5.333333e-06,74.8187632,74.4979468
5.333333e-06,0.000132012,5.333333e-06,70.95615389,70.65677432
5.333333e-06,0.000132012,5.333333e-06,67.46508045,67.40468178
5.333333e-06,0.000132012,5.333333e-06,64.85345083,64.80242333
5.333333e-06,0.000132012,5.333333e-06,62.55009929,62.50576571
5.333333e-06,0.000132012,5.333333e-06,60.53281714,60.49306934
5.333333e-06,0.000132012,5.333333e-06,58.76265332,58.726014
