a,b,c,d,ugf
1.12e-05,0.000132012,2.4e-06,3.84e-05,3.84e-05
1.12e-05,0.000132012,2.4e-06,4.27e-05,4.27e-05
1.12e-05,0.000132012,2.4e-06,4.69e-05,4.69e-05
1.12e-05,0.000132012,2.4e-06,5.12e-05,5.12e-05
1.12e-05,0.000132012,2.4e-06,5.55e-05,5.55e-05
1.12e-05,0.000132012,2.4e-06,5.97e-05,5.97e-05
1.12e-05,0.000132012,2.4e-06,6.4e-05,6.4e-05
1.12e-05,0.000132012,2.4e-06,6.83e-05,6.83e-05
1.12e-05,0.000132012,2.4e-06,7.25e-05,7.25e-05
1.12e-05,0.000132012,2.4e-06,7.68e-05,7.68e-05
1.12e-05,0.000132012,2.4e-06,8.11e-05,8.11e-05
1.12e-05,0.000132012,2.4e-06,8.53e-05,8.53e-05
1.12e-05,0.000132012,2.4e-06,8.96e-05,8.96e-05
1.12e-05,0.000132012,2.4e-06,12930777.43,12859450.19
1.12e-05,0.000132012,2.4e-06,14343496.06,14297892.05
1.12e-05,0.000132012,2.4e-06,15536351.64,15512936.51
1.12e-05,0.000132012,2.4e-06,17481919.76,17467633.46
1.12e-05,0.000132012,2.4e-06,19550530.79,19572012.89
1.12e-05,0.000132012,2.4e-06,21397590.88,21450191.54
1.12e-05,0.000132012,2.4e-06,23058497.92,23138031.94
1.12e-05,0.000132012,2.4e-06,25321909.41,25564812.56
1.12e-05,0.000132012,2.4e-06,28497489.76,28797869.38
1.12e-05,0.000132012,2.4e-06,31420489.92,31772708.13
1.12e-05,0.000132012,2.4e-06,34124016.56,34523171.51
1.12e-05,0.000132012,2.4e-06,36963135.81,37849177.87
1.12e-05,0.000132012,2.4e-06,41603667.11,42558855.66
1.12e-05,0.000132012,2.666667e-06,3.84e-05,3.84e-05
1.12e-05,0.000132012,2.666667e-06,4.27e-05,4.27e-05
1.12e-05,0.000132012,2.666667e-06,4.69e-05,4.69e-05
1.12e-05,0.000132012,2.666667e-06,5.12e-05,5.12e-05
1.12e-05,0.000132012,2.666667e-06,5.55e-05,5.55e-05
1.12e-05,0.000132012,2.666667e-06,5.97e-05,5.97e-05
1.12e-05,0.000132012,2.666667e-06,6.4e-05,6.4e-05
1.12e-05,0.000132012,2.666667e-06,6.83e-05,6.83e-05
1.12e-05,0.000132012,2.666667e-06,7.25e-05,7.25e-05
1.12e-05,0.000132012,2.666667e-06,7.68e-05,7.68e-05
1.12e-05,0.000132012,2.666667e-06,8.11e-05,8.11e-05
1.12e-05,0.000132012,2.666667e-06,8.53e-05,8.53e-05
1.12e-05,0.000132012,2.666667e-06,8.96e-05,8.96e-05
1.12e-05,0.000132012,2.666667e-06,12725609.72,12663086.1
1.12e-05,0.000132012,2.666667e-06,14209209.47,14166606.72
1.12e-05,0.000132012,2.666667e-06,15461767.88,15436184.13
1.12e-05,0.000132012,2.666667e-06,17424361.91,17398617.08
1.12e-05,0.000132012,2.666667e-06,19592777.43,19595808.4
1.12e-05,0.000132012,2.666667e-06,21526289.27,21554142.0
1.12e-05,0.000132012,2.666667e-06,23262011.09,23311358.52
1.12e-05,0.000132012,2.666667e-06,25959288.41,26122745.61
1.12e-05,0.000132012,2.666667e-06,29295126.55,29504874.03
1.12e-05,0.000132012,2.666667e-06,32362432.58,32613711.76
1.12e-05,0.000132012,2.666667e-06,35196461.3,35485210.94
1.12e-05,0.000132012,2.666667e-06,39354449.19,40004078.78
1.12e-05,0.000132012,2.666667e-06,44190465.19,44898833.58
1.12e-05,0.000132012,2.933333e-06,3.84e-05,3.84e-05
1.12e-05,0.000132012,2.933333e-06,4.27e-05,4.27e-05
1.12e-05,0.000132012,2.933333e-06,4.69e-05,4.69e-05
1.12e-05,0.000132012,2.933333e-06,5.12e-05,5.12e-05
1.12e-05,0.000132012,2.933333e-06,5.55e-05,5.55e-05
1.12e-05,0.000132012,2.933333e-06,5.97e-05,5.97e-05
1.12e-05,0.000132012,2.933333e-06,6.4e-05,6.4e-05
1.12e-05,0.000132012,2.933333e-06,6.83e-05,6.83e-05
1.12e-05,0.000132012,2.933333e-06,7.25e-05,7.25e-05
1.12e-05,0.000132012,2.933333e-06,7.68e-05,7.68e-05
1.12e-05,0.000132012,2.933333e-06,8.11e-05,8.11e-05
1.12e-05,0.000132012,2.933333e-06,8.53e-05,8.53e-05
1.12e-05,0.000132012,2.933333e-06,8.96e-05,8.96e-05
1.12e-05,0.000132012,2.933333e-06,12546347.58,12491865.25
1.12e-05,0.000132012,2.933333e-06,14088324.94,14050673.51
1.12e-05,0.000132012,2.933333e-06,15386282.26,15362216.92
1.12e-05,0.000132012,2.933333e-06,17343612.64,17315416.04
1.12e-05,0.000132012,2.933333e-06,19592962.94,19588546.51
1.12e-05,0.000132012,2.933333e-06,21596352.36,21612499.24
1.12e-05,0.000132012,2.933333e-06,23392657.51,23426691.37
1.12e-05,0.000132012,2.933333e-06,26401544.92,26522121.98
1.12e-05,0.000132012,2.933333e-06,29867903.18,30026987.81
1.12e-05,0.000132012,2.933333e-06,33052097.27,33245529.22
1.12e-05,0.000132012,2.933333e-06,35991486.0,36215821.72
1.12e-05,0.000132012,2.933333e-06,41150375.31,41661408.55
1.12e-05,0.000132012,2.933333e-06,46177294.78,46741369.03
1.12e-05,0.000132012,3.2e-06,3.84e-05,3.84e-05
1.12e-05,0.000132012,3.2e-06,4.27e-05,4.27e-05
1.12e-05,0.000132012,3.2e-06,4.69e-05,4.69e-05
1.12e-05,0.000132012,3.2e-06,5.12e-05,5.12e-05
1.12e-05,0.000132012,3.2e-06,5.55e-05,5.55e-05
1.12e-05,0.000132012,3.2e-06,5.97e-05,5.97e-05
1.12e-05,0.000132012,3.2e-06,6.4e-05,6.4e-05
1.12e-05,0.000132012,3.2e-06,6.83e-05,6.83e-05
1.12e-05,0.000132012,3.2e-06,7.25e-05,7.25e-05
1.12e-05,0.000132012,3.2e-06,7.68e-05,7.68e-05
1.12e-05,0.000132012,3.2e-06,8.11e-05,8.11e-05
1.12e-05,0.000132012,3.2e-06,8.53e-05,8.53e-05
1.12e-05,0.000132012,3.2e-06,8.96e-05,8.96e-05
1.12e-05,0.000132012,3.2e-06,12296574.47,12389966.15
1.12e-05,0.000132012,3.2e-06,13914157.18,13979695.16
1.12e-05,0.000132012,3.2e-06,15272929.78,15316150.03
1.12e-05,0.000132012,3.2e-06,17203798.56,17259110.89
1.12e-05,0.000132012,3.2e-06,19560916.38,19576124.58
1.12e-05,0.000132012,3.2e-06,21656801.63,21637912.79
1.12e-05,0.000132012,3.2e-06,23533903.33,23485121.66
1.12e-05,0.000132012,3.2e-06,26918126.21,26734854.21
1.12e-05,0.000132012,3.2e-06,30557874.78,30310643.38
1.12e-05,0.000132012,3.2e-06,33895964.4,33592208.94
1.12e-05,0.000132012,3.2e-06,37690897.26,36940494.28
1.12e-05,0.000132012,3.2e-06,43435775.7,42585271.84
1.12e-05,0.000132012,3.2e-06,48674988.28,47764986.28
1.12e-05,0.000132012,3.466667e-06,3.84e-05,3.84e-05
1.12e-05,0.000132012,3.466667e-06,4.27e-05,4.27e-05
1.12e-05,0.000132012,3.466667e-06,4.69e-05,4.69e-05
1.12e-05,0.000132012,3.466667e-06,5.12e-05,5.12e-05
1.12e-05,0.000132012,3.466667e-06,5.55e-05,5.55e-05
1.12e-05,0.000132012,3.466667e-06,5.97e-05,5.97e-05
1.12e-05,0.000132012,3.466667e-06,6.4e-05,6.4e-05
1.12e-05,0.000132012,3.466667e-06,6.83e-05,6.83e-05
1.12e-05,0.000132012,3.466667e-06,7.25e-05,7.25e-05
1.12e-05,0.000132012,3.466667e-06,7.68e-05,7.68e-05
1.12e-05,0.000132012,3.466667e-06,8.11e-05,8.11e-05
1.12e-05,0.000132012,3.466667e-06,8.53e-05,8.53e-05
1.12e-05,0.000132012,3.466667e-06,8.96e-05,8.96e-05
1.12e-05,0.000132012,3.466667e-06,4368852.773,4298644.858
1.12e-05,0.000132012,3.466667e-06,4940406.028,4823872.067
1.12e-05,0.000132012,3.466667e-06,5558629.011,5460168.753
1.12e-05,0.000132012,3.466667e-06,6064619.186,5980560.985
1.12e-05,0.000132012,3.466667e-06,6488569.114,6416271.855
1.12e-05,0.000132012,3.466667e-06,6850278.016,6787757.367
1.12e-05,0.000132012,3.466667e-06,7444584.749,7327268.951
1.12e-05,0.000132012,3.466667e-06,8033086.017,7929910.076
1.12e-05,0.000132012,3.466667e-06,8554185.326,8463265.409
1.12e-05,0.000132012,3.466667e-06,9020033.597,8939848.838
1.12e-05,0.000132012,3.466667e-06,9439794.423,9369078.743
1.12e-05,0.000132012,3.466667e-06,9820568.601,9758263.85
1.12e-05,0.000132012,3.466667e-06,10167966.01,10113178.36
1.12e-05,0.000132012,3.733333e-06,3.84e-05,3.84e-05
1.12e-05,0.000132012,3.733333e-06,4.27e-05,4.27e-05
1.12e-05,0.000132012,3.733333e-06,4.69e-05,4.69e-05
1.12e-05,0.000132012,3.733333e-06,5.12e-05,5.12e-05
1.12e-05,0.000132012,3.733333e-06,5.55e-05,5.55e-05
1.12e-05,0.000132012,3.733333e-06,5.97e-05,5.97e-05
1.12e-05,0.000132012,3.733333e-06,6.4e-05,6.4e-05
1.12e-05,0.000132012,3.733333e-06,6.83e-05,6.83e-05
1.12e-05,0.000132012,3.733333e-06,7.25e-05,7.25e-05
1.12e-05,0.000132012,3.733333e-06,7.68e-05,7.68e-05
1.12e-05,0.000132012,3.733333e-06,8.11e-05,8.11e-05
1.12e-05,0.000132012,3.733333e-06,8.53e-05,8.53e-05
1.12e-05,0.000132012,3.733333e-06,8.96e-05,8.96e-05
1.12e-05,0.000132012,3.733333e-06,4173059.894,4116423.495
1.12e-05,0.000132012,3.733333e-06,4617292.617,4547719.774
1.12e-05,0.000132012,3.733333e-06,5285130.699,5206664.696
1.12e-05,0.000132012,3.733333e-06,5830655.901,5763289.613
1.12e-05,0.000132012,3.733333e-06,6286564.47,6228392.194
1.12e-05,0.000132012,3.733333e-06,6675539.983,6624856.768
1.12e-05,0.000132012,3.733333e-06,7117081.576,7022346.428
1.12e-05,0.000132012,3.733333e-06,7744350.277,7660466.098
1.12e-05,0.000132012,3.733333e-06,8299070.725,8224600.145
1.12e-05,0.000132012,3.733333e-06,8794420.642,8728251.7
1.12e-05,0.000132012,3.733333e-06,9240221.127,9181388.337
1.12e-05,0.000132012,3.733333e-06,9644140.192,9591835.671
1.12e-05,0.000132012,3.733333e-06,10012236.23,9965776.82
1.12e-05,0.000132012,4.8e-06,3.84e-05,3.84e-05
1.12e-05,0.000132012,4.8e-06,4.27e-05,4.27e-05
1.12e-05,0.000132012,4.8e-06,4.69e-05,4.69e-05
1.12e-05,0.000132012,4.8e-06,5.12e-05,5.12e-05
1.12e-05,0.000132012,4.8e-06,5.55e-05,5.55e-05
1.12e-05,0.000132012,4.8e-06,5.97e-05,5.97e-05
1.12e-05,0.000132012,4.8e-06,6.4e-05,6.4e-05
1.12e-05,0.000132012,4.8e-06,6.83e-05,6.83e-05
1.12e-05,0.000132012,4.8e-06,7.25e-05,7.25e-05
1.12e-05,0.000132012,4.8e-06,7.68e-05,7.68e-05
1.12e-05,0.000132012,4.8e-06,8.11e-05,8.11e-05
1.12e-05,0.000132012,4.8e-06,8.53e-05,8.53e-05
1.12e-05,0.000132012,4.8e-06,8.96e-05,8.96e-05
1.12e-05,0.000132012,4.8e-06,3878365.755,3965809.504
1.12e-05,0.000132012,4.8e-06,4352105.861,4424110.72
1.12e-05,0.000132012,4.8e-06,4880232.487,4999489.525
1.12e-05,0.000132012,4.8e-06,5482186.741,5585019.211
1.12e-05,0.000132012,4.8e-06,5984750.653,6074028.874
1.12e-05,0.000132012,4.8e-06,6412086.585,6490128.775
1.12e-05,0.000132012,4.8e-06,6780652.012,6849120.383
1.12e-05,0.000132012,4.8e-06,7308497.877,7437507.873
1.12e-05,0.000132012,4.8e-06,7910634.567,8026001.035
1.12e-05,0.000132012,4.8e-06,8448319.693,8551323.764
1.12e-05,0.000132012,4.8e-06,8931552.625,9023622.05
1.12e-05,0.000132012,4.8e-06,9368800.611,9451131.143
1.12e-05,0.000132012,4.8e-06,9766756.192,9840358.319
1.12e-05,0.000132012,4.266667e-06,3.84e-05,3.84e-05
1.12e-05,0.000132012,4.266667e-06,4.27e-05,4.27e-05
1.12e-05,0.000132012,4.266667e-06,4.69e-05,4.69e-05
1.12e-05,0.000132012,4.266667e-06,5.12e-05,5.12e-05
1.12e-05,0.000132012,4.266667e-06,5.55e-05,5.55e-05
1.12e-05,0.000132012,4.266667e-06,5.97e-05,5.97e-05
1.12e-05,0.000132012,4.266667e-06,6.4e-05,6.4e-05
1.12e-05,0.000132012,4.266667e-06,6.83e-05,6.83e-05
1.12e-05,0.000132012,4.266667e-06,7.25e-05,7.25e-05
1.12e-05,0.000132012,4.266667e-06,7.68e-05,7.68e-05
1.12e-05,0.000132012,4.266667e-06,8.11e-05,8.11e-05
1.12e-05,0.000132012,4.266667e-06,8.53e-05,8.53e-05
1.12e-05,0.000132012,4.266667e-06,8.96e-05,8.96e-05
1.12e-05,0.000132012,4.266667e-06,4013147.939,3762223.255
1.12e-05,0.000132012,4.266667e-06,4462752.375,4256318.284
1.12e-05,0.000132012,4.266667e-06,5064367.708,4723046.375
1.12e-05,0.000132012,4.266667e-06,5640901.883,5346485.454
1.12e-05,0.000132012,4.266667e-06,6122478.074,5866731.729
1.12e-05,0.000132012,4.266667e-06,6532446.778,6308818.156
1.12e-05,0.000132012,4.266667e-06,6886206.27,6689933.093
1.12e-05,0.000132012,4.266667e-06,7507518.352,7138091.965
1.12e-05,0.000132012,4.266667e-06,8088465.092,7759363.189
1.12e-05,0.000132012,4.266667e-06,8607033.52,8311545.788
1.12e-05,0.000132012,4.266667e-06,9073358.572,8809156.922
1.12e-05,0.000132012,4.266667e-06,9495547.903,9259200.778
1.12e-05,0.000132012,4.266667e-06,9880007.839,9668621.627
1.12e-05,0.000132012,4.533333e-06,3.84e-05,3.84e-05
1.12e-05,0.000132012,4.533333e-06,4.27e-05,4.27e-05
1.12e-05,0.000132012,4.533333e-06,4.69e-05,4.69e-05
1.12e-05,0.000132012,4.533333e-06,5.12e-05,5.12e-05
1.12e-05,0.000132012,4.533333e-06,5.55e-05,5.55e-05
1.12e-05,0.000132012,4.533333e-06,5.97e-05,5.97e-05
1.12e-05,0.000132012,4.533333e-06,6.4e-05,6.4e-05
1.12e-05,0.000132012,4.533333e-06,6.83e-05,6.83e-05
1.12e-05,0.000132012,4.533333e-06,7.25e-05,7.25e-05
1.12e-05,0.000132012,4.533333e-06,7.68e-05,7.68e-05
1.12e-05,0.000132012,4.533333e-06,8.11e-05,8.11e-05
1.12e-05,0.000132012,4.533333e-06,8.53e-05,8.53e-05
1.12e-05,0.000132012,4.533333e-06,8.96e-05,8.96e-05
1.12e-05,0.000132012,4.533333e-06,3799162.638,54568065.03
1.12e-05,0.000132012,4.533333e-06,4286798.274,69044379.54
1.12e-05,0.000132012,4.533333e-06,4772887.345,79251146.99
1.12e-05,0.000132012,4.533333e-06,5389528.698,88401423.97
1.12e-05,0.000132012,4.533333e-06,5904187.669,96883047.95
1.12e-05,0.000132012,4.533333e-06,6341604.229,103342590.3
1.12e-05,0.000132012,4.533333e-06,6718747.245,108443429.3
1.12e-05,0.000132012,4.533333e-06,7192147.349,112532815.1
1.12e-05,0.000132012,4.533333e-06,7806238.635,115804088.6
1.12e-05,0.000132012,4.533333e-06,8355028.681,118410131.7
1.12e-05,0.000132012,4.533333e-06,8848078.942,120486060.1
1.12e-05,0.000132012,4.533333e-06,9294066.82,122142155.2
1.12e-05,0.000132012,4.533333e-06,9699854.376,123462921.2
1.12e-05,0.000132012,4e-06,3.84e-05,3.84e-05
1.12e-05,0.000132012,4e-06,4.27e-05,4.27e-05
1.12e-05,0.000132012,4e-06,4.69e-05,4.69e-05
1.12e-05,0.000132012,4e-06,5.12e-05,5.12e-05
1.12e-05,0.000132012,4e-06,5.55e-05,5.55e-05
1.12e-05,0.000132012,4e-06,5.97e-05,5.97e-05
1.12e-05,0.000132012,4e-06,6.4e-05,6.4e-05
1.12e-05,0.000132012,4e-06,6.83e-05,6.83e-05
1.12e-05,0.000132012,4e-06,7.25e-05,7.25e-05
1.12e-05,0.000132012,4e-06,7.68e-05,7.68e-05
1.12e-05,0.000132012,4e-06,8.11e-05,8.11e-05
1.12e-05,0.000132012,4e-06,8.53e-05,8.53e-05
1.12e-05,0.000132012,4e-06,8.96e-05,8.96e-05
1.12e-05,0.000132012,4e-06,58447199.08,60188822.37
1.12e-05,0.000132012,4e-06,73125356.44,74823806.42
1.12e-05,0.000132012,4e-06,83120794.83,85691480.7
1.12e-05,0.000132012,4e-06,94254258.76,96649303.94
1.12e-05,0.000132012,4e-06,102369802.1,104622271.4
1.12e-05,0.000132012,4e-06,108533056.5,110671236.5
1.12e-05,0.000132012,4e-06,113344844.6,115371311.5
1.12e-05,0.000132012,4e-06,117156225.7,119074227.3
1.12e-05,0.000132012,4e-06,120185223.0,122007721.5
1.12e-05,0.000132012,4e-06,122593839.5,124337863.4
1.12e-05,0.000132012,4e-06,124513336.6,126479027.9
1.12e-05,0.000132012,4e-06,126198969.8,129419366.6
1.12e-05,0.000132012,4e-06,128677520.7,131848107.7
1.12e-05,0.000132012,5.6e-06,3.84e-05,3.84e-05
1.12e-05,0.000132012,5.6e-06,4.27e-05,4.27e-05
1.12e-05,0.000132012,5.6e-06,4.69e-05,4.69e-05
1.12e-05,0.000132012,5.6e-06,5.12e-05,5.12e-05
1.12e-05,0.000132012,5.6e-06,5.55e-05,5.55e-05
1.12e-05,0.000132012,5.6e-06,5.97e-05,5.97e-05
1.12e-05,0.000132012,5.6e-06,6.4e-05,6.4e-05
1.12e-05,0.000132012,5.6e-06,6.83e-05,6.83e-05
1.12e-05,0.000132012,5.6e-06,7.25e-05,7.25e-05
1.12e-05,0.000132012,5.6e-06,7.68e-05,7.68e-05
1.12e-05,0.000132012,5.6e-06,8.11e-05,8.11e-05
1.12e-05,0.000132012,5.6e-06,8.53e-05,8.53e-05
1.12e-05,0.000132012,5.6e-06,8.96e-05,8.96e-05
1.12e-05,0.000132012,5.6e-06,63180016.47,67822435.48
1.12e-05,0.000132012,5.6e-06,77734958.61,82234142.36
1.12e-05,0.000132012,5.6e-06,90089481.13,96723384.23
1.12e-05,0.000132012,5.6e-06,100700319.3,106833273.3
1.12e-05,0.000132012,5.6e-06,108442331.4,114251712.6
1.12e-05,0.000132012,5.6e-06,114307733.2,119863907.6
1.12e-05,0.000132012,5.6e-06,118828177.6,124136241.7
1.12e-05,0.000132012,5.6e-06,122355306.4,128565177.0
1.12e-05,0.000132012,5.6e-06,125132633.1,133214684.8
1.12e-05,0.000132012,5.6e-06,128594753.1,137076323.5
1.12e-05,0.000132012,5.6e-06,132005173.9,140296068.8
1.12e-05,0.000132012,5.6e-06,134840406.5,142977620.5
1.12e-05,0.000132012,5.6e-06,137186400.7,145201871.9
1.12e-05,0.000132012,5.066667e-06,3.84e-05,3.84e-05
1.12e-05,0.000132012,5.066667e-06,4.27e-05,4.27e-05
1.12e-05,0.000132012,5.066667e-06,4.69e-05,4.69e-05
1.12e-05,0.000132012,5.066667e-06,5.12e-05,5.12e-05
1.12e-05,0.000132012,5.066667e-06,5.55e-05,5.55e-05
1.12e-05,0.000132012,5.066667e-06,5.97e-05,5.97e-05
1.12e-05,0.000132012,5.066667e-06,6.4e-05,6.4e-05
1.12e-05,0.000132012,5.066667e-06,6.83e-05,6.83e-05
1.12e-05,0.000132012,5.066667e-06,7.25e-05,7.25e-05
1.12e-05,0.000132012,5.066667e-06,7.68e-05,7.68e-05
1.12e-05,0.000132012,5.066667e-06,8.11e-05,8.11e-05
1.12e-05,0.000132012,5.066667e-06,8.53e-05,8.53e-05
1.12e-05,0.000132012,5.066667e-06,8.96e-05,8.96e-05
1.12e-05,0.000132012,5.066667e-06,66790518.64,64482198.18
1.12e-05,0.000132012,5.066667e-06,81236225.62,78999460.48
1.12e-05,0.000132012,5.066667e-06,95268587.11,91973606.62
1.12e-05,0.000132012,5.066667e-06,105485812.5,102439264.0
1.12e-05,0.000132012,5.066667e-06,112972525.9,110086243.0
1.12e-05,0.000132012,5.066667e-06,118637703.2,115876751.3
1.12e-05,0.000132012,5.066667e-06,122961979.6,120323844.7
1.12e-05,0.000132012,5.066667e-06,126600864.7,123778646.5
1.12e-05,0.000132012,5.066667e-06,131310357.5,126983086.0
1.12e-05,0.000132012,5.066667e-06,135222031.6,131010257.5
1.12e-05,0.000132012,5.066667e-06,138482853.5,134365646.9
1.12e-05,0.000132012,5.066667e-06,141197609.3,137156639.5
1.12e-05,0.000132012,5.066667e-06,143448249.5,139467686.7
1.12e-05,0.000132012,5.333333e-06,3.84e-05,3.84e-05
1.12e-05,0.000132012,5.333333e-06,4.27e-05,4.27e-05
1.12e-05,0.000132012,5.333333e-06,4.69e-05,4.69e-05
1.12e-05,0.000132012,5.333333e-06,5.12e-05,5.12e-05
1.12e-05,0.000132012,5.333333e-06,5.55e-05,5.55e-05
1.12e-05,0.000132012,5.333333e-06,5.97e-05,5.97e-05
1.12e-05,0.000132012,5.333333e-06,6.4e-05,6.4e-05
1.12e-05,0.000132012,5.333333e-06,6.83e-05,6.83e-05
1.12e-05,0.000132012,5.333333e-06,7.25e-05,7.25e-05
1.12e-05,0.000132012,5.333333e-06,7.68e-05,7.68e-05
1.12e-05,0.000132012,5.333333e-06,8.11e-05,8.11e-05
1.12e-05,0.000132012,5.333333e-06,8.53e-05,8.53e-05
1.12e-05,0.000132012,5.333333e-06,8.96e-05,8.96e-05
1.12e-05,0.000132012,5.333333e-06,68786140.07,69712438.29
1.12e-05,0.000132012,5.333333e-06,83165007.81,84557782.85
1.12e-05,0.000132012,5.333333e-06,98072163.2,99328031.32
1.12e-05,0.000132012,5.333333e-06,108083898.6,109249595.5
1.12e-05,0.000132012,5.333333e-06,115440443.2,116549749.0
1.12e-05,0.000132012,5.333333e-06,121004839.8,122070803.8
1.12e-05,0.000132012,5.333333e-06,125230302.8,126508166.5
1.12e-05,0.000132012,5.333333e-06,130382096.4,132070117.9
1.12e-05,0.000132012,5.333333e-06,134976697.4,136614203.5
1.12e-05,0.000132012,5.333333e-06,138792471.2,140387724.4
1.12e-05,0.000132012,5.333333e-06,141974503.4,143534960.9
1.12e-05,0.000132012,5.333333e-06,144625518.7,146157757.2
1.12e-05,0.000132012,5.333333e-06,146825456.2,148335185.5
1.12e-05,0.0003889991,2.4e-06,3.84e-05,3.84e-05
1.12e-05,0.0003889991,2.4e-06,4.27e-05,4.27e-05
1.12e-05,0.0003889991,2.4e-06,4.69e-05,4.69e-05
1.12e-05,0.0003889991,2.4e-06,5.12e-05,5.12e-05
1.12e-05,0.0003889991,2.4e-06,5.55e-05,5.55e-05
1.12e-05,0.0003889991,2.4e-06,5.97e-05,5.97e-05
1.12e-05,0.0003889991,2.4e-06,6.4e-05,6.4e-05
1.12e-05,0.0003889991,2.4e-06,6.83e-05,6.83e-05
1.12e-05,0.0003889991,2.4e-06,7.25e-05,7.25e-05
1.12e-05,0.0003889991,2.4e-06,7.68e-05,7.68e-05
1.12e-05,0.0003889991,2.4e-06,8.11e-05,8.11e-05
1.12e-05,0.0003889991,2.4e-06,8.53e-05,8.53e-05
1.12e-05,0.0003889991,2.4e-06,8.96e-05,8.96e-05
1.12e-05,0.0003889991,2.4e-06,12693999.13,12620830.11
1.12e-05,0.0003889991,2.4e-06,14128898.52,14080337.63
1.12e-05,0.0003889991,2.4e-06,15339302.99,15311956.69
1.12e-05,0.0003889991,2.4e-06,17060479.84,17039697.53
1.12e-05,0.0003889991,2.4e-06,19152808.51,19168832.57
1.12e-05,0.0003889991,2.4e-06,21019658.26,21067423.93
1.12e-05,0.0003889991,2.4e-06,22701145.03,22776827.88
1.12e-05,0.0003889991,2.4e-06,24533556.38,24766109.18
1.12e-05,0.0003889991,2.4e-06,27742634.69,28033635.88
1.12e-05,0.0003889991,2.4e-06,30696416.82,31040168.06
1.12e-05,0.0003889991,2.4e-06,33428561.85,33820187.44
1.12e-05,0.0003889991,2.4e-06,35964329.98,36491570.95
1.12e-05,0.0003889991,2.4e-06,40333306.42,41276949.54
1.12e-05,0.0003889991,2.666667e-06,3.84e-05,3.84e-05
1.12e-05,0.0003889991,2.666667e-06,4.27e-05,4.27e-05
1.12e-05,0.0003889991,2.666667e-06,4.69e-05,4.69e-05
1.12e-05,0.0003889991,2.666667e-06,5.12e-05,5.12e-05
1.12e-05,0.0003889991,2.666667e-06,5.55e-05,5.55e-05
1.12e-05,0.0003889991,2.666667e-06,5.97e-05,5.97e-05
1.12e-05,0.0003889991,2.666667e-06,6.4e-05,6.4e-05
1.12e-05,0.0003889991,2.666667e-06,6.83e-05,6.83e-05
1.12e-05,0.0003889991,2.666667e-06,7.25e-05,7.25e-05
1.12e-05,0.0003889991,2.666667e-06,7.68e-05,7.68e-05
1.12e-05,0.0003889991,2.666667e-06,8.11e-05,8.11e-05
1.12e-05,0.0003889991,2.666667e-06,8.53e-05,8.53e-05
1.12e-05,0.0003889991,2.666667e-06,8.96e-05,8.96e-05
1.12e-05,0.0003889991,2.666667e-06,12480591.14,12415167.52
1.12e-05,0.0003889991,2.666667e-06,13986579.76,13941848.56
1.12e-05,0.0003889991,2.666667e-06,15255640.01,15227454.72
1.12e-05,0.0003889991,2.666667e-06,16985305.93,16954634.44
1.12e-05,0.0003889991,2.666667e-06,19179813.48,19173129.36
1.12e-05,0.0003889991,2.666667e-06,21134842.62,21158784.86
1.12e-05,0.0003889991,2.666667e-06,22893881.98,22940073.76
1.12e-05,0.0003889991,2.666667e-06,25141776.08,25296627.56
1.12e-05,0.0003889991,2.666667e-06,28513670.21,28715428.75
1.12e-05,0.0003889991,2.666667e-06,31614217.21,31858126.62
1.12e-05,0.0003889991,2.666667e-06,34479415.66,34761528.63
1.12e-05,0.0003889991,2.666667e-06,37972059.98,38611221.34
1.12e-05,0.0003889991,2.666667e-06,42905042.31,43607164.74
1.12e-05,0.0003889991,2.933333e-06,3.84e-05,3.84e-05
1.12e-05,0.0003889991,2.933333e-06,4.27e-05,4.27e-05
1.12e-05,0.0003889991,2.933333e-06,4.69e-05,4.69e-05
1.12e-05,0.0003889991,2.933333e-06,5.12e-05,5.12e-05
1.12e-05,0.0003889991,2.933333e-06,5.55e-05,5.55e-05
1.12e-05,0.0003889991,2.933333e-06,5.97e-05,5.97e-05
1.12e-05,0.0003889991,2.933333e-06,6.4e-05,6.4e-05
1.12e-05,0.0003889991,2.933333e-06,6.83e-05,6.83e-05
1.12e-05,0.0003889991,2.933333e-06,7.25e-05,7.25e-05
1.12e-05,0.0003889991,2.933333e-06,7.68e-05,7.68e-05
1.12e-05,0.0003889991,2.933333e-06,8.11e-05,8.11e-05
1.12e-05,0.0003889991,2.933333e-06,8.53e-05,8.53e-05
1.12e-05,0.0003889991,2.933333e-06,8.96e-05,8.96e-05
1.12e-05,0.0003889991,2.933333e-06,12293129.06,12236217.18
1.12e-05,0.0003889991,2.933333e-06,13857031.14,13816915.82
1.12e-05,0.0003889991,2.933333e-06,15171867.33,15148276.3
1.12e-05,0.0003889991,2.933333e-06,16887813.45,16856633.37
1.12e-05,0.0003889991,2.933333e-06,19163560.66,19156046.7
1.12e-05,0.0003889991,2.933333e-06,21193896.47,21206809.66
1.12e-05,0.0003889991,2.933333e-06,23015527.23,23046829.57
1.12e-05,0.0003889991,2.933333e-06,25559534.56,25672731.44
1.12e-05,0.0003889991,2.933333e-06,29063403.55,29215330.99
1.12e-05,0.0003889991,2.933333e-06,32282391.57,32468980.83
1.12e-05,0.0003889991,2.933333e-06,35254980.43,35487799.75
1.12e-05,0.0003889991,2.933333e-06,39762810.98,40268248.59
1.12e-05,0.0003889991,2.933333e-06,44851210.77,45407992.28
1.12e-05,0.0003889991,3.2e-06,3.84e-05,3.84e-05
1.12e-05,0.0003889991,3.2e-06,4.27e-05,4.27e-05
1.12e-05,0.0003889991,3.2e-06,4.69e-05,4.69e-05
1.12e-05,0.0003889991,3.2e-06,5.12e-05,5.12e-05
1.12e-05,0.0003889991,3.2e-06,5.55e-05,5.55e-05
1.12e-05,0.0003889991,3.2e-06,5.97e-05,5.97e-05
1.12e-05,0.0003889991,3.2e-06,6.4e-05,6.4e-05
1.12e-05,0.0003889991,3.2e-06,6.83e-05,6.83e-05
1.12e-05,0.0003889991,3.2e-06,7.25e-05,7.25e-05
1.12e-05,0.0003889991,3.2e-06,7.68e-05,7.68e-05
1.12e-05,0.0003889991,3.2e-06,8.11e-05,8.11e-05
1.12e-05,0.0003889991,3.2e-06,8.53e-05,8.53e-05
1.12e-05,0.0003889991,3.2e-06,8.96e-05,8.96e-05
1.12e-05,0.0003889991,3.2e-06,12032435.71,12129843.58
1.12e-05,0.0003889991,3.2e-06,13673943.46,13741003.31
1.12e-05,0.0003889991,3.2e-06,15052682.72,15098858.84
1.12e-05,0.0003889991,3.2e-06,16733109.05,16794133.44
1.12e-05,0.0003889991,3.2e-06,19117224.84,19137821.94
1.12e-05,0.0003889991,3.2e-06,21239853.31,21226290.69
1.12e-05,0.0003889991,3.2e-06,23144088.89,23100107.2
1.12e-05,0.0003889991,3.2e-06,26042203.11,25871653.02
1.12e-05,0.0003889991,3.2e-06,29719308.73,29485236.48
1.12e-05,0.0003889991,3.2e-06,33115121.34,32818203.96
1.12e-05,0.0003889991,3.2e-06,36235975.1,35885564.37
1.12e-05,0.0003889991,3.2e-06,41994349.87,41183127.99
1.12e-05,0.0003889991,3.2e-06,47315657.47,46418033.93
1.12e-05,0.0003889991,3.466667e-06,3.84e-05,3.84e-05
1.12e-05,0.0003889991,3.466667e-06,4.27e-05,4.27e-05
1.12e-05,0.0003889991,3.466667e-06,4.69e-05,4.69e-05
1.12e-05,0.0003889991,3.466667e-06,5.12e-05,5.12e-05
1.12e-05,0.0003889991,3.466667e-06,5.55e-05,5.55e-05
1.12e-05,0.0003889991,3.466667e-06,5.97e-05,5.97e-05
1.12e-05,0.0003889991,3.466667e-06,6.4e-05,6.4e-05
1.12e-05,0.0003889991,3.466667e-06,6.83e-05,6.83e-05
1.12e-05,0.0003889991,3.466667e-06,7.25e-05,7.25e-05
1.12e-05,0.0003889991,3.466667e-06,7.68e-05,7.68e-05
1.12e-05,0.0003889991,3.466667e-06,8.11e-05,8.11e-05
1.12e-05,0.0003889991,3.466667e-06,8.53e-05,8.53e-05
1.12e-05,0.0003889991,3.466667e-06,8.96e-05,8.96e-05
1.12e-05,0.0003889991,3.466667e-06,4298576.738,4226674.421
1.12e-05,0.0003889991,3.466667e-06,4813960.527,4694919.347
1.12e-05,0.0003889991,3.466667e-06,5445145.962,5344396.914
1.12e-05,0.0003889991,3.466667e-06,5961230.578,5875110.226
1.12e-05,0.0003889991,3.466667e-06,6393476.627,6319254.311
1.12e-05,0.0003889991,3.466667e-06,6761648.604,6697246.619
1.12e-05,0.0003889991,3.466667e-06,7267658.04,7147021.035
1.12e-05,0.0003889991,3.466667e-06,7867226.151,7760951.125
1.12e-05,0.0003889991,3.466667e-06,8397828.55,8304022.905
1.12e-05,0.0003889991,3.466667e-06,8871926.832,8789036.452
1.12e-05,0.0003889991,3.466667e-06,9298941.568,9225683.362
1.12e-05,0.0003889991,3.466667e-06,9686156.85,9621458.148
1.12e-05,0.0003889991,3.466667e-06,10039322.34,9982276.797
1.12e-05,0.0003889991,3.733333e-06,3.84e-05,3.84e-05
1.12e-05,0.0003889991,3.733333e-06,4.27e-05,4.27e-05
1.12e-05,0.0003889991,3.733333e-06,4.69e-05,4.69e-05
1.12e-05,0.0003889991,3.733333e-06,5.12e-05,5.12e-05
1.12e-05,0.0003889991,3.733333e-06,5.55e-05,5.55e-05
1.12e-05,0.0003889991,3.733333e-06,5.97e-05,5.97e-05
1.12e-05,0.0003889991,3.733333e-06,6.4e-05,6.4e-05
1.12e-05,0.0003889991,3.733333e-06,6.83e-05,6.83e-05
1.12e-05,0.0003889991,3.733333e-06,7.25e-05,7.25e-05
1.12e-05,0.0003889991,3.733333e-06,7.68e-05,7.68e-05
1.12e-05,0.0003889991,3.733333e-06,8.11e-05,8.11e-05
1.12e-05,0.0003889991,3.733333e-06,8.53e-05,8.53e-05
1.12e-05,0.0003889991,3.733333e-06,8.96e-05,8.96e-05
1.12e-05,0.0003889991,3.733333e-06,4098456.556,4040557.989
1.12e-05,0.0003889991,3.733333e-06,4527352.833,4479803.953
1.12e-05,0.0003889991,3.733333e-06,5165274.013,5084969.885
1.12e-05,0.0003889991,3.733333e-06,5721507.338,5652468.966
1.12e-05,0.0003889991,3.733333e-06,6186475.671,6126658.265
1.12e-05,0.0003889991,3.733333e-06,6582343.708,6530225.086
1.12e-05,0.0003889991,3.733333e-06,6930894.335,6878590.738
1.12e-05,0.0003889991,3.733333e-06,7569831.24,7483423.565
1.12e-05,0.0003889991,3.733333e-06,8134681.928,8057901.075
1.12e-05,0.0003889991,3.733333e-06,8638780.815,8570443.24
1.12e-05,0.0003889991,3.733333e-06,9092287.282,9031414.44
1.12e-05,0.0003889991,3.733333e-06,9503059.45,9448832.259
1.12e-05,0.0003889991,3.733333e-06,9877300.977,9829026.566
1.12e-05,0.0003889991,4.8e-06,3.84e-05,3.84e-05
1.12e-05,0.0003889991,4.8e-06,4.27e-05,4.27e-05
1.12e-05,0.0003889991,4.8e-06,4.69e-05,4.69e-05
1.12e-05,0.0003889991,4.8e-06,5.12e-05,5.12e-05
1.12e-05,0.0003889991,4.8e-06,5.55e-05,5.55e-05
1.12e-05,0.0003889991,4.8e-06,5.97e-05,5.97e-05
1.12e-05,0.0003889991,4.8e-06,6.4e-05,6.4e-05
1.12e-05,0.0003889991,4.8e-06,6.83e-05,6.83e-05
1.12e-05,0.0003889991,4.8e-06,7.25e-05,7.25e-05
1.12e-05,0.0003889991,4.8e-06,7.68e-05,7.68e-05
1.12e-05,0.0003889991,4.8e-06,8.11e-05,8.11e-05
1.12e-05,0.0003889991,4.8e-06,8.53e-05,8.53e-05
1.12e-05,0.0003889991,4.8e-06,8.96e-05,8.96e-05
1.12e-05,0.0003889991,4.8e-06,3797232.465,3886603.876
1.12e-05,0.0003889991,4.8e-06,4279078.606,4352975.987
1.12e-05,0.0003889991,4.8e-06,4750851.256,4872921.456
1.12e-05,0.0003889991,4.8e-06,5364334.87,5469748.819
1.12e-05,0.0003889991,4.8e-06,5876288.822,5968004.313
1.12e-05,0.0003889991,4.8e-06,6311430.719,6391683.408
1.12e-05,0.0003889991,4.8e-06,6686548.275,6757084.657
1.12e-05,0.0003889991,4.8e-06,7120476.925,7253628.091
1.12e-05,0.0003889991,4.8e-06,7734375.306,7853215.498
1.12e-05,0.0003889991,4.8e-06,8281517.909,8387793.937
1.12e-05,0.0003889991,4.8e-06,8773101.147,8868259.439
1.12e-05,0.0003889991,4.8e-06,9217793.184,9303043.736
1.12e-05,0.0003889991,4.8e-06,9622438.637,9698804.451
1.12e-05,0.0003889991,4.266667e-06,3.84e-05,3.84e-05
1.12e-05,0.0003889991,4.266667e-06,4.27e-05,4.27e-05
1.12e-05,0.0003889991,4.266667e-06,4.69e-05,4.69e-05
1.12e-05,0.0003889991,4.266667e-06,5.12e-05,5.12e-05
1.12e-05,0.0003889991,4.266667e-06,5.55e-05,5.55e-05
1.12e-05,0.0003889991,4.266667e-06,5.97e-05,5.97e-05
1.12e-05,0.0003889991,4.266667e-06,6.4e-05,6.4e-05
1.12e-05,0.0003889991,4.266667e-06,6.83e-05,6.83e-05
1.12e-05,0.0003889991,4.266667e-06,7.25e-05,7.25e-05
1.12e-05,0.0003889991,4.266667e-06,7.68e-05,7.68e-05
1.12e-05,0.0003889991,4.266667e-06,8.11e-05,8.11e-05
1.12e-05,0.0003889991,4.266667e-06,8.53e-05,8.53e-05
1.12e-05,0.0003889991,4.266667e-06,8.96e-05,8.96e-05
1.12e-05,0.0003889991,4.266667e-06,3934989.566,3678553.736
1.12e-05,0.0003889991,4.266667e-06,4392897.753,4181147.687
1.12e-05,0.0003889991,4.266667e-06,4939328.513,4589973.165
1.12e-05,0.0003889991,4.266667e-06,5527029.939,5225210.081
1.12e-05,0.0003889991,4.266667e-06,6017788.683,5755080.196
1.12e-05,0.0003889991,4.266667e-06,6435199.348,6205232.211
1.12e-05,0.0003889991,4.266667e-06,6795289.189,6593079.606
1.12e-05,0.0003889991,4.266667e-06,7325816.195,6946012.785
1.12e-05,0.0003889991,4.266667e-06,7917580.996,7576850.947
1.12e-05,0.0003889991,4.266667e-06,8445292.708,8140501.114
1.12e-05,0.0003889991,4.266667e-06,8919682.294,8646682.565
1.12e-05,0.0003889991,4.266667e-06,9349052.554,9104378.72
1.12e-05,0.0003889991,4.266667e-06,9739959.1,9520684.278
1.12e-05,0.0003889991,4.533333e-06,3.84e-05,3.84e-05
1.12e-05,0.0003889991,4.533333e-06,4.27e-05,4.27e-05
1.12e-05,0.0003889991,4.533333e-06,4.69e-05,4.69e-05
1.12e-05,0.0003889991,4.533333e-06,5.12e-05,5.12e-05
1.12e-05,0.0003889991,4.533333e-06,5.55e-05,5.55e-05
1.12e-05,0.0003889991,4.533333e-06,5.97e-05,5.97e-05
1.12e-05,0.0003889991,4.533333e-06,6.4e-05,6.4e-05
1.12e-05,0.0003889991,4.533333e-06,6.83e-05,6.83e-05
1.12e-05,0.0003889991,4.533333e-06,7.25e-05,7.25e-05
1.12e-05,0.0003889991,4.533333e-06,7.68e-05,7.68e-05
1.12e-05,0.0003889991,4.533333e-06,8.11e-05,8.11e-05
1.12e-05,0.0003889991,4.533333e-06,8.53e-05,8.53e-05
1.12e-05,0.0003889991,4.533333e-06,8.96e-05,8.96e-05
1.12e-05,0.0003889991,4.533333e-06,3716295.585,53461022.21
1.12e-05,0.0003889991,4.533333e-06,4212369.734,67349291.92
1.12e-05,0.0003889991,4.533333e-06,4640979.974,77748319.49
1.12e-05,0.0003889991,4.533333e-06,5269341.445,86156139.98
1.12e-05,0.0003889991,4.533333e-06,5793546.102,94810875.87
1.12e-05,0.0003889991,4.533333e-06,6238949.394,101420028.4
1.12e-05,0.0003889991,4.533333e-06,6622768.574,106668732.5
1.12e-05,0.0003889991,4.533333e-06,7001626.299,110900045.8
1.12e-05,0.0003889991,4.533333e-06,7626900.298,114297198.4
1.12e-05,0.0003889991,4.533333e-06,8185316.931,117008942.4
1.12e-05,0.0003889991,4.533333e-06,8686871.296,119171667.6
1.12e-05,0.0003889991,4.533333e-06,9140447.841,120898778.0
1.12e-05,0.0003889991,4.533333e-06,9553060.16,122277905.6
1.12e-05,0.0003889991,4e-06,3.84e-05,3.84e-05
1.12e-05,0.0003889991,4e-06,4.27e-05,4.27e-05
1.12e-05,0.0003889991,4e-06,4.69e-05,4.69e-05
1.12e-05,0.0003889991,4e-06,5.12e-05,5.12e-05
1.12e-05,0.0003889991,4e-06,5.55e-05,5.55e-05
1.12e-05,0.0003889991,4e-06,5.97e-05,5.97e-05
1.12e-05,0.0003889991,4e-06,6.4e-05,6.4e-05
1.12e-05,0.0003889991,4e-06,6.83e-05,6.83e-05
1.12e-05,0.0003889991,4e-06,7.25e-05,7.25e-05
1.12e-05,0.0003889991,4e-06,7.68e-05,7.68e-05
1.12e-05,0.0003889991,4e-06,8.11e-05,8.11e-05
1.12e-05,0.0003889991,4e-06,8.53e-05,8.53e-05
1.12e-05,0.0003889991,4e-06,8.96e-05,8.96e-05
1.12e-05,0.0003889991,4e-06,56496351.16,58244111.76
1.12e-05,0.0003889991,4e-06,71461491.48,73170203.3
1.12e-05,0.0003889991,4e-06,81642140.11,83314179.6
1.12e-05,0.0003889991,4e-06,92074540.69,94495746.14
1.12e-05,0.0003889991,4e-06,100355096.8,102630456.0
1.12e-05,0.0003889991,4e-06,106662048.5,108820756.8
1.12e-05,0.0003889991,4e-06,111615955.2,113660655.8
1.12e-05,0.0003889991,4e-06,115563498.0,117497421.8
1.12e-05,0.0003889991,4e-06,118713318.8,120549701.6
1.12e-05,0.0003889991,4e-06,121223672.3,122979975.8
1.12e-05,0.0003889991,4e-06,123227008.1,124919543.6
1.12e-05,0.0003889991,4e-06,124828985.1,127033966.3
1.12e-05,0.0003889991,4e-06,126331518.8,129536720.2
1.12e-05,0.0003889991,5.6e-06,3.84e-05,3.84e-05
1.12e-05,0.0003889991,5.6e-06,4.27e-05,4.27e-05
1.12e-05,0.0003889991,5.6e-06,4.69e-05,4.69e-05
1.12e-05,0.0003889991,5.6e-06,5.12e-05,5.12e-05
1.12e-05,0.0003889991,5.6e-06,5.55e-05,5.55e-05
1.12e-05,0.0003889991,5.6e-06,5.97e-05,5.97e-05
1.12e-05,0.0003889991,5.6e-06,6.4e-05,6.4e-05
1.12e-05,0.0003889991,5.6e-06,6.83e-05,6.83e-05
1.12e-05,0.0003889991,5.6e-06,7.25e-05,7.25e-05
1.12e-05,0.0003889991,5.6e-06,7.68e-05,7.68e-05
1.12e-05,0.0003889991,5.6e-06,8.11e-05,8.11e-05
1.12e-05,0.0003889991,5.6e-06,8.53e-05,8.53e-05
1.12e-05,0.0003889991,5.6e-06,8.96e-05,8.96e-05
1.12e-05,0.0003889991,5.6e-06,61245769.52,65906812.68
1.12e-05,0.0003889991,5.6e-06,76098659.53,80624242.77
1.12e-05,0.0003889991,5.6e-06,87762927.33,94471400.23
1.12e-05,0.0003889991,5.6e-06,98590070.0,104786254.9
1.12e-05,0.0003889991,5.6e-06,106488367.1,112352906.5
1.12e-05,0.0003889991,5.6e-06,112491187.2,118096773.5
1.12e-05,0.0003889991,5.6e-06,117147653.9,122499575.4
1.12e-05,0.0003889991,5.6e-06,120804792.8,125914260.1
1.12e-05,0.0003889991,5.6e-06,123697504.6,130692223.9
1.12e-05,0.0003889991,5.6e-06,126085960.9,134663713.2
1.12e-05,0.0003889991,5.6e-06,129595069.1,137977599.5
1.12e-05,0.0003889991,5.6e-06,132514626.9,140739818.7
1.12e-05,0.0003889991,5.6e-06,134932681.1,143033217.8
1.12e-05,0.0003889991,5.066667e-06,3.84e-05,3.84e-05
1.12e-05,0.0003889991,5.066667e-06,4.27e-05,4.27e-05
1.12e-05,0.0003889991,5.066667e-06,4.69e-05,4.69e-05
1.12e-05,0.0003889991,5.066667e-06,5.12e-05,5.12e-05
1.12e-05,0.0003889991,5.066667e-06,5.55e-05,5.55e-05
1.12e-05,0.0003889991,5.066667e-06,5.97e-05,5.97e-05
1.12e-05,0.0003889991,5.066667e-06,6.4e-05,6.4e-05
1.12e-05,0.0003889991,5.066667e-06,6.83e-05,6.83e-05
1.12e-05,0.0003889991,5.066667e-06,7.25e-05,7.25e-05
1.12e-05,0.0003889991,5.066667e-06,7.68e-05,7.68e-05
1.12e-05,0.0003889991,5.066667e-06,8.11e-05,8.11e-05
1.12e-05,0.0003889991,5.066667e-06,8.53e-05,8.53e-05
1.12e-05,0.0003889991,5.066667e-06,8.96e-05,8.96e-05
1.12e-05,0.0003889991,5.066667e-06,64870240.33,62552692.74
1.12e-05,0.0003889991,5.066667e-06,79620473.5,77370599.48
1.12e-05,0.0003889991,5.066667e-06,93000459.09,89668477.77
1.12e-05,0.0003889991,5.066667e-06,103425148.4,100347233.5
1.12e-05,0.0003889991,5.066667e-06,111061827.4,108148184.7
1.12e-05,0.0003889991,5.066667e-06,116859920.0,114074459.4
1.12e-05,0.0003889991,5.066667e-06,121315863.0,118655975.1
1.12e-05,0.0003889991,5.066667e-06,124774349.6,122239167.2
1.12e-05,0.0003889991,5.066667e-06,128765826.7,125065618.5
1.12e-05,0.0003889991,5.066667e-06,132788553.4,128529046.4
1.12e-05,0.0003889991,5.066667e-06,136144503.1,131981819.9
1.12e-05,0.0003889991,5.066667e-06,138940722.6,134856091.6
1.12e-05,0.0003889991,5.066667e-06,141261146.3,137238368.0
1.12e-05,0.0003889991,5.333333e-06,3.84e-05,3.84e-05
1.12e-05,0.0003889991,5.333333e-06,4.27e-05,4.27e-05
1.12e-05,0.0003889991,5.333333e-06,4.69e-05,4.69e-05
1.12e-05,0.0003889991,5.333333e-06,5.12e-05,5.12e-05
1.12e-05,0.0003889991,5.333333e-06,5.55e-05,5.55e-05
1.12e-05,0.0003889991,5.333333e-06,5.97e-05,5.97e-05
1.12e-05,0.0003889991,5.333333e-06,6.4e-05,6.4e-05
1.12e-05,0.0003889991,5.333333e-06,6.83e-05,6.83e-05
1.12e-05,0.0003889991,5.333333e-06,7.25e-05,7.25e-05
1.12e-05,0.0003889991,5.333333e-06,7.68e-05,7.68e-05
1.12e-05,0.0003889991,5.333333e-06,8.11e-05,8.11e-05
1.12e-05,0.0003889991,5.333333e-06,8.53e-05,8.53e-05
1.12e-05,0.0003889991,5.333333e-06,8.96e-05,8.96e-05
1.12e-05,0.0003889991,5.333333e-06,66875286.94,67783535.63
1.12e-05,0.0003889991,5.333333e-06,81560584.2,82437381.23
1.12e-05,0.0003889991,5.333333e-06,95835039.78,97104651.45
1.12e-05,0.0003889991,5.333333e-06,106049418.9,107226693.0
1.12e-05,0.0003889991,5.333333e-06,113552559.5,114671945.3
1.12e-05,0.0003889991,5.333333e-06,119247483.6,120322469.3
1.12e-05,0.0003889991,5.333333e-06,123602312.9,124633771.9
1.12e-05,0.0003889991,5.333333e-06,127752826.9,129460886.9
1.12e-05,0.0003889991,5.333333e-06,132474574.9,134130910.9
1.12e-05,0.0003889991,5.333333e-06,136399093.0,138012153.1
1.12e-05,0.0003889991,5.333333e-06,139674356.2,141251777.6
1.12e-05,0.0003889991,5.333333e-06,142405303.5,143953823.2
1.12e-05,0.0003889991,5.333333e-06,144673800.6,146199264.3
1.12e-05,4.48e-05,2.4e-06,3.84e-05,3.84e-05
1.12e-05,4.48e-05,2.4e-06,4.27e-05,4.27e-05
1.12e-05,4.48e-05,2.4e-06,4.69e-05,4.69e-05
1.12e-05,4.48e-05,2.4e-06,5.12e-05,5.12e-05
1.12e-05,4.48e-05,2.4e-06,5.55e-05,5.55e-05
1.12e-05,4.48e-05,2.4e-06,5.97e-05,5.97e-05
1.12e-05,4.48e-05,2.4e-06,6.4e-05,6.4e-05
1.12e-05,4.48e-05,2.4e-06,6.83e-05,6.83e-05
1.12e-05,4.48e-05,2.4e-06,7.25e-05,7.25e-05
1.12e-05,4.48e-05,2.4e-06,7.68e-05,7.68e-05
1.12e-05,4.48e-05,2.4e-06,8.11e-05,8.11e-05
1.12e-05,4.48e-05,2.4e-06,8.53e-05,8.53e-05
1.12e-05,4.48e-05,2.4e-06,8.96e-05,8.96e-05
1.12e-05,4.48e-05,2.4e-06,12818035.43,12745007.42
1.12e-05,4.48e-05,2.4e-06,14240596.63,14193597.87
1.12e-05,4.48e-05,2.4e-06,15442318.56,15416027.46
1.12e-05,4.48e-05,2.4e-06,17280115.49,17259178.32
1.12e-05,4.48e-05,2.4e-06,19357974.91,19377098.29
1.12e-05,4.48e-05,2.4e-06,21216477.73,21266804.57
1.12e-05,4.48e-05,2.4e-06,22884076.21,22960970.94
1.12e-05,4.48e-05,2.4e-06,24943784.78,25181750.14
1.12e-05,4.48e-05,2.4e-06,28135467.96,28431392.66
1.12e-05,4.48e-05,2.4e-06,31073253.67,31421459.27
1.12e-05,4.48e-05,2.4e-06,33790514.03,34186103.74
1.12e-05,4.48e-05,2.4e-06,36319157.56,37198865.05
1.12e-05,4.48e-05,2.4e-06,40994158.33,41941816.74
1.12e-05,4.48e-05,2.666667e-06,3.84e-05,3.84e-05
1.12e-05,4.48e-05,2.666667e-06,4.27e-05,4.27e-05
1.12e-05,4.48e-05,2.666667e-06,4.69e-05,4.69e-05
1.12e-05,4.48e-05,2.666667e-06,5.12e-05,5.12e-05
1.12e-05,4.48e-05,2.666667e-06,5.55e-05,5.55e-05
1.12e-05,4.48e-05,2.666667e-06,5.97e-05,5.97e-05
1.12e-05,4.48e-05,2.666667e-06,6.4e-05,6.4e-05
1.12e-05,4.48e-05,2.666667e-06,6.83e-05,6.83e-05
1.12e-05,4.48e-05,2.666667e-06,7.25e-05,7.25e-05
1.12e-05,4.48e-05,2.666667e-06,7.68e-05,7.68e-05
1.12e-05,4.48e-05,2.666667e-06,8.11e-05,8.11e-05
1.12e-05,4.48e-05,2.666667e-06,8.53e-05,8.53e-05
1.12e-05,4.48e-05,2.666667e-06,8.96e-05,8.96e-05
1.12e-05,4.48e-05,2.666667e-06,12608102.96,12544191.02
1.12e-05,4.48e-05,2.666667e-06,14102554.97,14058984.06
1.12e-05,4.48e-05,2.666667e-06,15360670.86,15336380.91
1.12e-05,4.48e-05,2.666667e-06,17212825.88,17185260.49
1.12e-05,4.48e-05,2.666667e-06,19393650.35,19394769.72
1.12e-05,4.48e-05,2.666667e-06,21338821.6,21364832.47
1.12e-05,4.48e-05,2.666667e-06,23086661.14,23134621.75
1.12e-05,4.48e-05,2.666667e-06,25567275.76,25726651.82
1.12e-05,4.48e-05,2.666667e-06,28920490.53,29126465.59
1.12e-05,4.48e-05,2.666667e-06,32003742.14,32251559.03
1.12e-05,4.48e-05,2.666667e-06,34852727.2,35138339.26
1.12e-05,4.48e-05,2.666667e-06,38693202.09,39337878.28
1.12e-05,4.48e-05,2.666667e-06,43582778.76,44289344.12
1.12e-05,4.48e-05,2.933333e-06,3.84e-05,3.84e-05
1.12e-05,4.48e-05,2.933333e-06,4.27e-05,4.27e-05
1.12e-05,4.48e-05,2.933333e-06,4.69e-05,4.69e-05
1.12e-05,4.48e-05,2.933333e-06,5.12e-05,5.12e-05
1.12e-05,4.48e-05,2.933333e-06,5.55e-05,5.55e-05
1.12e-05,4.48e-05,2.933333e-06,5.97e-05,5.97e-05
1.12e-05,4.48e-05,2.933333e-06,6.4e-05,6.4e-05
1.12e-05,4.48e-05,2.933333e-06,6.83e-05,6.83e-05
1.12e-05,4.48e-05,2.933333e-06,7.25e-05,7.25e-05
1.12e-05,4.48e-05,2.933333e-06,7.68e-05,7.68e-05
1.12e-05,4.48e-05,2.933333e-06,8.11e-05,8.11e-05
1.12e-05,4.48e-05,2.933333e-06,8.53e-05,8.53e-05
1.12e-05,4.48e-05,2.933333e-06,8.96e-05,8.96e-05
1.12e-05,4.48e-05,2.933333e-06,12424916.53,12369272.58
1.12e-05,4.48e-05,2.933333e-06,13976097.29,13936751.01
1.12e-05,4.48e-05,2.933333e-06,15284565.81,15259630.55
1.12e-05,4.48e-05,2.933333e-06,17126370.91,17096253.59
1.12e-05,4.48e-05,2.933333e-06,19388395.49,19382337.6
1.12e-05,4.48e-05,2.933333e-06,21403686.34,21418296.24
1.12e-05,4.48e-05,2.933333e-06,23213309.59,23246097.27
1.12e-05,4.48e-05,2.933333e-06,25997941.93,26115048.75
1.12e-05,4.48e-05,2.933333e-06,29482454.1,29638219.14
1.12e-05,4.48e-05,2.933333e-06,32683357.8,32873611.85
1.12e-05,4.48e-05,2.933333e-06,35638633.25,35860046.76
1.12e-05,4.48e-05,2.933333e-06,40472986.7,40978572.93
1.12e-05,4.48e-05,2.933333e-06,45541634.03,46102233.92
1.12e-05,4.48e-05,3.2e-06,3.84e-05,3.84e-05
1.12e-05,4.48e-05,3.2e-06,4.27e-05,4.27e-05
1.12e-05,4.48e-05,3.2e-06,4.69e-05,4.69e-05
1.12e-05,4.48e-05,3.2e-06,5.12e-05,5.12e-05
1.12e-05,4.48e-05,3.2e-06,5.55e-05,5.55e-05
1.12e-05,4.48e-05,3.2e-06,5.97e-05,5.97e-05
1.12e-05,4.48e-05,3.2e-06,6.4e-05,6.4e-05
1.12e-05,4.48e-05,3.2e-06,6.83e-05,6.83e-05
1.12e-05,4.48e-05,3.2e-06,7.25e-05,7.25e-05
1.12e-05,4.48e-05,3.2e-06,7.68e-05,7.68e-05
1.12e-05,4.48e-05,3.2e-06,8.11e-05,8.11e-05
1.12e-05,4.48e-05,3.2e-06,8.53e-05,8.53e-05
1.12e-05,4.48e-05,3.2e-06,8.96e-05,8.96e-05
1.12e-05,4.48e-05,3.2e-06,12169931.2,12265236.6
1.12e-05,4.48e-05,3.2e-06,13798961.28,13866211.57
1.12e-05,4.48e-05,3.2e-06,15167391.49,15211984.51
1.12e-05,4.48e-05,3.2e-06,16978634.37,17036494.37
1.12e-05,4.48e-05,3.2e-06,19348795.02,19366838.86
1.12e-05,4.48e-05,3.2e-06,21457193.39,21440873.03
1.12e-05,4.48e-05,3.2e-06,23348590.99,23302121.23
1.12e-05,4.48e-05,3.2e-06,26498705.09,26321325.91
1.12e-05,4.48e-05,3.2e-06,30156798.75,29915548.84
1.12e-05,4.48e-05,3.2e-06,33511867.31,33214116.39
1.12e-05,4.48e-05,3.2e-06,36957732.62,36272570.39
1.12e-05,4.48e-05,3.2e-06,42744835.29,41925742.34
1.12e-05,4.48e-05,3.2e-06,48023493.25,47119384.86
1.12e-05,4.48e-05,3.466667e-06,3.84e-05,3.84e-05
1.12e-05,4.48e-05,3.466667e-06,4.27e-05,4.27e-05
1.12e-05,4.48e-05,3.466667e-06,4.69e-05,4.69e-05
1.12e-05,4.48e-05,3.466667e-06,5.12e-05,5.12e-05
1.12e-05,4.48e-05,3.466667e-06,5.55e-05,5.55e-05
1.12e-05,4.48e-05,3.466667e-06,5.97e-05,5.97e-05
1.12e-05,4.48e-05,3.466667e-06,6.4e-05,6.4e-05
1.12e-05,4.48e-05,3.466667e-06,6.83e-05,6.83e-05
1.12e-05,4.48e-05,3.466667e-06,7.25e-05,7.25e-05
1.12e-05,4.48e-05,3.466667e-06,7.68e-05,7.68e-05
1.12e-05,4.48e-05,3.466667e-06,8.11e-05,8.11e-05
1.12e-05,4.48e-05,3.466667e-06,8.53e-05,8.53e-05
1.12e-05,4.48e-05,3.466667e-06,8.96e-05,8.96e-05
1.12e-05,4.48e-05,3.466667e-06,4334982.109,4264169.621
1.12e-05,4.48e-05,3.466667e-06,4879747.654,4762015.274
1.12e-05,4.48e-05,3.466667e-06,5504183.905,5404625.85
1.12e-05,4.48e-05,3.466667e-06,6015044.603,5929988.756
1.12e-05,4.48e-05,3.466667e-06,6442945.971,6369725.204
1.12e-05,4.48e-05,3.466667e-06,6807828.147,6744434.612
1.12e-05,4.48e-05,3.466667e-06,7359730.562,7240824.047
1.12e-05,4.48e-05,3.466667e-06,7953530.967,7848865.023
1.12e-05,4.48e-05,3.466667e-06,8479192.012,8386889.371
1.12e-05,4.48e-05,3.466667e-06,8948995.622,8867514.418
1.12e-05,4.48e-05,3.466667e-06,9372234.331,9300300.341
1.12e-05,4.48e-05,3.466667e-06,9756096.792,9692644.912
1.12e-05,4.48e-05,3.466667e-06,10106259.88,10050390.29
1.12e-05,4.48e-05,3.733333e-06,3.84e-05,3.84e-05
1.12e-05,4.48e-05,3.733333e-06,4.27e-05,4.27e-05
1.12e-05,4.48e-05,3.733333e-06,4.69e-05,4.69e-05
1.12e-05,4.48e-05,3.733333e-06,5.12e-05,5.12e-05
1.12e-05,4.48e-05,3.733333e-06,5.55e-05,5.55e-05
1.12e-05,4.48e-05,3.733333e-06,5.97e-05,5.97e-05
1.12e-05,4.48e-05,3.733333e-06,6.4e-05,6.4e-05
1.12e-05,4.48e-05,3.733333e-06,6.83e-05,6.83e-05
1.12e-05,4.48e-05,3.733333e-06,7.25e-05,7.25e-05
1.12e-05,4.48e-05,3.733333e-06,7.68e-05,7.68e-05
1.12e-05,4.48e-05,3.733333e-06,8.11e-05,8.11e-05
1.12e-05,4.48e-05,3.733333e-06,8.53e-05,8.53e-05
1.12e-05,4.48e-05,3.733333e-06,8.96e-05,8.96e-05
1.12e-05,4.48e-05,3.733333e-06,4137233.604,4079990.769
1.12e-05,4.48e-05,3.733333e-06,4562085.927,4515119.708
1.12e-05,4.48e-05,3.733333e-06,5227628.625,5148281.119
1.12e-05,4.48e-05,3.733333e-06,5778297.205,5710125.559
1.12e-05,4.48e-05,3.733333e-06,6238733.955,6179720.964
1.12e-05,4.48e-05,3.733333e-06,6630663.969,6579286.233
1.12e-05,4.48e-05,3.733333e-06,7027793.743,6931777.755
1.12e-05,4.48e-05,3.733333e-06,7660624.84,7575520.96
1.12e-05,4.48e-05,3.733333e-06,8220229.124,8144651.93
1.12e-05,4.48e-05,3.733333e-06,8719773.352,8652565.596
1.12e-05,4.48e-05,3.733333e-06,9169268.248,9109458.192
1.12e-05,4.48e-05,3.733333e-06,9576472.94,9523247.345
1.12e-05,4.48e-05,3.733333e-06,9947515.444,9900186.506
1.12e-05,4.48e-05,4.8e-06,3.84e-05,3.84e-05
1.12e-05,4.48e-05,4.8e-06,4.27e-05,4.27e-05
1.12e-05,4.48e-05,4.8e-06,4.69e-05,4.69e-05
1.12e-05,4.48e-05,4.8e-06,5.12e-05,5.12e-05
1.12e-05,4.48e-05,4.8e-06,5.55e-05,5.55e-05
1.12e-05,4.48e-05,4.8e-06,5.97e-05,5.97e-05
1.12e-05,4.48e-05,4.8e-06,6.4e-05,6.4e-05
1.12e-05,4.48e-05,4.8e-06,6.83e-05,6.83e-05
1.12e-05,4.48e-05,4.8e-06,7.25e-05,7.25e-05
1.12e-05,4.48e-05,4.8e-06,7.68e-05,7.68e-05
1.12e-05,4.48e-05,4.8e-06,8.11e-05,8.11e-05
1.12e-05,4.48e-05,4.8e-06,8.53e-05,8.53e-05
1.12e-05,4.48e-05,4.8e-06,8.96e-05,8.96e-05
1.12e-05,4.48e-05,4.8e-06,3839402.958,3927772.257
1.12e-05,4.48e-05,4.8e-06,4317124.645,4389769.044
1.12e-05,4.48e-05,4.8e-06,4818168.273,4938770.394
1.12e-05,4.48e-05,4.8e-06,5425645.759,5529716.903
1.12e-05,4.48e-05,4.8e-06,5932330.494,6023201.827
1.12e-05,4.48e-05,4.8e-06,6363654.17,6442736.589
1.12e-05,4.48e-05,4.8e-06,6735514.977,6804969.629
1.12e-05,4.48e-05,4.8e-06,7218268.223,7349258.384
1.12e-05,4.48e-05,4.8e-06,7826110.005,7943138.653
1.12e-05,4.48e-05,4.8e-06,8368328.566,8472898.128
1.12e-05,4.48e-05,4.8e-06,8855563.997,8949111.47
1.12e-05,4.48e-05,4.8e-06,9296380.163,9380108.119
1.12e-05,4.48e-05,4.8e-06,9697542.512,9772467.415
1.12e-05,4.48e-05,4.266667e-06,3.84e-05,3.84e-05
1.12e-05,4.48e-05,4.266667e-06,4.27e-05,4.27e-05
1.12e-05,4.48e-05,4.266667e-06,4.69e-05,4.69e-05
1.12e-05,4.48e-05,4.266667e-06,5.12e-05,5.12e-05
1.12e-05,4.48e-05,4.266667e-06,5.55e-05,5.55e-05
1.12e-05,4.48e-05,4.266667e-06,5.97e-05,5.97e-05
1.12e-05,4.48e-05,4.266667e-06,6.4e-05,6.4e-05
1.12e-05,4.48e-05,4.266667e-06,6.83e-05,6.83e-05
1.12e-05,4.48e-05,4.266667e-06,7.25e-05,7.25e-05
1.12e-05,4.48e-05,4.266667e-06,7.68e-05,7.68e-05
1.12e-05,4.48e-05,4.266667e-06,8.11e-05,8.11e-05
1.12e-05,4.48e-05,4.266667e-06,8.53e-05,8.53e-05
1.12e-05,4.48e-05,4.266667e-06,8.96e-05,8.96e-05
1.12e-05,4.48e-05,4.266667e-06,3975613.697,3722044.278
1.12e-05,4.48e-05,4.266667e-06,4429241.621,4220215.041
1.12e-05,4.48e-05,4.266667e-06,5004380.881,4659227.373
1.12e-05,4.48e-05,4.266667e-06,5586271.003,5288302.438
1.12e-05,4.48e-05,4.266667e-06,6072315.847,5813001.037
1.12e-05,4.48e-05,4.266667e-06,6485622.927,6259017.985
1.12e-05,4.48e-05,4.266667e-06,6842589.825,6643487.813
1.12e-05,4.48e-05,4.266667e-06,7420319.567,7045117.958
1.12e-05,4.48e-05,4.266667e-06,8006512.861,7672451.539
1.12e-05,4.48e-05,4.266667e-06,8529464.282,8229526.746
1.12e-05,4.48e-05,4.266667e-06,8999655.307,8731245.527
1.12e-05,4.48e-05,4.266667e-06,9425287.132,9184956.699
1.12e-05,4.48e-05,4.266667e-06,9812837.634,9597677.128
1.12e-05,4.48e-05,4.533333e-06,3.84e-05,3.84e-05
1.12e-05,4.48e-05,4.533333e-06,4.27e-05,4.27e-05
1.12e-05,4.48e-05,4.533333e-06,4.69e-05,4.69e-05
1.12e-05,4.48e-05,4.533333e-06,5.12e-05,5.12e-05
1.12e-05,4.48e-05,4.533333e-06,5.55e-05,5.55e-05
1.12e-05,4.48e-05,4.533333e-06,5.97e-05,5.97e-05
1.12e-05,4.48e-05,4.533333e-06,6.4e-05,6.4e-05
1.12e-05,4.48e-05,4.533333e-06,6.83e-05,6.83e-05
1.12e-05,4.48e-05,4.533333e-06,7.25e-05,7.25e-05
1.12e-05,4.48e-05,4.533333e-06,7.68e-05,7.68e-05
1.12e-05,4.48e-05,4.533333e-06,8.11e-05,8.11e-05
1.12e-05,4.48e-05,4.533333e-06,8.53e-05,8.53e-05
1.12e-05,4.48e-05,4.533333e-06,8.96e-05,8.96e-05
1.12e-05,4.48e-05,4.533333e-06,3759368.202,54037141.54
1.12e-05,4.48e-05,4.533333e-06,4251051.566,68234715.9
1.12e-05,4.48e-05,4.533333e-06,4709620.465,78530937.07
1.12e-05,4.48e-05,4.533333e-06,5331867.544,87326067.12
1.12e-05,4.48e-05,4.533333e-06,5850883.313,95891065.9
1.12e-05,4.48e-05,4.533333e-06,6292238.021,102422781.4
1.12e-05,4.48e-05,4.533333e-06,6672717.795,107594886.3
1.12e-05,4.48e-05,4.533333e-06,7100063.11,111752545.2
1.12e-05,4.48e-05,4.533333e-06,7720242.148,115084273.2
1.12e-05,4.48e-05,4.533333e-06,8273646.479,117741027.6
1.12e-05,4.48e-05,4.533333e-06,8770772.583,119858571.3
1.12e-05,4.48e-05,4.533333e-06,9220397.582,121548700.6
1.12e-05,4.48e-05,4.533333e-06,9629456.196,122897427.4
1.12e-05,4.48e-05,4e-06,3.84e-05,3.84e-05
1.12e-05,4.48e-05,4e-06,4.27e-05,4.27e-05
1.12e-05,4.48e-05,4e-06,4.69e-05,4.69e-05
1.12e-05,4.48e-05,4e-06,5.12e-05,5.12e-05
1.12e-05,4.48e-05,4e-06,5.55e-05,5.55e-05
1.12e-05,4.48e-05,4e-06,5.97e-05,5.97e-05
1.12e-05,4.48e-05,4e-06,6.4e-05,6.4e-05
1.12e-05,4.48e-05,4e-06,6.83e-05,6.83e-05
1.12e-05,4.48e-05,4e-06,7.25e-05,7.25e-05
1.12e-05,4.48e-05,4e-06,7.68e-05,7.68e-05
1.12e-05,4.48e-05,4e-06,8.11e-05,8.11e-05
1.12e-05,4.48e-05,4e-06,8.53e-05,8.53e-05
1.12e-05,4.48e-05,4e-06,8.96e-05,8.96e-05
1.12e-05,4.48e-05,4e-06,57512149.23,59256829.48
1.12e-05,4.48e-05,4e-06,72327984.58,74031418.9
1.12e-05,4.48e-05,4e-06,82412266.28,84552846.07
1.12e-05,4.48e-05,4e-06,93210570.4,95618254.41
1.12e-05,4.48e-05,4e-06,101405599.6,103669138.6
1.12e-05,4.48e-05,4e-06,107638184.0,109786298.7
1.12e-05,4.48e-05,4e-06,112518467.9,114553763.8
1.12e-05,4.48e-05,4e-06,116395340.1,118321055.9
1.12e-05,4.48e-05,4e-06,119482352.0,121311581.4
1.12e-05,4.48e-05,4e-06,121939765.5,123689745.5
1.12e-05,4.48e-05,4e-06,123899448.1,125586280.3
1.12e-05,4.48e-05,4e-06,125465567.0,128280642.5
1.12e-05,4.48e-05,4e-06,127557696.0,130744902.2
1.12e-05,4.48e-05,5.6e-06,3.84e-05,3.84e-05
1.12e-05,4.48e-05,5.6e-06,4.27e-05,4.27e-05
1.12e-05,4.48e-05,5.6e-06,4.69e-05,4.69e-05
1.12e-05,4.48e-05,5.6e-06,5.12e-05,5.12e-05
1.12e-05,4.48e-05,5.6e-06,5.55e-05,5.55e-05
1.12e-05,4.48e-05,5.6e-06,5.97e-05,5.97e-05
1.12e-05,4.48e-05,5.6e-06,6.4e-05,6.4e-05
1.12e-05,4.48e-05,5.6e-06,6.83e-05,6.83e-05
1.12e-05,4.48e-05,5.6e-06,7.25e-05,7.25e-05
1.12e-05,4.48e-05,5.6e-06,7.68e-05,7.68e-05
1.12e-05,4.48e-05,5.6e-06,8.11e-05,8.11e-05
1.12e-05,4.48e-05,5.6e-06,8.53e-05,8.53e-05
1.12e-05,4.48e-05,5.6e-06,8.96e-05,8.96e-05
1.12e-05,4.48e-05,5.6e-06,62253332.53,66905482.93
1.12e-05,4.48e-05,5.6e-06,76950988.88,81463068.69
1.12e-05,4.48e-05,5.6e-06,88975348.44,95645268.29
1.12e-05,4.48e-05,5.6e-06,99690199.1,105853724.2
1.12e-05,4.48e-05,5.6e-06,107507510.4,113343592.8
1.12e-05,4.48e-05,5.6e-06,113439224.8,119019340.8
1.12e-05,4.48e-05,5.6e-06,118025228.3,123354560.7
1.12e-05,4.48e-05,5.6e-06,121614881.9,127298913.8
1.12e-05,4.48e-05,5.6e-06,124447599.4,132010193.6
1.12e-05,4.48e-05,5.6e-06,127396788.4,135924617.4
1.12e-05,4.48e-05,5.6e-06,130854612.8,139189566.5
1.12e-05,4.48e-05,5.6e-06,133730325.0,141909827.3
1.12e-05,4.48e-05,5.6e-06,136110891.7,144167240.6
1.12e-05,4.48e-05,5.066667e-06,3.84e-05,3.84e-05
1.12e-05,4.48e-05,5.066667e-06,4.27e-05,4.27e-05
1.12e-05,4.48e-05,5.066667e-06,4.69e-05,4.69e-05
1.12e-05,4.48e-05,5.066667e-06,5.12e-05,5.12e-05
1.12e-05,4.48e-05,5.066667e-06,5.55e-05,5.55e-05
1.12e-05,4.48e-05,5.066667e-06,5.97e-05,5.97e-05
1.12e-05,4.48e-05,5.066667e-06,6.4e-05,6.4e-05
1.12e-05,4.48e-05,5.066667e-06,6.83e-05,6.83e-05
1.12e-05,4.48e-05,5.066667e-06,7.25e-05,7.25e-05
1.12e-05,4.48e-05,5.066667e-06,7.68e-05,7.68e-05
1.12e-05,4.48e-05,5.066667e-06,8.11e-05,8.11e-05
1.12e-05,4.48e-05,5.066667e-06,8.53e-05,8.53e-05
1.12e-05,4.48e-05,5.066667e-06,8.96e-05,8.96e-05
1.12e-05,4.48e-05,5.066667e-06,65871111.07,63557968.12
1.12e-05,4.48e-05,5.066667e-06,80462285.33,78219116.14
1.12e-05,4.48e-05,5.066667e-06,94182672.36,90869820.44
1.12e-05,4.48e-05,5.066667e-06,104499664.4,101437950.5
1.12e-05,4.48e-05,5.066667e-06,112058647.4,109159119.7
1.12e-05,4.48e-05,5.066667e-06,117787974.6,115015147.1
1.12e-05,4.48e-05,5.066667e-06,122175713.5,119527029.3
1.12e-05,4.48e-05,5.066667e-06,125569001.0,123043575.1
1.12e-05,4.48e-05,5.066667e-06,130095245.9,125810778.1
1.12e-05,4.48e-05,5.066667e-06,134060286.6,129825555.0
1.12e-05,4.48e-05,5.066667e-06,137366789.7,133227717.4
1.12e-05,4.48e-05,5.066667e-06,140120640.1,136058683.2
1.12e-05,4.48e-05,5.066667e-06,142404750.1,138403900.5
1.12e-05,4.48e-05,5.333333e-06,3.84e-05,3.84e-05
1.12e-05,4.48e-05,5.333333e-06,4.27e-05,4.27e-05
1.12e-05,4.48e-05,5.333333e-06,4.69e-05,4.69e-05
1.12e-05,4.48e-05,5.333333e-06,5.12e-05,5.12e-05
1.12e-05,4.48e-05,5.333333e-06,5.55e-05,5.55e-05
1.12e-05,4.48e-05,5.333333e-06,5.97e-05,5.97e-05
1.12e-05,4.48e-05,5.333333e-06,6.4e-05,6.4e-05
1.12e-05,4.48e-05,5.333333e-06,6.83e-05,6.83e-05
1.12e-05,4.48e-05,5.333333e-06,7.25e-05,7.25e-05
1.12e-05,4.48e-05,5.333333e-06,7.68e-05,7.68e-05
1.12e-05,4.48e-05,5.333333e-06,8.11e-05,8.11e-05
1.12e-05,4.48e-05,5.333333e-06,8.53e-05,8.53e-05
1.12e-05,4.48e-05,5.333333e-06,8.96e-05,8.96e-05
1.12e-05,4.48e-05,5.333333e-06,67871711.89,68777645.39
1.12e-05,4.48e-05,5.333333e-06,82396621.27,83328039.49
1.12e-05,4.48e-05,5.333333e-06,97001226.74,98263735.27
1.12e-05,4.48e-05,5.333333e-06,107110414.0,108281711.0
1.12e-05,4.48e-05,5.333333e-06,114537613.3,115651801.8
1.12e-05,4.48e-05,5.333333e-06,120165013.6,121235352.4
1.12e-05,4.48e-05,5.333333e-06,124452832.5,125480172.4
1.12e-05,4.48e-05,5.333333e-06,129126255.0,130823924.9
1.12e-05,4.48e-05,5.333333e-06,133781994.5,135428564.1
1.12e-05,4.48e-05,5.333333e-06,137650018.2,139253840.1
1.12e-05,4.48e-05,5.333333e-06,140876814.0,142445432.3
1.12e-05,4.48e-05,5.333333e-06,143566182.5,145106251.5
1.12e-05,4.48e-05,5.333333e-06,145798997.1,147316292.0
1.013333e-05,0.000132012,2.4e-06,3.84e-05,3.84e-05
1.013333e-05,0.000132012,2.4e-06,4.27e-05,4.27e-05
1.013333e-05,0.000132012,2.4e-06,4.69e-05,4.69e-05
1.013333e-05,0.000132012,2.4e-06,5.12e-05,5.12e-05
1.013333e-05,0.000132012,2.4e-06,5.55e-05,5.55e-05
1.013333e-05,0.000132012,2.4e-06,5.97e-05,5.97e-05
1.013333e-05,0.000132012,2.4e-06,6.4e-05,6.4e-05
1.013333e-05,0.000132012,2.4e-06,6.83e-05,6.83e-05
1.013333e-05,0.000132012,2.4e-06,7.25e-05,7.25e-05
1.013333e-05,0.000132012,2.4e-06,7.68e-05,7.68e-05
1.013333e-05,0.000132012,2.4e-06,8.11e-05,8.11e-05
1.013333e-05,0.000132012,2.4e-06,8.53e-05,8.53e-05
1.013333e-05,0.000132012,2.4e-06,8.96e-05,8.96e-05
1.013333e-05,0.000132012,2.4e-06,10395108.25,10341654.41
1.013333e-05,0.000132012,2.4e-06,11935166.86,11847755.8
1.013333e-05,0.000132012,2.4e-06,13306668.46,13244864.05
1.013333e-05,0.000132012,2.4e-06,14480536.49,14439924.47
1.013333e-05,0.000132012,2.4e-06,15500209.51,15477430.07
1.013333e-05,0.000132012,2.4e-06,17115920.0,17100552.97
1.013333e-05,0.000132012,2.4e-06,18971301.59,18993419.71
1.013333e-05,0.000132012,2.4e-06,20658525.72,20706524.71
1.013333e-05,0.000132012,2.4e-06,22192206.49,22269286.03
1.013333e-05,0.000132012,2.4e-06,23602754.21,23702909.94
1.013333e-05,0.000132012,2.4e-06,26102603.15,26389149.73
1.013333e-05,0.000132012,2.4e-06,28884291.06,29229738.84
1.013333e-05,0.000132012,2.4e-06,31500703.99,31890663.01
1.013333e-05,0.000132012,2.666667e-06,3.84e-05,3.84e-05
1.013333e-05,0.000132012,2.666667e-06,4.27e-05,4.27e-05
1.013333e-05,0.000132012,2.666667e-06,4.69e-05,4.69e-05
1.013333e-05,0.000132012,2.666667e-06,5.12e-05,5.12e-05
1.013333e-05,0.000132012,2.666667e-06,5.55e-05,5.55e-05
1.013333e-05,0.000132012,2.666667e-06,5.97e-05,5.97e-05
1.013333e-05,0.000132012,2.666667e-06,6.4e-05,6.4e-05
1.013333e-05,0.000132012,2.666667e-06,6.83e-05,6.83e-05
1.013333e-05,0.000132012,2.666667e-06,7.25e-05,7.25e-05
1.013333e-05,0.000132012,2.666667e-06,7.68e-05,7.68e-05
1.013333e-05,0.000132012,2.666667e-06,8.11e-05,8.11e-05
1.013333e-05,0.000132012,2.666667e-06,8.53e-05,8.53e-05
1.013333e-05,0.000132012,2.666667e-06,8.96e-05,8.96e-05
1.013333e-05,0.000132012,2.666667e-06,10242613.84,10196707.81
1.013333e-05,0.000132012,2.666667e-06,11683419.2,11606444.15
1.013333e-05,0.000132012,2.666667e-06,13126131.11,13069658.72
1.013333e-05,0.000132012,2.666667e-06,14358979.31,14319507.68
1.013333e-05,0.000132012,2.666667e-06,15428324.6,15403191.1
1.013333e-05,0.000132012,2.666667e-06,17053281.4,17024831.19
1.013333e-05,0.000132012,2.666667e-06,19006453.02,19005146.53
1.013333e-05,0.000132012,2.666667e-06,20770748.16,20791057.72
1.013333e-05,0.000132012,2.666667e-06,22383650.67,22427866.79
1.013333e-05,0.000132012,2.666667e-06,23859493.09,23922094.0
1.013333e-05,0.000132012,2.666667e-06,26853586.33,27052853.05
1.013333e-05,0.000132012,2.666667e-06,29799689.79,30039744.63
1.013333e-05,0.000132012,2.666667e-06,32544802.97,32824042.94
1.013333e-05,0.000132012,2.933333e-06,3.84e-05,3.84e-05
1.013333e-05,0.000132012,2.933333e-06,4.27e-05,4.27e-05
1.013333e-05,0.000132012,2.933333e-06,4.69e-05,4.69e-05
1.013333e-05,0.000132012,2.933333e-06,5.12e-05,5.12e-05
1.013333e-05,0.000132012,2.933333e-06,5.55e-05,5.55e-05
1.013333e-05,0.000132012,2.933333e-06,5.97e-05,5.97e-05
1.013333e-05,0.000132012,2.933333e-06,6.4e-05,6.4e-05
1.013333e-05,0.000132012,2.933333e-06,6.83e-05,6.83e-05
1.013333e-05,0.000132012,2.933333e-06,7.25e-05,7.25e-05
1.013333e-05,0.000132012,2.933333e-06,7.68e-05,7.68e-05
1.013333e-05,0.000132012,2.933333e-06,8.11e-05,8.11e-05
1.013333e-05,0.000132012,2.933333e-06,8.53e-05,8.53e-05
1.013333e-05,0.000132012,2.933333e-06,8.96e-05,8.96e-05
1.013333e-05,0.000132012,2.933333e-06,10111655.48,10072131.44
1.013333e-05,0.000132012,2.933333e-06,11462223.98,11394631.44
1.013333e-05,0.000132012,2.933333e-06,12962780.35,12912311.2
1.013333e-05,0.000132012,2.933333e-06,14243594.42,14207317.72
1.013333e-05,0.000132012,2.933333e-06,15353402.57,15329098.82
1.013333e-05,0.000132012,2.933333e-06,16963421.34,16931683.78
1.013333e-05,0.000132012,2.933333e-06,18993155.71,18984041.5
1.013333e-05,0.000132012,2.933333e-06,20828374.46,20839357.58
1.013333e-05,0.000132012,2.933333e-06,22498145.62,22526131.94
1.013333e-05,0.000132012,2.933333e-06,24086067.68,24192039.65
1.013333e-05,0.000132012,2.933333e-06,27392213.65,27535476.52
1.013333e-05,0.000132012,2.933333e-06,30455461.31,30637874.2
1.013333e-05,0.000132012,2.933333e-06,33302966.15,33522289.02
1.013333e-05,0.000132012,3.2e-06,3.84e-05,3.84e-05
1.013333e-05,0.000132012,3.2e-06,4.27e-05,4.27e-05
1.013333e-05,0.000132012,3.2e-06,4.69e-05,4.69e-05
1.013333e-05,0.000132012,3.2e-06,5.12e-05,5.12e-05
1.013333e-05,0.000132012,3.2e-06,5.55e-05,5.55e-05
1.013333e-05,0.000132012,3.2e-06,5.97e-05,5.97e-05
1.013333e-05,0.000132012,3.2e-06,6.4e-05,6.4e-05
1.013333e-05,0.000132012,3.2e-06,6.83e-05,6.83e-05
1.013333e-05,0.000132012,3.2e-06,7.25e-05,7.25e-05
1.013333e-05,0.000132012,3.2e-06,7.68e-05,7.68e-05
1.013333e-05,0.000132012,3.2e-06,8.11e-05,8.11e-05
1.013333e-05,0.000132012,3.2e-06,8.53e-05,8.53e-05
1.013333e-05,0.000132012,3.2e-06,8.96e-05,8.96e-05
1.013333e-05,0.000132012,3.2e-06,9931041.687,9998420.109
1.013333e-05,0.000132012,3.2e-06,11154287.93,11267570.35
1.013333e-05,0.000132012,3.2e-06,12728465.7,12816960.56
1.013333e-05,0.000132012,3.2e-06,14073602.35,14138220.71
1.013333e-05,0.000132012,3.2e-06,15237615.2,15282135.74
1.013333e-05,0.000132012,3.2e-06,16805532.47,16868023.45
1.013333e-05,0.000132012,3.2e-06,18937455.44,18962139.09
1.013333e-05,0.000132012,3.2e-06,20863397.7,20854529.86
1.013333e-05,0.000132012,3.2e-06,22615593.45,22570767.01
1.013333e-05,0.000132012,3.2e-06,24531632.53,24376314.36
1.013333e-05,0.000132012,3.2e-06,28006922.69,27792513.15
1.013333e-05,0.000132012,3.2e-06,31247573.08,30959493.62
1.013333e-05,0.000132012,3.2e-06,34253931.35,33913038.27
1.013333e-05,0.000132012,3.466667e-06,3.84e-05,3.84e-05
1.013333e-05,0.000132012,3.466667e-06,4.27e-05,4.27e-05
1.013333e-05,0.000132012,3.466667e-06,4.69e-05,4.69e-05
1.013333e-05,0.000132012,3.466667e-06,5.12e-05,5.12e-05
1.013333e-05,0.000132012,3.466667e-06,5.55e-05,5.55e-05
1.013333e-05,0.000132012,3.466667e-06,5.97e-05,5.97e-05
1.013333e-05,0.000132012,3.466667e-06,6.4e-05,6.4e-05
1.013333e-05,0.000132012,3.466667e-06,6.83e-05,6.83e-05
1.013333e-05,0.000132012,3.466667e-06,7.25e-05,7.25e-05
1.013333e-05,0.000132012,3.466667e-06,7.68e-05,7.68e-05
1.013333e-05,0.000132012,3.466667e-06,8.11e-05,8.11e-05
1.013333e-05,0.000132012,3.466667e-06,8.53e-05,8.53e-05
1.013333e-05,0.000132012,3.466667e-06,8.96e-05,8.96e-05
1.013333e-05,0.000132012,3.466667e-06,3624840.611,3536830.948
1.013333e-05,0.000132012,3.466667e-06,4084138.555,4010745.118
1.013333e-05,0.000132012,3.466667e-06,4449384.05,4387416.049
1.013333e-05,0.000132012,3.466667e-06,4934898.826,4824909.939
1.013333e-05,0.000132012,3.466667e-06,5447224.312,5351201.92
1.013333e-05,0.000132012,3.466667e-06,5881877.802,5797413.554
1.013333e-05,0.000132012,3.466667e-06,6256371.346,6181664.705
1.013333e-05,0.000132012,3.466667e-06,6583072.818,6516720.435
1.013333e-05,0.000132012,3.466667e-06,6871838.068,6811894.635
1.013333e-05,0.000132012,3.466667e-06,7373669.4,7258649.506
1.013333e-05,0.000132012,3.466667e-06,7870300.063,7766770.796
1.013333e-05,0.000132012,3.466667e-06,8321247.767,8227904.42
1.013333e-05,0.000132012,3.466667e-06,8731257.459,8647163.733
1.013333e-05,0.000132012,3.733333e-06,3.84e-05,3.84e-05
1.013333e-05,0.000132012,3.733333e-06,4.27e-05,4.27e-05
1.013333e-05,0.000132012,3.733333e-06,4.69e-05,4.69e-05
1.013333e-05,0.000132012,3.733333e-06,5.12e-05,5.12e-05
1.013333e-05,0.000132012,3.733333e-06,5.55e-05,5.55e-05
1.013333e-05,0.000132012,3.733333e-06,5.97e-05,5.97e-05
1.013333e-05,0.000132012,3.733333e-06,6.4e-05,6.4e-05
1.013333e-05,0.000132012,3.733333e-06,6.83e-05,6.83e-05
1.013333e-05,0.000132012,3.733333e-06,7.25e-05,7.25e-05
1.013333e-05,0.000132012,3.733333e-06,7.68e-05,7.68e-05
1.013333e-05,0.000132012,3.733333e-06,8.11e-05,8.11e-05
1.013333e-05,0.000132012,3.733333e-06,8.53e-05,8.53e-05
1.013333e-05,0.000132012,3.733333e-06,8.96e-05,8.96e-05
1.013333e-05,0.000132012,3.733333e-06,3379392.968,3308382.036
1.013333e-05,0.000132012,3.733333e-06,3879078.185,3819556.352
1.013333e-05,0.000132012,3.733333e-06,4275924.773,4225408.328
1.013333e-05,0.000132012,3.733333e-06,4629596.564,4556388.138
1.013333e-05,0.000132012,3.733333e-06,5179026.506,5102117.275
1.013333e-05,0.000132012,3.733333e-06,5645688.207,5577066.576
1.013333e-05,0.000132012,3.733333e-06,6047156.892,5986227.393
1.013333e-05,0.000132012,3.733333e-06,6396944.911,6342587.11
1.013333e-05,0.000132012,3.733333e-06,6704885.819,6656220.728
1.013333e-05,0.000132012,3.733333e-06,7050018.575,6954287.142
1.013333e-05,0.000132012,3.733333e-06,7579666.948,7494747.04
1.013333e-05,0.000132012,3.733333e-06,8057646.811,7980163.448
1.013333e-05,0.000132012,3.733333e-06,8493345.092,8422888.618
1.013333e-05,0.000132012,4.8e-06,3.84e-05,3.84e-05
1.013333e-05,0.000132012,4.8e-06,4.27e-05,4.27e-05
1.013333e-05,0.000132012,4.8e-06,4.69e-05,4.69e-05
1.013333e-05,0.000132012,4.8e-06,5.12e-05,5.12e-05
1.013333e-05,0.000132012,4.8e-06,5.55e-05,5.55e-05
1.013333e-05,0.000132012,4.8e-06,5.97e-05,5.97e-05
1.013333e-05,0.000132012,4.8e-06,6.4e-05,6.4e-05
1.013333e-05,0.000132012,4.8e-06,6.83e-05,6.83e-05
1.013333e-05,0.000132012,4.8e-06,7.25e-05,7.25e-05
1.013333e-05,0.000132012,4.8e-06,7.68e-05,7.68e-05
1.013333e-05,0.000132012,4.8e-06,8.11e-05,8.11e-05
1.013333e-05,0.000132012,4.8e-06,8.53e-05,8.53e-05
1.013333e-05,0.000132012,4.8e-06,8.96e-05,8.96e-05
1.013333e-05,0.000132012,4.8e-06,3014093.944,3119462.167
1.013333e-05,0.000132012,4.8e-06,3568520.501,3660885.781
1.013333e-05,0.000132012,4.8e-06,4011764.78,4090464.453
1.013333e-05,0.000132012,4.8e-06,4372891.969,4440570.38
1.013333e-05,0.000132012,4.8e-06,4777002.927,4896258.45
1.013333e-05,0.000132012,4.8e-06,5289171.652,5394989.465
1.013333e-05,0.000132012,4.8e-06,5729026.225,5823665.186
1.013333e-05,0.000132012,4.8e-06,6112756.344,6197360.043
1.013333e-05,0.000132012,4.8e-06,6450004.866,6525979.133
1.013333e-05,0.000132012,4.8e-06,6749106.562,6817540.361
1.013333e-05,0.000132012,4.8e-06,7130202.827,7265255.184
1.013333e-05,0.000132012,4.8e-06,7651179.313,7771821.744
1.013333e-05,0.000132012,4.8e-06,8122161.313,8232501.357
1.013333e-05,0.000132012,4.266667e-06,3.84e-05,3.84e-05
1.013333e-05,0.000132012,4.266667e-06,4.27e-05,4.27e-05
1.013333e-05,0.000132012,4.266667e-06,4.69e-05,4.69e-05
1.013333e-05,0.000132012,4.266667e-06,5.12e-05,5.12e-05
1.013333e-05,0.000132012,4.266667e-06,5.55e-05,5.55e-05
1.013333e-05,0.000132012,4.266667e-06,5.97e-05,5.97e-05
1.013333e-05,0.000132012,4.266667e-06,6.4e-05,6.4e-05
1.013333e-05,0.000132012,4.266667e-06,6.83e-05,6.83e-05
1.013333e-05,0.000132012,4.266667e-06,7.25e-05,7.25e-05
1.013333e-05,0.000132012,4.266667e-06,7.68e-05,7.68e-05
1.013333e-05,0.000132012,4.266667e-06,8.11e-05,8.11e-05
1.013333e-05,0.000132012,4.266667e-06,8.53e-05,8.53e-05
1.013333e-05,0.000132012,4.266667e-06,8.96e-05,8.96e-05
1.013333e-05,0.000132012,4.266667e-06,3178858.372,2930470.474
1.013333e-05,0.000132012,4.266667e-06,3710814.092,3445559.537
1.013333e-05,0.000132012,4.266667e-06,4132965.579,3906893.066
1.013333e-05,0.000132012,4.266667e-06,4477082.148,4282598.487
1.013333e-05,0.000132012,4.266667e-06,4960911.13,4619067.186
1.013333e-05,0.000132012,4.266667e-06,5451682.697,5148875.65
1.013333e-05,0.000132012,4.266667e-06,5874826.103,5604269.397
1.013333e-05,0.000132012,4.266667e-06,6243088.202,6000222.602
1.013333e-05,0.000132012,4.266667e-06,6567017.693,6348912.768
1.013333e-05,0.000132012,4.266667e-06,6854475.448,6657970.354
1.013333e-05,0.000132012,4.266667e-06,7337631.688,6952200.167
1.013333e-05,0.000132012,4.266667e-06,7837557.408,7489220.607
1.013333e-05,0.000132012,4.266667e-06,8293177.652,7974381.553
1.013333e-05,0.000132012,4.533333e-06,3.84e-05,3.84e-05
1.013333e-05,0.000132012,4.533333e-06,4.27e-05,4.27e-05
1.013333e-05,0.000132012,4.533333e-06,4.69e-05,4.69e-05
1.013333e-05,0.000132012,4.533333e-06,5.12e-05,5.12e-05
1.013333e-05,0.000132012,4.533333e-06,5.55e-05,5.55e-05
1.013333e-05,0.000132012,4.533333e-06,5.97e-05,5.97e-05
1.013333e-05,0.000132012,4.533333e-06,6.4e-05,6.4e-05
1.013333e-05,0.000132012,4.533333e-06,6.83e-05,6.83e-05
1.013333e-05,0.000132012,4.533333e-06,7.25e-05,7.25e-05
1.013333e-05,0.000132012,4.533333e-06,7.68e-05,7.68e-05
1.013333e-05,0.000132012,4.533333e-06,8.11e-05,8.11e-05
1.013333e-05,0.000132012,4.533333e-06,8.53e-05,8.53e-05
1.013333e-05,0.000132012,4.533333e-06,8.96e-05,8.96e-05
1.013333e-05,0.000132012,4.533333e-06,2957210.877,41662656.54
1.013333e-05,0.000132012,4.533333e-06,3484703.87,51743855.0
1.013333e-05,0.000132012,4.533333e-06,3940287.216,62162413.84
1.013333e-05,0.000132012,4.533333e-06,4311361.11,70850623.06
1.013333e-05,0.000132012,4.533333e-06,4669232.456,77292864.37
1.013333e-05,0.000132012,4.533333e-06,5193454.872,82396720.12
1.013333e-05,0.000132012,4.533333e-06,5644089.57,88566548.52
1.013333e-05,0.000132012,4.533333e-06,6036027.954,94138114.46
1.013333e-05,0.000132012,4.533333e-06,6381076.426,98790952.18
1.013333e-05,0.000132012,4.533333e-06,6686972.92,102601917.8
1.013333e-05,0.000132012,4.533333e-06,7008726.711,105689071.1
1.013333e-05,0.000132012,4.533333e-06,7540808.468,108183095.5
1.013333e-05,0.000132012,4.533333e-06,8021441.176,110198825.4
1.013333e-05,0.000132012,4e-06,3.84e-05,3.84e-05
1.013333e-05,0.000132012,4e-06,4.27e-05,4.27e-05
1.013333e-05,0.000132012,4e-06,4.69e-05,4.69e-05
1.013333e-05,0.000132012,4e-06,5.12e-05,5.12e-05
1.013333e-05,0.000132012,4e-06,5.55e-05,5.55e-05
1.013333e-05,0.000132012,4e-06,5.97e-05,5.97e-05
1.013333e-05,0.000132012,4e-06,6.4e-05,6.4e-05
1.013333e-05,0.000132012,4e-06,6.83e-05,6.83e-05
1.013333e-05,0.000132012,4e-06,7.25e-05,7.25e-05
1.013333e-05,0.000132012,4e-06,7.68e-05,7.68e-05
1.013333e-05,0.000132012,4e-06,8.11e-05,8.11e-05
1.013333e-05,0.000132012,4e-06,8.53e-05,8.53e-05
1.013333e-05,0.000132012,4e-06,8.96e-05,8.96e-05
1.013333e-05,0.000132012,4e-06,43865582.48,44790830.5
1.013333e-05,0.000132012,4e-06,54152396.96,55316942.51
1.013333e-05,0.000132012,4e-06,66222241.11,67898982.18
1.013333e-05,0.000132012,4e-06,74724512.94,76332526.11
1.013333e-05,0.000132012,4e-06,81033029.5,82591643.14
1.013333e-05,0.000132012,4e-06,87581943.56,89897051.52
1.013333e-05,0.000132012,4e-06,93887474.65,96075054.72
1.013333e-05,0.000132012,4e-06,99136299.34,101198031.3
1.013333e-05,0.000132012,4e-06,103497150.7,105443882.4
1.013333e-05,0.000132012,4e-06,107066236.1,108916909.4
1.013333e-05,0.000132012,4e-06,109961552.3,111735585.5
1.013333e-05,0.000132012,4e-06,112305617.8,114019484.5
1.013333e-05,0.000132012,4e-06,114204455.3,115871267.4
1.013333e-05,0.000132012,5.6e-06,3.84e-05,3.84e-05
1.013333e-05,0.000132012,5.6e-06,4.27e-05,4.27e-05
1.013333e-05,0.000132012,5.6e-06,4.69e-05,4.69e-05
1.013333e-05,0.000132012,5.6e-06,5.12e-05,5.12e-05
1.013333e-05,0.000132012,5.6e-06,5.55e-05,5.55e-05
1.013333e-05,0.000132012,5.6e-06,5.97e-05,5.97e-05
1.013333e-05,0.000132012,5.6e-06,6.4e-05,6.4e-05
1.013333e-05,0.000132012,5.6e-06,6.83e-05,6.83e-05
1.013333e-05,0.000132012,5.6e-06,7.25e-05,7.25e-05
1.013333e-05,0.000132012,5.6e-06,7.68e-05,7.68e-05
1.013333e-05,0.000132012,5.6e-06,8.11e-05,8.11e-05
1.013333e-05,0.000132012,5.6e-06,8.53e-05,8.53e-05
1.013333e-05,0.000132012,5.6e-06,8.96e-05,8.96e-05
1.013333e-05,0.000132012,5.6e-06,46389982.79,48899890.08
1.013333e-05,0.000132012,5.6e-06,58312250.56,62928361.24
1.013333e-05,0.000132012,5.6e-06,70772384.89,75185814.2
1.013333e-05,0.000132012,5.6e-06,79083689.96,83412014.03
1.013333e-05,0.000132012,5.6e-06,86404122.61,92657874.41
1.013333e-05,0.000132012,5.6e-06,93833590.29,99774180.62
1.013333e-05,0.000132012,5.6e-06,99790018.69,105453538.2
1.013333e-05,0.000132012,5.6e-06,104709079.4,110087045.6
1.013333e-05,0.000132012,5.6e-06,108766972.2,113877659.8
1.013333e-05,0.000132012,5.6e-06,112081826.6,116964489.5
1.013333e-05,0.000132012,5.6e-06,114773608.9,119471435.6
1.013333e-05,0.000132012,5.6e-06,116957487.4,121508489.5
1.013333e-05,0.000132012,5.6e-06,118730798.9,123165896.1
1.013333e-05,0.000132012,5.066667e-06,3.84e-05,3.84e-05
1.013333e-05,0.000132012,5.066667e-06,4.27e-05,4.27e-05
1.013333e-05,0.000132012,5.066667e-06,4.69e-05,4.69e-05
1.013333e-05,0.000132012,5.066667e-06,5.12e-05,5.12e-05
1.013333e-05,0.000132012,5.066667e-06,5.55e-05,5.55e-05
1.013333e-05,0.000132012,5.066667e-06,5.97e-05,5.97e-05
1.013333e-05,0.000132012,5.066667e-06,6.4e-05,6.4e-05
1.013333e-05,0.000132012,5.066667e-06,6.83e-05,6.83e-05
1.013333e-05,0.000132012,5.066667e-06,7.25e-05,7.25e-05
1.013333e-05,0.000132012,5.066667e-06,7.68e-05,7.68e-05
1.013333e-05,0.000132012,5.066667e-06,8.11e-05,8.11e-05
1.013333e-05,0.000132012,5.066667e-06,8.53e-05,8.53e-05
1.013333e-05,0.000132012,5.066667e-06,8.96e-05,8.96e-05
1.013333e-05,0.000132012,5.066667e-06,48338731.19,47090356.55
1.013333e-05,0.000132012,5.066667e-06,61905553.71,59610974.85
1.013333e-05,0.000132012,5.066667e-06,74209463.92,72015908.38
1.013333e-05,0.000132012,5.066667e-06,82386262.59,80277063.87
1.013333e-05,0.000132012,5.066667e-06,91285192.93,88178925.51
1.013333e-05,0.000132012,5.066667e-06,98467141.32,95515922.59
1.013333e-05,0.000132012,5.066667e-06,104204863.1,101390825.0
1.013333e-05,0.000132012,5.066667e-06,108898591.8,106225987.8
1.013333e-05,0.000132012,5.066667e-06,112746029.7,110205892.0
1.013333e-05,0.000132012,5.066667e-06,115881692.4,113454626.9
1.013333e-05,0.000132012,5.066667e-06,118428443.6,116093069.0
1.013333e-05,0.000132012,5.066667e-06,120497249.8,118234729.7
1.013333e-05,0.000132012,5.066667e-06,122179806.9,119974810.8
1.013333e-05,0.000132012,5.333333e-06,3.84e-05,3.84e-05
1.013333e-05,0.000132012,5.333333e-06,4.27e-05,4.27e-05
1.013333e-05,0.000132012,5.333333e-06,4.69e-05,4.69e-05
1.013333e-05,0.000132012,5.333333e-06,5.12e-05,5.12e-05
1.013333e-05,0.000132012,5.333333e-06,5.55e-05,5.55e-05
1.013333e-05,0.000132012,5.333333e-06,5.97e-05,5.97e-05
1.013333e-05,0.000132012,5.333333e-06,6.4e-05,6.4e-05
1.013333e-05,0.000132012,5.333333e-06,6.83e-05,6.83e-05
1.013333e-05,0.000132012,5.333333e-06,7.25e-05,7.25e-05
1.013333e-05,0.000132012,5.333333e-06,7.68e-05,7.68e-05
1.013333e-05,0.000132012,5.333333e-06,8.11e-05,8.11e-05
1.013333e-05,0.000132012,5.333333e-06,8.53e-05,8.53e-05
1.013333e-05,0.000132012,5.333333e-06,8.96e-05,8.96e-05
1.013333e-05,0.000132012,5.333333e-06,49425840.83,49920612.08
1.013333e-05,0.000132012,5.333333e-06,63882058.61,64774814.38
1.013333e-05,0.000132012,5.333333e-06,76095415.0,76946223.81
1.013333e-05,0.000132012,5.333333e-06,84765512.26,86025267.62
1.013333e-05,0.000132012,5.333333e-06,93931293.25,95117729.27
1.013333e-05,0.000132012,5.333333e-06,100988343.7,102121030.6
1.013333e-05,0.000132012,5.333333e-06,106614801.5,107699280.3
1.013333e-05,0.000132012,5.333333e-06,111193734.6,112228510.1
1.013333e-05,0.000132012,5.333333e-06,114932614.1,115920060.2
1.013333e-05,0.000132012,5.333333e-06,117974793.8,118921221.8
1.013333e-05,0.000132012,5.333333e-06,120445224.1,121357997.6
1.013333e-05,0.000132012,5.333333e-06,122453075.7,123338868.3
1.013333e-05,0.000132012,5.333333e-06,124087304.6,124951639.3
1.013333e-05,0.0003889991,2.4e-06,3.84e-05,3.84e-05
1.013333e-05,0.0003889991,2.4e-06,4.27e-05,4.27e-05
1.013333e-05,0.0003889991,2.4e-06,4.69e-05,4.69e-05
1.013333e-05,0.0003889991,2.4e-06,5.12e-05,5.12e-05
1.013333e-05,0.0003889991,2.4e-06,5.55e-05,5.55e-05
1.013333e-05,0.0003889991,2.4e-06,5.97e-05,5.97e-05
1.013333e-05,0.0003889991,2.4e-06,6.4e-05,6.4e-05
1.013333e-05,0.0003889991,2.4e-06,6.83e-05,6.83e-05
1.013333e-05,0.0003889991,2.4e-06,7.25e-05,7.25e-05
1.013333e-05,0.0003889991,2.4e-06,7.68e-05,7.68e-05
1.013333e-05,0.0003889991,2.4e-06,8.11e-05,8.11e-05
1.013333e-05,0.0003889991,2.4e-06,8.53e-05,8.53e-05
1.013333e-05,0.0003889991,2.4e-06,8.96e-05,8.96e-05
1.013333e-05,0.0003889991,2.4e-06,10642901.98,10530049.6
1.013333e-05,0.0003889991,2.4e-06,12246242.13,12164190.1
1.013333e-05,0.0003889991,2.4e-06,13593633.12,13536545.94
1.013333e-05,0.0003889991,2.4e-06,14747526.5,14711078.52
1.013333e-05,0.0003889991,2.4e-06,15750260.02,15731161.33
1.013333e-05,0.0003889991,2.4e-06,17660506.0,17653590.22
1.013333e-05,0.0003889991,2.4e-06,19489255.85,19518824.82
1.013333e-05,0.0003889991,2.4e-06,21152448.52,21207211.89
1.013333e-05,0.0003889991,2.4e-06,22664583.66,22747572.88
1.013333e-05,0.0003889991,2.4e-06,24143023.02,24387060.93
1.013333e-05,0.0003889991,2.4e-06,27107049.14,27406961.81
1.013333e-05,0.0003889991,2.4e-06,29850968.51,30208153.83
1.013333e-05,0.0003889991,2.4e-06,32431497.94,32831900.56
1.013333e-05,0.0003889991,2.666667e-06,3.84e-05,3.84e-05
1.013333e-05,0.0003889991,2.666667e-06,4.27e-05,4.27e-05
1.013333e-05,0.0003889991,2.666667e-06,4.69e-05,4.69e-05
1.013333e-05,0.0003889991,2.666667e-06,5.12e-05,5.12e-05
1.013333e-05,0.0003889991,2.666667e-06,5.55e-05,5.55e-05
1.013333e-05,0.0003889991,2.666667e-06,5.97e-05,5.97e-05
1.013333e-05,0.0003889991,2.666667e-06,6.4e-05,6.4e-05
1.013333e-05,0.0003889991,2.666667e-06,6.83e-05,6.83e-05
1.013333e-05,0.0003889991,2.666667e-06,7.25e-05,7.25e-05
1.013333e-05,0.0003889991,2.666667e-06,7.68e-05,7.68e-05
1.013333e-05,0.0003889991,2.666667e-06,8.11e-05,8.11e-05
1.013333e-05,0.0003889991,2.666667e-06,8.53e-05,8.53e-05
1.013333e-05,0.0003889991,2.666667e-06,8.96e-05,8.96e-05
1.013333e-05,0.0003889991,2.666667e-06,10403553.18,10359870.17
1.013333e-05,0.0003889991,2.666667e-06,12009508.08,11936913.87
1.013333e-05,0.0003889991,2.666667e-06,13426308.55,13373689.48
1.013333e-05,0.0003889991,2.666667e-06,14637631.26,14601559.58
1.013333e-05,0.0003889991,2.666667e-06,15688683.06,15666554.19
1.013333e-05,0.0003889991,2.666667e-06,17621501.92,17599921.8
1.013333e-05,0.0003889991,2.666667e-06,19545437.52,19550270.83
1.013333e-05,0.0003889991,2.666667e-06,21283623.98,21309485.74
1.013333e-05,0.0003889991,2.666667e-06,22872697.67,22921776.34
1.013333e-05,0.0003889991,2.666667e-06,24775753.49,24933353.59
1.013333e-05,0.0003889991,2.666667e-06,27895391.5,28105461.45
1.013333e-05,0.0003889991,2.666667e-06,30799261.1,31048883.9
1.013333e-05,0.0003889991,2.666667e-06,33504691.54,33792317.97
1.013333e-05,0.0003889991,2.933333e-06,3.84e-05,3.84e-05
1.013333e-05,0.0003889991,2.933333e-06,4.27e-05,4.27e-05
1.013333e-05,0.0003889991,2.933333e-06,4.69e-05,4.69e-05
1.013333e-05,0.0003889991,2.933333e-06,5.12e-05,5.12e-05
1.013333e-05,0.0003889991,2.933333e-06,5.55e-05,5.55e-05
1.013333e-05,0.0003889991,2.933333e-06,5.97e-05,5.97e-05
1.013333e-05,0.0003889991,2.933333e-06,6.4e-05,6.4e-05
1.013333e-05,0.0003889991,2.933333e-06,6.83e-05,6.83e-05
1.013333e-05,0.0003889991,2.933333e-06,7.25e-05,7.25e-05
1.013333e-05,0.0003889991,2.933333e-06,7.68e-05,7.68e-05
1.013333e-05,0.0003889991,2.933333e-06,8.11e-05,8.11e-05
1.013333e-05,0.0003889991,2.933333e-06,8.53e-05,8.53e-05
1.013333e-05,0.0003889991,2.933333e-06,8.96e-05,8.96e-05
1.013333e-05,0.0003889991,2.933333e-06,10278881.19,10241231.02
1.013333e-05,0.0003889991,2.933333e-06,11800724.15,11736831.29
1.013333e-05,0.0003889991,2.933333e-06,13273871.02,13226652.43
1.013333e-05,0.0003889991,2.933333e-06,14531873.38,14498462.52
1.013333e-05,0.0003889991,2.933333e-06,15622267.35,15600494.81
1.013333e-05,0.0003889991,2.933333e-06,17551070.23,17525101.36
1.013333e-05,0.0003889991,2.933333e-06,19549495.7,19545530.04
1.013333e-05,0.0003889991,2.933333e-06,21356610.81,21372176.07
1.013333e-05,0.0003889991,2.933333e-06,23000948.89,23033032.55
1.013333e-05,0.0003889991,2.933333e-06,25207443.31,25323595.09
1.013333e-05,0.0003889991,2.933333e-06,28464058.06,28616898.33
1.013333e-05,0.0003889991,2.933333e-06,31482037.67,31672429.79
1.013333e-05,0.0003889991,2.933333e-06,34286685.12,34512866.79
1.013333e-05,0.0003889991,3.2e-06,3.84e-05,3.84e-05
1.013333e-05,0.0003889991,3.2e-06,4.27e-05,4.27e-05
1.013333e-05,0.0003889991,3.2e-06,4.69e-05,4.69e-05
1.013333e-05,0.0003889991,3.2e-06,5.12e-05,5.12e-05
1.013333e-05,0.0003889991,3.2e-06,5.55e-05,5.55e-05
1.013333e-05,0.0003889991,3.2e-06,5.97e-05,5.97e-05
1.013333e-05,0.0003889991,3.2e-06,6.4e-05,6.4e-05
1.013333e-05,0.0003889991,3.2e-06,6.83e-05,6.83e-05
1.013333e-05,0.0003889991,3.2e-06,7.25e-05,7.25e-05
1.013333e-05,0.0003889991,3.2e-06,7.68e-05,7.68e-05
1.013333e-05,0.0003889991,3.2e-06,8.11e-05,8.11e-05
1.013333e-05,0.0003889991,3.2e-06,8.53e-05,8.53e-05
1.013333e-05,0.0003889991,3.2e-06,8.96e-05,8.96e-05
1.013333e-05,0.0003889991,3.2e-06,10106781.12,10170995.46
1.013333e-05,0.0003889991,3.2e-06,11509525.3,11616637.97
1.013333e-05,0.0003889991,3.2e-06,13054328.37,13137331.37
1.013333e-05,0.0003889991,3.2e-06,14374895.34,14434678.65
1.013333e-05,0.0003889991,3.2e-06,15517968.06,15558222.61
1.013333e-05,0.0003889991,3.2e-06,17419317.55,17472116.75
1.013333e-05,0.0003889991,3.2e-06,19517103.18,19533149.66
1.013333e-05,0.0003889991,3.2e-06,21412360.97,21395818.3
1.013333e-05,0.0003889991,3.2e-06,23136705.98,23085301.77
1.013333e-05,0.0003889991,3.2e-06,25699119.92,25526698.86
1.013333e-05,0.0003889991,3.2e-06,29120769.1,28890742.61
1.013333e-05,0.0003889991,3.2e-06,32310110.5,32008744.2
1.013333e-05,0.0003889991,3.2e-06,35268745.3,34916333.45
1.013333e-05,0.0003889991,3.466667e-06,3.84e-05,3.84e-05
1.013333e-05,0.0003889991,3.466667e-06,4.27e-05,4.27e-05
1.013333e-05,0.0003889991,3.466667e-06,4.69e-05,4.69e-05
1.013333e-05,0.0003889991,3.466667e-06,5.12e-05,5.12e-05
1.013333e-05,0.0003889991,3.466667e-06,5.55e-05,5.55e-05
1.013333e-05,0.0003889991,3.466667e-06,5.97e-05,5.97e-05
1.013333e-05,0.0003889991,3.466667e-06,6.4e-05,6.4e-05
1.013333e-05,0.0003889991,3.466667e-06,6.83e-05,6.83e-05
1.013333e-05,0.0003889991,3.466667e-06,7.25e-05,7.25e-05
1.013333e-05,0.0003889991,3.466667e-06,7.68e-05,7.68e-05
1.013333e-05,0.0003889991,3.466667e-06,8.11e-05,8.11e-05
1.013333e-05,0.0003889991,3.466667e-06,8.53e-05,8.53e-05
1.013333e-05,0.0003889991,3.466667e-06,8.96e-05,8.96e-05
1.013333e-05,0.0003889991,3.466667e-06,3722461.837,3636888.423
1.013333e-05,0.0003889991,3.466667e-06,4171164.314,4099962.486
1.013333e-05,0.0003889991,3.466667e-06,4528194.704,4468221.347
1.013333e-05,0.0003889991,3.466667e-06,5082804.704,4976222.724
1.013333e-05,0.0003889991,3.466667e-06,5583056.06,5490154.125
1.013333e-05,0.0003889991,3.466667e-06,6007737.185,5926151.148
1.013333e-05,0.0003889991,3.466667e-06,6373830.749,6301793.439
1.013333e-05,0.0003889991,3.466667e-06,6693341.436,6629475.846
1.013333e-05,0.0003889991,3.466667e-06,7043097.419,6918249.7
1.013333e-05,0.0003889991,3.466667e-06,7587185.594,7476714.012
1.013333e-05,0.0003889991,3.466667e-06,8073237.979,7973982.899
1.013333e-05,0.0003889991,3.466667e-06,8514746.482,8425431.919
1.013333e-05,0.0003889991,3.466667e-06,8916322.245,8836031.575
1.013333e-05,0.0003889991,3.733333e-06,3.84e-05,3.84e-05
1.013333e-05,0.0003889991,3.733333e-06,4.27e-05,4.27e-05
1.013333e-05,0.0003889991,3.733333e-06,4.69e-05,4.69e-05
1.013333e-05,0.0003889991,3.733333e-06,5.12e-05,5.12e-05
1.013333e-05,0.0003889991,3.733333e-06,5.55e-05,5.55e-05
1.013333e-05,0.0003889991,3.733333e-06,5.97e-05,5.97e-05
1.013333e-05,0.0003889991,3.733333e-06,6.4e-05,6.4e-05
1.013333e-05,0.0003889991,3.733333e-06,6.83e-05,6.83e-05
1.013333e-05,0.0003889991,3.733333e-06,7.25e-05,7.25e-05
1.013333e-05,0.0003889991,3.733333e-06,7.68e-05,7.68e-05
1.013333e-05,0.0003889991,3.733333e-06,8.11e-05,8.11e-05
1.013333e-05,0.0003889991,3.733333e-06,8.53e-05,8.53e-05
1.013333e-05,0.0003889991,3.733333e-06,8.96e-05,8.96e-05
1.013333e-05,0.0003889991,3.733333e-06,3483801.4,3414750.993
1.013333e-05,0.0003889991,3.733333e-06,3972208.706,3914449.772
1.013333e-05,0.0003889991,3.733333e-06,4360291.082,4311378.714
1.013333e-05,0.0003889991,3.733333e-06,4786976.748,4701503.614
1.013333e-05,0.0003889991,3.733333e-06,5323561.316,5249154.042
1.013333e-05,0.0003889991,3.733333e-06,5779572.281,5713271.953
1.013333e-05,0.0003889991,3.733333e-06,6172057.8,6113280.124
1.013333e-05,0.0003889991,3.733333e-06,6514146.044,6461792.68
1.013333e-05,0.0003889991,3.733333e-06,6815398.45,6768607.902
1.013333e-05,0.0003889991,3.733333e-06,7276223.455,7184185.995
1.013333e-05,0.0003889991,3.733333e-06,7794475.345,7712988.628
1.013333e-05,0.0003889991,3.733333e-06,8262379.084,8188138.399
1.013333e-05,0.0003889991,3.733333e-06,8689011.902,8621620.02
1.013333e-05,0.0003889991,4.8e-06,3.84e-05,3.84e-05
1.013333e-05,0.0003889991,4.8e-06,4.27e-05,4.27e-05
1.013333e-05,0.0003889991,4.8e-06,4.69e-05,4.69e-05
1.013333e-05,0.0003889991,4.8e-06,5.12e-05,5.12e-05
1.013333e-05,0.0003889991,4.8e-06,5.55e-05,5.55e-05
1.013333e-05,0.0003889991,4.8e-06,5.97e-05,5.97e-05
1.013333e-05,0.0003889991,4.8e-06,6.4e-05,6.4e-05
1.013333e-05,0.0003889991,4.8e-06,6.83e-05,6.83e-05
1.013333e-05,0.0003889991,4.8e-06,7.25e-05,7.25e-05
1.013333e-05,0.0003889991,4.8e-06,7.68e-05,7.68e-05
1.013333e-05,0.0003889991,4.8e-06,8.11e-05,8.11e-05
1.013333e-05,0.0003889991,4.8e-06,8.53e-05,8.53e-05
1.013333e-05,0.0003889991,4.8e-06,8.96e-05,8.96e-05
1.013333e-05,0.0003889991,4.8e-06,3124279.92,3231045.592
1.013333e-05,0.0003889991,4.8e-06,3670826.121,3760466.815
1.013333e-05,0.0003889991,4.8e-06,4104478.311,4180699.614
1.013333e-05,0.0003889991,4.8e-06,4457884.317,4523286.804
1.013333e-05,0.0003889991,4.8e-06,4934610.963,5049981.146
1.013333e-05,0.0003889991,4.8e-06,5435125.309,5537358.301
1.013333e-05,0.0003889991,4.8e-06,5865135.28,5956443.789
1.013333e-05,0.0003889991,4.8e-06,6240393.834,6321897.905
1.013333e-05,0.0003889991,4.8e-06,6570276.533,6643352.763
1.013333e-05,0.0003889991,4.8e-06,6862900.511,6940527.538
1.013333e-05,0.0003889991,4.8e-06,7362961.418,7492658.722
1.013333e-05,0.0003889991,4.8e-06,7872747.18,7988423.426
1.013333e-05,0.0003889991,4.8e-06,8333771.498,8439392.692
1.013333e-05,0.0003889991,4.266667e-06,3.84e-05,3.84e-05
1.013333e-05,0.0003889991,4.266667e-06,4.27e-05,4.27e-05
1.013333e-05,0.0003889991,4.266667e-06,4.69e-05,4.69e-05
1.013333e-05,0.0003889991,4.266667e-06,5.12e-05,5.12e-05
1.013333e-05,0.0003889991,4.266667e-06,5.55e-05,5.55e-05
1.013333e-05,0.0003889991,4.266667e-06,5.97e-05,5.97e-05
1.013333e-05,0.0003889991,4.266667e-06,6.4e-05,6.4e-05
1.013333e-05,0.0003889991,4.266667e-06,6.83e-05,6.83e-05
1.013333e-05,0.0003889991,4.266667e-06,7.25e-05,7.25e-05
1.013333e-05,0.0003889991,4.266667e-06,7.68e-05,7.68e-05
1.013333e-05,0.0003889991,4.266667e-06,8.11e-05,8.11e-05
1.013333e-05,0.0003889991,4.266667e-06,8.53e-05,8.53e-05
1.013333e-05,0.0003889991,4.266667e-06,8.96e-05,8.96e-05
1.013333e-05,0.0003889991,4.266667e-06,3288802.255,2998512.221
1.013333e-05,0.0003889991,4.266667e-06,3808921.457,3551492.227
1.013333e-05,0.0003889991,4.266667e-06,4221860.089,4002904.99
1.013333e-05,0.0003889991,4.266667e-06,4558567.389,4370619.528
1.013333e-05,0.0003889991,4.266667e-06,5112531.846,4781842.914
1.013333e-05,0.0003889991,4.266667e-06,5592124.654,5299597.28
1.013333e-05,0.0003889991,4.266667e-06,6005804.073,5744790.708
1.013333e-05,0.0003889991,4.266667e-06,6365949.513,6131985.315
1.013333e-05,0.0003889991,4.266667e-06,6682823.591,6473039.793
1.013333e-05,0.0003889991,4.266667e-06,7017062.79,6775381.403
1.013333e-05,0.0003889991,4.266667e-06,7562154.424,7192034.467
1.013333e-05,0.0003889991,4.266667e-06,8051447.577,7717446.361
1.013333e-05,0.0003889991,4.266667e-06,8497495.516,8192274.624
1.013333e-05,0.0003889991,4.533333e-06,3.84e-05,3.84e-05
1.013333e-05,0.0003889991,4.533333e-06,4.27e-05,4.27e-05
1.013333e-05,0.0003889991,4.533333e-06,4.69e-05,4.69e-05
1.013333e-05,0.0003889991,4.533333e-06,5.12e-05,5.12e-05
1.013333e-05,0.0003889991,4.533333e-06,5.55e-05,5.55e-05
1.013333e-05,0.0003889991,4.533333e-06,5.97e-05,5.97e-05
1.013333e-05,0.0003889991,4.533333e-06,6.4e-05,6.4e-05
1.013333e-05,0.0003889991,4.533333e-06,6.83e-05,6.83e-05
1.013333e-05,0.0003889991,4.533333e-06,7.25e-05,7.25e-05
1.013333e-05,0.0003889991,4.533333e-06,7.68e-05,7.68e-05
1.013333e-05,0.0003889991,4.533333e-06,8.11e-05,8.11e-05
1.013333e-05,0.0003889991,4.533333e-06,8.53e-05,8.53e-05
1.013333e-05,0.0003889991,4.533333e-06,8.96e-05,8.96e-05
1.013333e-05,0.0003889991,4.533333e-06,3027761.641,43288762.58
1.013333e-05,0.0003889991,4.533333e-06,3589481.642,53182097.14
1.013333e-05,0.0003889991,4.533333e-06,4035249.029,64385781.31
1.013333e-05,0.0003889991,4.533333e-06,4398417.953,72906429.27
1.013333e-05,0.0003889991,4.533333e-06,4830363.545,79235177.28
1.013333e-05,0.0003889991,4.533333e-06,5342659.075,84829359.41
1.013333e-05,0.0003889991,4.533333e-06,5783203.345,91279588.76
1.013333e-05,0.0003889991,4.533333e-06,6166477.338,96664252.26
1.013333e-05,0.0003889991,4.533333e-06,6503976.319,101139182.9
1.013333e-05,0.0003889991,4.533333e-06,6803232.749,104793305.7
1.013333e-05,0.0003889991,4.533333e-06,7246313.415,107748106.5
1.013333e-05,0.0003889991,4.533333e-06,7766915.57,110132241.8
1.013333e-05,0.0003889991,4.533333e-06,8237335.049,112056894.0
1.013333e-05,0.0003889991,4e-06,3.84e-05,3.84e-05
1.013333e-05,0.0003889991,4e-06,4.27e-05,4.27e-05
1.013333e-05,0.0003889991,4e-06,4.69e-05,4.69e-05
1.013333e-05,0.0003889991,4e-06,5.12e-05,5.12e-05
1.013333e-05,0.0003889991,4e-06,5.55e-05,5.55e-05
1.013333e-05,0.0003889991,4e-06,5.97e-05,5.97e-05
1.013333e-05,0.0003889991,4e-06,6.4e-05,6.4e-05
1.013333e-05,0.0003889991,4e-06,6.83e-05,6.83e-05
1.013333e-05,0.0003889991,4e-06,7.25e-05,7.25e-05
1.013333e-05,0.0003889991,4e-06,7.68e-05,7.68e-05
1.013333e-05,0.0003889991,4e-06,8.11e-05,8.11e-05
1.013333e-05,0.0003889991,4e-06,8.53e-05,8.53e-05
1.013333e-05,0.0003889991,4e-06,8.96e-05,8.96e-05
1.013333e-05,0.0003889991,4e-06,45512709.31,46447415.29
1.013333e-05,0.0003889991,4e-06,56067033.8,57813533.81
1.013333e-05,0.0003889991,4e-06,68425920.07,70096056.91
1.013333e-05,0.0003889991,4e-06,76765790.22,78368536.86
1.013333e-05,0.0003889991,4e-06,82965457.24,85273252.21
1.013333e-05,0.0003889991,4e-06,90428529.39,92723557.42
1.013333e-05,0.0003889991,4e-06,96555791.16,98726064.73
1.013333e-05,0.0003889991,4e-06,101624314.8,103671419.5
1.013333e-05,0.0003889991,4e-06,105813273.1,107747817.2
1.013333e-05,0.0003889991,4e-06,109230276.9,111070692.6
1.013333e-05,0.0003889991,4e-06,111996711.4,113761890.4
1.013333e-05,0.0003889991,4e-06,114233331.0,115939327.1
1.013333e-05,0.0003889991,4e-06,116042784.7,117702403.5
1.013333e-05,0.0003889991,5.6e-06,3.84e-05,3.84e-05
1.013333e-05,0.0003889991,5.6e-06,4.27e-05,4.27e-05
1.013333e-05,0.0003889991,5.6e-06,4.69e-05,4.69e-05
1.013333e-05,0.0003889991,5.6e-06,5.12e-05,5.12e-05
1.013333e-05,0.0003889991,5.6e-06,5.55e-05,5.55e-05
1.013333e-05,0.0003889991,5.6e-06,5.97e-05,5.97e-05
1.013333e-05,0.0003889991,5.6e-06,6.4e-05,6.4e-05
1.013333e-05,0.0003889991,5.6e-06,6.83e-05,6.83e-05
1.013333e-05,0.0003889991,5.6e-06,7.25e-05,7.25e-05
1.013333e-05,0.0003889991,5.6e-06,7.68e-05,7.68e-05
1.013333e-05,0.0003889991,5.6e-06,8.11e-05,8.11e-05
1.013333e-05,0.0003889991,5.6e-06,8.53e-05,8.53e-05
1.013333e-05,0.0003889991,5.6e-06,8.96e-05,8.96e-05
1.013333e-05,0.0003889991,5.6e-06,48063673.11,50601983.89
1.013333e-05,0.0003889991,5.6e-06,60800777.94,65406007.16
1.013333e-05,0.0003889991,5.6e-06,72956920.44,77353543.42
1.013333e-05,0.0003889991,5.6e-06,81111729.47,86537364.17
1.013333e-05,0.0003889991,5.6e-06,89375034.41,95574752.25
1.013333e-05,0.0003889991,5.6e-06,96626456.81,102521785.3
1.013333e-05,0.0003889991,5.6e-06,102413131.8,108037835.2
1.013333e-05,0.0003889991,5.6e-06,107159071.5,112504952.7
1.013333e-05,0.0003889991,5.6e-06,111051607.1,116136332.5
1.013333e-05,0.0003889991,5.6e-06,114219551.0,119081102.6
1.013333e-05,0.0003889991,5.6e-06,116786209.7,121466449.9
1.013333e-05,0.0003889991,5.6e-06,118865271.5,123401144.8
1.013333e-05,0.0003889991,5.6e-06,120551005.1,124972650.3
1.013333e-05,0.0003889991,5.066667e-06,3.84e-05,3.84e-05
1.013333e-05,0.0003889991,5.066667e-06,4.27e-05,4.27e-05
1.013333e-05,0.0003889991,5.066667e-06,4.69e-05,4.69e-05
1.013333e-05,0.0003889991,5.066667e-06,5.12e-05,5.12e-05
1.013333e-05,0.0003889991,5.066667e-06,5.55e-05,5.55e-05
1.013333e-05,0.0003889991,5.066667e-06,5.97e-05,5.97e-05
1.013333e-05,0.0003889991,5.066667e-06,6.4e-05,6.4e-05
1.013333e-05,0.0003889991,5.066667e-06,6.83e-05,6.83e-05
1.013333e-05,0.0003889991,5.066667e-06,7.25e-05,7.25e-05
1.013333e-05,0.0003889991,5.066667e-06,7.68e-05,7.68e-05
1.013333e-05,0.0003889991,5.066667e-06,8.11e-05,8.11e-05
1.013333e-05,0.0003889991,5.066667e-06,8.53e-05,8.53e-05
1.013333e-05,0.0003889991,5.066667e-06,8.96e-05,8.96e-05
1.013333e-05,0.0003889991,5.066667e-06,50034340.47,48771804.25
1.013333e-05,0.0003889991,5.066667e-06,64385472.27,62096269.07
1.013333e-05,0.0003889991,5.066667e-06,76380669.27,74195418.79
1.013333e-05,0.0003889991,5.066667e-06,85087608.75,82302052.04
1.013333e-05,0.0003889991,5.066667e-06,94213563.87,91134070.64
1.013333e-05,0.0003889991,5.066667e-06,101224310.3,98295508.77
1.013333e-05,0.0003889991,5.066667e-06,106797327.5,104002507.5
1.013333e-05,0.0003889991,5.066667e-06,111323196.7,108666468.7
1.013333e-05,0.0003889991,5.066667e-06,115010063.8,112482761.7
1.013333e-05,0.0003889991,5.066667e-06,118002607.1,115585968.5
1.013333e-05,0.0003889991,5.066667e-06,120426988.7,118100291.0
1.013333e-05,0.0003889991,5.066667e-06,122392898.9,120137835.5
1.013333e-05,0.0003889991,5.066667e-06,123989188.8,121790817.3
1.013333e-05,0.0003889991,5.333333e-06,3.84e-05,3.84e-05
1.013333e-05,0.0003889991,5.333333e-06,4.27e-05,4.27e-05
1.013333e-05,0.0003889991,5.333333e-06,4.69e-05,4.69e-05
1.013333e-05,0.0003889991,5.333333e-06,5.12e-05,5.12e-05
1.013333e-05,0.0003889991,5.333333e-06,5.55e-05,5.55e-05
1.013333e-05,0.0003889991,5.333333e-06,5.97e-05,5.97e-05
1.013333e-05,0.0003889991,5.333333e-06,6.4e-05,6.4e-05
1.013333e-05,0.0003889991,5.333333e-06,6.83e-05,6.83e-05
1.013333e-05,0.0003889991,5.333333e-06,7.25e-05,7.25e-05
1.013333e-05,0.0003889991,5.333333e-06,7.68e-05,7.68e-05
1.013333e-05,0.0003889991,5.333333e-06,8.11e-05,8.11e-05
1.013333e-05,0.0003889991,5.333333e-06,8.53e-05,8.53e-05
1.013333e-05,0.0003889991,5.333333e-06,8.96e-05,8.96e-05
1.013333e-05,0.0003889991,5.333333e-06,51134067.92,51634651.08
1.013333e-05,0.0003889991,5.333333e-06,66357646.59,67248525.1
1.013333e-05,0.0003889991,5.333333e-06,78260023.62,79108014.2
1.013333e-05,0.0003889991,5.333333e-06,87878099.47,89126133.5
1.013333e-05,0.0003889991,5.333333e-06,96837697.28,98014539.19
1.013333e-05,0.0003889991,5.333333e-06,103727266.6,104852031.5
1.013333e-05,0.0003889991,5.333333e-06,109191702.5,110269448.2
1.013333e-05,0.0003889991,5.333333e-06,113605604.7,114634909.3
1.013333e-05,0.0003889991,5.333333e-06,117186485.2,118169607.4
1.013333e-05,0.0003889991,5.333333e-06,120087586.0,121030601.4
1.013333e-05,0.0003889991,5.333333e-06,122437130.9,123347155.3
1.013333e-05,0.0003889991,5.333333e-06,124343120.9,125226627.2
1.013333e-05,0.0003889991,5.333333e-06,125891787.4,127515881.8
1.013333e-05,4.48e-05,2.4e-06,3.84e-05,3.84e-05
1.013333e-05,4.48e-05,2.4e-06,4.27e-05,4.27e-05
1.013333e-05,4.48e-05,2.4e-06,4.69e-05,4.69e-05
1.013333e-05,4.48e-05,2.4e-06,5.12e-05,5.12e-05
1.013333e-05,4.48e-05,2.4e-06,5.55e-05,5.55e-05
1.013333e-05,4.48e-05,2.4e-06,5.97e-05,5.97e-05
1.013333e-05,4.48e-05,2.4e-06,6.4e-05,6.4e-05
1.013333e-05,4.48e-05,2.4e-06,6.83e-05,6.83e-05
1.013333e-05,4.48e-05,2.4e-06,7.25e-05,7.25e-05
1.013333e-05,4.48e-05,2.4e-06,7.68e-05,7.68e-05
1.013333e-05,4.48e-05,2.4e-06,8.11e-05,8.11e-05
1.013333e-05,4.48e-05,2.4e-06,8.53e-05,8.53e-05
1.013333e-05,4.48e-05,2.4e-06,8.96e-05,8.96e-05
1.013333e-05,4.48e-05,2.4e-06,10931329.73,10823593.26
1.013333e-05,4.48e-05,2.4e-06,12509345.38,12431775.07
1.013333e-05,4.48e-05,2.4e-06,13836392.89,13783249.26
1.013333e-05,4.48e-05,2.4e-06,14973426.89,14940458.38
1.013333e-05,4.48e-05,2.4e-06,16108549.16,16072073.89
1.013333e-05,4.48e-05,2.4e-06,18121407.99,18121552.38
1.013333e-05,4.48e-05,2.4e-06,19927666.69,19963455.85
1.013333e-05,4.48e-05,2.4e-06,21570562.04,21630967.85
1.013333e-05,4.48e-05,2.4e-06,23064493.23,23152408.63
1.013333e-05,4.48e-05,2.4e-06,25027966.98,25284020.43
1.013333e-05,4.48e-05,2.4e-06,27957455.23,28268510.16
1.013333e-05,4.48e-05,2.4e-06,30669433.14,31036383.95
1.013333e-05,4.48e-05,2.4e-06,33219588.64,33628671.1
1.013333e-05,4.48e-05,2.666667e-06,3.84e-05,3.84e-05
1.013333e-05,4.48e-05,2.666667e-06,4.27e-05,4.27e-05
1.013333e-05,4.48e-05,2.666667e-06,4.69e-05,4.69e-05
1.013333e-05,4.48e-05,2.666667e-06,5.12e-05,5.12e-05
1.013333e-05,4.48e-05,2.666667e-06,5.55e-05,5.55e-05
1.013333e-05,4.48e-05,2.666667e-06,5.97e-05,5.97e-05
1.013333e-05,4.48e-05,2.666667e-06,6.4e-05,6.4e-05
1.013333e-05,4.48e-05,2.666667e-06,6.83e-05,6.83e-05
1.013333e-05,4.48e-05,2.666667e-06,7.25e-05,7.25e-05
1.013333e-05,4.48e-05,2.666667e-06,7.68e-05,7.68e-05
1.013333e-05,4.48e-05,2.666667e-06,8.11e-05,8.11e-05
1.013333e-05,4.48e-05,2.666667e-06,8.53e-05,8.53e-05
1.013333e-05,4.48e-05,2.666667e-06,8.96e-05,8.96e-05
1.013333e-05,4.48e-05,2.666667e-06,10623359.96,10530347.95
1.013333e-05,4.48e-05,2.666667e-06,12285170.07,12216241.86
1.013333e-05,4.48e-05,2.666667e-06,13680117.03,13630721.7
1.013333e-05,4.48e-05,2.666667e-06,14873279.46,14840051.23
1.013333e-05,4.48e-05,2.666667e-06,15987394.09,15942206.24
1.013333e-05,4.48e-05,2.666667e-06,18102154.34,18086318.41
1.013333e-05,4.48e-05,2.666667e-06,20001411.23,20011375.19
1.013333e-05,4.48e-05,2.666667e-06,21717553.25,21748051.47
1.013333e-05,4.48e-05,2.666667e-06,23286506.6,23339642.5
1.013333e-05,4.48e-05,2.666667e-06,25695608.46,25863478.88
1.013333e-05,4.48e-05,2.666667e-06,28776960.94,28996042.29
1.013333e-05,4.48e-05,2.666667e-06,31645111.18,31902708.62
1.013333e-05,4.48e-05,2.666667e-06,34316975.59,34611581.9
1.013333e-05,4.48e-05,2.933333e-06,3.84e-05,3.84e-05
1.013333e-05,4.48e-05,2.933333e-06,4.27e-05,4.27e-05
1.013333e-05,4.48e-05,2.933333e-06,4.69e-05,4.69e-05
1.013333e-05,4.48e-05,2.933333e-06,5.12e-05,5.12e-05
1.013333e-05,4.48e-05,2.933333e-06,5.55e-05,5.55e-05
1.013333e-05,4.48e-05,2.933333e-06,5.97e-05,5.97e-05
1.013333e-05,4.48e-05,2.933333e-06,6.4e-05,6.4e-05
1.013333e-05,4.48e-05,2.933333e-06,6.83e-05,6.83e-05
1.013333e-05,4.48e-05,2.933333e-06,7.25e-05,7.25e-05
1.013333e-05,4.48e-05,2.933333e-06,7.68e-05,7.68e-05
1.013333e-05,4.48e-05,2.933333e-06,8.11e-05,8.11e-05
1.013333e-05,4.48e-05,2.933333e-06,8.53e-05,8.53e-05
1.013333e-05,4.48e-05,2.933333e-06,8.96e-05,8.96e-05
1.013333e-05,4.48e-05,2.933333e-06,10420257.75,10384178.84
1.013333e-05,4.48e-05,2.933333e-06,12086773.47,12025977.57
1.013333e-05,4.48e-05,2.933333e-06,13536810.92,13492312.8
1.013333e-05,4.48e-05,2.933333e-06,14775574.24,14744561.26
1.013333e-05,4.48e-05,2.933333e-06,15850456.47,15829934.58
1.013333e-05,4.48e-05,2.933333e-06,18047969.63,18026826.18
1.013333e-05,4.48e-05,2.933333e-06,20019975.1,20020313.99
1.013333e-05,4.48e-05,2.933333e-06,21803370.42,21822764.4
1.013333e-05,4.48e-05,2.933333e-06,23426238.61,23461743.3
1.013333e-05,4.48e-05,2.933333e-06,26155942.4,26280603.15
1.013333e-05,4.48e-05,2.933333e-06,29370681.07,29521667.55
1.013333e-05,4.48e-05,2.933333e-06,32350402.49,32547450.34
1.013333e-05,4.48e-05,2.933333e-06,35118822.33,35350711.07
1.013333e-05,4.48e-05,3.2e-06,3.84e-05,3.84e-05
1.013333e-05,4.48e-05,3.2e-06,4.27e-05,4.27e-05
1.013333e-05,4.48e-05,3.2e-06,4.69e-05,4.69e-05
1.013333e-05,4.48e-05,3.2e-06,5.12e-05,5.12e-05
1.013333e-05,4.48e-05,3.2e-06,5.55e-05,5.55e-05
1.013333e-05,4.48e-05,3.2e-06,5.97e-05,5.97e-05
1.013333e-05,4.48e-05,3.2e-06,6.4e-05,6.4e-05
1.013333e-05,4.48e-05,3.2e-06,6.83e-05,6.83e-05
1.013333e-05,4.48e-05,3.2e-06,7.25e-05,7.25e-05
1.013333e-05,4.48e-05,3.2e-06,7.68e-05,7.68e-05
1.013333e-05,4.48e-05,3.2e-06,8.11e-05,8.11e-05
1.013333e-05,4.48e-05,3.2e-06,8.53e-05,8.53e-05
1.013333e-05,4.48e-05,3.2e-06,8.96e-05,8.96e-05
1.013333e-05,4.48e-05,3.2e-06,10255297.05,10316857.95
1.013333e-05,4.48e-05,3.2e-06,11809586.18,11911533.68
1.013333e-05,4.48e-05,3.2e-06,13329632.84,13408038.62
1.013333e-05,4.48e-05,3.2e-06,14629486.8,14685223.54
1.013333e-05,4.48e-05,3.2e-06,15754901.37,15791586.59
1.013333e-05,4.48e-05,3.2e-06,17938082.61,17982772.8
1.013333e-05,4.48e-05,3.2e-06,20007072.94,20015895.97
1.013333e-05,4.48e-05,3.2e-06,21876443.14,21853485.24
1.013333e-05,4.48e-05,3.2e-06,23577287.63,23520387.91
1.013333e-05,4.48e-05,3.2e-06,26686168.57,26499447.89
1.013333e-05,4.48e-05,3.2e-06,30062479.43,29819415.17
1.013333e-05,4.48e-05,3.2e-06,33208478.42,32896031.07
1.013333e-05,4.48e-05,3.2e-06,36126772.9,35764765.89
1.013333e-05,4.48e-05,3.466667e-06,3.84e-05,3.84e-05
1.013333e-05,4.48e-05,3.466667e-06,4.27e-05,4.27e-05
1.013333e-05,4.48e-05,3.466667e-06,4.69e-05,4.69e-05
1.013333e-05,4.48e-05,3.466667e-06,5.12e-05,5.12e-05
1.013333e-05,4.48e-05,3.466667e-06,5.55e-05,5.55e-05
1.013333e-05,4.48e-05,3.466667e-06,5.97e-05,5.97e-05
1.013333e-05,4.48e-05,3.466667e-06,6.4e-05,6.4e-05
1.013333e-05,4.48e-05,3.466667e-06,6.83e-05,6.83e-05
1.013333e-05,4.48e-05,3.466667e-06,7.25e-05,7.25e-05
1.013333e-05,4.48e-05,3.466667e-06,7.68e-05,7.68e-05
1.013333e-05,4.48e-05,3.466667e-06,8.11e-05,8.11e-05
1.013333e-05,4.48e-05,3.466667e-06,8.53e-05,8.53e-05
1.013333e-05,4.48e-05,3.466667e-06,8.96e-05,8.96e-05
1.013333e-05,4.48e-05,3.466667e-06,3805263.788,3721739.804
1.013333e-05,4.48e-05,3.466667e-06,4245021.159,4175665.342
1.013333e-05,4.48e-05,3.466667e-06,4620730.509,4536823.749
1.013333e-05,4.48e-05,3.466667e-06,5207986.753,5104262.476
1.013333e-05,4.48e-05,3.466667e-06,5698046.638,5607763.136
1.013333e-05,4.48e-05,3.466667e-06,6114309.205,6035139.191
1.013333e-05,4.48e-05,3.466667e-06,6473310.468,6403514.595
1.013333e-05,4.48e-05,3.466667e-06,6786748.725,6724971.95
1.013333e-05,4.48e-05,3.466667e-06,7234008.143,7113204.351
1.013333e-05,4.48e-05,3.466667e-06,7767842.039,7661179.319
1.013333e-05,4.48e-05,3.466667e-06,8244963.773,8149288.096
1.013333e-05,4.48e-05,3.466667e-06,8678502.168,8592561.52
1.013333e-05,4.48e-05,3.466667e-06,9072955.795,8995849.929
1.013333e-05,4.48e-05,3.733333e-06,3.84e-05,3.84e-05
1.013333e-05,4.48e-05,3.733333e-06,4.27e-05,4.27e-05
1.013333e-05,4.48e-05,3.733333e-06,4.69e-05,4.69e-05
1.013333e-05,4.48e-05,3.733333e-06,5.12e-05,5.12e-05
1.013333e-05,4.48e-05,3.733333e-06,5.55e-05,5.55e-05
1.013333e-05,4.48e-05,3.733333e-06,5.97e-05,5.97e-05
1.013333e-05,4.48e-05,3.733333e-06,6.4e-05,6.4e-05
1.013333e-05,4.48e-05,3.733333e-06,6.83e-05,6.83e-05
1.013333e-05,4.48e-05,3.733333e-06,7.25e-05,7.25e-05
1.013333e-05,4.48e-05,3.733333e-06,7.68e-05,7.68e-05
1.013333e-05,4.48e-05,3.733333e-06,8.11e-05,8.11e-05
1.013333e-05,4.48e-05,3.733333e-06,8.53e-05,8.53e-05
1.013333e-05,4.48e-05,3.733333e-06,8.96e-05,8.96e-05
1.013333e-05,4.48e-05,3.733333e-06,3572312.4,3504910.755
1.013333e-05,4.48e-05,3.733333e-06,4051207.247,3994932.837
1.013333e-05,4.48e-05,3.733333e-06,4431896.261,4384336.353
1.013333e-05,4.48e-05,3.733333e-06,4920106.328,4836933.169
1.013333e-05,4.48e-05,3.733333e-06,5445855.405,5373547.971
1.013333e-05,4.48e-05,3.733333e-06,5892881.012,5828529.681
1.013333e-05,4.48e-05,3.733333e-06,6277786.814,6220816.506
1.013333e-05,4.48e-05,3.733333e-06,6613377.088,6562707.893
1.013333e-05,4.48e-05,3.733333e-06,6908983.885,6863768.893
1.013333e-05,4.48e-05,3.733333e-06,7467507.773,7378565.204
1.013333e-05,4.48e-05,3.733333e-06,7976143.972,7897533.476
1.013333e-05,4.48e-05,3.733333e-06,8435544.401,8364020.728
1.013333e-05,4.48e-05,3.733333e-06,8854525.928,8789701.971
1.013333e-05,4.48e-05,4.8e-06,3.84e-05,3.84e-05
1.013333e-05,4.48e-05,4.8e-06,4.27e-05,4.27e-05
1.013333e-05,4.48e-05,4.8e-06,4.69e-05,4.69e-05
1.013333e-05,4.48e-05,4.8e-06,5.12e-05,5.12e-05
1.013333e-05,4.48e-05,4.8e-06,5.55e-05,5.55e-05
1.013333e-05,4.48e-05,4.8e-06,5.97e-05,5.97e-05
1.013333e-05,4.48e-05,4.8e-06,6.4e-05,6.4e-05
1.013333e-05,4.48e-05,4.8e-06,6.83e-05,6.83e-05
1.013333e-05,4.48e-05,4.8e-06,7.25e-05,7.25e-05
1.013333e-05,4.48e-05,4.8e-06,7.68e-05,7.68e-05
1.013333e-05,4.48e-05,4.8e-06,8.11e-05,8.11e-05
1.013333e-05,4.48e-05,4.8e-06,8.53e-05,8.53e-05
1.013333e-05,4.48e-05,4.8e-06,8.96e-05,8.96e-05
1.013333e-05,4.48e-05,4.8e-06,3221372.906,3325589.714
1.013333e-05,4.48e-05,4.8e-06,3757549.23,3844896.55
1.013333e-05,4.48e-05,4.8e-06,4183119.954,4257252.449
1.013333e-05,4.48e-05,4.8e-06,4530019.23,4616422.259
1.013333e-05,4.48e-05,4.8e-06,5067877.245,5179986.577
1.013333e-05,4.48e-05,4.8e-06,5558568.049,5657791.131
1.013333e-05,4.48e-05,4.8e-06,5980278.663,6068789.709
1.013333e-05,4.48e-05,4.8e-06,6348394.237,6427293.719
1.013333e-05,4.48e-05,4.8e-06,6672065.114,6742705.24
1.013333e-05,4.48e-05,4.8e-06,7006322.997,7143090.276
1.013333e-05,4.48e-05,4.8e-06,7559671.857,7684881.332
1.013333e-05,4.48e-05,4.8e-06,8060021.312,8171535.391
1.013333e-05,4.48e-05,4.8e-06,8512647.597,8614313.75
1.013333e-05,4.48e-05,4.266667e-06,3.84e-05,3.84e-05
1.013333e-05,4.48e-05,4.266667e-06,4.27e-05,4.27e-05
1.013333e-05,4.48e-05,4.266667e-06,4.69e-05,4.69e-05
1.013333e-05,4.48e-05,4.266667e-06,5.12e-05,5.12e-05
1.013333e-05,4.48e-05,4.266667e-06,5.55e-05,5.55e-05
1.013333e-05,4.48e-05,4.266667e-06,5.97e-05,5.97e-05
1.013333e-05,4.48e-05,4.266667e-06,6.4e-05,6.4e-05
1.013333e-05,4.48e-05,4.266667e-06,6.83e-05,6.83e-05
1.013333e-05,4.48e-05,4.266667e-06,7.25e-05,7.25e-05
1.013333e-05,4.48e-05,4.266667e-06,7.68e-05,7.68e-05
1.013333e-05,4.48e-05,4.266667e-06,8.11e-05,8.11e-05
1.013333e-05,4.48e-05,4.266667e-06,8.53e-05,8.53e-05
1.013333e-05,4.48e-05,4.266667e-06,8.96e-05,8.96e-05
1.013333e-05,4.48e-05,4.266667e-06,3381967.99,3083243.964
1.013333e-05,4.48e-05,4.266667e-06,3892110.581,3641267.653
1.013333e-05,4.48e-05,4.266667e-06,4297282.859,4084325.985
1.013333e-05,4.48e-05,4.266667e-06,4685612.204,4445309.705
1.013333e-05,4.48e-05,4.266667e-06,5240773.094,4919445.934
1.013333e-05,4.48e-05,4.266667e-06,5710939.591,5427043.062
1.013333e-05,4.48e-05,4.266667e-06,6116637.507,5863640.053
1.013333e-05,4.48e-05,4.266667e-06,6469936.534,6243451.968
1.013333e-05,4.48e-05,4.266667e-06,6780858.237,6578069.131
1.013333e-05,4.48e-05,4.266667e-06,7217060.381,6874747.653
1.013333e-05,4.48e-05,4.266667e-06,7751962.768,7394675.721
1.013333e-05,4.48e-05,4.266667e-06,8232287.002,7910300.808
1.013333e-05,4.48e-05,4.266667e-06,8670259.266,8376417.135
1.013333e-05,4.48e-05,4.533333e-06,3.84e-05,3.84e-05
1.013333e-05,4.48e-05,4.533333e-06,4.27e-05,4.27e-05
1.013333e-05,4.48e-05,4.533333e-06,4.69e-05,4.69e-05
1.013333e-05,4.48e-05,4.533333e-06,5.12e-05,5.12e-05
1.013333e-05,4.48e-05,4.533333e-06,5.55e-05,5.55e-05
1.013333e-05,4.48e-05,4.533333e-06,5.97e-05,5.97e-05
1.013333e-05,4.48e-05,4.533333e-06,6.4e-05,6.4e-05
1.013333e-05,4.48e-05,4.533333e-06,6.83e-05,6.83e-05
1.013333e-05,4.48e-05,4.533333e-06,7.25e-05,7.25e-05
1.013333e-05,4.48e-05,4.533333e-06,7.68e-05,7.68e-05
1.013333e-05,4.48e-05,4.533333e-06,8.11e-05,8.11e-05
1.013333e-05,4.48e-05,4.533333e-06,8.53e-05,8.53e-05
1.013333e-05,4.48e-05,4.533333e-06,8.96e-05,8.96e-05
1.013333e-05,4.48e-05,4.533333e-06,3127161.595,44664399.23
1.013333e-05,4.48e-05,4.533333e-06,3678285.252,54398373.18
1.013333e-05,4.48e-05,4.533333e-06,4115785.237,66264153.99
1.013333e-05,4.48e-05,4.533333e-06,4472294.713,74642833.62
1.013333e-05,4.48e-05,4.533333e-06,4966586.437,80874052.92
1.013333e-05,4.48e-05,4.533333e-06,5468830.918,87272197.63
1.013333e-05,4.48e-05,4.533333e-06,5900870.504,93563589.08
1.013333e-05,4.48e-05,4.533333e-06,6276840.484,98788497.78
1.013333e-05,4.48e-05,4.533333e-06,6607974.166,103112175.6
1.013333e-05,4.48e-05,4.533333e-06,6901630.949,106633463.0
1.013333e-05,4.48e-05,4.533333e-06,7447070.971,109476422.4
1.013333e-05,4.48e-05,4.533333e-06,7957994.226,111767817.7
1.013333e-05,4.48e-05,4.533333e-06,8419801.785,113615664.8
1.013333e-05,4.48e-05,4e-06,3.84e-05,3.84e-05
1.013333e-05,4.48e-05,4e-06,4.27e-05,4.27e-05
1.013333e-05,4.48e-05,4e-06,4.69e-05,4.69e-05
1.013333e-05,4.48e-05,4e-06,5.12e-05,5.12e-05
1.013333e-05,4.48e-05,4e-06,5.55e-05,5.55e-05
1.013333e-05,4.48e-05,4e-06,5.97e-05,5.97e-05
1.013333e-05,4.48e-05,4e-06,6.4e-05,6.4e-05
1.013333e-05,4.48e-05,4e-06,6.83e-05,6.83e-05
1.013333e-05,4.48e-05,4e-06,7.25e-05,7.25e-05
1.013333e-05,4.48e-05,4e-06,7.68e-05,7.68e-05
1.013333e-05,4.48e-05,4e-06,8.11e-05,8.11e-05
1.013333e-05,4.48e-05,4e-06,8.53e-05,8.53e-05
1.013333e-05,4.48e-05,4e-06,8.96e-05,8.96e-05
1.013333e-05,4.48e-05,4e-06,46905330.5,47847693.76
1.013333e-05,4.48e-05,4e-06,58179849.41,59921372.76
1.013333e-05,4.48e-05,4e-06,70286515.01,71950517.69
1.013333e-05,4.48e-05,4e-06,78488941.98,80086845.06
1.013333e-05,4.48e-05,4e-06,85402083.09,87809450.52
1.013333e-05,4.48e-05,4e-06,92826068.59,95123565.72
1.013333e-05,4.48e-05,4e-06,98800334.92,100955302.8
1.013333e-05,4.48e-05,4e-06,103714774.0,105748868.9
1.013333e-05,4.48e-05,4e-06,107757667.4,109681301.7
1.013333e-05,4.48e-05,4e-06,111045964.0,112877140.7
1.013333e-05,4.48e-05,4e-06,113703586.5,115460750.5
1.013333e-05,4.48e-05,4e-06,115849616.0,117548462.4
1.013333e-05,4.48e-05,4e-06,117583770.1,119236841.8
1.013333e-05,4.48e-05,5.6e-06,3.84e-05,3.84e-05
1.013333e-05,4.48e-05,5.6e-06,4.27e-05,4.27e-05
1.013333e-05,4.48e-05,5.6e-06,4.69e-05,4.69e-05
1.013333e-05,4.48e-05,5.6e-06,5.12e-05,5.12e-05
1.013333e-05,4.48e-05,5.6e-06,5.55e-05,5.55e-05
1.013333e-05,4.48e-05,5.6e-06,5.97e-05,5.97e-05
1.013333e-05,4.48e-05,5.6e-06,6.4e-05,6.4e-05
1.013333e-05,4.48e-05,5.6e-06,6.83e-05,6.83e-05
1.013333e-05,4.48e-05,5.6e-06,7.25e-05,7.25e-05
1.013333e-05,4.48e-05,5.6e-06,7.68e-05,7.68e-05
1.013333e-05,4.48e-05,5.6e-06,8.11e-05,8.11e-05
1.013333e-05,4.48e-05,5.6e-06,8.53e-05,8.53e-05
1.013333e-05,4.48e-05,5.6e-06,8.96e-05,8.96e-05
1.013333e-05,4.48e-05,5.6e-06,49477813.73,52039154.81
1.013333e-05,4.48e-05,5.6e-06,62900730.13,67495076.01
1.013333e-05,4.48e-05,5.6e-06,74800056.13,79181361.35
1.013333e-05,4.48e-05,5.6e-06,82822644.8,89170276.99
1.013333e-05,4.48e-05,5.6e-06,91877865.39,98030127.58
1.013333e-05,4.48e-05,5.6e-06,98976700.72,104832053.2
1.013333e-05,4.48e-05,5.6e-06,104617642.3,110207791.4
1.013333e-05,4.48e-05,5.6e-06,109215642.2,114532705.5
1.013333e-05,4.48e-05,5.6e-06,112967732.7,118028884.1
1.013333e-05,4.48e-05,5.6e-06,116011442.1,120853602.4
1.013333e-05,4.48e-05,5.6e-06,118472564.2,123136478.3
1.013333e-05,4.48e-05,5.6e-06,120463348.8,124985055.8
1.013333e-05,4.48e-05,5.6e-06,122075389.2,127019480.4
1.013333e-05,4.48e-05,5.066667e-06,3.84e-05,3.84e-05
1.013333e-05,4.48e-05,5.066667e-06,4.27e-05,4.27e-05
1.013333e-05,4.48e-05,5.066667e-06,4.69e-05,4.69e-05
1.013333e-05,4.48e-05,5.066667e-06,5.12e-05,5.12e-05
1.013333e-05,4.48e-05,5.066667e-06,5.55e-05,5.55e-05
1.013333e-05,4.48e-05,5.066667e-06,5.97e-05,5.97e-05
1.013333e-05,4.48e-05,5.066667e-06,6.4e-05,6.4e-05
1.013333e-05,4.48e-05,5.066667e-06,6.83e-05,6.83e-05
1.013333e-05,4.48e-05,5.066667e-06,7.25e-05,7.25e-05
1.013333e-05,4.48e-05,5.066667e-06,7.68e-05,7.68e-05
1.013333e-05,4.48e-05,5.066667e-06,8.11e-05,8.11e-05
1.013333e-05,4.48e-05,5.066667e-06,8.53e-05,8.53e-05
1.013333e-05,4.48e-05,5.066667e-06,8.96e-05,8.96e-05
1.013333e-05,4.48e-05,5.066667e-06,51466253.91,50192234.49
1.013333e-05,4.48e-05,5.066667e-06,66476839.58,64193018.71
1.013333e-05,4.48e-05,5.066667e-06,78211670.41,76033992.72
1.013333e-05,4.48e-05,5.066667e-06,87732757.25,84481080.84
1.013333e-05,4.48e-05,5.066667e-06,96679043.37,93623066.49
1.013333e-05,4.48e-05,5.066667e-06,103543038.4,100634038.4
1.013333e-05,4.48e-05,5.066667e-06,108974571.6,106196862.6
1.013333e-05,4.48e-05,5.066667e-06,113356987.3,110714522.4
1.013333e-05,4.48e-05,5.066667e-06,116907510.3,114391867.8
1.013333e-05,4.48e-05,5.066667e-06,119779089.1,117372033.4
1.013333e-05,4.48e-05,5.066667e-06,122100329.9,119781693.1
1.013333e-05,4.48e-05,5.066667e-06,123979650.9,121731576.3
1.013333e-05,4.48e-05,5.066667e-06,125503414.6,123311291.1
1.013333e-05,4.48e-05,5.333333e-06,3.84e-05,3.84e-05
1.013333e-05,4.48e-05,5.333333e-06,4.27e-05,4.27e-05
1.013333e-05,4.48e-05,5.333333e-06,4.69e-05,4.69e-05
1.013333e-05,4.48e-05,5.333333e-06,5.12e-05,5.12e-05
1.013333e-05,4.48e-05,5.333333e-06,5.55e-05,5.55e-05
1.013333e-05,4.48e-05,5.333333e-06,5.97e-05,5.97e-05
1.013333e-05,4.48e-05,5.333333e-06,6.4e-05,6.4e-05
1.013333e-05,4.48e-05,5.333333e-06,6.83e-05,6.83e-05
1.013333e-05,4.48e-05,5.333333e-06,7.25e-05,7.25e-05
1.013333e-05,4.48e-05,5.333333e-06,7.68e-05,7.68e-05
1.013333e-05,4.48e-05,5.333333e-06,8.11e-05,8.11e-05
1.013333e-05,4.48e-05,5.333333e-06,8.53e-05,8.53e-05
1.013333e-05,4.48e-05,5.333333e-06,8.96e-05,8.96e-05
1.013333e-05,4.48e-05,5.333333e-06,52576210.6,53081503.88
1.013333e-05,4.48e-05,5.333333e-06,68444621.78,69333580.02
1.013333e-05,4.48e-05,5.333333e-06,80084976.49,80930373.25
1.013333e-05,4.48e-05,5.333333e-06,90499853.83,91737635.95
1.013333e-05,4.48e-05,5.333333e-06,99283859.0,100452256.2
1.013333e-05,4.48e-05,5.333333e-06,106029847.6,107147592.3
1.013333e-05,4.48e-05,5.333333e-06,111355049.9,112426770.7
1.013333e-05,4.48e-05,5.333333e-06,115627903.6,116652254.9
1.013333e-05,4.48e-05,5.333333e-06,119074638.3,120053786.5
1.013333e-05,4.48e-05,5.333333e-06,121856531.0,122796355.8
1.013333e-05,4.48e-05,5.333333e-06,124104224.1,125011633.7
1.013333e-05,4.48e-05,5.333333e-06,125952217.2,127588227.8
1.013333e-05,4.48e-05,5.333333e-06,128751176.7,130360270.0
1.066667e-05,0.000132012,2.4e-06,3.84e-05,3.84e-05
1.066667e-05,0.000132012,2.4e-06,4.27e-05,4.27e-05
1.066667e-05,0.000132012,2.4e-06,4.69e-05,4.69e-05
1.066667e-05,0.000132012,2.4e-06,5.12e-05,5.12e-05
1.066667e-05,0.000132012,2.4e-06,5.55e-05,5.55e-05
1.066667e-05,0.000132012,2.4e-06,5.97e-05,5.97e-05
1.066667e-05,0.000132012,2.4e-06,6.4e-05,6.4e-05
1.066667e-05,0.000132012,2.4e-06,6.83e-05,6.83e-05
1.066667e-05,0.000132012,2.4e-06,7.25e-05,7.25e-05
1.066667e-05,0.000132012,2.4e-06,7.68e-05,7.68e-05
1.066667e-05,0.000132012,2.4e-06,8.11e-05,8.11e-05
1.066667e-05,0.000132012,2.4e-06,8.53e-05,8.53e-05
1.066667e-05,0.000132012,2.4e-06,8.96e-05,8.96e-05
1.066667e-05,0.000132012,2.4e-06,11179316.18,11075933.8
1.066667e-05,0.000132012,2.4e-06,12735609.05,12661852.09
1.066667e-05,0.000132012,2.4e-06,14045200.58,13995411.18
1.066667e-05,0.000132012,2.4e-06,15167763.83,15137753.5
1.066667e-05,0.000132012,2.4e-06,16527097.17,16497321.55
1.066667e-05,0.000132012,2.4e-06,18518010.83,18524156.29
1.066667e-05,0.000132012,2.4e-06,20304954.46,20346027.5
1.066667e-05,0.000132012,2.4e-06,21930417.69,21995612.58
1.066667e-05,0.000132012,2.4e-06,23408709.45,23500803.69
1.066667e-05,0.000132012,2.4e-06,25789669.72,26055937.78
1.066667e-05,0.000132012,2.4e-06,28689451.94,29009958.06
1.066667e-05,0.000132012,2.4e-06,31373963.64,31749181.74
1.066667e-05,0.000132012,2.4e-06,33897976.77,34314400.67
1.066667e-05,0.000132012,2.666667e-06,3.84e-05,3.84e-05
1.066667e-05,0.000132012,2.666667e-06,4.27e-05,4.27e-05
1.066667e-05,0.000132012,2.666667e-06,4.69e-05,4.69e-05
1.066667e-05,0.000132012,2.666667e-06,5.12e-05,5.12e-05
1.066667e-05,0.000132012,2.666667e-06,5.55e-05,5.55e-05
1.066667e-05,0.000132012,2.666667e-06,5.97e-05,5.97e-05
1.066667e-05,0.000132012,2.666667e-06,6.4e-05,6.4e-05
1.066667e-05,0.000132012,2.666667e-06,6.83e-05,6.83e-05
1.066667e-05,0.000132012,2.666667e-06,7.25e-05,7.25e-05
1.066667e-05,0.000132012,2.666667e-06,7.68e-05,7.68e-05
1.066667e-05,0.000132012,2.666667e-06,8.11e-05,8.11e-05
1.066667e-05,0.000132012,2.666667e-06,8.53e-05,8.53e-05
1.066667e-05,0.000132012,2.666667e-06,8.96e-05,8.96e-05
1.066667e-05,0.000132012,2.666667e-06,10883553.74,10794109.04
1.066667e-05,0.000132012,2.666667e-06,12522121.97,12456314.96
1.066667e-05,0.000132012,2.666667e-06,13898324.85,13851673.48
1.066667e-05,0.000132012,2.666667e-06,15075906.36,15045097.63
1.066667e-05,0.000132012,2.666667e-06,16424698.22,16384973.38
1.066667e-05,0.000132012,2.666667e-06,18515549.91,18504600.52
1.066667e-05,0.000132012,2.666667e-06,20393622.87,20407949.1
1.066667e-05,0.000132012,2.666667e-06,22090837.8,22125275.36
1.066667e-05,0.000132012,2.666667e-06,23642516.06,23699096.62
1.066667e-05,0.000132012,2.666667e-06,26486963.79,26663560.86
1.066667e-05,0.000132012,2.666667e-06,29535409.46,29762138.2
1.066667e-05,0.000132012,2.666667e-06,32372841.07,32637201.77
1.066667e-05,0.000132012,2.666667e-06,35015836.87,35316354.93
1.066667e-05,0.000132012,2.933333e-06,3.84e-05,3.84e-05
1.066667e-05,0.000132012,2.933333e-06,4.27e-05,4.27e-05
1.066667e-05,0.000132012,2.933333e-06,4.69e-05,4.69e-05
1.066667e-05,0.000132012,2.933333e-06,5.12e-05,5.12e-05
1.066667e-05,0.000132012,2.933333e-06,5.55e-05,5.55e-05
1.066667e-05,0.000132012,2.933333e-06,5.97e-05,5.97e-05
1.066667e-05,0.000132012,2.933333e-06,6.4e-05,6.4e-05
1.066667e-05,0.000132012,2.933333e-06,6.83e-05,6.83e-05
1.066667e-05,0.000132012,2.933333e-06,7.25e-05,7.25e-05
1.066667e-05,0.000132012,2.933333e-06,7.68e-05,7.68e-05
1.066667e-05,0.000132012,2.933333e-06,8.11e-05,8.11e-05
1.066667e-05,0.000132012,2.933333e-06,8.53e-05,8.53e-05
1.066667e-05,0.000132012,2.933333e-06,8.96e-05,8.96e-05
1.066667e-05,0.000132012,2.933333e-06,10628064.74,10550816.78
1.066667e-05,0.000132012,2.933333e-06,12332570.04,12274411.67
1.066667e-05,0.000132012,2.933333e-06,13762792.25,13720610.59
1.066667e-05,0.000132012,2.933333e-06,14985054.27,14956082.54
1.066667e-05,0.000132012,2.933333e-06,16303221.18,16262239.59
1.066667e-05,0.000132012,2.933333e-06,18475188.57,18458151.84
1.066667e-05,0.000132012,2.933333e-06,20424522.25,20428522.89
1.066667e-05,0.000132012,2.933333e-06,22187559.59,22210208.72
1.066667e-05,0.000132012,2.933333e-06,23791997.73,23830408.75
1.066667e-05,0.000132012,2.933333e-06,26971651.07,27103548.21
1.066667e-05,0.000132012,2.933333e-06,30150401.67,30309333.42
1.066667e-05,0.000132012,2.933333e-06,33097232.85,33299929.92
1.066667e-05,0.000132012,2.933333e-06,35834516.71,36071237.61
1.066667e-05,0.000132012,3.2e-06,3.84e-05,3.84e-05
1.066667e-05,0.000132012,3.2e-06,4.27e-05,4.27e-05
1.066667e-05,0.000132012,3.2e-06,4.69e-05,4.69e-05
1.066667e-05,0.000132012,3.2e-06,5.12e-05,5.12e-05
1.066667e-05,0.000132012,3.2e-06,5.55e-05,5.55e-05
1.066667e-05,0.000132012,3.2e-06,5.97e-05,5.97e-05
1.066667e-05,0.000132012,3.2e-06,6.4e-05,6.4e-05
1.066667e-05,0.000132012,3.2e-06,6.83e-05,6.83e-05
1.066667e-05,0.000132012,3.2e-06,7.25e-05,7.25e-05
1.066667e-05,0.000132012,3.2e-06,7.68e-05,7.68e-05
1.066667e-05,0.000132012,3.2e-06,8.11e-05,8.11e-05
1.066667e-05,0.000132012,3.2e-06,8.53e-05,8.53e-05
1.066667e-05,0.000132012,3.2e-06,8.96e-05,8.96e-05
1.066667e-05,0.000132012,3.2e-06,10382919.26,10442216.41
1.066667e-05,0.000132012,3.2e-06,12067316.68,12164864.71
1.066667e-05,0.000132012,3.2e-06,13566143.75,13640634.24
1.066667e-05,0.000132012,3.2e-06,14848239.11,14900530.22
1.066667e-05,0.000132012,3.2e-06,16103819.46,16181607.14
1.066667e-05,0.000132012,3.2e-06,18383913.19,18421700.45
1.066667e-05,0.000132012,3.2e-06,20428202.74,20430879.19
1.066667e-05,0.000132012,3.2e-06,22275362.81,22246948.79
1.066667e-05,0.000132012,3.2e-06,23956042.57,23894470.58
1.066667e-05,0.000132012,3.2e-06,27534666.6,27335781.72
1.066667e-05,0.000132012,3.2e-06,30872009.85,30617871.73
1.066667e-05,0.000132012,3.2e-06,33980780.93,33658931.34
1.066667e-05,0.000132012,3.2e-06,37426602.26,36682037.45
1.066667e-05,0.000132012,3.466667e-06,3.84e-05,3.84e-05
1.066667e-05,0.000132012,3.466667e-06,4.27e-05,4.27e-05
1.066667e-05,0.000132012,3.466667e-06,4.69e-05,4.69e-05
1.066667e-05,0.000132012,3.466667e-06,5.12e-05,5.12e-05
1.066667e-05,0.000132012,3.466667e-06,5.55e-05,5.55e-05
1.066667e-05,0.000132012,3.466667e-06,5.97e-05,5.97e-05
1.066667e-05,0.000132012,3.466667e-06,6.4e-05,6.4e-05
1.066667e-05,0.000132012,3.466667e-06,6.83e-05,6.83e-05
1.066667e-05,0.000132012,3.466667e-06,7.25e-05,7.25e-05
1.066667e-05,0.000132012,3.466667e-06,7.68e-05,7.68e-05
1.066667e-05,0.000132012,3.466667e-06,8.11e-05,8.11e-05
1.066667e-05,0.000132012,3.466667e-06,8.53e-05,8.53e-05
1.066667e-05,0.000132012,3.466667e-06,8.96e-05,8.96e-05
1.066667e-05,0.000132012,3.466667e-06,3876662.221,3794892.099
1.066667e-05,0.000132012,3.466667e-06,4308738.418,4240964.226
1.066667e-05,0.000132012,3.466667e-06,4739291.352,4622326.616
1.066667e-05,0.000132012,3.466667e-06,5315711.64,5214426.049
1.066667e-05,0.000132012,3.466667e-06,5797022.695,5708974.471
1.066667e-05,0.000132012,3.466667e-06,6206057.504,6128950.646
1.066667e-05,0.000132012,3.466667e-06,6558968.787,6491087.561
1.066667e-05,0.000132012,3.466667e-06,6867191.96,6807199.966
1.066667e-05,0.000132012,3.466667e-06,7398227.126,7280929.097
1.066667e-05,0.000132012,3.466667e-06,7923258.254,7819840.682
1.066667e-05,0.000132012,3.466667e-06,8392712.448,8300086.514
1.066667e-05,0.000132012,3.466667e-06,8819407.126,8736341.148
1.066667e-05,0.000132012,3.466667e-06,9207744.521,9133352.124
1.066667e-05,0.000132012,3.733333e-06,3.84e-05,3.84e-05
1.066667e-05,0.000132012,3.733333e-06,4.27e-05,4.27e-05
1.066667e-05,0.000132012,3.733333e-06,4.69e-05,4.69e-05
1.066667e-05,0.000132012,3.733333e-06,5.12e-05,5.12e-05
1.066667e-05,0.000132012,3.733333e-06,5.55e-05,5.55e-05
1.066667e-05,0.000132012,3.733333e-06,5.97e-05,5.97e-05
1.066667e-05,0.000132012,3.733333e-06,6.4e-05,6.4e-05
1.066667e-05,0.000132012,3.733333e-06,6.83e-05,6.83e-05
1.066667e-05,0.000132012,3.733333e-06,7.25e-05,7.25e-05
1.066667e-05,0.000132012,3.733333e-06,7.68e-05,7.68e-05
1.066667e-05,0.000132012,3.733333e-06,8.11e-05,8.11e-05
1.066667e-05,0.000132012,3.733333e-06,8.53e-05,8.53e-05
1.066667e-05,0.000132012,3.733333e-06,8.96e-05,8.96e-05
1.066667e-05,0.000132012,3.733333e-06,3648596.159,3582605.139
1.066667e-05,0.000132012,3.733333e-06,4119329.524,4064326.749
1.066667e-05,0.000132012,3.733333e-06,4493674.378,4447274.281
1.066667e-05,0.000132012,3.733333e-06,5034613.871,4953403.78
1.066667e-05,0.000132012,3.733333e-06,5551066.762,5480552.257
1.066667e-05,0.000132012,3.733333e-06,5990382.635,5927696.031
1.066667e-05,0.000132012,3.733333e-06,6368783.872,6313357.838
1.066667e-05,0.000132012,3.733333e-06,6698796.999,6649567.272
1.066667e-05,0.000132012,3.733333e-06,7072080.597,6977340.321
1.066667e-05,0.000132012,3.733333e-06,7631980.649,7545676.091
1.066667e-05,0.000132012,3.733333e-06,8132365.876,8056206.827
1.066667e-05,0.000132012,3.733333e-06,8584468.336,8515260.784
1.066667e-05,0.000132012,3.733333e-06,8996882.492,8934247.68
1.066667e-05,0.000132012,4.8e-06,3.84e-05,3.84e-05
1.066667e-05,0.000132012,4.8e-06,4.27e-05,4.27e-05
1.066667e-05,0.000132012,4.8e-06,4.69e-05,4.69e-05
1.066667e-05,0.000132012,4.8e-06,5.12e-05,5.12e-05
1.066667e-05,0.000132012,4.8e-06,5.55e-05,5.55e-05
1.066667e-05,0.000132012,4.8e-06,5.97e-05,5.97e-05
1.066667e-05,0.000132012,4.8e-06,6.4e-05,6.4e-05
1.066667e-05,0.000132012,4.8e-06,6.83e-05,6.83e-05
1.066667e-05,0.000132012,4.8e-06,7.25e-05,7.25e-05
1.066667e-05,0.000132012,4.8e-06,7.68e-05,7.68e-05
1.066667e-05,0.000132012,4.8e-06,8.11e-05,8.11e-05
1.066667e-05,0.000132012,4.8e-06,8.53e-05,8.53e-05
1.066667e-05,0.000132012,4.8e-06,8.96e-05,8.96e-05
1.066667e-05,0.000132012,4.8e-06,3304997.549,3407034.534
1.066667e-05,0.000132012,4.8e-06,3832287.044,3917670.61
1.066667e-05,0.000132012,4.8e-06,4250931.212,4323273.027
1.066667e-05,0.000132012,4.8e-06,4613663.093,4738114.88
1.066667e-05,0.000132012,4.8e-06,5182457.223,5291782.307
1.066667e-05,0.000132012,4.8e-06,5664725.847,5761377.949
1.066667e-05,0.000132012,4.8e-06,6079320.027,6165440.686
1.066667e-05,0.000132012,4.8e-06,6441309.853,6517982.963
1.066667e-05,0.000132012,4.8e-06,6759652.618,6828209.681
1.066667e-05,0.000132012,4.8e-06,7184452.186,7317178.553
1.066667e-05,0.000132012,4.8e-06,7728717.398,7850100.521
1.066667e-05,0.000132012,4.8e-06,8220974.465,8328939.542
1.066667e-05,0.000132012,4.8e-06,8666397.447,8764691.189
1.066667e-05,0.000132012,4.266667e-06,3.84e-05,3.84e-05
1.066667e-05,0.000132012,4.266667e-06,4.27e-05,4.27e-05
1.066667e-05,0.000132012,4.266667e-06,4.69e-05,4.69e-05
1.066667e-05,0.000132012,4.266667e-06,5.12e-05,5.12e-05
1.066667e-05,0.000132012,4.266667e-06,5.55e-05,5.55e-05
1.066667e-05,0.000132012,4.266667e-06,5.97e-05,5.97e-05
1.066667e-05,0.000132012,4.266667e-06,6.4e-05,6.4e-05
1.066667e-05,0.000132012,4.266667e-06,6.83e-05,6.83e-05
1.066667e-05,0.000132012,4.266667e-06,7.25e-05,7.25e-05
1.066667e-05,0.000132012,4.266667e-06,7.68e-05,7.68e-05
1.066667e-05,0.000132012,4.266667e-06,8.11e-05,8.11e-05
1.066667e-05,0.000132012,4.266667e-06,8.53e-05,8.53e-05
1.066667e-05,0.000132012,4.266667e-06,8.96e-05,8.96e-05
1.066667e-05,0.000132012,4.266667e-06,3462233.833,3169762.579
1.066667e-05,0.000132012,4.266667e-06,3963822.204,3718618.544
1.066667e-05,0.000132012,4.266667e-06,4362334.553,4154519.467
1.066667e-05,0.000132012,4.266667e-06,4805663.085,4509735.564
1.066667e-05,0.000132012,4.266667e-06,5351062.458,5037728.537
1.066667e-05,0.000132012,4.266667e-06,5813144.419,5536619.954
1.066667e-05,0.000132012,4.266667e-06,6211996.08,5965848.004
1.066667e-05,0.000132012,4.266667e-06,6559421.565,6339330.406
1.066667e-05,0.000132012,4.266667e-06,6865235.844,6668427.703
1.066667e-05,0.000132012,4.266667e-06,7388961.676,7008282.923
1.066667e-05,0.000132012,4.266667e-06,7915123.501,7568778.983
1.066667e-05,0.000132012,4.266667e-06,8387753.42,8076012.38
1.066667e-05,0.000132012,4.266667e-06,8818796.781,8534658.079
1.066667e-05,0.000132012,4.533333e-06,3.84e-05,3.84e-05
1.066667e-05,0.000132012,4.533333e-06,4.27e-05,4.27e-05
1.066667e-05,0.000132012,4.533333e-06,4.69e-05,4.69e-05
1.066667e-05,0.000132012,4.533333e-06,5.12e-05,5.12e-05
1.066667e-05,0.000132012,4.533333e-06,5.55e-05,5.55e-05
1.066667e-05,0.000132012,4.533333e-06,5.97e-05,5.97e-05
1.066667e-05,0.000132012,4.533333e-06,6.4e-05,6.4e-05
1.066667e-05,0.000132012,4.533333e-06,6.83e-05,6.83e-05
1.066667e-05,0.000132012,4.533333e-06,7.25e-05,7.25e-05
1.066667e-05,0.000132012,4.533333e-06,7.68e-05,7.68e-05
1.066667e-05,0.000132012,4.533333e-06,8.11e-05,8.11e-05
1.066667e-05,0.000132012,4.533333e-06,8.53e-05,8.53e-05
1.066667e-05,0.000132012,4.533333e-06,8.96e-05,8.96e-05
1.066667e-05,0.000132012,4.533333e-06,3212758.785,45847684.47
1.066667e-05,0.000132012,4.533333e-06,3754804.245,55810157.86
1.066667e-05,0.000132012,4.533333e-06,4185220.412,67877670.56
1.066667e-05,0.000132012,4.533333e-06,4536022.64,76133987.86
1.066667e-05,0.000132012,4.533333e-06,5083690.753,82280030.32
1.066667e-05,0.000132012,4.533333e-06,5577319.741,89365466.76
1.066667e-05,0.000132012,4.533333e-06,6002068.36,95518346.43
1.066667e-05,0.000132012,4.533333e-06,6371775.704,100604477.1
1.066667e-05,0.000132012,4.533333e-06,6697450.755,104797423.7
1.066667e-05,0.000132012,4.533333e-06,7064270.109,108204306.7
1.066667e-05,0.000132012,4.533333e-06,7619568.053,110951145.9
1.066667e-05,0.000132012,4.533333e-06,8122191.504,113162935.1
1.066667e-05,0.000132012,4.533333e-06,8576613.641,114944904.1
1.066667e-05,0.000132012,4e-06,3.84e-05,3.84e-05
1.066667e-05,0.000132012,4e-06,4.27e-05,4.27e-05
1.066667e-05,0.000132012,4e-06,4.69e-05,4.69e-05
1.066667e-05,0.000132012,4e-06,5.12e-05,5.12e-05
1.066667e-05,0.000132012,4e-06,5.55e-05,5.55e-05
1.066667e-05,0.000132012,4e-06,5.97e-05,5.97e-05
1.066667e-05,0.000132012,4e-06,6.4e-05,6.4e-05
1.066667e-05,0.000132012,4e-06,6.83e-05,6.83e-05
1.066667e-05,0.000132012,4e-06,7.25e-05,7.25e-05
1.066667e-05,0.000132012,4e-06,7.68e-05,7.68e-05
1.066667e-05,0.000132012,4e-06,8.11e-05,8.11e-05
1.066667e-05,0.000132012,4e-06,8.53e-05,8.53e-05
1.066667e-05,0.000132012,4e-06,8.96e-05,8.96e-05
1.066667e-05,0.000132012,4e-06,48102587.53,49051263.07
1.066667e-05,0.000132012,4e-06,59994210.54,61730954.68
1.066667e-05,0.000132012,4e-06,71883824.51,73542114.32
1.066667e-05,0.000132012,4e-06,79967905.35,81561322.69
1.066667e-05,0.000132012,4e-06,87593551.91,89982733.0
1.066667e-05,0.000132012,4e-06,94878958.93,97159610.55
1.066667e-05,0.000132012,4e-06,100719789.1,102861030.8
1.066667e-05,0.000132012,4e-06,105500404.7,107522775.1
1.066667e-05,0.000132012,4e-06,109417116.7,111330864.8
1.066667e-05,0.000132012,4e-06,112594645.6,114417405.9
1.066667e-05,0.000132012,4e-06,115158832.2,116908663.4
1.066667e-05,0.000132012,4e-06,117227174.0,118919459.7
1.066667e-05,0.000132012,4e-06,118896805.0,120543858.6
1.066667e-05,0.000132012,5.6e-06,3.84e-05,3.84e-05
1.066667e-05,0.000132012,5.6e-06,4.27e-05,4.27e-05
1.066667e-05,0.000132012,5.6e-06,4.69e-05,4.69e-05
1.066667e-05,0.000132012,5.6e-06,5.12e-05,5.12e-05
1.066667e-05,0.000132012,5.6e-06,5.55e-05,5.55e-05
1.066667e-05,0.000132012,5.6e-06,5.97e-05,5.97e-05
1.066667e-05,0.000132012,5.6e-06,6.4e-05,6.4e-05
1.066667e-05,0.000132012,5.6e-06,6.83e-05,6.83e-05
1.066667e-05,0.000132012,5.6e-06,7.25e-05,7.25e-05
1.066667e-05,0.000132012,5.6e-06,7.68e-05,7.68e-05
1.066667e-05,0.000132012,5.6e-06,8.11e-05,8.11e-05
1.066667e-05,0.000132012,5.6e-06,8.53e-05,8.53e-05
1.066667e-05,0.000132012,5.6e-06,8.96e-05,8.96e-05
1.066667e-05,0.000132012,5.6e-06,50692822.19,53273180.2
1.066667e-05,0.000132012,5.6e-06,64702666.31,69286297.08
1.066667e-05,0.000132012,5.6e-06,76381323.05,80748554.51
1.066667e-05,0.000132012,5.6e-06,84926220.44,91425375.03
1.066667e-05,0.000132012,5.6e-06,94021457.59,100131416.4
1.066667e-05,0.000132012,5.6e-06,100987348.3,106806880.3
1.066667e-05,0.000132012,5.6e-06,106501148.0,112060120.3
1.066667e-05,0.000132012,5.6e-06,110970675.3,116261537.2
1.066667e-05,0.000132012,5.6e-06,114601498.8,119641018.0
1.066667e-05,0.000132012,5.6e-06,117538372.0,122362566.7
1.066667e-05,0.000132012,5.6e-06,119908956.5,124557612.5
1.066667e-05,0.000132012,5.6e-06,121824116.7,126717967.5
1.066667e-05,0.000132012,5.6e-06,123373081.4,129470649.5
1.066667e-05,0.000132012,5.066667e-06,3.84e-05,3.84e-05
1.066667e-05,0.000132012,5.066667e-06,4.27e-05,4.27e-05
1.066667e-05,0.000132012,5.066667e-06,4.69e-05,4.69e-05
1.066667e-05,0.000132012,5.066667e-06,5.12e-05,5.12e-05
1.066667e-05,0.000132012,5.066667e-06,5.55e-05,5.55e-05
1.066667e-05,0.000132012,5.066667e-06,5.97e-05,5.97e-05
1.066667e-05,0.000132012,5.066667e-06,6.4e-05,6.4e-05
1.066667e-05,0.000132012,5.066667e-06,6.83e-05,6.83e-05
1.066667e-05,0.000132012,5.066667e-06,7.25e-05,7.25e-05
1.066667e-05,0.000132012,5.066667e-06,7.68e-05,7.68e-05
1.066667e-05,0.000132012,5.066667e-06,8.11e-05,8.11e-05
1.066667e-05,0.000132012,5.066667e-06,8.53e-05,8.53e-05
1.066667e-05,0.000132012,5.066667e-06,8.96e-05,8.96e-05
1.066667e-05,0.000132012,5.066667e-06,52695938.09,51412436.07
1.066667e-05,0.000132012,5.066667e-06,68270340.45,65991822.56
1.066667e-05,0.000132012,5.066667e-06,79781799.15,77611081.68
1.066667e-05,0.000132012,5.066667e-06,90001805.88,86772147.94
1.066667e-05,0.000132012,5.066667e-06,98789348.17,95754335.95
1.066667e-05,0.000132012,5.066667e-06,105525457.4,102634202.3
1.066667e-05,0.000132012,5.066667e-06,110833490.3,108071222.2
1.066667e-05,0.000132012,5.066667e-06,115091326.2,112461832.5
1.066667e-05,0.000132012,5.066667e-06,118524157.3,116019217.5
1.066667e-05,0.000132012,5.066667e-06,121291767.3,118893594.1
1.066667e-05,0.000132012,5.066667e-06,123524587.2,121213488.7
1.066667e-05,0.000132012,5.066667e-06,125329788.5,123088296.6
1.066667e-05,0.000132012,5.066667e-06,127614906.3,124605319.6
1.066667e-05,0.000132012,5.333333e-06,3.84e-05,3.84e-05
1.066667e-05,0.000132012,5.333333e-06,4.27e-05,4.27e-05
1.066667e-05,0.000132012,5.333333e-06,4.69e-05,4.69e-05
1.066667e-05,0.000132012,5.333333e-06,5.12e-05,5.12e-05
1.066667e-05,0.000132012,5.333333e-06,5.55e-05,5.55e-05
1.066667e-05,0.000132012,5.333333e-06,5.97e-05,5.97e-05
1.066667e-05,0.000132012,5.333333e-06,6.4e-05,6.4e-05
1.066667e-05,0.000132012,5.333333e-06,6.83e-05,6.83e-05
1.066667e-05,0.000132012,5.333333e-06,7.25e-05,7.25e-05
1.066667e-05,0.000132012,5.333333e-06,7.68e-05,7.68e-05
1.066667e-05,0.000132012,5.333333e-06,8.11e-05,8.11e-05
1.066667e-05,0.000132012,5.333333e-06,8.53e-05,8.53e-05
1.066667e-05,0.000132012,5.333333e-06,8.96e-05,8.96e-05
1.066667e-05,0.000132012,5.333333e-06,53814340.63,54323521.68
1.066667e-05,0.000132012,5.333333e-06,70233758.14,71120797.59
1.066667e-05,0.000132012,5.333333e-06,81649522.13,82492517.38
1.066667e-05,0.000132012,5.333333e-06,92745046.64,93973724.81
1.066667e-05,0.000132012,5.333333e-06,101376921.8,102537775.2
1.066667e-05,0.000132012,5.333333e-06,107997771.1,109109205.4
1.066667e-05,0.000132012,5.333333e-06,113201395.2,114267654.4
1.066667e-05,0.000132012,5.333333e-06,117351750.8,118371566.7
1.066667e-05,0.000132012,5.333333e-06,120682705.4,121658168.6
1.066667e-05,0.000132012,5.333333e-06,123362166.7,124298991.6
1.066667e-05,0.000132012,5.333333e-06,125522576.1,126868972.5
1.066667e-05,0.000132012,5.333333e-06,128463440.9,130085316.4
1.066667e-05,0.000132012,5.333333e-06,131187543.1,132782973.1
1.066667e-05,0.0003889991,2.4e-06,3.84e-05,3.84e-05
1.066667e-05,0.0003889991,2.4e-06,4.27e-05,4.27e-05
1.066667e-05,0.0003889991,2.4e-06,4.69e-05,4.69e-05
1.066667e-05,0.0003889991,2.4e-06,5.12e-05,5.12e-05
1.066667e-05,0.0003889991,2.4e-06,5.55e-05,5.55e-05
1.066667e-05,0.0003889991,2.4e-06,5.97e-05,5.97e-05
1.066667e-05,0.0003889991,2.4e-06,6.4e-05,6.4e-05
1.066667e-05,0.0003889991,2.4e-06,6.83e-05,6.83e-05
1.066667e-05,0.0003889991,2.4e-06,7.25e-05,7.25e-05
1.066667e-05,0.0003889991,2.4e-06,7.68e-05,7.68e-05
1.066667e-05,0.0003889991,2.4e-06,8.11e-05,8.11e-05
1.066667e-05,0.0003889991,2.4e-06,8.53e-05,8.53e-05
1.066667e-05,0.0003889991,2.4e-06,8.96e-05,8.96e-05
1.066667e-05,0.0003889991,2.4e-06,11395497.98,11295874.87
1.066667e-05,0.0003889991,2.4e-06,12932895.28,12862429.87
1.066667e-05,0.0003889991,2.4e-06,14227298.11,14180402.97
1.066667e-05,0.0003889991,2.4e-06,15337266.7,15309807.78
1.066667e-05,0.0003889991,2.4e-06,16892202.26,16868206.84
1.066667e-05,0.0003889991,2.4e-06,18864011.23,18875331.43
1.066667e-05,0.0003889991,2.4e-06,20634135.34,20679762.18
1.066667e-05,0.0003889991,2.4e-06,22244418.32,22313737.12
1.066667e-05,0.0003889991,2.4e-06,23709086.63,23804777.61
1.066667e-05,0.0003889991,2.4e-06,26454347.67,26729432.18
1.066667e-05,0.0003889991,2.4e-06,29328223.34,29656862.68
1.066667e-05,0.0003889991,2.4e-06,31988788.84,32371107.76
1.066667e-05,0.0003889991,2.4e-06,34489988.61,34912712.97
1.066667e-05,0.0003889991,2.666667e-06,3.84e-05,3.84e-05
1.066667e-05,0.0003889991,2.666667e-06,4.27e-05,4.27e-05
1.066667e-05,0.0003889991,2.666667e-06,4.69e-05,4.69e-05
1.066667e-05,0.0003889991,2.666667e-06,5.12e-05,5.12e-05
1.066667e-05,0.0003889991,2.666667e-06,5.55e-05,5.55e-05
1.066667e-05,0.0003889991,2.666667e-06,5.97e-05,5.97e-05
1.066667e-05,0.0003889991,2.666667e-06,6.4e-05,6.4e-05
1.066667e-05,0.0003889991,2.666667e-06,6.83e-05,6.83e-05
1.066667e-05,0.0003889991,2.666667e-06,7.25e-05,7.25e-05
1.066667e-05,0.0003889991,2.666667e-06,7.68e-05,7.68e-05
1.066667e-05,0.0003889991,2.666667e-06,8.11e-05,8.11e-05
1.066667e-05,0.0003889991,2.666667e-06,8.53e-05,8.53e-05
1.066667e-05,0.0003889991,2.666667e-06,8.96e-05,8.96e-05
1.066667e-05,0.0003889991,2.666667e-06,11110277.17,11023914.01
1.066667e-05,0.0003889991,2.666667e-06,12728635.92,12665524.62
1.066667e-05,0.0003889991,2.666667e-06,14088535.49,14044253.45
1.066667e-05,0.0003889991,2.666667e-06,15252561.38,15223841.14
1.066667e-05,0.0003889991,2.666667e-06,16805989.5,16770981.21
1.066667e-05,0.0003889991,2.666667e-06,18876034.92,18869302.56
1.066667e-05,0.0003889991,2.666667e-06,20735669.2,20753758.09
1.066667e-05,0.0003889991,2.666667e-06,22416406.29,22454239.37
1.066667e-05,0.0003889991,2.666667e-06,23953045.45,24044784.04
1.066667e-05,0.0003889991,2.666667e-06,27177192.42,27361311.5
1.066667e-05,0.0003889991,2.666667e-06,30196960.39,30430272.45
1.066667e-05,0.0003889991,2.666667e-06,33007605.36,33277785.35
1.066667e-05,0.0003889991,2.666667e-06,35625427.5,35931025.91
1.066667e-05,0.0003889991,2.933333e-06,3.84e-05,3.84e-05
1.066667e-05,0.0003889991,2.933333e-06,4.27e-05,4.27e-05
1.066667e-05,0.0003889991,2.933333e-06,4.69e-05,4.69e-05
1.066667e-05,0.0003889991,2.933333e-06,5.12e-05,5.12e-05
1.066667e-05,0.0003889991,2.933333e-06,5.55e-05,5.55e-05
1.066667e-05,0.0003889991,2.933333e-06,5.97e-05,5.97e-05
1.066667e-05,0.0003889991,2.933333e-06,6.4e-05,6.4e-05
1.066667e-05,0.0003889991,2.933333e-06,6.83e-05,6.83e-05
1.066667e-05,0.0003889991,2.933333e-06,7.25e-05,7.25e-05
1.066667e-05,0.0003889991,2.933333e-06,7.68e-05,7.68e-05
1.066667e-05,0.0003889991,2.933333e-06,8.11e-05,8.11e-05
1.066667e-05,0.0003889991,2.933333e-06,8.53e-05,8.53e-05
1.066667e-05,0.0003889991,2.933333e-06,8.96e-05,8.96e-05
1.066667e-05,0.0003889991,2.933333e-06,10863504.85,10788854.31
1.066667e-05,0.0003889991,2.933333e-06,12546723.76,12490844.02
1.066667e-05,0.0003889991,2.933333e-06,13959715.92,13919535.16
1.066667e-05,0.0003889991,2.933333e-06,15167625.76,15140416.77
1.066667e-05,0.0003889991,2.933333e-06,16697862.26,16660851.03
1.066667e-05,0.0003889991,2.933333e-06,18847604.82,18834113.63
1.066667e-05,0.0003889991,2.933333e-06,20777210.41,20784371.0
1.066667e-05,0.0003889991,2.933333e-06,22522530.55,22547987.26
1.066667e-05,0.0003889991,2.933333e-06,24274584.27,24370728.75
1.066667e-05,0.0003889991,2.933333e-06,27682884.17,27821024.31
1.066667e-05,0.0003889991,2.933333e-06,30830283.93,30995982.72
1.066667e-05,0.0003889991,2.933333e-06,33748436.7,33955998.39
1.066667e-05,0.0003889991,2.933333e-06,36609665.09,37092450.99
1.066667e-05,0.0003889991,3.2e-06,3.84e-05,3.84e-05
1.066667e-05,0.0003889991,3.2e-06,4.27e-05,4.27e-05
1.066667e-05,0.0003889991,3.2e-06,4.69e-05,4.69e-05
1.066667e-05,0.0003889991,3.2e-06,5.12e-05,5.12e-05
1.066667e-05,0.0003889991,3.2e-06,5.55e-05,5.55e-05
1.066667e-05,0.0003889991,3.2e-06,5.97e-05,5.97e-05
1.066667e-05,0.0003889991,3.2e-06,6.4e-05,6.4e-05
1.066667e-05,0.0003889991,3.2e-06,6.83e-05,6.83e-05
1.066667e-05,0.0003889991,3.2e-06,7.25e-05,7.25e-05
1.066667e-05,0.0003889991,3.2e-06,7.68e-05,7.68e-05
1.066667e-05,0.0003889991,3.2e-06,8.11e-05,8.11e-05
1.066667e-05,0.0003889991,3.2e-06,8.53e-05,8.53e-05
1.066667e-05,0.0003889991,3.2e-06,8.96e-05,8.96e-05
1.066667e-05,0.0003889991,3.2e-06,10522034.26,10649499.85
1.066667e-05,0.0003889991,3.2e-06,12291781.33,12385527.99
1.066667e-05,0.0003889991,3.2e-06,13772163.61,13843271.53
1.066667e-05,0.0003889991,3.2e-06,15038818.94,15088133.79
1.066667e-05,0.0003889991,3.2e-06,16516470.85,16587573.51
1.066667e-05,0.0003889991,3.2e-06,18772400.01,18804226.22
1.066667e-05,0.0003889991,3.2e-06,20795203.56,20792574.2
1.066667e-05,0.0003889991,3.2e-06,22623041.47,22589919.89
1.066667e-05,0.0003889991,3.2e-06,24688702.08,24533052.62
1.066667e-05,0.0003889991,3.2e-06,28274192.14,28064810.28
1.066667e-05,0.0003889991,3.2e-06,31577575.1,31313895.65
1.066667e-05,0.0003889991,3.2e-06,34653924.87,34323982.53
1.066667e-05,0.0003889991,3.2e-06,38718122.53,37957854.2
1.066667e-05,0.0003889991,3.466667e-06,3.84e-05,3.84e-05
1.066667e-05,0.0003889991,3.466667e-06,4.27e-05,4.27e-05
1.066667e-05,0.0003889991,3.466667e-06,4.69e-05,4.69e-05
1.066667e-05,0.0003889991,3.466667e-06,5.12e-05,5.12e-05
1.066667e-05,0.0003889991,3.466667e-06,5.55e-05,5.55e-05
1.066667e-05,0.0003889991,3.466667e-06,5.97e-05,5.97e-05
1.066667e-05,0.0003889991,3.466667e-06,6.4e-05,6.4e-05
1.066667e-05,0.0003889991,3.466667e-06,6.83e-05,6.83e-05
1.066667e-05,0.0003889991,3.466667e-06,7.25e-05,7.25e-05
1.066667e-05,0.0003889991,3.466667e-06,7.68e-05,7.68e-05
1.066667e-05,0.0003889991,3.466667e-06,8.11e-05,8.11e-05
1.066667e-05,0.0003889991,3.466667e-06,8.53e-05,8.53e-05
1.066667e-05,0.0003889991,3.466667e-06,8.96e-05,8.96e-05
1.066667e-05,0.0003889991,3.466667e-06,3939073.361,3858825.708
1.066667e-05,0.0003889991,3.466667e-06,4364460.096,4298060.307
1.066667e-05,0.0003889991,3.466667e-06,4842711.971,4728060.869
1.066667e-05,0.0003889991,3.466667e-06,5409699.706,5310525.226
1.066667e-05,0.0003889991,3.466667e-06,5883394.432,5797281.847
1.066667e-05,0.0003889991,3.466667e-06,6286136.394,6210816.651
1.066667e-05,0.0003889991,3.466667e-06,6633744.738,6567522.442
1.066667e-05,0.0003889991,3.466667e-06,6959688.082,6878980.942
1.066667e-05,0.0003889991,3.466667e-06,7541447.867,7427180.537
1.066667e-05,0.0003889991,3.466667e-06,8058816.099,7958203.325
1.066667e-05,0.0003889991,3.466667e-06,8521594.732,8431604.784
1.066667e-05,0.0003889991,3.466667e-06,8942330.405,8861749.095
1.066667e-05,0.0003889991,3.466667e-06,9325341.729,9253294.596
1.066667e-05,0.0003889991,3.733333e-06,3.84e-05,3.84e-05
1.066667e-05,0.0003889991,3.733333e-06,4.27e-05,4.27e-05
1.066667e-05,0.0003889991,3.733333e-06,4.69e-05,4.69e-05
1.066667e-05,0.0003889991,3.733333e-06,5.12e-05,5.12e-05
1.066667e-05,0.0003889991,3.733333e-06,5.55e-05,5.55e-05
1.066667e-05,0.0003889991,3.733333e-06,5.97e-05,5.97e-05
1.066667e-05,0.0003889991,3.733333e-06,6.4e-05,6.4e-05
1.066667e-05,0.0003889991,3.733333e-06,6.83e-05,6.83e-05
1.066667e-05,0.0003889991,3.733333e-06,7.25e-05,7.25e-05
1.066667e-05,0.0003889991,3.733333e-06,7.68e-05,7.68e-05
1.066667e-05,0.0003889991,3.733333e-06,8.11e-05,8.11e-05
1.066667e-05,0.0003889991,3.733333e-06,8.53e-05,8.53e-05
1.066667e-05,0.0003889991,3.733333e-06,8.96e-05,8.96e-05
1.066667e-05,0.0003889991,3.733333e-06,3715247.81,3650481.038
1.066667e-05,0.0003889991,3.733333e-06,4178878.879,4124980.928
1.066667e-05,0.0003889991,3.733333e-06,4547702.293,4502310.892
1.066667e-05,0.0003889991,3.733333e-06,5134473.908,5054963.478
1.066667e-05,0.0003889991,3.733333e-06,5642838.384,5573876.773
1.066667e-05,0.0003889991,3.733333e-06,6075445.525,6014201.237
1.066667e-05,0.0003889991,3.733333e-06,6448185.994,6394098.328
1.066667e-05,0.0003889991,3.733333e-06,6773344.759,6725362.931
1.066667e-05,0.0003889991,3.733333e-06,7223681.099,7131353.255
1.066667e-05,0.0003889991,3.733333e-06,7775367.636,7691344.051
1.066667e-05,0.0003889991,3.733333e-06,8268573.293,8194533.735
1.066667e-05,0.0003889991,3.733333e-06,8714324.083,8647119.364
1.066667e-05,0.0003889991,3.733333e-06,9121021.957,9060280.272
1.066667e-05,0.0003889991,4.8e-06,3.84e-05,3.84e-05
1.066667e-05,0.0003889991,4.8e-06,4.27e-05,4.27e-05
1.066667e-05,0.0003889991,4.8e-06,4.69e-05,4.69e-05
1.066667e-05,0.0003889991,4.8e-06,5.12e-05,5.12e-05
1.066667e-05,0.0003889991,4.8e-06,5.55e-05,5.55e-05
1.066667e-05,0.0003889991,4.8e-06,5.97e-05,5.97e-05
1.066667e-05,0.0003889991,4.8e-06,6.4e-05,6.4e-05
1.066667e-05,0.0003889991,4.8e-06,6.83e-05,6.83e-05
1.066667e-05,0.0003889991,4.8e-06,7.25e-05,7.25e-05
1.066667e-05,0.0003889991,4.8e-06,7.68e-05,7.68e-05
1.066667e-05,0.0003889991,4.8e-06,8.11e-05,8.11e-05
1.066667e-05,0.0003889991,4.8e-06,8.53e-05,8.53e-05
1.066667e-05,0.0003889991,4.8e-06,8.96e-05,8.96e-05
1.066667e-05,0.0003889991,4.8e-06,3378018.949,3478164.819
1.066667e-05,0.0003889991,4.8e-06,3897583.132,3981261.113
1.066667e-05,0.0003889991,4.8e-06,4310205.413,4380990.311
1.066667e-05,0.0003889991,4.8e-06,4722371.424,4844195.96
1.066667e-05,0.0003889991,4.8e-06,5282343.326,5389256.899
1.066667e-05,0.0003889991,4.8e-06,5757288.704,5851713.221
1.066667e-05,0.0003889991,4.8e-06,6165694.198,6249743.055
1.066667e-05,0.0003889991,4.8e-06,6522356.199,6597099.036
1.066667e-05,0.0003889991,4.8e-06,6836064.146,6902814.621
1.066667e-05,0.0003889991,4.8e-06,7339649.959,7468881.353
1.066667e-05,0.0003889991,4.8e-06,7876014.843,7994088.64
1.066667e-05,0.0003889991,4.8e-06,8361234.151,8466129.435
1.066667e-05,0.0003889991,4.8e-06,8800391.414,8895768.173
1.066667e-05,0.0003889991,4.266667e-06,3.84e-05,3.84e-05
1.066667e-05,0.0003889991,4.266667e-06,4.27e-05,4.27e-05
1.066667e-05,0.0003889991,4.266667e-06,4.69e-05,4.69e-05
1.066667e-05,0.0003889991,4.266667e-06,5.12e-05,5.12e-05
1.066667e-05,0.0003889991,4.266667e-06,5.55e-05,5.55e-05
1.066667e-05,0.0003889991,4.266667e-06,5.97e-05,5.97e-05
1.066667e-05,0.0003889991,4.266667e-06,6.4e-05,6.4e-05
1.066667e-05,0.0003889991,4.266667e-06,6.83e-05,6.83e-05
1.066667e-05,0.0003889991,4.266667e-06,7.25e-05,7.25e-05
1.066667e-05,0.0003889991,4.266667e-06,7.68e-05,7.68e-05
1.066667e-05,0.0003889991,4.266667e-06,8.11e-05,8.11e-05
1.066667e-05,0.0003889991,4.266667e-06,8.53e-05,8.53e-05
1.066667e-05,0.0003889991,4.266667e-06,8.96e-05,8.96e-05
1.066667e-05,0.0003889991,4.266667e-06,3532341.168,3245294.112
1.066667e-05,0.0003889991,4.266667e-06,4026489.844,3786183.752
1.066667e-05,0.0003889991,4.266667e-06,4419209.352,4215864.565
1.066667e-05,0.0003889991,4.266667e-06,4910322.701,4566067.412
1.066667e-05,0.0003889991,4.266667e-06,5447232.319,5140821.389
1.066667e-05,0.0003889991,4.266667e-06,5902282.255,5632145.088
1.066667e-05,0.0003889991,4.266667e-06,6295178.291,6054966.674
1.066667e-05,0.0003889991,4.266667e-06,6637493.585,6422945.47
1.066667e-05,0.0003889991,4.266667e-06,6962510.959,6747242.489
1.066667e-05,0.0003889991,4.266667e-06,7538773.027,7168125.611
1.066667e-05,0.0003889991,4.266667e-06,8057331.248,7720451.807
1.066667e-05,0.0003889991,4.266667e-06,8523267.261,8220388.071
1.066667e-05,0.0003889991,4.266667e-06,8948281.896,8672537.1
1.066667e-05,0.0003889991,4.533333e-06,3.84e-05,3.84e-05
1.066667e-05,0.0003889991,4.533333e-06,4.27e-05,4.27e-05
1.066667e-05,0.0003889991,4.533333e-06,4.69e-05,4.69e-05
1.066667e-05,0.0003889991,4.533333e-06,5.12e-05,5.12e-05
1.066667e-05,0.0003889991,4.533333e-06,5.55e-05,5.55e-05
1.066667e-05,0.0003889991,4.533333e-06,5.97e-05,5.97e-05
1.066667e-05,0.0003889991,4.533333e-06,6.4e-05,6.4e-05
1.066667e-05,0.0003889991,4.533333e-06,6.83e-05,6.83e-05
1.066667e-05,0.0003889991,4.533333e-06,7.25e-05,7.25e-05
1.066667e-05,0.0003889991,4.533333e-06,7.68e-05,7.68e-05
1.066667e-05,0.0003889991,4.533333e-06,8.11e-05,8.11e-05
1.066667e-05,0.0003889991,4.533333e-06,8.53e-05,8.53e-05
1.066667e-05,0.0003889991,4.533333e-06,8.96e-05,8.96e-05
1.066667e-05,0.0003889991,4.533333e-06,3287491.164,46879663.05
1.066667e-05,0.0003889991,4.533333e-06,3821647.113,57401893.03
1.066667e-05,0.0003889991,4.533333e-06,4245906.349,69282906.74
1.066667e-05,0.0003889991,4.533333e-06,4612435.587,77432252.17
1.066667e-05,0.0003889991,4.533333e-06,5185763.154,83695928.13
1.066667e-05,0.0003889991,4.533333e-06,5671902.204,91183830.67
1.066667e-05,0.0003889991,4.533333e-06,6090311.603,97214297.84
1.066667e-05,0.0003889991,4.533333e-06,6454573.028,102178244.9
1.066667e-05,0.0003889991,4.533333e-06,6775500.636,106256641.0
1.066667e-05,0.0003889991,4.533333e-06,7222635.061,109563614.2
1.066667e-05,0.0003889991,4.533333e-06,7769851.586,112226678.7
1.066667e-05,0.0003889991,4.533333e-06,8265257.284,114369168.0
1.066667e-05,0.0003889991,4.533333e-06,8713256.398,116093830.9
1.066667e-05,0.0003889991,4e-06,3.84e-05,3.84e-05
1.066667e-05,0.0003889991,4e-06,4.27e-05,4.27e-05
1.066667e-05,0.0003889991,4e-06,4.69e-05,4.69e-05
1.066667e-05,0.0003889991,4e-06,5.12e-05,5.12e-05
1.066667e-05,0.0003889991,4e-06,5.55e-05,5.55e-05
1.066667e-05,0.0003889991,4e-06,5.97e-05,5.97e-05
1.066667e-05,0.0003889991,4e-06,6.4e-05,6.4e-05
1.066667e-05,0.0003889991,4e-06,6.83e-05,6.83e-05
1.066667e-05,0.0003889991,4e-06,7.25e-05,7.25e-05
1.066667e-05,0.0003889991,4e-06,7.68e-05,7.68e-05
1.066667e-05,0.0003889991,4e-06,8.11e-05,8.11e-05
1.066667e-05,0.0003889991,4e-06,8.53e-05,8.53e-05
1.066667e-05,0.0003889991,4e-06,8.96e-05,8.96e-05
1.066667e-05,0.0003889991,4e-06,49146231.58,50100189.06
1.066667e-05,0.0003889991,4e-06,61573965.87,63306129.56
1.066667e-05,0.0003889991,4e-06,73270974.86,74927115.64
1.066667e-05,0.0003889991,4e-06,81254874.33,82844111.8
1.066667e-05,0.0003889991,4e-06,89497843.91,91870658.06
1.066667e-05,0.0003889991,4e-06,96660894.54,98926336.86
1.066667e-05,0.0003889991,4e-06,102383785.7,104512575.9
1.066667e-05,0.0003889991,4e-06,107046608.4,109058297.6
1.066667e-05,0.0003889991,4e-06,110852814.9,112757513.5
1.066667e-05,0.0003889991,4e-06,113933679.9,115748700.9
1.066667e-05,0.0003889991,4e-06,116416499.6,118159562.9
1.066667e-05,0.0003889991,4e-06,118417273.3,120103488.0
1.066667e-05,0.0003889991,4e-06,120030830.3,121672306.7
1.066667e-05,0.0003889991,5.6e-06,3.84e-05,3.84e-05
1.066667e-05,0.0003889991,5.6e-06,4.27e-05,4.27e-05
1.066667e-05,0.0003889991,5.6e-06,4.69e-05,4.69e-05
1.066667e-05,0.0003889991,5.6e-06,5.12e-05,5.12e-05
1.066667e-05,0.0003889991,5.6e-06,5.55e-05,5.55e-05
1.066667e-05,0.0003889991,5.6e-06,5.97e-05,5.97e-05
1.066667e-05,0.0003889991,5.6e-06,6.4e-05,6.4e-05
1.066667e-05,0.0003889991,5.6e-06,6.83e-05,6.83e-05
1.066667e-05,0.0003889991,5.6e-06,7.25e-05,7.25e-05
1.066667e-05,0.0003889991,5.6e-06,7.68e-05,7.68e-05
1.066667e-05,0.0003889991,5.6e-06,8.11e-05,8.11e-05
1.066667e-05,0.0003889991,5.6e-06,8.53e-05,8.53e-05
1.066667e-05,0.0003889991,5.6e-06,8.96e-05,8.96e-05
1.066667e-05,0.0003889991,5.6e-06,51751330.61,54347630.5
1.066667e-05,0.0003889991,5.6e-06,66270461.16,70843631.65
1.066667e-05,0.0003889991,5.6e-06,77756823.93,82111033.61
1.066667e-05,0.0003889991,5.6e-06,86929900.65,93383537.93
1.066667e-05,0.0003889991,5.6e-06,95882636.67,101954419.3
1.066667e-05,0.0003889991,5.6e-06,102731104.2,108518156.3
1.066667e-05,0.0003889991,5.6e-06,108132494.5,113663024.3
1.066667e-05,0.0003889991,5.6e-06,112488956.2,117755754.5
1.066667e-05,0.0003889991,5.6e-06,116013631.8,121033126.2
1.066667e-05,0.0003889991,5.6e-06,118857343.3,123664771.2
1.066667e-05,0.0003889991,5.6e-06,121149158.2,125783469.6
1.066667e-05,0.0003889991,5.6e-06,122998612.2,128900369.5
1.066667e-05,0.0003889991,5.6e-06,124492820.3,131587310.1
1.066667e-05,0.0003889991,5.066667e-06,3.84e-05,3.84e-05
1.066667e-05,0.0003889991,5.066667e-06,4.27e-05,4.27e-05
1.066667e-05,0.0003889991,5.066667e-06,4.69e-05,4.69e-05
1.066667e-05,0.0003889991,5.066667e-06,5.12e-05,5.12e-05
1.066667e-05,0.0003889991,5.066667e-06,5.55e-05,5.55e-05
1.066667e-05,0.0003889991,5.066667e-06,5.97e-05,5.97e-05
1.066667e-05,0.0003889991,5.066667e-06,6.4e-05,6.4e-05
1.066667e-05,0.0003889991,5.066667e-06,6.83e-05,6.83e-05
1.066667e-05,0.0003889991,5.066667e-06,7.25e-05,7.25e-05
1.066667e-05,0.0003889991,5.066667e-06,7.68e-05,7.68e-05
1.066667e-05,0.0003889991,5.066667e-06,8.11e-05,8.11e-05
1.066667e-05,0.0003889991,5.066667e-06,8.53e-05,8.53e-05
1.066667e-05,0.0003889991,5.066667e-06,8.96e-05,8.96e-05
1.066667e-05,0.0003889991,5.066667e-06,53766749.09,52475297.33
1.066667e-05,0.0003889991,5.066667e-06,69829912.4,67556574.11
1.066667e-05,0.0003889991,5.066667e-06,81147002.6,78982726.93
1.066667e-05,0.0003889991,5.066667e-06,91969701.55,88762639.39
1.066667e-05,0.0003889991,5.066667e-06,100620495.2,97604403.54
1.066667e-05,0.0003889991,5.066667e-06,107243626.7,104368463.3
1.066667e-05,0.0003889991,5.066667e-06,112442418.3,109694239.0
1.066667e-05,0.0003889991,5.066667e-06,116590616.2,113973037.6
1.066667e-05,0.0003889991,5.066667e-06,119920460.5,117425431.2
1.066667e-05,0.0003889991,5.066667e-06,122597457.6,120207577.5
1.066667e-05,0.0003889991,5.066667e-06,124753401.8,122449394.0
1.066667e-05,0.0003889991,5.066667e-06,127028308.9,124258991.2
1.066667e-05,0.0003889991,5.066667e-06,129745792.0,125721607.2
1.066667e-05,0.0003889991,5.333333e-06,3.84e-05,3.84e-05
1.066667e-05,0.0003889991,5.333333e-06,4.27e-05,4.27e-05
1.066667e-05,0.0003889991,5.333333e-06,4.69e-05,4.69e-05
1.066667e-05,0.0003889991,5.333333e-06,5.12e-05,5.12e-05
1.066667e-05,0.0003889991,5.333333e-06,5.55e-05,5.55e-05
1.066667e-05,0.0003889991,5.333333e-06,5.97e-05,5.97e-05
1.066667e-05,0.0003889991,5.333333e-06,6.4e-05,6.4e-05
1.066667e-05,0.0003889991,5.333333e-06,6.83e-05,6.83e-05
1.066667e-05,0.0003889991,5.333333e-06,7.25e-05,7.25e-05
1.066667e-05,0.0003889991,5.333333e-06,7.68e-05,7.68e-05
1.066667e-05,0.0003889991,5.333333e-06,8.11e-05,8.11e-05
1.066667e-05,0.0003889991,5.333333e-06,8.53e-05,8.53e-05
1.066667e-05,0.0003889991,5.333333e-06,8.96e-05,8.96e-05
1.066667e-05,0.0003889991,5.333333e-06,54892231.44,55729958.99
1.066667e-05,0.0003889991,5.333333e-06,71789041.24,72674187.89
1.066667e-05,0.0003889991,5.333333e-06,83009540.21,84240082.85
1.066667e-05,0.0003889991,5.333333e-06,94694305.65,95914797.16
1.066667e-05,0.0003889991,5.333333e-06,103192490.1,104346521.9
1.066667e-05,0.0003889991,5.333333e-06,109702773.6,110808468.9
1.066667e-05,0.0003889991,5.333333e-06,114798823.1,115860078.0
1.066667e-05,0.0003889991,5.333333e-06,118841369.1,119856993.3
1.066667e-05,0.0003889991,5.333333e-06,122071023.8,123043044.8
1.066667e-05,0.0003889991,5.333333e-06,124661236.4,125595226.5
1.066667e-05,0.0003889991,5.333333e-06,127458407.1,129100165.4
1.066667e-05,0.0003889991,5.333333e-06,130632314.6,132241697.5
1.066667e-05,0.0003889991,5.333333e-06,133291132.3,134874494.2
1.066667e-05,4.48e-05,2.4e-06,3.84e-05,3.84e-05
1.066667e-05,4.48e-05,2.4e-06,4.27e-05,4.27e-05
1.066667e-05,4.48e-05,2.4e-06,4.69e-05,4.69e-05
1.066667e-05,4.48e-05,2.4e-06,5.12e-05,5.12e-05
1.066667e-05,4.48e-05,2.4e-06,5.55e-05,5.55e-05
1.066667e-05,4.48e-05,2.4e-06,5.97e-05,5.97e-05
1.066667e-05,4.48e-05,2.4e-06,6.4e-05,6.4e-05
1.066667e-05,4.48e-05,2.4e-06,6.83e-05,6.83e-05
1.066667e-05,4.48e-05,2.4e-06,7.25e-05,7.25e-05
1.066667e-05,4.48e-05,2.4e-06,7.68e-05,7.68e-05
1.066667e-05,4.48e-05,2.4e-06,8.11e-05,8.11e-05
1.066667e-05,4.48e-05,2.4e-06,8.53e-05,8.53e-05
1.066667e-05,4.48e-05,2.4e-06,8.96e-05,8.96e-05
1.066667e-05,4.48e-05,2.4e-06,11586158.83,11489820.99
1.066667e-05,4.48e-05,2.4e-06,13106925.17,13039335.55
1.066667e-05,4.48e-05,2.4e-06,14387955.91,14343588.62
1.066667e-05,4.48e-05,2.4e-06,15486833.44,15461601.99
1.066667e-05,4.48e-05,2.4e-06,17214399.24,17195451.6
1.066667e-05,4.48e-05,2.4e-06,19169380.3,19185217.25
1.066667e-05,4.48e-05,2.4e-06,20924685.72,20974285.29
1.066667e-05,4.48e-05,2.4e-06,22521594.25,22594507.76
1.066667e-05,4.48e-05,2.4e-06,23974256.14,24184263.97
1.066667e-05,4.48e-05,2.4e-06,27041091.88,27323883.89
1.066667e-05,4.48e-05,2.4e-06,29892109.33,30227833.49
1.066667e-05,4.48e-05,2.4e-06,32531553.29,32920046.06
1.066667e-05,4.48e-05,2.4e-06,35012612.02,35440810.33
1.066667e-05,4.48e-05,2.666667e-06,3.84e-05,3.84e-05
1.066667e-05,4.48e-05,2.666667e-06,4.27e-05,4.27e-05
1.066667e-05,4.48e-05,2.666667e-06,4.69e-05,4.69e-05
1.066667e-05,4.48e-05,2.666667e-06,5.12e-05,5.12e-05
1.066667e-05,4.48e-05,2.666667e-06,5.55e-05,5.55e-05
1.066667e-05,4.48e-05,2.666667e-06,5.97e-05,5.97e-05
1.066667e-05,4.48e-05,2.666667e-06,6.4e-05,6.4e-05
1.066667e-05,4.48e-05,2.666667e-06,6.83e-05,6.83e-05
1.066667e-05,4.48e-05,2.666667e-06,7.25e-05,7.25e-05
1.066667e-05,4.48e-05,2.666667e-06,7.68e-05,7.68e-05
1.066667e-05,4.48e-05,2.666667e-06,8.11e-05,8.11e-05
1.066667e-05,4.48e-05,2.666667e-06,8.53e-05,8.53e-05
1.066667e-05,4.48e-05,2.666667e-06,8.96e-05,8.96e-05
1.066667e-05,4.48e-05,2.666667e-06,11310152.09,11226483.19
1.066667e-05,4.48e-05,2.666667e-06,12910729.65,12849974.88
1.066667e-05,4.48e-05,2.666667e-06,14256280.97,14214069.65
1.066667e-05,4.48e-05,2.666667e-06,15408373.92,15381478.39
1.066667e-05,4.48e-05,2.666667e-06,17142325.08,17111438.42
1.066667e-05,4.48e-05,2.666667e-06,19194050.27,19191001.5
1.066667e-05,4.48e-05,2.666667e-06,21037446.25,21058820.2
1.066667e-05,4.48e-05,2.666667e-06,22703669.03,22744464.59
1.066667e-05,4.48e-05,2.666667e-06,24542676.65,24688324.42
1.066667e-05,4.48e-05,2.666667e-06,27786221.38,27976902.97
1.066667e-05,4.48e-05,2.666667e-06,30780704.22,31019752.44
1.066667e-05,4.48e-05,2.666667e-06,33567717.11,33842965.54
1.066667e-05,4.48e-05,2.666667e-06,36163330.99,36638623.84
1.066667e-05,4.48e-05,2.933333e-06,3.84e-05,3.84e-05
1.066667e-05,4.48e-05,2.933333e-06,4.27e-05,4.27e-05
1.066667e-05,4.48e-05,2.933333e-06,4.69e-05,4.69e-05
1.066667e-05,4.48e-05,2.933333e-06,5.12e-05,5.12e-05
1.066667e-05,4.48e-05,2.933333e-06,5.55e-05,5.55e-05
1.066667e-05,4.48e-05,2.933333e-06,5.97e-05,5.97e-05
1.066667e-05,4.48e-05,2.933333e-06,6.4e-05,6.4e-05
1.066667e-05,4.48e-05,2.933333e-06,6.83e-05,6.83e-05
1.066667e-05,4.48e-05,2.933333e-06,7.25e-05,7.25e-05
1.066667e-05,4.48e-05,2.933333e-06,7.68e-05,7.68e-05
1.066667e-05,4.48e-05,2.933333e-06,8.11e-05,8.11e-05
1.066667e-05,4.48e-05,2.933333e-06,8.53e-05,8.53e-05
1.066667e-05,4.48e-05,2.933333e-06,8.96e-05,8.96e-05
1.066667e-05,4.48e-05,2.933333e-06,11071001.83,10998622.81
1.066667e-05,4.48e-05,2.933333e-06,12735496.7,12681609.46
1.066667e-05,4.48e-05,2.933333e-06,14133329.13,14094897.67
1.066667e-05,4.48e-05,2.933333e-06,15328608.29,15302940.04
1.066667e-05,4.48e-05,2.933333e-06,17045865.21,17012324.72
1.066667e-05,4.48e-05,2.933333e-06,19176043.65,19165650.73
1.066667e-05,4.48e-05,2.933333e-06,21088280.11,21098200.86
1.066667e-05,4.48e-05,2.933333e-06,22817999.7,22845907.53
1.066667e-05,4.48e-05,2.933333e-06,24931447.37,25033745.19
1.066667e-05,4.48e-05,2.933333e-06,28310249.74,28453841.36
1.066667e-05,4.48e-05,2.933333e-06,31430023.73,31601550.55
1.066667e-05,4.48e-05,2.933333e-06,34322871.12,34534673.1
1.066667e-05,4.48e-05,2.933333e-06,37711323.39,38201990.87
1.066667e-05,4.48e-05,3.2e-06,3.84e-05,3.84e-05
1.066667e-05,4.48e-05,3.2e-06,4.27e-05,4.27e-05
1.066667e-05,4.48e-05,3.2e-06,4.69e-05,4.69e-05
1.066667e-05,4.48e-05,3.2e-06,5.12e-05,5.12e-05
1.066667e-05,4.48e-05,3.2e-06,5.55e-05,5.55e-05
1.066667e-05,4.48e-05,3.2e-06,5.97e-05,5.97e-05
1.066667e-05,4.48e-05,3.2e-06,6.4e-05,6.4e-05
1.066667e-05,4.48e-05,3.2e-06,6.83e-05,6.83e-05
1.066667e-05,4.48e-05,3.2e-06,7.25e-05,7.25e-05
1.066667e-05,4.48e-05,3.2e-06,7.68e-05,7.68e-05
1.066667e-05,4.48e-05,3.2e-06,8.11e-05,8.11e-05
1.066667e-05,4.48e-05,3.2e-06,8.53e-05,8.53e-05
1.066667e-05,4.48e-05,3.2e-06,8.96e-05,8.96e-05
1.066667e-05,4.48e-05,3.2e-06,10739847.68,10863480.56
1.066667e-05,4.48e-05,3.2e-06,12489571.16,12579993.35
1.066667e-05,4.48e-05,3.2e-06,13953730.18,14021880.28
1.066667e-05,4.48e-05,3.2e-06,15206802.18,15253515.01
1.066667e-05,4.48e-05,3.2e-06,16880219.4,16945477.23
1.066667e-05,4.48e-05,3.2e-06,19114883.99,19141499.94
1.066667e-05,4.48e-05,3.2e-06,21118777.1,21111511.92
1.066667e-05,4.48e-05,3.2e-06,22929607.02,22892374.19
1.066667e-05,4.48e-05,3.2e-06,25373185.4,25207550.71
1.066667e-05,4.48e-05,3.2e-06,28926266.65,28707716.48
1.066667e-05,4.48e-05,3.2e-06,32199705.2,31927704.98
1.066667e-05,4.48e-05,3.2e-06,35247488.57,34910496.05
1.066667e-05,4.48e-05,3.2e-06,39856133.26,39082221.24
1.066667e-05,4.48e-05,3.466667e-06,3.84e-05,3.84e-05
1.066667e-05,4.48e-05,3.466667e-06,4.27e-05,4.27e-05
1.066667e-05,4.48e-05,3.466667e-06,4.69e-05,4.69e-05
1.066667e-05,4.48e-05,3.466667e-06,5.12e-05,5.12e-05
1.066667e-05,4.48e-05,3.466667e-06,5.55e-05,5.55e-05
1.066667e-05,4.48e-05,3.466667e-06,5.97e-05,5.97e-05
1.066667e-05,4.48e-05,3.466667e-06,6.4e-05,6.4e-05
1.066667e-05,4.48e-05,3.466667e-06,6.83e-05,6.83e-05
1.066667e-05,4.48e-05,3.466667e-06,7.25e-05,7.25e-05
1.066667e-05,4.48e-05,3.466667e-06,7.68e-05,7.68e-05
1.066667e-05,4.48e-05,3.466667e-06,8.11e-05,8.11e-05
1.066667e-05,4.48e-05,3.466667e-06,8.53e-05,8.53e-05
1.066667e-05,4.48e-05,3.466667e-06,8.96e-05,8.96e-05
1.066667e-05,4.48e-05,3.466667e-06,3994258.14,3915348.086
1.066667e-05,4.48e-05,3.466667e-06,4413749.507,4348558.383
1.066667e-05,4.48e-05,3.466667e-06,4933979.411,4821354.866
1.066667e-05,4.48e-05,3.466667e-06,5492658.755,5395334.03
1.066667e-05,4.48e-05,3.466667e-06,5959644.396,5875228.304
1.066667e-05,4.48e-05,3.466667e-06,6356842.545,6283089.539
1.066667e-05,4.48e-05,3.466667e-06,6699778.593,6635011.017
1.066667e-05,4.48e-05,3.466667e-06,7093865.249,6970282.063
1.066667e-05,4.48e-05,3.466667e-06,7667813.558,7556198.174
1.066667e-05,4.48e-05,3.466667e-06,8178432.326,8080273.284
1.066667e-05,4.48e-05,3.466667e-06,8635330.37,8547646.539
1.066667e-05,4.48e-05,3.466667e-06,9050816.126,8972408.546
1.066667e-05,4.48e-05,3.466667e-06,9429134.748,9359139.315
1.066667e-05,4.48e-05,3.733333e-06,3.84e-05,3.84e-05
1.066667e-05,4.48e-05,3.733333e-06,4.27e-05,4.27e-05
1.066667e-05,4.48e-05,3.733333e-06,4.69e-05,4.69e-05
1.066667e-05,4.48e-05,3.733333e-06,5.12e-05,5.12e-05
1.066667e-05,4.48e-05,3.733333e-06,5.55e-05,5.55e-05
1.066667e-05,4.48e-05,3.733333e-06,5.97e-05,5.97e-05
1.066667e-05,4.48e-05,3.733333e-06,6.4e-05,6.4e-05
1.066667e-05,4.48e-05,3.733333e-06,6.83e-05,6.83e-05
1.066667e-05,4.48e-05,3.733333e-06,7.25e-05,7.25e-05
1.066667e-05,4.48e-05,3.733333e-06,7.68e-05,7.68e-05
1.066667e-05,4.48e-05,3.733333e-06,8.11e-05,8.11e-05
1.066667e-05,4.48e-05,3.733333e-06,8.53e-05,8.53e-05
1.066667e-05,4.48e-05,3.733333e-06,8.96e-05,8.96e-05
1.066667e-05,4.48e-05,3.733333e-06,3774157.968,3710466.576
1.066667e-05,4.48e-05,3.733333e-06,4231534.231,4178607.718
1.066667e-05,4.48e-05,3.733333e-06,4620761.793,4550990.927
1.066667e-05,4.48e-05,3.733333e-06,5222578.308,5144557.359
1.066667e-05,4.48e-05,3.733333e-06,5723821.44,5656221.13
1.066667e-05,4.48e-05,3.733333e-06,6150521.446,6090541.885
1.066667e-05,4.48e-05,3.733333e-06,6518276.94,6465363.179
1.066667e-05,4.48e-05,3.733333e-06,6839160.297,6792273.313
1.066667e-05,4.48e-05,3.733333e-06,7357379.446,7267162.94
1.066667e-05,4.48e-05,3.733333e-06,7901834.247,7819806.874
1.066667e-05,4.48e-05,3.733333e-06,8388718.651,8316533.825
1.066667e-05,4.48e-05,3.733333e-06,8828875.902,8763424.142
1.066667e-05,4.48e-05,3.733333e-06,9230539.428,9171454.761
1.066667e-05,4.48e-05,4.8e-06,3.84e-05,3.84e-05
1.066667e-05,4.48e-05,4.8e-06,4.27e-05,4.27e-05
1.066667e-05,4.48e-05,4.8e-06,4.69e-05,4.69e-05
1.066667e-05,4.48e-05,4.8e-06,5.12e-05,5.12e-05
1.066667e-05,4.48e-05,4.8e-06,5.55e-05,5.55e-05
1.066667e-05,4.48e-05,4.8e-06,5.97e-05,5.97e-05
1.066667e-05,4.48e-05,4.8e-06,6.4e-05,6.4e-05
1.066667e-05,4.48e-05,4.8e-06,6.83e-05,6.83e-05
1.066667e-05,4.48e-05,4.8e-06,7.25e-05,7.25e-05
1.066667e-05,4.48e-05,4.8e-06,7.68e-05,7.68e-05
1.066667e-05,4.48e-05,4.8e-06,8.11e-05,8.11e-05
1.066667e-05,4.48e-05,4.8e-06,8.53e-05,8.53e-05
1.066667e-05,4.48e-05,4.8e-06,8.96e-05,8.96e-05
1.066667e-05,4.48e-05,4.8e-06,3442523.321,3541008.593
1.066667e-05,4.48e-05,4.8e-06,3955290.635,4037469.395
1.066667e-05,4.48e-05,4.8e-06,4362614.268,4432029.302
1.066667e-05,4.48e-05,4.8e-06,4818229.961,4937752.164
1.066667e-05,4.48e-05,4.8e-06,5370439.805,5475239.38
1.066667e-05,4.48e-05,4.8e-06,5838941.388,5931412.51
1.066667e-05,4.48e-05,4.8e-06,6241900.741,6324132.264
1.066667e-05,4.48e-05,4.8e-06,6593873.644,6666922.785
1.066667e-05,4.48e-05,4.8e-06,6903501.829,7026442.445
1.066667e-05,4.48e-05,4.8e-06,7476455.363,7602627.244
1.066667e-05,4.48e-05,4.8e-06,8005867.396,8121044.321
1.066667e-05,4.48e-05,4.8e-06,8484893.486,8587101.231
1.066667e-05,4.48e-05,4.8e-06,8918535.871,9011358.989
1.066667e-05,4.48e-05,4.266667e-06,3.84e-05,3.84e-05
1.066667e-05,4.48e-05,4.266667e-06,4.27e-05,4.27e-05
1.066667e-05,4.48e-05,4.266667e-06,4.69e-05,4.69e-05
1.066667e-05,4.48e-05,4.266667e-06,5.12e-05,5.12e-05
1.066667e-05,4.48e-05,4.266667e-06,5.55e-05,5.55e-05
1.066667e-05,4.48e-05,4.266667e-06,5.97e-05,5.97e-05
1.066667e-05,4.48e-05,4.266667e-06,6.4e-05,6.4e-05
1.066667e-05,4.48e-05,4.266667e-06,6.83e-05,6.83e-05
1.066667e-05,4.48e-05,4.266667e-06,7.25e-05,7.25e-05
1.066667e-05,4.48e-05,4.266667e-06,7.68e-05,7.68e-05
1.066667e-05,4.48e-05,4.266667e-06,8.11e-05,8.11e-05
1.066667e-05,4.48e-05,4.266667e-06,8.53e-05,8.53e-05
1.066667e-05,4.48e-05,4.266667e-06,8.96e-05,8.96e-05
1.066667e-05,4.48e-05,4.266667e-06,3594286.585,3312002.208
1.066667e-05,4.48e-05,4.266667e-06,4081886.84,3845885.489
1.066667e-05,4.48e-05,4.266667e-06,4469507.012,4270095.245
1.066667e-05,4.48e-05,4.266667e-06,5002633.207,4660229.457
1.066667e-05,4.48e-05,4.266667e-06,5532071.018,5231728.836
1.066667e-05,4.48e-05,4.266667e-06,5980931.467,5716395.316
1.066667e-05,4.48e-05,4.266667e-06,6368584.921,6133580.603
1.066667e-05,4.48e-05,4.266667e-06,6706401.251,6496716.761
1.066667e-05,4.48e-05,4.266667e-06,7102171.479,6816789.473
1.066667e-05,4.48e-05,4.266667e-06,7670863.188,7308997.228
1.066667e-05,4.48e-05,4.266667e-06,8182728.377,7854135.438
1.066667e-05,4.48e-05,4.266667e-06,8642771.751,8347650.908
1.066667e-05,4.48e-05,4.266667e-06,9062478.72,8794083.106
1.066667e-05,4.48e-05,4.533333e-06,3.84e-05,3.84e-05
1.066667e-05,4.48e-05,4.533333e-06,4.27e-05,4.27e-05
1.066667e-05,4.48e-05,4.533333e-06,4.69e-05,4.69e-05
1.066667e-05,4.48e-05,4.533333e-06,5.12e-05,5.12e-05
1.066667e-05,4.48e-05,4.533333e-06,5.55e-05,5.55e-05
1.066667e-05,4.48e-05,4.533333e-06,5.97e-05,5.97e-05
1.066667e-05,4.48e-05,4.533333e-06,6.4e-05,6.4e-05
1.066667e-05,4.48e-05,4.533333e-06,6.83e-05,6.83e-05
1.066667e-05,4.48e-05,4.533333e-06,7.25e-05,7.25e-05
1.066667e-05,4.48e-05,4.533333e-06,7.68e-05,7.68e-05
1.066667e-05,4.48e-05,4.533333e-06,8.11e-05,8.11e-05
1.066667e-05,4.48e-05,4.533333e-06,8.53e-05,8.53e-05
1.066667e-05,4.48e-05,4.533333e-06,8.96e-05,8.96e-05
1.066667e-05,4.48e-05,4.533333e-06,3353497.705,47790201.84
1.066667e-05,4.48e-05,4.533333e-06,3880714.06,58804868.76
1.066667e-05,4.48e-05,4.533333e-06,4299557.182,70521016.52
1.066667e-05,4.48e-05,4.533333e-06,4710381.316,78575720.67
1.066667e-05,4.48e-05,4.533333e-06,5275776.12,85407636.98
1.066667e-05,4.48e-05,4.533333e-06,5755325.849,92781606.74
1.066667e-05,4.48e-05,4.533333e-06,6168157.659,98702667.27
1.066667e-05,4.48e-05,4.533333e-06,6527626.827,103557820.4
1.066667e-05,4.48e-05,4.533333e-06,6844376.279,107534681.2
1.066667e-05,4.48e-05,4.533333e-06,7362213.059,110753376.5
1.066667e-05,4.48e-05,4.533333e-06,7902318.939,113342559.8
1.066667e-05,4.48e-05,4.533333e-06,8391373.258,115424003.3
1.066667e-05,4.48e-05,4.533333e-06,8833719.977,117098223.3
1.066667e-05,4.48e-05,4e-06,3.84e-05,3.84e-05
1.066667e-05,4.48e-05,4e-06,4.27e-05,4.27e-05
1.066667e-05,4.48e-05,4e-06,4.69e-05,4.69e-05
1.066667e-05,4.48e-05,4e-06,5.12e-05,5.12e-05
1.066667e-05,4.48e-05,4e-06,5.55e-05,5.55e-05
1.066667e-05,4.48e-05,4e-06,5.97e-05,5.97e-05
1.066667e-05,4.48e-05,4e-06,6.4e-05,6.4e-05
1.066667e-05,4.48e-05,4e-06,6.83e-05,6.83e-05
1.066667e-05,4.48e-05,4e-06,7.25e-05,7.25e-05
1.066667e-05,4.48e-05,4e-06,7.68e-05,7.68e-05
1.066667e-05,4.48e-05,4e-06,8.11e-05,8.11e-05
1.066667e-05,4.48e-05,4e-06,8.53e-05,8.53e-05
1.066667e-05,4.48e-05,4e-06,8.96e-05,8.96e-05
1.066667e-05,4.48e-05,4e-06,50066632.93,51025066.24
1.066667e-05,4.48e-05,4e-06,62965543.73,64693319.2
1.066667e-05,4.48e-05,4e-06,74495800.1,76146431.59
1.066667e-05,4.48e-05,4e-06,82387812.6,84439470.65
1.066667e-05,4.48e-05,4e-06,91171709.5,93529641.59
1.066667e-05,4.48e-05,4e-06,98246253.0,100477051.4
1.066667e-05,4.48e-05,4e-06,103842950.6,105960337.3
1.066667e-05,4.48e-05,4e-06,108400916.8,110402787.2
1.066667e-05,4.48e-05,4e-06,112109225.8,114005570.5
1.066667e-05,4.48e-05,4e-06,115104741.4,116912589.4
1.066667e-05,4.48e-05,4e-06,117515862.5,119252632.8
1.066667e-05,4.48e-05,4e-06,119457168.6,121137725.4
1.066667e-05,4.48e-05,4e-06,121021413.0,122657684.7
1.066667e-05,4.48e-05,5.6e-06,3.84e-05,3.84e-05
1.066667e-05,4.48e-05,5.6e-06,4.27e-05,4.27e-05
1.066667e-05,4.48e-05,5.6e-06,4.69e-05,4.69e-05
1.066667e-05,4.48e-05,5.6e-06,5.12e-05,5.12e-05
1.066667e-05,4.48e-05,5.6e-06,5.55e-05,5.55e-05
1.066667e-05,4.48e-05,5.6e-06,5.97e-05,5.97e-05
1.066667e-05,4.48e-05,5.6e-06,6.4e-05,6.4e-05
1.066667e-05,4.48e-05,5.6e-06,6.83e-05,6.83e-05
1.066667e-05,4.48e-05,5.6e-06,7.25e-05,7.25e-05
1.066667e-05,4.48e-05,5.6e-06,7.68e-05,7.68e-05
1.066667e-05,4.48e-05,5.6e-06,8.11e-05,8.11e-05
1.066667e-05,4.48e-05,5.6e-06,8.53e-05,8.53e-05
1.066667e-05,4.48e-05,5.6e-06,8.96e-05,8.96e-05
1.066667e-05,4.48e-05,5.6e-06,52684337.13,55541698.15
1.066667e-05,4.48e-05,5.6e-06,67650541.15,72213547.48
1.066667e-05,4.48e-05,5.6e-06,78967340.29,83387521.63
1.066667e-05,4.48e-05,5.6e-06,88691261.45,95103573.03
1.066667e-05,4.48e-05,5.6e-06,97517277.45,103554253.9
1.066667e-05,4.48e-05,5.6e-06,104260834.8,110018143.4
1.066667e-05,4.48e-05,5.6e-06,109561722.9,115066064.8
1.066667e-05,4.48e-05,5.6e-06,113817554.9,119062067.0
1.066667e-05,4.48e-05,5.6e-06,117248242.3,122249062.9
1.066667e-05,4.48e-05,5.6e-06,120009759.1,124801441.6
1.066667e-05,4.48e-05,5.6e-06,122232227.3,127665085.2
1.066667e-05,4.48e-05,5.6e-06,124023910.4,130806964.3
1.066667e-05,4.48e-05,5.6e-06,125470015.4,133435886.1
1.066667e-05,4.48e-05,5.066667e-06,3.84e-05,3.84e-05
1.066667e-05,4.48e-05,5.066667e-06,4.27e-05,4.27e-05
1.066667e-05,4.48e-05,5.066667e-06,4.69e-05,4.69e-05
1.066667e-05,4.48e-05,5.066667e-06,5.12e-05,5.12e-05
1.066667e-05,4.48e-05,5.066667e-06,5.55e-05,5.55e-05
1.066667e-05,4.48e-05,5.066667e-06,5.97e-05,5.97e-05
1.066667e-05,4.48e-05,5.066667e-06,6.4e-05,6.4e-05
1.066667e-05,4.48e-05,5.066667e-06,6.83e-05,6.83e-05
1.066667e-05,4.48e-05,5.066667e-06,7.25e-05,7.25e-05
1.066667e-05,4.48e-05,5.066667e-06,7.68e-05,7.68e-05
1.066667e-05,4.48e-05,5.066667e-06,8.11e-05,8.11e-05
1.066667e-05,4.48e-05,5.066667e-06,8.53e-05,8.53e-05
1.066667e-05,4.48e-05,5.066667e-06,8.96e-05,8.96e-05
1.066667e-05,4.48e-05,5.066667e-06,54710200.87,53411999.03
1.066667e-05,4.48e-05,5.066667e-06,71202010.88,68933707.56
1.066667e-05,4.48e-05,5.066667e-06,82347939.37,80189661.83
1.066667e-05,4.48e-05,5.066667e-06,93698574.62,90512034.67
1.066667e-05,4.48e-05,5.066667e-06,102227761.7,99228921.68
1.066667e-05,4.48e-05,5.066667e-06,108749934.6,105889508.6
1.066667e-05,4.48e-05,5.066667e-06,113851015.5,111115810.1
1.066667e-05,4.48e-05,5.066667e-06,117901639.1,115295097.9
1.066667e-05,4.48e-05,5.066667e-06,121140323.6,118654538.8
1.066667e-05,4.48e-05,5.066667e-06,123737417.5,121355328.2
1.066667e-05,4.48e-05,5.066667e-06,125825727.8,123528423.6
1.066667e-05,4.48e-05,5.066667e-06,128948050.5,125280701.2
1.066667e-05,4.48e-05,5.066667e-06,131607065.2,127451389.4
1.066667e-05,4.48e-05,5.333333e-06,3.84e-05,3.84e-05
1.066667e-05,4.48e-05,5.333333e-06,4.27e-05,4.27e-05
1.066667e-05,4.48e-05,5.333333e-06,4.69e-05,4.69e-05
1.066667e-05,4.48e-05,5.333333e-06,5.12e-05,5.12e-05
1.066667e-05,4.48e-05,5.333333e-06,5.55e-05,5.55e-05
1.066667e-05,4.48e-05,5.333333e-06,5.97e-05,5.97e-05
1.066667e-05,4.48e-05,5.333333e-06,6.4e-05,6.4e-05
1.066667e-05,4.48e-05,5.333333e-06,6.83e-05,6.83e-05
1.066667e-05,4.48e-05,5.333333e-06,7.25e-05,7.25e-05
1.066667e-05,4.48e-05,5.333333e-06,7.68e-05,7.68e-05
1.066667e-05,4.48e-05,5.333333e-06,8.11e-05,8.11e-05
1.066667e-05,4.48e-05,5.333333e-06,8.53e-05,8.53e-05
1.066667e-05,4.48e-05,5.333333e-06,8.96e-05,8.96e-05
1.066667e-05,4.48e-05,5.333333e-06,56484696.56,57368726.63
1.066667e-05,4.48e-05,5.333333e-06,73156951.83,74040245.01
1.066667e-05,4.48e-05,5.333333e-06,84804877.84,86123573.76
1.066667e-05,4.48e-05,5.333333e-06,96406252.45,97619304.52
1.066667e-05,4.48e-05,5.333333e-06,104785536.5,105933336.6
1.066667e-05,4.48e-05,5.333333e-06,111197003.6,112297428.5
1.066667e-05,4.48e-05,5.333333e-06,116196806.5,117253435.1
1.066667e-05,4.48e-05,5.333333e-06,120143404.3,121155124.0
1.066667e-05,4.48e-05,5.333333e-06,123283405.6,124252190.8
1.066667e-05,4.48e-05,5.333333e-06,125794939.7,127386066.9
1.066667e-05,4.48e-05,5.333333e-06,129419472.8,131049583.5
1.066667e-05,4.48e-05,5.333333e-06,132526823.5,134125042.9
1.066667e-05,4.48e-05,5.333333e-06,135128037.7,136700621.9
4.8e-06,0.000132012,2.4e-06,3.84e-05,3.84e-05
4.8e-06,0.000132012,2.4e-06,4.27e-05,4.27e-05
4.8e-06,0.000132012,2.4e-06,4.69e-05,4.69e-05
4.8e-06,0.000132012,2.4e-06,5.12e-05,5.12e-05
4.8e-06,0.000132012,2.4e-06,5.55e-05,5.55e-05
4.8e-06,0.000132012,2.4e-06,5.97e-05,5.97e-05
4.8e-06,0.000132012,2.4e-06,6.4e-05,6.4e-05
4.8e-06,0.000132012,2.4e-06,6.83e-05,6.83e-05
4.8e-06,0.000132012,2.4e-06,7.25e-05,7.25e-05
4.8e-06,0.000132012,2.4e-06,7.68e-05,7.68e-05
4.8e-06,0.000132012,2.4e-06,8.11e-05,8.11e-05
4.8e-06,0.000132012,2.4e-06,8.53e-05,8.53e-05
4.8e-06,0.000132012,2.4e-06,8.96e-05,8.96e-05
4.8e-06,0.000132012,2.4e-06,11908557.52,11817705.31
4.8e-06,0.000132012,2.4e-06,13401279.34,13338489.9
4.8e-06,0.000132012,2.4e-06,14659752.66,14619602.73
4.8e-06,0.000132012,2.4e-06,15739914.52,15718397.08
4.8e-06,0.000132012,2.4e-06,17759659.9,17749132.22
4.8e-06,0.000132012,2.4e-06,19686234.91,19709600.62
4.8e-06,0.000132012,2.4e-06,21416517.62,21472734.81
4.8e-06,0.000132012,2.4e-06,22990843.23,23069737.39
4.8e-06,0.000132012,2.4e-06,24991170.47,25234142.54
4.8e-06,0.000132012,2.4e-06,28034426.74,28330107.25
4.8e-06,0.000132012,2.4e-06,30846764.28,31194263.71
4.8e-06,0.000132012,2.4e-06,33450486.2,33849212.54
4.8e-06,0.000132012,2.4e-06,35897435.74,36361425.22
4.8e-06,0.000132012,2.666667e-06,3.84e-05,3.84e-05
4.8e-06,0.000132012,2.666667e-06,4.27e-05,4.27e-05
4.8e-06,0.000132012,2.666667e-06,4.69e-05,4.69e-05
4.8e-06,0.000132012,2.666667e-06,5.12e-05,5.12e-05
4.8e-06,0.000132012,2.666667e-06,5.55e-05,5.55e-05
4.8e-06,0.000132012,2.666667e-06,5.97e-05,5.97e-05
4.8e-06,0.000132012,2.666667e-06,6.4e-05,6.4e-05
4.8e-06,0.000132012,2.666667e-06,6.83e-05,6.83e-05
4.8e-06,0.000132012,2.666667e-06,7.25e-05,7.25e-05
4.8e-06,0.000132012,2.666667e-06,7.68e-05,7.68e-05
4.8e-06,0.000132012,2.666667e-06,8.11e-05,8.11e-05
4.8e-06,0.000132012,2.666667e-06,8.53e-05,8.53e-05
4.8e-06,0.000132012,2.666667e-06,8.96e-05,8.96e-05
4.8e-06,0.000132012,2.666667e-06,11647939.86,11568772.69
4.8e-06,0.000132012,2.666667e-06,13218547.5,13161729.18
4.8e-06,0.000132012,2.666667e-06,14539906.46,14501152.95
4.8e-06,0.000132012,2.666667e-06,15671873.06,15648023.21
4.8e-06,0.000132012,2.666667e-06,17711177.51,17687172.16
4.8e-06,0.000132012,2.666667e-06,19731992.43,19735090.05
4.8e-06,0.000132012,2.666667e-06,21547984.99,21574836.59
4.8e-06,0.000132012,2.666667e-06,23189707.45,23235437.82
4.8e-06,0.000132012,2.666667e-06,25619200.11,25776956.14
4.8e-06,0.000132012,2.666667e-06,28816658.61,29018270.52
4.8e-06,0.000132012,2.666667e-06,31768400.18,32016984.12
4.8e-06,0.000132012,2.666667e-06,34515430.59,34799101.13
4.8e-06,0.000132012,2.666667e-06,37835990.95,38470788.87
4.8e-06,0.000132012,2.933333e-06,3.84e-05,3.84e-05
4.8e-06,0.000132012,2.933333e-06,4.27e-05,4.27e-05
4.8e-06,0.000132012,2.933333e-06,4.69e-05,4.69e-05
4.8e-06,0.000132012,2.933333e-06,5.12e-05,5.12e-05
4.8e-06,0.000132012,2.933333e-06,5.55e-05,5.55e-05
4.8e-06,0.000132012,2.933333e-06,5.97e-05,5.97e-05
4.8e-06,0.000132012,2.933333e-06,6.4e-05,6.4e-05
4.8e-06,0.000132012,2.933333e-06,6.83e-05,6.83e-05
4.8e-06,0.000132012,2.933333e-06,7.25e-05,7.25e-05
4.8e-06,0.000132012,2.933333e-06,7.68e-05,7.68e-05
4.8e-06,0.000132012,2.933333e-06,8.11e-05,8.11e-05
4.8e-06,0.000132012,2.933333e-06,8.53e-05,8.53e-05
4.8e-06,0.000132012,2.933333e-06,8.96e-05,8.96e-05
4.8e-06,0.000132012,2.933333e-06,11421527.02,11352944.58
4.8e-06,0.000132012,2.933333e-06,13054473.36,13003915.73
4.8e-06,0.000132012,2.933333e-06,14426754.58,14391245.6
4.8e-06,0.000132012,2.933333e-06,15600738.58,15577643.46
4.8e-06,0.000132012,2.933333e-06,17634200.36,17606457.16
4.8e-06,0.000132012,2.933333e-06,19731381.8,19726161.46
4.8e-06,0.000132012,2.933333e-06,21614317.38,21628843.47
4.8e-06,0.000132012,2.933333e-06,23317715.91,23349710.52
4.8e-06,0.000132012,2.933333e-06,26042309.22,26154876.43
4.8e-06,0.000132012,2.933333e-06,29371255.68,29523938.62
4.8e-06,0.000132012,2.933333e-06,32444385.81,32625424.5
4.8e-06,0.000132012,2.933333e-06,35294394.48,35513250.41
4.8e-06,0.000132012,2.933333e-06,39572757.15,40076444.59
4.8e-06,0.000132012,3.2e-06,3.84e-05,3.84e-05
4.8e-06,0.000132012,3.2e-06,4.27e-05,4.27e-05
4.8e-06,0.000132012,3.2e-06,4.69e-05,4.69e-05
4.8e-06,0.000132012,3.2e-06,5.12e-05,5.12e-05
4.8e-06,0.000132012,3.2e-06,5.55e-05,5.55e-05
4.8e-06,0.000132012,3.2e-06,5.97e-05,5.97e-05
4.8e-06,0.000132012,3.2e-06,6.4e-05,6.4e-05
4.8e-06,0.000132012,3.2e-06,6.83e-05,6.83e-05
4.8e-06,0.000132012,3.2e-06,7.25e-05,7.25e-05
4.8e-06,0.000132012,3.2e-06,7.68e-05,7.68e-05
4.8e-06,0.000132012,3.2e-06,8.11e-05,8.11e-05
4.8e-06,0.000132012,3.2e-06,8.53e-05,8.53e-05
4.8e-06,0.000132012,3.2e-06,8.96e-05,8.96e-05
4.8e-06,0.000132012,3.2e-06,11107616.8,11224843.04
4.8e-06,0.000132012,3.2e-06,12823617.53,12908483.1
4.8e-06,0.000132012,3.2e-06,14260444.79,14323652.2
4.8e-06,0.000132012,3.2e-06,15490626.28,15532992.15
4.8e-06,0.000132012,3.2e-06,17494858.8,17550351.38
4.8e-06,0.000132012,3.2e-06,19693674.82,19711589.53
4.8e-06,0.000132012,3.2e-06,21665681.74,21650678.72
4.8e-06,0.000132012,3.2e-06,23447829.38,23403738.62
4.8e-06,0.000132012,3.2e-06,26530163.16,26347845.61
4.8e-06,0.000132012,3.2e-06,30028487.47,29794642.47
4.8e-06,0.000132012,3.2e-06,33251302.96,32965452.93
4.8e-06,0.000132012,3.2e-06,36250846.82,35902137.29
4.8e-06,0.000132012,3.2e-06,41777687.96,40981193.6
4.8e-06,0.000132012,3.466667e-06,3.84e-05,3.84e-05
4.8e-06,0.000132012,3.466667e-06,4.27e-05,4.27e-05
4.8e-06,0.000132012,3.466667e-06,4.69e-05,4.69e-05
4.8e-06,0.000132012,3.466667e-06,5.12e-05,5.12e-05
4.8e-06,0.000132012,3.466667e-06,5.55e-05,5.55e-05
4.8e-06,0.000132012,3.466667e-06,5.97e-05,5.97e-05
4.8e-06,0.000132012,3.466667e-06,6.4e-05,6.4e-05
4.8e-06,0.000132012,3.466667e-06,6.83e-05,6.83e-05
4.8e-06,0.000132012,3.466667e-06,7.25e-05,7.25e-05
4.8e-06,0.000132012,3.466667e-06,7.68e-05,7.68e-05
4.8e-06,0.000132012,3.466667e-06,8.11e-05,8.11e-05
4.8e-06,0.000132012,3.466667e-06,8.53e-05,8.53e-05
4.8e-06,0.000132012,3.466667e-06,8.96e-05,8.96e-05
4.8e-06,0.000132012,3.466667e-06,4087901.545,4011242.174
4.8e-06,0.000132012,3.466667e-06,4497431.1,4434276.214
4.8e-06,0.000132012,3.466667e-06,5088441.975,4979212.757
4.8e-06,0.000132012,3.466667e-06,5633094.719,5538870.388
4.8e-06,0.000132012,3.466667e-06,6088752.777,6007181.254
4.8e-06,0.000132012,3.466667e-06,6476589.547,6405464.448
4.8e-06,0.000132012,3.466667e-06,6811634.625,6749307.849
4.8e-06,0.000132012,3.466667e-06,7320851.357,7201947.399
4.8e-06,0.000132012,3.466667e-06,7881613.583,7774434.652
4.8e-06,0.000132012,3.466667e-06,8380839.014,8286783.457
4.8e-06,0.000132012,3.466667e-06,8827808.555,8743981.501
4.8e-06,0.000132012,3.466667e-06,9234429.378,9159657.139
4.8e-06,0.000132012,3.466667e-06,9604823.084,9538258.722
4.8e-06,0.000132012,3.733333e-06,3.84e-05,3.84e-05
4.8e-06,0.000132012,3.733333e-06,4.27e-05,4.27e-05
4.8e-06,0.000132012,3.733333e-06,4.69e-05,4.69e-05
4.8e-06,0.000132012,3.733333e-06,5.12e-05,5.12e-05
4.8e-06,0.000132012,3.733333e-06,5.55e-05,5.55e-05
4.8e-06,0.000132012,3.733333e-06,5.97e-05,5.97e-05
4.8e-06,0.000132012,3.733333e-06,6.4e-05,6.4e-05
4.8e-06,0.000132012,3.733333e-06,6.83e-05,6.83e-05
4.8e-06,0.000132012,3.733333e-06,7.25e-05,7.25e-05
4.8e-06,0.000132012,3.733333e-06,7.68e-05,7.68e-05
4.8e-06,0.000132012,3.733333e-06,8.11e-05,8.11e-05
4.8e-06,0.000132012,3.733333e-06,8.53e-05,8.53e-05
4.8e-06,0.000132012,3.733333e-06,8.96e-05,8.96e-05
4.8e-06,0.000132012,3.733333e-06,3874069.337,3812186.957
4.8e-06,0.000132012,3.733333e-06,4320886.105,4269595.845
4.8e-06,0.000132012,3.733333e-06,4784693.579,4697361.556
4.8e-06,0.000132012,3.733333e-06,5371639.213,5296115.334
4.8e-06,0.000132012,3.733333e-06,5860866.76,5795549.603
4.8e-06,0.000132012,3.733333e-06,6277598.758,6219741.154
4.8e-06,0.000132012,3.733333e-06,6636941.038,6585997.57
4.8e-06,0.000132012,3.733333e-06,6987823.313,6905558.708
4.8e-06,0.000132012,3.733333e-06,7583446.428,7496762.795
4.8e-06,0.000132012,3.733333e-06,8115699.831,8037012.414
4.8e-06,0.000132012,3.733333e-06,8591919.518,8522837.512
4.8e-06,0.000132012,3.733333e-06,9022636.771,8960118.359
4.8e-06,0.000132012,3.733333e-06,9415803.299,9359491.611
4.8e-06,0.000132012,4.8e-06,3.84e-05,3.84e-05
4.8e-06,0.000132012,4.8e-06,4.27e-05,4.27e-05
4.8e-06,0.000132012,4.8e-06,4.69e-05,4.69e-05
4.8e-06,0.000132012,4.8e-06,5.12e-05,5.12e-05
4.8e-06,0.000132012,4.8e-06,5.55e-05,5.55e-05
4.8e-06,0.000132012,4.8e-06,5.97e-05,5.97e-05
4.8e-06,0.000132012,4.8e-06,6.4e-05,6.4e-05
4.8e-06,0.000132012,4.8e-06,6.83e-05,6.83e-05
4.8e-06,0.000132012,4.8e-06,7.25e-05,7.25e-05
4.8e-06,0.000132012,4.8e-06,7.68e-05,7.68e-05
4.8e-06,0.000132012,4.8e-06,8.11e-05,8.11e-05
4.8e-06,0.000132012,4.8e-06,8.53e-05,8.53e-05
4.8e-06,0.000132012,4.8e-06,8.96e-05,8.96e-05
4.8e-06,0.000132012,4.8e-06,3551843.166,3647536.199
4.8e-06,0.000132012,4.8e-06,4053150.478,4132804.979
4.8e-06,0.000132012,4.8e-06,4451539.255,4518644.926
4.8e-06,0.000132012,4.8e-06,4980290.499,5095952.987
4.8e-06,0.000132012,4.8e-06,5519415.801,5620669.799
4.8e-06,0.000132012,4.8e-06,5977053.764,6066247.278
4.8e-06,0.000132012,4.8e-06,6370829.967,6450010.984
4.8e-06,0.000132012,4.8e-06,6714895.09,6785100.148
4.8e-06,0.000132012,4.8e-06,7131023.785,7265441.635
4.8e-06,0.000132012,4.8e-06,7707625.367,7828676.172
4.8e-06,0.000132012,4.8e-06,8225313.587,8335642.121
4.8e-06,0.000132012,4.8e-06,8693898.273,8791607.028
4.8e-06,0.000132012,4.8e-06,9118240.28,9206788.995
4.8e-06,0.000132012,4.266667e-06,3.84e-05,3.84e-05
4.8e-06,0.000132012,4.266667e-06,4.27e-05,4.27e-05
4.8e-06,0.000132012,4.266667e-06,4.69e-05,4.69e-05
4.8e-06,0.000132012,4.266667e-06,5.12e-05,5.12e-05
4.8e-06,0.000132012,4.266667e-06,5.55e-05,5.55e-05
4.8e-06,0.000132012,4.266667e-06,5.97e-05,5.97e-05
4.8e-06,0.000132012,4.266667e-06,6.4e-05,6.4e-05
4.8e-06,0.000132012,4.266667e-06,6.83e-05,6.83e-05
4.8e-06,0.000132012,4.266667e-06,7.25e-05,7.25e-05
4.8e-06,0.000132012,4.266667e-06,7.68e-05,7.68e-05
4.8e-06,0.000132012,4.266667e-06,8.11e-05,8.11e-05
4.8e-06,0.000132012,4.266667e-06,8.53e-05,8.53e-05
4.8e-06,0.000132012,4.266667e-06,8.96e-05,8.96e-05
4.8e-06,0.000132012,4.266667e-06,3699303.413,3425026.57
4.8e-06,0.000132012,4.266667e-06,4175856.269,3947102.306
4.8e-06,0.000132012,4.266667e-06,4554872.736,4362090.934
4.8e-06,0.000132012,4.266667e-06,5158745.625,4827421.67
4.8e-06,0.000132012,4.266667e-06,5675583.052,5385419.011
4.8e-06,0.000132012,4.266667e-06,6114004.22,5858865.871
4.8e-06,0.000132012,4.266667e-06,6492814.32,6266550.75
4.8e-06,0.000132012,4.266667e-06,6823040.327,6621522.805
4.8e-06,0.000132012,4.266667e-06,7338215.674,6952846.433
4.8e-06,0.000132012,4.266667e-06,7894140.84,7546973.404
4.8e-06,0.000132012,4.266667e-06,8394717.449,8079996.22
4.8e-06,0.000132012,4.266667e-06,8844821.381,8562687.923
4.8e-06,0.000132012,4.266667e-06,9255574.301,8999482.233
4.8e-06,0.000132012,4.533333e-06,3.84e-05,3.84e-05
4.8e-06,0.000132012,4.533333e-06,4.27e-05,4.27e-05
4.8e-06,0.000132012,4.533333e-06,4.69e-05,4.69e-05
4.8e-06,0.000132012,4.533333e-06,5.12e-05,5.12e-05
4.8e-06,0.000132012,4.533333e-06,5.55e-05,5.55e-05
4.8e-06,0.000132012,4.533333e-06,5.97e-05,5.97e-05
4.8e-06,0.000132012,4.533333e-06,6.4e-05,6.4e-05
4.8e-06,0.000132012,4.533333e-06,6.83e-05,6.83e-05
4.8e-06,0.000132012,4.533333e-06,7.25e-05,7.25e-05
4.8e-06,0.000132012,4.533333e-06,7.68e-05,7.68e-05
4.8e-06,0.000132012,4.533333e-06,8.11e-05,8.11e-05
4.8e-06,0.000132012,4.533333e-06,8.53e-05,8.53e-05
4.8e-06,0.000132012,4.533333e-06,8.96e-05,8.96e-05
4.8e-06,0.000132012,4.533333e-06,3465342.843,49330817.23
4.8e-06,0.000132012,4.533333e-06,3980862.407,61174986.03
4.8e-06,0.000132012,4.533333e-06,4390575.613,72611359.89
4.8e-06,0.000132012,4.533333e-06,4875940.655,80505203.01
4.8e-06,0.000132012,4.533333e-06,5427966.251,88290052.99
4.8e-06,0.000132012,4.533333e-06,5896409.601,95467856.04
4.8e-06,0.000132012,4.533333e-06,6299838.953,101200380.3
4.8e-06,0.000132012,4.533333e-06,6651228.105,105869066.9
4.8e-06,0.000132012,4.533333e-06,7009446.644,109672998.0
4.8e-06,0.000132012,4.533333e-06,7598023.951,112741998.0
4.8e-06,0.000132012,4.533333e-06,8126143.648,115206231.1
4.8e-06,0.000132012,4.533333e-06,8604490.293,117184599.8
4.8e-06,0.000132012,4.533333e-06,9037306.905,118773740.8
4.8e-06,0.000132012,4e-06,3.84e-05,3.84e-05
4.8e-06,0.000132012,4e-06,4.27e-05,4.27e-05
4.8e-06,0.000132012,4e-06,4.69e-05,4.69e-05
4.8e-06,0.000132012,4e-06,5.12e-05,5.12e-05
4.8e-06,0.000132012,4e-06,5.55e-05,5.55e-05
4.8e-06,0.000132012,4e-06,5.97e-05,5.97e-05
4.8e-06,0.000132012,4e-06,6.4e-05,6.4e-05
4.8e-06,0.000132012,4e-06,6.83e-05,6.83e-05
4.8e-06,0.000132012,4e-06,7.25e-05,7.25e-05
4.8e-06,0.000132012,4e-06,7.68e-05,7.68e-05
4.8e-06,0.000132012,4e-06,8.11e-05,8.11e-05
4.8e-06,0.000132012,4e-06,8.53e-05,8.53e-05
4.8e-06,0.000132012,4e-06,8.96e-05,8.96e-05
4.8e-06,0.000132012,4e-06,51622945.72,52588527.79
4.8e-06,0.000132012,4e-06,65314425.96,67033960.59
4.8e-06,0.000132012,4e-06,76562037.39,78202762.91
4.8e-06,0.000132012,4e-06,84963585.14,87453307.47
4.8e-06,0.000132012,4e-06,93987446.41,96319115.16
4.8e-06,0.000132012,4e-06,100872059.4,103080013.0
4.8e-06,0.000132012,4e-06,106288789.3,108385861.9
4.8e-06,0.000132012,4e-06,110667114.4,112651410.3
4.8e-06,0.000132012,4e-06,114208820.3,116090133.4
4.8e-06,0.000132012,4e-06,117059755.5,118854631.8
4.8e-06,0.000132012,4e-06,119349759.9,121075103.0
4.8e-06,0.000132012,4e-06,121190782.6,122861035.7
4.8e-06,0.000132012,4e-06,122671964.2,124298741.4
4.8e-06,0.000132012,5.6e-06,3.84e-05,3.84e-05
4.8e-06,0.000132012,5.6e-06,4.27e-05,4.27e-05
4.8e-06,0.000132012,5.6e-06,4.69e-05,4.69e-05
4.8e-06,0.000132012,5.6e-06,5.12e-05,5.12e-05
4.8e-06,0.000132012,5.6e-06,5.55e-05,5.55e-05
4.8e-06,0.000132012,5.6e-06,5.97e-05,5.97e-05
4.8e-06,0.000132012,5.6e-06,6.4e-05,6.4e-05
4.8e-06,0.000132012,5.6e-06,6.83e-05,6.83e-05
4.8e-06,0.000132012,5.6e-06,7.25e-05,7.25e-05
4.8e-06,0.000132012,5.6e-06,7.68e-05,7.68e-05
4.8e-06,0.000132012,5.6e-06,8.11e-05,8.11e-05
4.8e-06,0.000132012,5.6e-06,8.53e-05,8.53e-05
4.8e-06,0.000132012,5.6e-06,8.96e-05,8.96e-05
4.8e-06,0.000132012,5.6e-06,54260805.87,58300579.05
4.8e-06,0.000132012,5.6e-06,69977747.4,74521364.07
4.8e-06,0.000132012,5.6e-06,81007791.1,86588109.74
4.8e-06,0.000132012,5.6e-06,91654705.44,97994231.87
4.8e-06,0.000132012,5.6e-06,100263732.2,106239045.4
4.8e-06,0.000132012,5.6e-06,106826528.8,112530830.3
4.8e-06,0.000132012,5.6e-06,111954146.7,117411492.8
4.8e-06,0.000132012,5.6e-06,116037635.6,121241856.9
4.8e-06,0.000132012,5.6e-06,119308498.3,124275266.9
4.8e-06,0.000132012,5.6e-06,121930932.6,127343010.5
4.8e-06,0.000132012,5.6e-06,124036410.4,130956214.2
4.8e-06,0.000132012,5.6e-06,125730811.2,133984361.2
4.8e-06,0.000132012,5.6e-06,128247172.3,136515078.7
4.8e-06,0.000132012,5.066667e-06,3.84e-05,3.84e-05
4.8e-06,0.000132012,5.066667e-06,4.27e-05,4.27e-05
4.8e-06,0.000132012,5.066667e-06,4.69e-05,4.69e-05
4.8e-06,0.000132012,5.066667e-06,5.12e-05,5.12e-05
4.8e-06,0.000132012,5.066667e-06,5.55e-05,5.55e-05
4.8e-06,0.000132012,5.066667e-06,5.97e-05,5.97e-05
4.8e-06,0.000132012,5.066667e-06,6.4e-05,6.4e-05
4.8e-06,0.000132012,5.066667e-06,6.83e-05,6.83e-05
4.8e-06,0.000132012,5.066667e-06,7.25e-05,7.25e-05
4.8e-06,0.000132012,5.066667e-06,7.68e-05,7.68e-05
4.8e-06,0.000132012,5.066667e-06,8.11e-05,8.11e-05
4.8e-06,0.000132012,5.066667e-06,8.53e-05,8.53e-05
4.8e-06,0.000132012,5.066667e-06,8.96e-05,8.96e-05
4.8e-06,0.000132012,5.066667e-06,57288798.75,55024163.78
4.8e-06,0.000132012,5.066667e-06,73514008.88,71255314.74
4.8e-06,0.000132012,5.066667e-06,85076868.88,82223626.7
4.8e-06,0.000132012,5.066667e-06,96604805.37,93454425.18
4.8e-06,0.000132012,5.066667e-06,104925736.9,101957463.2
4.8e-06,0.000132012,5.066667e-06,111273906.8,108439748.5
4.8e-06,0.000132012,5.066667e-06,116206440.9,113494522.2
4.8e-06,0.000132012,5.066667e-06,120089975.0,117503392.9
4.8e-06,0.000132012,5.066667e-06,123173721.7,120704800.2
4.8e-06,0.000132012,5.066667e-06,125635716.9,123267964.9
4.8e-06,0.000132012,5.066667e-06,129083351.6,125325166.3
4.8e-06,0.000132012,5.066667e-06,132148070.6,127975346.2
4.8e-06,0.000132012,5.066667e-06,134708087.3,130602525.8
4.8e-06,0.000132012,5.333333e-06,3.84e-05,3.84e-05
4.8e-06,0.000132012,5.333333e-06,4.27e-05,4.27e-05
4.8e-06,0.000132012,5.333333e-06,4.69e-05,4.69e-05
4.8e-06,0.000132012,5.333333e-06,5.12e-05,5.12e-05
4.8e-06,0.000132012,5.333333e-06,5.55e-05,5.55e-05
4.8e-06,0.000132012,5.333333e-06,5.97e-05,5.97e-05
4.8e-06,0.000132012,5.333333e-06,6.4e-05,6.4e-05
4.8e-06,0.000132012,5.333333e-06,6.83e-05,6.83e-05
4.8e-06,0.000132012,5.333333e-06,7.25e-05,7.25e-05
4.8e-06,0.000132012,5.333333e-06,7.68e-05,7.68e-05
4.8e-06,0.000132012,5.333333e-06,8.11e-05,8.11e-05
4.8e-06,0.000132012,5.333333e-06,8.53e-05,8.53e-05
4.8e-06,0.000132012,5.333333e-06,8.96e-05,8.96e-05
4.8e-06,0.000132012,5.333333e-06,59245492.51,60131459.76
4.8e-06,0.000132012,5.333333e-06,75460918.75,76340647.05
4.8e-06,0.000132012,5.333333e-06,87988186.42,89290935.03
4.8e-06,0.000132012,5.333333e-06,99282652.61,100482583.1
4.8e-06,0.000132012,5.333333e-06,107458277.2,108595006.3
4.8e-06,0.000132012,5.333333e-06,113699400.9,114790268.0
4.8e-06,0.000132012,5.333333e-06,118533122.8,119581403.9
4.8e-06,0.000132012,5.333333e-06,122315418.1,123320025.0
4.8e-06,0.000132012,5.333333e-06,125303078.0,126547657.2
4.8e-06,0.000132012,5.333333e-06,129116867.1,130764883.4
4.8e-06,0.000132012,5.333333e-06,132688877.2,134298911.0
4.8e-06,0.000132012,5.333333e-06,135683414.2,137262407.9
4.8e-06,0.000132012,5.333333e-06,138187157.5,139741196.8
4.8e-06,0.0003889991,2.4e-06,3.84e-05,3.84e-05
4.8e-06,0.0003889991,2.4e-06,4.27e-05,4.27e-05
4.8e-06,0.0003889991,2.4e-06,4.69e-05,4.69e-05
4.8e-06,0.0003889991,2.4e-06,5.12e-05,5.12e-05
4.8e-06,0.0003889991,2.4e-06,5.55e-05,5.55e-05
4.8e-06,0.0003889991,2.4e-06,5.97e-05,5.97e-05
4.8e-06,0.0003889991,2.4e-06,6.4e-05,6.4e-05
4.8e-06,0.0003889991,2.4e-06,6.83e-05,6.83e-05
4.8e-06,0.0003889991,2.4e-06,7.25e-05,7.25e-05
4.8e-06,0.0003889991,2.4e-06,7.68e-05,7.68e-05
4.8e-06,0.0003889991,2.4e-06,8.11e-05,8.11e-05
4.8e-06,0.0003889991,2.4e-06,8.53e-05,8.53e-05
4.8e-06,0.0003889991,2.4e-06,8.96e-05,8.96e-05
4.8e-06,0.0003889991,2.4e-06,11755987.2,11662550.3
4.8e-06,0.0003889991,2.4e-06,13261968.06,13196917.19
4.8e-06,0.0003889991,2.4e-06,14531107.54,14488971.09
4.8e-06,0.0003889991,2.4e-06,15620119.98,15596853.48
4.8e-06,0.0003889991,2.4e-06,17501552.33,17487058.84
4.8e-06,0.0003889991,2.4e-06,19441562.1,19461382.64
4.8e-06,0.0003889991,2.4e-06,21183680.72,21236782.5
4.8e-06,0.0003889991,2.4e-06,22768687.98,22844767.81
4.8e-06,0.0003889991,2.4e-06,24501042.96,24737148.11
4.8e-06,0.0003889991,2.4e-06,27564158.95,27853762.71
4.8e-06,0.0003889991,2.4e-06,30394806.11,30736766.49
4.8e-06,0.0003889991,2.4e-06,33015434.16,33409351.26
4.8e-06,0.0003889991,2.4e-06,35478534.03,35911538.57
4.8e-06,0.0003889991,2.666667e-06,3.84e-05,3.84e-05
4.8e-06,0.0003889991,2.666667e-06,4.27e-05,4.27e-05
4.8e-06,0.0003889991,2.666667e-06,4.69e-05,4.69e-05
4.8e-06,0.0003889991,2.666667e-06,5.12e-05,5.12e-05
4.8e-06,0.0003889991,2.666667e-06,5.55e-05,5.55e-05
4.8e-06,0.0003889991,2.666667e-06,5.97e-05,5.97e-05
4.8e-06,0.0003889991,2.666667e-06,6.4e-05,6.4e-05
4.8e-06,0.0003889991,2.666667e-06,6.83e-05,6.83e-05
4.8e-06,0.0003889991,2.666667e-06,7.25e-05,7.25e-05
4.8e-06,0.0003889991,2.666667e-06,7.68e-05,7.68e-05
4.8e-06,0.0003889991,2.666667e-06,8.11e-05,8.11e-05
4.8e-06,0.0003889991,2.666667e-06,8.53e-05,8.53e-05
4.8e-06,0.0003889991,2.666667e-06,8.96e-05,8.96e-05
4.8e-06,0.0003889991,2.666667e-06,11488118.01,11406829.27
4.8e-06,0.0003889991,2.666667e-06,13072892.69,13014219.37
4.8e-06,0.0003889991,2.666667e-06,14405688.98,14365306.21
4.8e-06,0.0003889991,2.666667e-06,15547171.65,15521886.96
4.8e-06,0.0003889991,2.666667e-06,17441956.92,17414709.45
4.8e-06,0.0003889991,2.666667e-06,19477388.55,19477590.9
4.8e-06,0.0003889991,2.666667e-06,21306340.42,21330612.39
4.8e-06,0.0003889991,2.666667e-06,22959650.3,23003057.51
4.8e-06,0.0003889991,2.666667e-06,25109658.25,25261711.36
4.8e-06,0.0003889991,2.666667e-06,28328927.41,28525393.95
4.8e-06,0.0003889991,2.666667e-06,31300893.43,31544991.59
4.8e-06,0.0003889991,2.666667e-06,34066848.84,34346557.97
4.8e-06,0.0003889991,2.666667e-06,36976362.69,37603906.41
4.8e-06,0.0003889991,2.933333e-06,3.84e-05,3.84e-05
4.8e-06,0.0003889991,2.933333e-06,4.27e-05,4.27e-05
4.8e-06,0.0003889991,2.933333e-06,4.69e-05,4.69e-05
4.8e-06,0.0003889991,2.933333e-06,5.12e-05,5.12e-05
4.8e-06,0.0003889991,2.933333e-06,5.55e-05,5.55e-05
4.8e-06,0.0003889991,2.933333e-06,5.97e-05,5.97e-05
4.8e-06,0.0003889991,2.933333e-06,6.4e-05,6.4e-05
4.8e-06,0.0003889991,2.933333e-06,6.83e-05,6.83e-05
4.8e-06,0.0003889991,2.933333e-06,7.25e-05,7.25e-05
4.8e-06,0.0003889991,2.933333e-06,7.68e-05,7.68e-05
4.8e-06,0.0003889991,2.933333e-06,8.11e-05,8.11e-05
4.8e-06,0.0003889991,2.933333e-06,8.53e-05,8.53e-05
4.8e-06,0.0003889991,2.933333e-06,8.96e-05,8.96e-05
4.8e-06,0.0003889991,2.933333e-06,11255701.94,11185330.07
4.8e-06,0.0003889991,2.933333e-06,12903559.86,12851432.98
4.8e-06,0.0003889991,2.933333e-06,14287919.29,14251033.08
4.8e-06,0.0003889991,2.933333e-06,15471970.7,15447663.12
4.8e-06,0.0003889991,2.933333e-06,17355799.97,17325324.96
4.8e-06,0.0003889991,2.933333e-06,19468582.94,19460925.58
4.8e-06,0.0003889991,2.933333e-06,21365373.38,21377730.16
4.8e-06,0.0003889991,2.933333e-06,23081218.33,23111288.37
4.8e-06,0.0003889991,2.933333e-06,25516593.07,25624322.62
4.8e-06,0.0003889991,2.933333e-06,28869129.8,29017531.13
4.8e-06,0.0003889991,2.933333e-06,31964320.95,32140915.61
4.8e-06,0.0003889991,2.933333e-06,34834611.84,35050148.57
4.8e-06,0.0003889991,2.933333e-06,38692121.67,39189698.39
4.8e-06,0.0003889991,3.2e-06,3.84e-05,3.84e-05
4.8e-06,0.0003889991,3.2e-06,4.27e-05,4.27e-05
4.8e-06,0.0003889991,3.2e-06,4.69e-05,4.69e-05
4.8e-06,0.0003889991,3.2e-06,5.12e-05,5.12e-05
4.8e-06,0.0003889991,3.2e-06,5.55e-05,5.55e-05
4.8e-06,0.0003889991,3.2e-06,5.97e-05,5.97e-05
4.8e-06,0.0003889991,3.2e-06,6.4e-05,6.4e-05
4.8e-06,0.0003889991,3.2e-06,6.83e-05,6.83e-05
4.8e-06,0.0003889991,3.2e-06,7.25e-05,7.25e-05
4.8e-06,0.0003889991,3.2e-06,7.68e-05,7.68e-05
4.8e-06,0.0003889991,3.2e-06,8.11e-05,8.11e-05
4.8e-06,0.0003889991,3.2e-06,8.53e-05,8.53e-05
4.8e-06,0.0003889991,3.2e-06,8.96e-05,8.96e-05
4.8e-06,0.0003889991,3.2e-06,10933663.94,11053909.94
4.8e-06,0.0003889991,3.2e-06,12665601.4,12753085.99
4.8e-06,0.0003889991,3.2e-06,14115346.61,14180883.48
4.8e-06,0.0003889991,3.2e-06,15356347.96,15400762.33
4.8e-06,0.0003889991,3.2e-06,17204062.62,17264157.2
4.8e-06,0.0003889991,3.2e-06,19419825.75,19441840.41
4.8e-06,0.0003889991,3.2e-06,21406907.58,21395549.88
4.8e-06,0.0003889991,3.2e-06,23202615.99,23161755.31
4.8e-06,0.0003889991,3.2e-06,25982719.55,25808264.03
4.8e-06,0.0003889991,3.2e-06,29506949.92,29280308.89
4.8e-06,0.0003889991,3.2e-06,32753720.5,32474388.6
4.8e-06,0.0003889991,3.2e-06,35776082.33,35432884.14
4.8e-06,0.0003889991,3.2e-06,40868824.0,40082935.72
4.8e-06,0.0003889991,3.466667e-06,3.84e-05,3.84e-05
4.8e-06,0.0003889991,3.466667e-06,4.27e-05,4.27e-05
4.8e-06,0.0003889991,3.466667e-06,4.69e-05,4.69e-05
4.8e-06,0.0003889991,3.466667e-06,5.12e-05,5.12e-05
4.8e-06,0.0003889991,3.466667e-06,5.55e-05,5.55e-05
4.8e-06,0.0003889991,3.466667e-06,5.97e-05,5.97e-05
4.8e-06,0.0003889991,3.466667e-06,6.4e-05,6.4e-05
4.8e-06,0.0003889991,3.466667e-06,6.83e-05,6.83e-05
4.8e-06,0.0003889991,3.466667e-06,7.25e-05,7.25e-05
4.8e-06,0.0003889991,3.466667e-06,7.68e-05,7.68e-05
4.8e-06,0.0003889991,3.466667e-06,8.11e-05,8.11e-05
4.8e-06,0.0003889991,3.466667e-06,8.53e-05,8.53e-05
4.8e-06,0.0003889991,3.466667e-06,8.96e-05,8.96e-05
4.8e-06,0.0003889991,3.466667e-06,4043532.577,3965809.852
4.8e-06,0.0003889991,3.466667e-06,4457775.533,4393658.213
4.8e-06,0.0003889991,3.466667e-06,5015322.815,4904491.87
4.8e-06,0.0003889991,3.466667e-06,5566609.936,5470922.808
4.8e-06,0.0003889991,3.466667e-06,6027625.933,5944712.145
4.8e-06,0.0003889991,3.466667e-06,6419890.825,6347525.555
4.8e-06,0.0003889991,3.466667e-06,6758668.693,6695189.923
4.8e-06,0.0003889991,3.466667e-06,7213417.495,7092307.576
4.8e-06,0.0003889991,3.466667e-06,7780416.201,7671145.525
4.8e-06,0.0003889991,3.466667e-06,8285030.2,8189040.123
4.8e-06,0.0003889991,3.466667e-06,8736695.813,8651050.521
4.8e-06,0.0003889991,3.466667e-06,9147509.847,9071023.77
4.8e-06,0.0003889991,3.466667e-06,9521652.268,9453470.401
4.8e-06,0.0003889991,3.733333e-06,3.84e-05,3.84e-05
4.8e-06,0.0003889991,3.733333e-06,4.27e-05,4.27e-05
4.8e-06,0.0003889991,3.733333e-06,4.69e-05,4.69e-05
4.8e-06,0.0003889991,3.733333e-06,5.12e-05,5.12e-05
4.8e-06,0.0003889991,3.733333e-06,5.55e-05,5.55e-05
4.8e-06,0.0003889991,3.733333e-06,5.97e-05,5.97e-05
4.8e-06,0.0003889991,3.733333e-06,6.4e-05,6.4e-05
4.8e-06,0.0003889991,3.733333e-06,6.83e-05,6.83e-05
4.8e-06,0.0003889991,3.733333e-06,7.25e-05,7.25e-05
4.8e-06,0.0003889991,3.733333e-06,7.68e-05,7.68e-05
4.8e-06,0.0003889991,3.733333e-06,8.11e-05,8.11e-05
4.8e-06,0.0003889991,3.733333e-06,8.53e-05,8.53e-05
4.8e-06,0.0003889991,3.733333e-06,8.96e-05,8.96e-05
4.8e-06,0.0003889991,3.733333e-06,3826739.088,3764002.097
4.8e-06,0.0003889991,3.733333e-06,4278550.514,4226486.925
4.8e-06,0.0003889991,3.733333e-06,4707107.247,4618482.794
4.8e-06,0.0003889991,3.733333e-06,5301084.972,5224382.864
4.8e-06,0.0003889991,3.733333e-06,5795994.592,5729599.986
4.8e-06,0.0003889991,3.733333e-06,6217440.556,6158581.452
4.8e-06,0.0003889991,3.733333e-06,6580761.733,6528888.233
4.8e-06,0.0003889991,3.733333e-06,6897841.497,6851924.945
4.8e-06,0.0003889991,3.733333e-06,7476465.289,7388115.818
4.8e-06,0.0003889991,3.733333e-06,8014488.475,7934226.24
4.8e-06,0.0003889991,3.733333e-06,8495751.181,8425206.241
4.8e-06,0.0003889991,3.733333e-06,8930932.831,8867031.255
4.8e-06,0.0003889991,3.733333e-06,9328117.9,9270498.637
4.8e-06,0.0003889991,4.8e-06,3.84e-05,3.84e-05
4.8e-06,0.0003889991,4.8e-06,4.27e-05,4.27e-05
4.8e-06,0.0003889991,4.8e-06,4.69e-05,4.69e-05
4.8e-06,0.0003889991,4.8e-06,5.12e-05,5.12e-05
4.8e-06,0.0003889991,4.8e-06,5.55e-05,5.55e-05
4.8e-06,0.0003889991,4.8e-06,5.97e-05,5.97e-05
4.8e-06,0.0003889991,4.8e-06,6.4e-05,6.4e-05
4.8e-06,0.0003889991,4.8e-06,6.83e-05,6.83e-05
4.8e-06,0.0003889991,4.8e-06,7.25e-05,7.25e-05
4.8e-06,0.0003889991,4.8e-06,7.68e-05,7.68e-05
4.8e-06,0.0003889991,4.8e-06,8.11e-05,8.11e-05
4.8e-06,0.0003889991,4.8e-06,8.53e-05,8.53e-05
4.8e-06,0.0003889991,4.8e-06,8.96e-05,8.96e-05
4.8e-06,0.0003889991,4.8e-06,3500068.518,3597080.461
4.8e-06,0.0003889991,4.8e-06,4006794.103,4087641.469
4.8e-06,0.0003889991,4.8e-06,4409407.412,4477604.857
4.8e-06,0.0003889991,4.8e-06,4903602.447,5021086.107
4.8e-06,0.0003889991,4.8e-06,5448913.378,5551840.578
4.8e-06,0.0003889991,4.8e-06,5911687.248,6002427.728
4.8e-06,0.0003889991,4.8e-06,6309805.132,6390426.116
4.8e-06,0.0003889991,4.8e-06,6657609.137,6729156.899
4.8e-06,0.0003889991,4.8e-06,7015369.449,7152362.416
4.8e-06,0.0003889991,4.8e-06,7598253.801,7721719.579
4.8e-06,0.0003889991,4.8e-06,8121484.832,8234099.661
4.8e-06,0.0003889991,4.8e-06,8595005.752,8694836.207
4.8e-06,0.0003889991,4.8e-06,9023745.008,9114309.424
4.8e-06,0.0003889991,4.266667e-06,3.84e-05,3.84e-05
4.8e-06,0.0003889991,4.266667e-06,4.27e-05,4.27e-05
4.8e-06,0.0003889991,4.266667e-06,4.69e-05,4.69e-05
4.8e-06,0.0003889991,4.266667e-06,5.12e-05,5.12e-05
4.8e-06,0.0003889991,4.266667e-06,5.55e-05,5.55e-05
4.8e-06,0.0003889991,4.266667e-06,5.97e-05,5.97e-05
4.8e-06,0.0003889991,4.266667e-06,6.4e-05,6.4e-05
4.8e-06,0.0003889991,4.266667e-06,6.83e-05,6.83e-05
4.8e-06,0.0003889991,4.266667e-06,7.25e-05,7.25e-05
4.8e-06,0.0003889991,4.266667e-06,7.68e-05,7.68e-05
4.8e-06,0.0003889991,4.266667e-06,8.11e-05,8.11e-05
4.8e-06,0.0003889991,4.266667e-06,8.53e-05,8.53e-05
4.8e-06,0.0003889991,4.266667e-06,8.96e-05,8.96e-05
4.8e-06,0.0003889991,4.266667e-06,3649561.324,3371502.254
4.8e-06,0.0003889991,4.266667e-06,4131338.379,3899159.677
4.8e-06,0.0003889991,4.266667e-06,4514423.592,4318507.479
4.8e-06,0.0003889991,4.266667e-06,5084864.152,4748312.361
4.8e-06,0.0003889991,4.266667e-06,5607659.148,5312691.966
4.8e-06,0.0003889991,4.266667e-06,6051016.321,5791442.421
4.8e-06,0.0003889991,4.266667e-06,6434008.002,6203618.431
4.8e-06,0.0003889991,4.266667e-06,6767823.307,6562450.142
4.8e-06,0.0003889991,4.266667e-06,7226529.903,6878767.593
4.8e-06,0.0003889991,4.266667e-06,7788491.095,7434392.206
4.8e-06,0.0003889991,4.266667e-06,8294405.198,7973142.159
4.8e-06,0.0003889991,4.266667e-06,8749208.853,8460950.665
4.8e-06,0.0003889991,4.266667e-06,9164195.778,8902301.299
4.8e-06,0.0003889991,4.533333e-06,3.84e-05,3.84e-05
4.8e-06,0.0003889991,4.533333e-06,4.27e-05,4.27e-05
4.8e-06,0.0003889991,4.533333e-06,4.69e-05,4.69e-05
4.8e-06,0.0003889991,4.533333e-06,5.12e-05,5.12e-05
4.8e-06,0.0003889991,4.533333e-06,5.55e-05,5.55e-05
4.8e-06,0.0003889991,4.533333e-06,5.97e-05,5.97e-05
4.8e-06,0.0003889991,4.533333e-06,6.4e-05,6.4e-05
4.8e-06,0.0003889991,4.533333e-06,6.83e-05,6.83e-05
4.8e-06,0.0003889991,4.533333e-06,7.25e-05,7.25e-05
4.8e-06,0.0003889991,4.533333e-06,7.68e-05,7.68e-05
4.8e-06,0.0003889991,4.533333e-06,8.11e-05,8.11e-05
4.8e-06,0.0003889991,4.533333e-06,8.53e-05,8.53e-05
4.8e-06,0.0003889991,4.533333e-06,8.96e-05,8.96e-05
4.8e-06,0.0003889991,4.533333e-06,3412375.465,48601588.56
4.8e-06,0.0003889991,4.533333e-06,3933424.641,60053756.62
4.8e-06,0.0003889991,4.533333e-06,4347454.125,71622700.44
4.8e-06,0.0003889991,4.533333e-06,4797601.766,79592815.28
4.8e-06,0.0003889991,4.533333e-06,5355947.068,86928086.95
4.8e-06,0.0003889991,4.533333e-06,5829640.675,94199318.37
4.8e-06,0.0003889991,4.533333e-06,6237515.016,100021657.4
4.8e-06,0.0003889991,4.533333e-06,6592724.208,104779003.6
4.8e-06,0.0003889991,4.533333e-06,6905759.142,108664978.5
4.8e-06,0.0003889991,4.533333e-06,7486463.846,111804891.8
4.8e-06,0.0003889991,4.533333e-06,8020249.806,114328261.4
4.8e-06,0.0003889991,4.533333e-06,8503658.503,116355385.5
4.8e-06,0.0003889991,4.533333e-06,8940980.623,117984753.9
4.8e-06,0.0003889991,4e-06,3.84e-05,3.84e-05
4.8e-06,0.0003889991,4e-06,4.27e-05,4.27e-05
4.8e-06,0.0003889991,4e-06,4.69e-05,4.69e-05
4.8e-06,0.0003889991,4e-06,5.12e-05,5.12e-05
4.8e-06,0.0003889991,4e-06,5.55e-05,5.55e-05
4.8e-06,0.0003889991,4e-06,5.97e-05,5.97e-05
4.8e-06,0.0003889991,4e-06,6.4e-05,6.4e-05
4.8e-06,0.0003889991,4e-06,6.83e-05,6.83e-05
4.8e-06,0.0003889991,4e-06,7.25e-05,7.25e-05
4.8e-06,0.0003889991,4e-06,7.68e-05,7.68e-05
4.8e-06,0.0003889991,4e-06,8.11e-05,8.11e-05
4.8e-06,0.0003889991,4e-06,8.53e-05,8.53e-05
4.8e-06,0.0003889991,4e-06,8.96e-05,8.96e-05
4.8e-06,0.0003889991,4e-06,50886447.71,51848714.9
4.8e-06,0.0003889991,4e-06,64203568.68,65927138.2
4.8e-06,0.0003889991,4e-06,75585055.66,77230566.66
4.8e-06,0.0003889991,4e-06,83524882.28,86029305.8
4.8e-06,0.0003889991,4e-06,92657486.12,95001768.13
4.8e-06,0.0003889991,4e-06,99632569.56,101851511.0
4.8e-06,0.0003889991,4e-06,105135032.0,107241890.8
4.8e-06,0.0003889991,4e-06,109598758.0,111591533.2
4.8e-06,0.0003889991,4e-06,113219483.9,115108061.8
4.8e-06,0.0003889991,4e-06,116138884.5,117940040.2
4.8e-06,0.0003889991,4e-06,118486187.4,120217069.5
4.8e-06,0.0003889991,4e-06,120374624.0,122049876.2
4.8e-06,0.0003889991,4e-06,121895061.5,123526447.8
4.8e-06,0.0003889991,5.6e-06,3.84e-05,3.84e-05
4.8e-06,0.0003889991,5.6e-06,4.27e-05,4.27e-05
4.8e-06,0.0003889991,5.6e-06,4.69e-05,4.69e-05
4.8e-06,0.0003889991,5.6e-06,5.12e-05,5.12e-05
4.8e-06,0.0003889991,5.6e-06,5.55e-05,5.55e-05
4.8e-06,0.0003889991,5.6e-06,5.97e-05,5.97e-05
4.8e-06,0.0003889991,5.6e-06,6.4e-05,6.4e-05
4.8e-06,0.0003889991,5.6e-06,6.83e-05,6.83e-05
4.8e-06,0.0003889991,5.6e-06,7.25e-05,7.25e-05
4.8e-06,0.0003889991,5.6e-06,7.68e-05,7.68e-05
4.8e-06,0.0003889991,5.6e-06,8.11e-05,8.11e-05
4.8e-06,0.0003889991,5.6e-06,8.53e-05,8.53e-05
4.8e-06,0.0003889991,5.6e-06,8.96e-05,8.96e-05
4.8e-06,0.0003889991,5.6e-06,53514957.55,56996192.98
4.8e-06,0.0003889991,5.6e-06,68877515.39,73430669.8
4.8e-06,0.0003889991,5.6e-06,80043275.57,85076259.59
4.8e-06,0.0003889991,5.6e-06,90254873.64,96629332.92
4.8e-06,0.0003889991,5.6e-06,98967055.37,104972022.7
4.8e-06,0.0003889991,5.6e-06,105615963.3,111345806.5
4.8e-06,0.0003889991,5.6e-06,110826135.8,116306178.1
4.8e-06,0.0003889991,5.6e-06,114991545.8,120215271.5
4.8e-06,0.0003889991,5.6e-06,118338192.2,123321490.3
4.8e-06,0.0003889991,5.6e-06,121026462.5,125803280.2
4.8e-06,0.0003889991,5.6e-06,123187261.1,129406671.7
4.8e-06,0.0003889991,5.6e-06,124927633.6,132488692.6
4.8e-06,0.0003889991,5.6e-06,126749931.2,135065900.1
4.8e-06,0.0003889991,5.066667e-06,3.84e-05,3.84e-05
4.8e-06,0.0003889991,5.066667e-06,4.27e-05,4.27e-05
4.8e-06,0.0003889991,5.066667e-06,4.69e-05,4.69e-05
4.8e-06,0.0003889991,5.066667e-06,5.12e-05,5.12e-05
4.8e-06,0.0003889991,5.066667e-06,5.55e-05,5.55e-05
4.8e-06,0.0003889991,5.066667e-06,5.97e-05,5.97e-05
4.8e-06,0.0003889991,5.066667e-06,6.4e-05,6.4e-05
4.8e-06,0.0003889991,5.066667e-06,6.83e-05,6.83e-05
4.8e-06,0.0003889991,5.066667e-06,7.25e-05,7.25e-05
4.8e-06,0.0003889991,5.066667e-06,7.68e-05,7.68e-05
4.8e-06,0.0003889991,5.066667e-06,8.11e-05,8.11e-05
4.8e-06,0.0003889991,5.066667e-06,8.53e-05,8.53e-05
4.8e-06,0.0003889991,5.066667e-06,8.96e-05,8.96e-05
4.8e-06,0.0003889991,5.066667e-06,55985199.46,54245790.62
4.8e-06,0.0003889991,5.066667e-06,72421255.26,70157833.77
4.8e-06,0.0003889991,5.066667e-06,83555999.08,81262251.58
4.8e-06,0.0003889991,5.066667e-06,95232431.6,92064694.49
4.8e-06,0.0003889991,5.066667e-06,103652371.3,100669397.6
4.8e-06,0.0003889991,5.066667e-06,110083441.8,107236625.7
4.8e-06,0.0003889991,5.066667e-06,115096293.9,112373128.4
4.8e-06,0.0003889991,5.066667e-06,119059247.8,116463002.9
4.8e-06,0.0003889991,5.066667e-06,122216447.6,119739339.4
4.8e-06,0.0003889991,5.066667e-06,124742375.1,122367643.3
4.8e-06,0.0003889991,5.066667e-06,127522560.6,124479640.1
4.8e-06,0.0003889991,5.066667e-06,130641631.0,126444191.2
4.8e-06,0.0003889991,5.066667e-06,133248519.1,129119111.7
4.8e-06,0.0003889991,5.333333e-06,3.84e-05,3.84e-05
4.8e-06,0.0003889991,5.333333e-06,4.27e-05,4.27e-05
4.8e-06,0.0003889991,5.333333e-06,4.69e-05,4.69e-05
4.8e-06,0.0003889991,5.333333e-06,5.12e-05,5.12e-05
4.8e-06,0.0003889991,5.333333e-06,5.55e-05,5.55e-05
4.8e-06,0.0003889991,5.333333e-06,5.97e-05,5.97e-05
4.8e-06,0.0003889991,5.333333e-06,6.4e-05,6.4e-05
4.8e-06,0.0003889991,5.333333e-06,6.83e-05,6.83e-05
4.8e-06,0.0003889991,5.333333e-06,7.25e-05,7.25e-05
4.8e-06,0.0003889991,5.333333e-06,7.68e-05,7.68e-05
4.8e-06,0.0003889991,5.333333e-06,8.11e-05,8.11e-05
4.8e-06,0.0003889991,5.333333e-06,8.53e-05,8.53e-05
4.8e-06,0.0003889991,5.333333e-06,8.96e-05,8.96e-05
4.8e-06,0.0003889991,5.333333e-06,57940290.27,58825426.28
4.8e-06,0.0003889991,5.333333e-06,74372121.6,75253607.61
4.8e-06,0.0003889991,5.333333e-06,86484620.85,87795016.2
4.8e-06,0.0003889991,5.333333e-06,97924599.37,99130830.78
4.8e-06,0.0003889991,5.333333e-06,106197053.9,107339112.2
4.8e-06,0.0003889991,5.333333e-06,112519340.2,113614885.1
4.8e-06,0.0003889991,5.333333e-06,117432214.4,118484534.2
4.8e-06,0.0003889991,5.333333e-06,121292604.0,122300662.6
4.8e-06,0.0003889991,5.333333e-06,124352479.8,125318206.7
4.8e-06,0.0003889991,5.333333e-06,127515801.7,129173884.1
4.8e-06,0.0003889991,5.333333e-06,131149682.7,132769280.9
4.8e-06,0.0003889991,5.333333e-06,134197653.0,135785802.7
4.8e-06,0.0003889991,5.333333e-06,136747534.0,138310402.3
4.8e-06,4.48e-05,2.4e-06,3.84e-05,3.84e-05
4.8e-06,4.48e-05,2.4e-06,4.27e-05,4.27e-05
4.8e-06,4.48e-05,2.4e-06,4.69e-05,4.69e-05
4.8e-06,4.48e-05,2.4e-06,5.12e-05,5.12e-05
4.8e-06,4.48e-05,2.4e-06,5.55e-05,5.55e-05
4.8e-06,4.48e-05,2.4e-06,5.97e-05,5.97e-05
4.8e-06,4.48e-05,2.4e-06,6.4e-05,6.4e-05
4.8e-06,4.48e-05,2.4e-06,6.83e-05,6.83e-05
4.8e-06,4.48e-05,2.4e-06,7.25e-05,7.25e-05
4.8e-06,4.48e-05,2.4e-06,7.68e-05,7.68e-05
4.8e-06,4.48e-05,2.4e-06,8.11e-05,8.11e-05
4.8e-06,4.48e-05,2.4e-06,8.53e-05,8.53e-05
4.8e-06,4.48e-05,2.4e-06,8.96e-05,8.96e-05
4.8e-06,4.48e-05,2.4e-06,12172445.04,12086012.64
4.8e-06,4.48e-05,2.4e-06,13642290.47,13583366.74
4.8e-06,4.48e-05,2.4e-06,14882355.2,14845599.49
4.8e-06,4.48e-05,2.4e-06,16073390.8,16031364.37
4.8e-06,4.48e-05,2.4e-06,18206403.39,18202650.5
4.8e-06,4.48e-05,2.4e-06,20109777.29,20139195.17
4.8e-06,4.48e-05,2.4e-06,21819614.22,21881146.87
4.8e-06,4.48e-05,2.4e-06,23375489.75,23459180.02
4.8e-06,4.48e-05,2.4e-06,25839719.76,26094415.13
4.8e-06,4.48e-05,2.4e-06,28848612.05,29154708.5
4.8e-06,4.48e-05,2.4e-06,31629254.99,31986183.68
4.8e-06,4.48e-05,2.4e-06,34203728.61,34610620.81
4.8e-06,4.48e-05,2.4e-06,36935097.33,37821002.31
4.8e-06,4.48e-05,2.666667e-06,3.84e-05,3.84e-05
4.8e-06,4.48e-05,2.666667e-06,4.27e-05,4.27e-05
4.8e-06,4.48e-05,2.666667e-06,4.69e-05,4.69e-05
4.8e-06,4.48e-05,2.666667e-06,5.12e-05,5.12e-05
4.8e-06,4.48e-05,2.666667e-06,5.55e-05,5.55e-05
4.8e-06,4.48e-05,2.666667e-06,5.97e-05,5.97e-05
4.8e-06,4.48e-05,2.666667e-06,6.4e-05,6.4e-05
4.8e-06,4.48e-05,2.666667e-06,6.83e-05,6.83e-05
4.8e-06,4.48e-05,2.666667e-06,7.25e-05,7.25e-05
4.8e-06,4.48e-05,2.666667e-06,7.68e-05,7.68e-05
4.8e-06,4.48e-05,2.666667e-06,8.11e-05,8.11e-05
4.8e-06,4.48e-05,2.666667e-06,8.53e-05,8.53e-05
4.8e-06,4.48e-05,2.666667e-06,8.96e-05,8.96e-05
4.8e-06,4.48e-05,2.666667e-06,11924230.07,11848692.84
4.8e-06,4.48e-05,2.666667e-06,13470404.97,13416759.72
4.8e-06,4.48e-05,2.666667e-06,14772032.85,14736065.33
4.8e-06,4.48e-05,2.666667e-06,15937545.5,15888528.45
4.8e-06,4.48e-05,2.666667e-06,18176910.88,18158448.45
4.8e-06,4.48e-05,2.666667e-06,20172494.4,20180539.26
4.8e-06,4.48e-05,2.666667e-06,21966112.84,21997369.49
4.8e-06,4.48e-05,2.666667e-06,23587825.51,23637519.14
4.8e-06,4.48e-05,2.666667e-06,26500894.73,26668391.59
4.8e-06,4.48e-05,2.666667e-06,29660619.84,29871007.55
4.8e-06,4.48e-05,2.666667e-06,32577388.67,32833608.96
4.8e-06,4.48e-05,2.666667e-06,35291665.52,35582078.06
4.8e-06,4.48e-05,2.666667e-06,39322112.13,39969182.43
4.8e-06,4.48e-05,2.933333e-06,3.84e-05,3.84e-05
4.8e-06,4.48e-05,2.933333e-06,4.27e-05,4.27e-05
4.8e-06,4.48e-05,2.933333e-06,4.69e-05,4.69e-05
4.8e-06,4.48e-05,2.933333e-06,5.12e-05,5.12e-05
4.8e-06,4.48e-05,2.933333e-06,5.55e-05,5.55e-05
4.8e-06,4.48e-05,2.933333e-06,5.97e-05,5.97e-05
4.8e-06,4.48e-05,2.933333e-06,6.4e-05,6.4e-05
4.8e-06,4.48e-05,2.933333e-06,6.83e-05,6.83e-05
4.8e-06,4.48e-05,2.933333e-06,7.25e-05,7.25e-05
4.8e-06,4.48e-05,2.933333e-06,7.68e-05,7.68e-05
4.8e-06,4.48e-05,2.933333e-06,8.11e-05,8.11e-05
4.8e-06,4.48e-05,2.933333e-06,8.53e-05,8.53e-05
4.8e-06,4.48e-05,2.933333e-06,8.96e-05,8.96e-05
4.8e-06,4.48e-05,2.933333e-06,11708090.15,11642570.27
4.8e-06,4.48e-05,2.933333e-06,13315327.19,13267454.7
4.8e-06,4.48e-05,2.933333e-06,14666778.51,14633625.51
4.8e-06,4.48e-05,2.933333e-06,15823395.87,15802374.15
4.8e-06,4.48e-05,2.933333e-06,18115630.39,18092559.59
4.8e-06,4.48e-05,2.933333e-06,20185889.27,20184835.13
4.8e-06,4.48e-05,2.933333e-06,22044912.55,22063145.13
4.8e-06,4.48e-05,2.933333e-06,23726827.61,23762108.37
4.8e-06,4.48e-05,2.933333e-06,26951635.0,27072468.72
4.8e-06,4.48e-05,2.933333e-06,30239789.9,30399784.25
4.8e-06,4.48e-05,2.933333e-06,33274826.2,33463282.38
4.8e-06,4.48e-05,2.933333e-06,36089700.12,36320727.74
4.8e-06,4.48e-05,2.933333e-06,41094485.06,41608506.43
4.8e-06,4.48e-05,3.2e-06,3.84e-05,3.84e-05
4.8e-06,4.48e-05,3.2e-06,4.27e-05,4.27e-05
4.8e-06,4.48e-05,3.2e-06,4.69e-05,4.69e-05
4.8e-06,4.48e-05,3.2e-06,5.12e-05,5.12e-05
4.8e-06,4.48e-05,3.2e-06,5.55e-05,5.55e-05
4.8e-06,4.48e-05,3.2e-06,5.97e-05,5.97e-05
4.8e-06,4.48e-05,3.2e-06,6.4e-05,6.4e-05
4.8e-06,4.48e-05,3.2e-06,6.83e-05,6.83e-05
4.8e-06,4.48e-05,3.2e-06,7.25e-05,7.25e-05
4.8e-06,4.48e-05,3.2e-06,7.68e-05,7.68e-05
4.8e-06,4.48e-05,3.2e-06,8.11e-05,8.11e-05
4.8e-06,4.48e-05,3.2e-06,8.53e-05,8.53e-05
4.8e-06,4.48e-05,3.2e-06,8.96e-05,8.96e-05
4.8e-06,4.48e-05,3.2e-06,11408091.02,11520148.63
4.8e-06,4.48e-05,3.2e-06,13096626.06,13177009.3
4.8e-06,4.48e-05,3.2e-06,14511183.81,14570405.43
4.8e-06,4.48e-05,3.2e-06,15722708.52,15761570.27
4.8e-06,4.48e-05,3.2e-06,17997492.71,18045112.57
4.8e-06,4.48e-05,3.2e-06,20167076.21,20177979.94
4.8e-06,4.48e-05,3.2e-06,22113076.06,22091842.51
4.8e-06,4.48e-05,3.2e-06,23871826.57,23822218.28
4.8e-06,4.48e-05,3.2e-06,27476632.27,27280865.27
4.8e-06,4.48e-05,3.2e-06,30930175.48,30684025.27
4.8e-06,4.48e-05,3.2e-06,34111561.35,33814601.86
4.8e-06,4.48e-05,3.2e-06,37853354.59,37127645.87
4.8e-06,4.48e-05,3.2e-06,43347207.43,42532742.54
4.8e-06,4.48e-05,3.466667e-06,3.84e-05,3.84e-05
4.8e-06,4.48e-05,3.466667e-06,4.27e-05,4.27e-05
4.8e-06,4.48e-05,3.466667e-06,4.69e-05,4.69e-05
4.8e-06,4.48e-05,3.466667e-06,5.12e-05,5.12e-05
4.8e-06,4.48e-05,3.466667e-06,5.55e-05,5.55e-05
4.8e-06,4.48e-05,3.466667e-06,5.97e-05,5.97e-05
4.8e-06,4.48e-05,3.466667e-06,6.4e-05,6.4e-05
4.8e-06,4.48e-05,3.466667e-06,6.83e-05,6.83e-05
4.8e-06,4.48e-05,3.466667e-06,7.25e-05,7.25e-05
4.8e-06,4.48e-05,3.466667e-06,7.68e-05,7.68e-05
4.8e-06,4.48e-05,3.466667e-06,8.11e-05,8.11e-05
4.8e-06,4.48e-05,3.466667e-06,8.53e-05,8.53e-05
4.8e-06,4.48e-05,3.466667e-06,8.96e-05,8.96e-05
4.8e-06,4.48e-05,3.466667e-06,4164886.096,4090058.652
4.8e-06,4.48e-05,3.466667e-06,4566265.133,4504769.977
4.8e-06,4.48e-05,3.466667e-06,5215011.897,5108530.853
4.8e-06,4.48e-05,3.466667e-06,5748204.274,5656490.598
4.8e-06,4.48e-05,3.466667e-06,6194606.242,6115339.204
4.8e-06,4.48e-05,3.466667e-06,6574792.363,6505797.074
4.8e-06,4.48e-05,3.466667e-06,6903387.279,6843039.398
4.8e-06,4.48e-05,3.466667e-06,7506742.788,7391616.897
4.8e-06,4.48e-05,3.466667e-06,8056734.226,7953138.817
4.8e-06,4.48e-05,3.466667e-06,8546653.422,8455910.92
4.8e-06,4.48e-05,3.466667e-06,8985511.247,8904798.22
4.8e-06,4.48e-05,3.466667e-06,9384888.116,9313051.057
4.8e-06,4.48e-05,3.466667e-06,9748805.144,9685010.809
4.8e-06,4.48e-05,3.733333e-06,3.84e-05,3.84e-05
4.8e-06,4.48e-05,3.733333e-06,4.27e-05,4.27e-05
4.8e-06,4.48e-05,3.733333e-06,4.69e-05,4.69e-05
4.8e-06,4.48e-05,3.733333e-06,5.12e-05,5.12e-05
4.8e-06,4.48e-05,3.733333e-06,5.55e-05,5.55e-05
4.8e-06,4.48e-05,3.733333e-06,5.97e-05,5.97e-05
4.8e-06,4.48e-05,3.733333e-06,6.4e-05,6.4e-05
4.8e-06,4.48e-05,3.733333e-06,6.83e-05,6.83e-05
4.8e-06,4.48e-05,3.733333e-06,7.25e-05,7.25e-05
4.8e-06,4.48e-05,3.733333e-06,7.68e-05,7.68e-05
4.8e-06,4.48e-05,3.733333e-06,8.11e-05,8.11e-05
4.8e-06,4.48e-05,3.733333e-06,8.53e-05,8.53e-05
4.8e-06,4.48e-05,3.733333e-06,8.96e-05,8.96e-05
4.8e-06,4.48e-05,3.733333e-06,3956155.208,3895744.825
4.8e-06,4.48e-05,3.733333e-06,4394341.663,4344384.802
4.8e-06,4.48e-05,3.733333e-06,4918928.563,4833814.363
4.8e-06,4.48e-05,3.733333e-06,5493733.863,5420232.584
4.8e-06,4.48e-05,3.733333e-06,5973150.979,5909684.087
4.8e-06,4.48e-05,3.733333e-06,6381743.293,6325606.035
4.8e-06,4.48e-05,3.733333e-06,6734214.236,6684868.831
4.8e-06,4.48e-05,3.733333e-06,7184257.381,7090385.378
4.8e-06,4.48e-05,3.733333e-06,7768475.552,7684646.252
4.8e-06,4.48e-05,3.733333e-06,8290768.521,8214779.167
4.8e-06,4.48e-05,3.733333e-06,8758282.965,8691706.983
4.8e-06,4.48e-05,3.733333e-06,9181291.362,9121142.959
4.8e-06,4.48e-05,3.733333e-06,9567518.473,9513447.403
4.8e-06,4.48e-05,4.8e-06,3.84e-05,3.84e-05
4.8e-06,4.48e-05,4.8e-06,4.27e-05,4.27e-05
4.8e-06,4.48e-05,4.8e-06,4.69e-05,4.69e-05
4.8e-06,4.48e-05,4.8e-06,5.12e-05,5.12e-05
4.8e-06,4.48e-05,4.8e-06,5.55e-05,5.55e-05
4.8e-06,4.48e-05,4.8e-06,5.97e-05,5.97e-05
4.8e-06,4.48e-05,4.8e-06,6.4e-05,6.4e-05
4.8e-06,4.48e-05,4.8e-06,6.83e-05,6.83e-05
4.8e-06,4.48e-05,4.8e-06,7.25e-05,7.25e-05
4.8e-06,4.48e-05,4.8e-06,7.68e-05,7.68e-05
4.8e-06,4.48e-05,4.8e-06,8.11e-05,8.11e-05
4.8e-06,4.48e-05,4.8e-06,8.53e-05,8.53e-05
4.8e-06,4.48e-05,4.8e-06,8.96e-05,8.96e-05
4.8e-06,4.48e-05,4.8e-06,3641582.653,3735004.825
4.8e-06,4.48e-05,4.8e-06,4133537.662,4211136.047
4.8e-06,4.48e-05,4.8e-06,4524634.064,4608750.642
4.8e-06,4.48e-05,4.8e-06,5112914.703,5225450.973
4.8e-06,4.48e-05,4.8e-06,5641368.675,5739749.375
4.8e-06,4.48e-05,4.8e-06,6090145.392,6176681.439
4.8e-06,4.48e-05,4.8e-06,6476429.625,6553136.183
4.8e-06,4.48e-05,4.8e-06,6814042.209,6881939.185
4.8e-06,4.48e-05,4.8e-06,7330915.774,7460920.453
4.8e-06,4.48e-05,4.8e-06,7896679.329,8013591.126
4.8e-06,4.48e-05,4.8e-06,8404803.884,8511214.446
4.8e-06,4.48e-05,4.8e-06,8864872.956,8958944.954
4.8e-06,4.48e-05,4.8e-06,9281627.063,9366721.203
4.8e-06,4.48e-05,4.266667e-06,3.84e-05,3.84e-05
4.8e-06,4.48e-05,4.266667e-06,4.27e-05,4.27e-05
4.8e-06,4.48e-05,4.266667e-06,4.69e-05,4.69e-05
4.8e-06,4.48e-05,4.266667e-06,5.12e-05,5.12e-05
4.8e-06,4.48e-05,4.266667e-06,5.55e-05,5.55e-05
4.8e-06,4.48e-05,4.266667e-06,5.97e-05,5.97e-05
4.8e-06,4.48e-05,4.266667e-06,6.4e-05,6.4e-05
4.8e-06,4.48e-05,4.266667e-06,6.83e-05,6.83e-05
4.8e-06,4.48e-05,4.266667e-06,7.25e-05,7.25e-05
4.8e-06,4.48e-05,4.266667e-06,7.68e-05,7.68e-05
4.8e-06,4.48e-05,4.266667e-06,8.11e-05,8.11e-05
4.8e-06,4.48e-05,4.266667e-06,8.53e-05,8.53e-05
4.8e-06,4.48e-05,4.266667e-06,8.96e-05,8.96e-05
4.8e-06,4.48e-05,4.266667e-06,3785543.148,3517777.906
4.8e-06,4.48e-05,4.266667e-06,4253074.375,4030223.164
4.8e-06,4.48e-05,4.266667e-06,4679281.941,4437690.063
4.8e-06,4.48e-05,4.266667e-06,5286552.008,4964201.844
4.8e-06,4.48e-05,4.266667e-06,5793107.942,5511191.845
4.8e-06,4.48e-05,4.266667e-06,6223009.642,5975490.83
4.8e-06,4.48e-05,4.266667e-06,6594601.64,6375428.261
4.8e-06,4.48e-05,4.266667e-06,6918998.281,6723741.16
4.8e-06,4.48e-05,4.266667e-06,7531306.492,7158604.497
4.8e-06,4.48e-05,4.266667e-06,8076816.07,7741528.339
4.8e-06,4.48e-05,4.266667e-06,8568181.346,8264673.131
4.8e-06,4.48e-05,4.266667e-06,9010174.022,8738538.446
4.8e-06,4.48e-05,4.266667e-06,9413618.532,9167472.607
4.8e-06,4.48e-05,4.533333e-06,3.84e-05,3.84e-05
4.8e-06,4.48e-05,4.533333e-06,4.27e-05,4.27e-05
4.8e-06,4.48e-05,4.533333e-06,4.69e-05,4.69e-05
4.8e-06,4.48e-05,4.533333e-06,5.12e-05,5.12e-05
4.8e-06,4.48e-05,4.533333e-06,5.55e-05,5.55e-05
4.8e-06,4.48e-05,4.533333e-06,5.97e-05,5.97e-05
4.8e-06,4.48e-05,4.533333e-06,6.4e-05,6.4e-05
4.8e-06,4.48e-05,4.533333e-06,6.83e-05,6.83e-05
4.8e-06,4.48e-05,4.533333e-06,7.25e-05,7.25e-05
4.8e-06,4.48e-05,4.533333e-06,7.68e-05,7.68e-05
4.8e-06,4.48e-05,4.533333e-06,8.11e-05,8.11e-05
4.8e-06,4.48e-05,4.533333e-06,8.53e-05,8.53e-05
4.8e-06,4.48e-05,4.533333e-06,8.96e-05,8.96e-05
4.8e-06,4.48e-05,4.533333e-06,3557135.554,50592827.49
4.8e-06,4.48e-05,4.533333e-06,4063113.279,63112243.62
4.8e-06,4.48e-05,4.533333e-06,4465377.812,74318470.2
4.8e-06,4.48e-05,4.533333e-06,5011398.497,82079625.72
4.8e-06,4.48e-05,4.533333e-06,5552523.639,90635005.02
4.8e-06,4.48e-05,4.533333e-06,6011910.275,97648316.94
4.8e-06,4.48e-05,4.533333e-06,6407671.058,103222667.1
4.8e-06,4.48e-05,4.533333e-06,6752468.807,107736035.3
4.8e-06,4.48e-05,4.533333e-06,7213338.392,111397076.0
4.8e-06,4.48e-05,4.533333e-06,7790828.858,114343066.7
4.8e-06,4.48e-05,4.533333e-06,8309174.864,116704972.6
4.8e-06,4.48e-05,4.533333e-06,8778788.736,118599109.6
4.8e-06,4.48e-05,4.533333e-06,9203832.254,120118828.6
4.8e-06,4.48e-05,4e-06,3.84e-05,3.84e-05
4.8e-06,4.48e-05,4e-06,4.27e-05,4.27e-05
4.8e-06,4.48e-05,4e-06,4.69e-05,4.69e-05
4.8e-06,4.48e-05,4e-06,5.12e-05,5.12e-05
4.8e-06,4.48e-05,4e-06,5.55e-05,5.55e-05
4.8e-06,4.48e-05,4e-06,5.97e-05,5.97e-05
4.8e-06,4.48e-05,4e-06,6.4e-05,6.4e-05
4.8e-06,4.48e-05,4e-06,6.83e-05,6.83e-05
4.8e-06,4.48e-05,4e-06,7.25e-05,7.25e-05
4.8e-06,4.48e-05,4e-06,7.68e-05,7.68e-05
4.8e-06,4.48e-05,4e-06,8.11e-05,8.11e-05
4.8e-06,4.48e-05,4e-06,8.53e-05,8.53e-05
4.8e-06,4.48e-05,4e-06,8.96e-05,8.96e-05
4.8e-06,4.48e-05,4e-06,52896813.4,53867822.65
4.8e-06,4.48e-05,4e-06,67232259.92,68944193.19
4.8e-06,4.48e-05,4e-06,78247708.29,79879702.49
4.8e-06,4.48e-05,4e-06,87441532.06,89904915.35
4.8e-06,4.48e-05,4e-06,96274891.13,98583861.6
4.8e-06,4.48e-05,4e-06,103000171.8,105188275.2
4.8e-06,4.48e-05,4e-06,108265915.9,110345238.5
4.8e-06,4.48e-05,4e-06,112494700.8,114463559.2
4.8e-06,4.48e-05,4e-06,115898890.9,117766921.8
4.8e-06,4.48e-05,4e-06,118631181.8,120414531.0
4.8e-06,4.48e-05,4e-06,120822151.5,122537293.3
4.8e-06,4.48e-05,4e-06,122581359.4,124242383.9
4.8e-06,4.48e-05,4e-06,123994881.2,125613137.7
4.8e-06,4.48e-05,5.6e-06,3.84e-05,3.84e-05
4.8e-06,4.48e-05,5.6e-06,4.27e-05,4.27e-05
4.8e-06,4.48e-05,5.6e-06,4.69e-05,4.69e-05
4.8e-06,4.48e-05,5.6e-06,5.12e-05,5.12e-05
4.8e-06,4.48e-05,5.6e-06,5.55e-05,5.55e-05
4.8e-06,4.48e-05,5.6e-06,5.97e-05,5.97e-05
4.8e-06,4.48e-05,5.6e-06,6.4e-05,6.4e-05
4.8e-06,4.48e-05,5.6e-06,6.83e-05,6.83e-05
4.8e-06,4.48e-05,5.6e-06,7.25e-05,7.25e-05
4.8e-06,4.48e-05,5.6e-06,7.68e-05,7.68e-05
4.8e-06,4.48e-05,5.6e-06,8.11e-05,8.11e-05
4.8e-06,4.48e-05,5.6e-06,8.53e-05,8.53e-05
4.8e-06,4.48e-05,5.6e-06,8.96e-05,8.96e-05
4.8e-06,4.48e-05,5.6e-06,55992585.04,60550926.15
4.8e-06,4.48e-05,5.6e-06,71875510.45,76400966.13
4.8e-06,4.48e-05,5.6e-06,82670676.5,89189321.19
4.8e-06,4.48e-05,5.6e-06,94062969.2,100339736.5
4.8e-06,4.48e-05,5.6e-06,102491231.6,108412981.1
4.8e-06,4.48e-05,5.6e-06,108902329.7,114560257.5
4.8e-06,4.48e-05,5.6e-06,113884506.9,119300412.7
4.8e-06,4.48e-05,5.6e-06,117824605.1,122993002.5
4.8e-06,4.48e-05,5.6e-06,120963689.4,125905567.8
4.8e-06,4.48e-05,5.6e-06,123472160.2,130092177.9
4.8e-06,4.48e-05,5.6e-06,125482143.2,133596924.7
4.8e-06,4.48e-05,5.6e-06,128215835.2,136531639.8
4.8e-06,4.48e-05,5.6e-06,130798287.8,138981871.7
4.8e-06,4.48e-05,5.066667e-06,3.84e-05,3.84e-05
4.8e-06,4.48e-05,5.066667e-06,4.27e-05,4.27e-05
4.8e-06,4.48e-05,5.066667e-06,4.69e-05,4.69e-05
4.8e-06,4.48e-05,5.066667e-06,5.12e-05,5.12e-05
4.8e-06,4.48e-05,5.066667e-06,5.55e-05,5.55e-05
4.8e-06,4.48e-05,5.066667e-06,5.97e-05,5.97e-05
4.8e-06,4.48e-05,5.066667e-06,6.4e-05,6.4e-05
4.8e-06,4.48e-05,5.066667e-06,6.83e-05,6.83e-05
4.8e-06,4.48e-05,5.066667e-06,7.25e-05,7.25e-05
4.8e-06,4.48e-05,5.066667e-06,7.68e-05,7.68e-05
4.8e-06,4.48e-05,5.066667e-06,8.11e-05,8.11e-05
4.8e-06,4.48e-05,5.066667e-06,8.53e-05,8.53e-05
4.8e-06,4.48e-05,5.066667e-06,8.96e-05,8.96e-05
4.8e-06,4.48e-05,5.066667e-06,59538224.8,57272133.93
4.8e-06,4.48e-05,5.066667e-06,75397543.04,73147852.99
4.8e-06,4.48e-05,5.066667e-06,87694231.97,84304209.27
4.8e-06,4.48e-05,5.066667e-06,98963746.11,95844557.9
4.8e-06,4.48e-05,5.066667e-06,107111144.1,104169425.1
4.8e-06,4.48e-05,5.066667e-06,113313230.0,110502056.2
4.8e-06,4.48e-05,5.066667e-06,118104203.8,115412823.9
4.8e-06,4.48e-05,5.066667e-06,121848751.0,119279920.8
4.8e-06,4.48e-05,5.066667e-06,124804839.4,122351061.6
4.8e-06,4.48e-05,5.066667e-06,128195258.7,124801501.2
4.8e-06,4.48e-05,5.066667e-06,131743848.9,127532419.1
4.8e-06,4.48e-05,5.066667e-06,134714278.1,130584958.9
4.8e-06,4.48e-05,5.066667e-06,137193122.3,133129399.0
4.8e-06,4.48e-05,5.333333e-06,3.84e-05,3.84e-05
4.8e-06,4.48e-05,5.333333e-06,4.27e-05,4.27e-05
4.8e-06,4.48e-05,5.333333e-06,4.69e-05,4.69e-05
4.8e-06,4.48e-05,5.333333e-06,5.12e-05,5.12e-05
4.8e-06,4.48e-05,5.333333e-06,5.55e-05,5.55e-05
4.8e-06,4.48e-05,5.333333e-06,5.97e-05,5.97e-05
4.8e-06,4.48e-05,5.333333e-06,6.4e-05,6.4e-05
4.8e-06,4.48e-05,5.333333e-06,6.83e-05,6.83e-05
4.8e-06,4.48e-05,5.333333e-06,7.25e-05,7.25e-05
4.8e-06,4.48e-05,5.333333e-06,7.68e-05,7.68e-05
4.8e-06,4.48e-05,5.333333e-06,8.11e-05,8.11e-05
4.8e-06,4.48e-05,5.333333e-06,8.53e-05,8.53e-05
4.8e-06,4.48e-05,5.333333e-06,8.96e-05,8.96e-05
4.8e-06,4.48e-05,5.333333e-06,61496835.65,62383846.54
4.8e-06,4.48e-05,5.333333e-06,77336893.61,78213257.33
4.8e-06,4.48e-05,5.333333e-06,90574557.46,91863603.9
4.8e-06,4.48e-05,5.333333e-06,101615845.6,102804438.8
4.8e-06,4.48e-05,5.333333e-06,109621717.2,110748794.7
4.8e-06,4.48e-05,5.333333e-06,115719756.3,116802019.9
4.8e-06,4.48e-05,5.333333e-06,120413968.4,121454839.5
4.8e-06,4.48e-05,5.333333e-06,124059604.0,125057829.8
4.8e-06,4.48e-05,5.333333e-06,127708716.9,129383618.3
4.8e-06,4.48e-05,5.333333e-06,131846852.8,133477132.4
4.8e-06,4.48e-05,5.333333e-06,135311378.0,136904574.2
4.8e-06,4.48e-05,5.333333e-06,138213274.1,139776163.2
4.8e-06,4.48e-05,5.333333e-06,140637166.2,142175689.7
5.333333e-06,0.000132012,2.4e-06,3.84e-05,3.84e-05
5.333333e-06,0.000132012,2.4e-06,4.27e-05,4.27e-05
5.333333e-06,0.000132012,2.4e-06,4.69e-05,4.69e-05
5.333333e-06,0.000132012,2.4e-06,5.12e-05,5.12e-05
5.333333e-06,0.000132012,2.4e-06,5.55e-05,5.55e-05
5.333333e-06,0.000132012,2.4e-06,5.97e-05,5.97e-05
5.333333e-06,0.000132012,2.4e-06,6.4e-05,6.4e-05
5.333333e-06,0.000132012,2.4e-06,6.83e-05,6.83e-05
5.333333e-06,0.000132012,2.4e-06,7.25e-05,7.25e-05
5.333333e-06,0.000132012,2.4e-06,7.68e-05,7.68e-05
5.333333e-06,0.000132012,2.4e-06,8.11e-05,8.11e-05
5.333333e-06,0.000132012,2.4e-06,8.53e-05,8.53e-05
5.333333e-06,0.000132012,2.4e-06,8.96e-05,8.96e-05
5.333333e-06,0.000132012,2.4e-06,12046646.18,11958115.01
5.333333e-06,0.000132012,2.4e-06,13527387.89,13466628.74
5.333333e-06,0.000132012,2.4e-06,14776221.77,14737854.75
5.333333e-06,0.000132012,2.4e-06,15848383.49,15828435.23
5.333333e-06,0.000132012,2.4e-06,17993383.1,17986414.31
5.333333e-06,0.000132012,2.4e-06,19907811.48,19934357.14
5.333333e-06,0.000132012,2.4e-06,21627390.99,21686401.53
5.333333e-06,0.000132012,2.4e-06,23192057.81,23273473.33
5.333333e-06,0.000132012,2.4e-06,25435074.13,25684205.87
5.333333e-06,0.000132012,2.4e-06,28460350.92,28761496.78
5.333333e-06,0.000132012,2.4e-06,31256107.7,31608565.97
5.333333e-06,0.000132012,2.4e-06,33844525.76,34247549.99
5.333333e-06,0.000132012,2.4e-06,36276843.13,37125233.77
5.333333e-06,0.000132012,2.666667e-06,3.84e-05,3.84e-05
5.333333e-06,0.000132012,2.666667e-06,4.27e-05,4.27e-05
5.333333e-06,0.000132012,2.666667e-06,4.69e-05,4.69e-05
5.333333e-06,0.000132012,2.666667e-06,5.12e-05,5.12e-05
5.333333e-06,0.000132012,2.666667e-06,5.55e-05,5.55e-05
5.333333e-06,0.000132012,2.666667e-06,5.97e-05,5.97e-05
5.333333e-06,0.000132012,2.666667e-06,6.4e-05,6.4e-05
5.333333e-06,0.000132012,2.666667e-06,6.83e-05,6.83e-05
5.333333e-06,0.000132012,2.666667e-06,7.25e-05,7.25e-05
5.333333e-06,0.000132012,2.666667e-06,7.68e-05,7.68e-05
5.333333e-06,0.000132012,2.666667e-06,8.11e-05,8.11e-05
5.333333e-06,0.000132012,2.666667e-06,8.53e-05,8.53e-05
5.333333e-06,0.000132012,2.666667e-06,8.96e-05,8.96e-05
5.333333e-06,0.000132012,2.666667e-06,11792541.32,11715280.07
5.333333e-06,0.000132012,2.666667e-06,13350352.15,13295200.0
5.333333e-06,0.000132012,2.666667e-06,14661377.8,14624087.36
5.333333e-06,0.000132012,2.666667e-06,15784745.32,15762183.58
5.333333e-06,0.000132012,2.666667e-06,17954875.44,17933781.14
5.333333e-06,0.000132012,2.666667e-06,19962479.02,19968175.3
5.333333e-06,0.000132012,2.666667e-06,21766756.91,21795922.84
5.333333e-06,0.000132012,2.666667e-06,23398003.29,23445816.52
5.333333e-06,0.000132012,2.666667e-06,26080518.97,26243392.32
5.333333e-06,0.000132012,2.666667e-06,29258234.07,29464458.42
5.333333e-06,0.000132012,2.666667e-06,32191673.85,32444273.79
5.333333e-06,0.000132012,2.666667e-06,34921568.42,35208784.84
5.333333e-06,0.000132012,2.666667e-06,38613792.7,39255057.88
5.333333e-06,0.000132012,2.933333e-06,3.84e-05,3.84e-05
5.333333e-06,0.000132012,2.933333e-06,4.27e-05,4.27e-05
5.333333e-06,0.000132012,2.933333e-06,4.69e-05,4.69e-05
5.333333e-06,0.000132012,2.933333e-06,5.12e-05,5.12e-05
5.333333e-06,0.000132012,2.933333e-06,5.55e-05,5.55e-05
5.333333e-06,0.000132012,2.933333e-06,5.97e-05,5.97e-05
5.333333e-06,0.000132012,2.933333e-06,6.4e-05,6.4e-05
5.333333e-06,0.000132012,2.933333e-06,6.83e-05,6.83e-05
5.333333e-06,0.000132012,2.933333e-06,7.25e-05,7.25e-05
5.333333e-06,0.000132012,2.933333e-06,7.68e-05,7.68e-05
5.333333e-06,0.000132012,2.933333e-06,8.11e-05,8.11e-05
5.333333e-06,0.000132012,2.933333e-06,8.53e-05,8.53e-05
5.333333e-06,0.000132012,2.933333e-06,8.96e-05,8.96e-05
5.333333e-06,0.000132012,2.933333e-06,11571522.06,11504547.49
5.333333e-06,0.000132012,2.933333e-06,13191001.8,13141853.98
5.333333e-06,0.000132012,2.933333e-06,14552373.14,14518101.25
5.333333e-06,0.000132012,2.933333e-06,15717261.92,15695255.62
5.333333e-06,0.000132012,2.933333e-06,17886141.54,17860851.9
5.333333e-06,0.000132012,2.933333e-06,19969224.71,19966192.44
5.333333e-06,0.000132012,2.933333e-06,21839638.96,21856112.02
5.333333e-06,0.000132012,2.933333e-06,23531788.27,23565509.42
5.333333e-06,0.000132012,2.933333e-06,26518143.24,26635052.66
5.333333e-06,0.000132012,2.933333e-06,29825742.75,29982267.01
5.333333e-06,0.000132012,2.933333e-06,32878928.15,33063892.89
5.333333e-06,0.000132012,2.933333e-06,35710561.07,35932390.21
5.333333e-06,0.000132012,2.933333e-06,40369311.45,40878445.33
5.333333e-06,0.000132012,3.2e-06,3.84e-05,3.84e-05
5.333333e-06,0.000132012,3.2e-06,4.27e-05,4.27e-05
5.333333e-06,0.000132012,3.2e-06,4.69e-05,4.69e-05
5.333333e-06,0.000132012,3.2e-06,5.12e-05,5.12e-05
5.333333e-06,0.000132012,3.2e-06,5.55e-05,5.55e-05
5.333333e-06,0.000132012,3.2e-06,5.97e-05,5.97e-05
5.333333e-06,0.000132012,3.2e-06,6.4e-05,6.4e-05
5.333333e-06,0.000132012,3.2e-06,6.83e-05,6.83e-05
5.333333e-06,0.000132012,3.2e-06,7.25e-05,7.25e-05
5.333333e-06,0.000132012,3.2e-06,7.68e-05,7.68e-05
5.333333e-06,0.000132012,3.2e-06,8.11e-05,8.11e-05
5.333333e-06,0.000132012,3.2e-06,8.53e-05,8.53e-05
5.333333e-06,0.000132012,3.2e-06,8.96e-05,8.96e-05
5.333333e-06,0.000132012,3.2e-06,11264915.17,11379427.9
5.333333e-06,0.000132012,3.2e-06,12966527.49,13049039.79
5.333333e-06,0.000132012,3.2e-06,14391689.48,14452804.14
5.333333e-06,0.000132012,3.2e-06,15612098.81,15652624.68
5.333333e-06,0.000132012,3.2e-06,17757934.09,17809292.83
5.333333e-06,0.000132012,3.2e-06,19941440.25,19955673.13
5.333333e-06,0.000132012,3.2e-06,21899827.17,21881551.67
5.333333e-06,0.000132012,3.2e-06,23669721.96,23622732.68
5.333333e-06,0.000132012,3.2e-06,27025505.08,26836125.37
5.333333e-06,0.000132012,3.2e-06,30500392.19,30260082.74
5.333333e-06,0.000132012,3.2e-06,33701527.91,33409837.55
5.333333e-06,0.000132012,3.2e-06,37061970.13,36346180.78
5.333333e-06,0.000132012,3.2e-06,42599421.42,41793461.6
5.333333e-06,0.000132012,3.466667e-06,3.84e-05,3.84e-05
5.333333e-06,0.000132012,3.466667e-06,4.27e-05,4.27e-05
5.333333e-06,0.000132012,3.466667e-06,4.69e-05,4.69e-05
5.333333e-06,0.000132012,3.466667e-06,5.12e-05,5.12e-05
5.333333e-06,0.000132012,3.466667e-06,5.55e-05,5.55e-05
5.333333e-06,0.000132012,3.466667e-06,5.97e-05,5.97e-05
5.333333e-06,0.000132012,3.466667e-06,6.4e-05,6.4e-05
5.333333e-06,0.000132012,3.466667e-06,6.83e-05,6.83e-05
5.333333e-06,0.000132012,3.466667e-06,7.25e-05,7.25e-05
5.333333e-06,0.000132012,3.466667e-06,7.68e-05,7.68e-05
5.333333e-06,0.000132012,3.466667e-06,8.11e-05,8.11e-05
5.333333e-06,0.000132012,3.466667e-06,8.53e-05,8.53e-05
5.333333e-06,0.000132012,3.466667e-06,8.96e-05,8.96e-05
5.333333e-06,0.000132012,3.466667e-06,4128146.717,4052447.095
5.333333e-06,0.000132012,3.466667e-06,4533411.096,4471125.483
5.333333e-06,0.000132012,3.466667e-06,5154657.422,5046869.841
5.333333e-06,0.000132012,3.466667e-06,5693310.851,5600403.425
5.333333e-06,0.000132012,3.466667e-06,6144123.603,6063760.732
5.333333e-06,0.000132012,3.466667e-06,6527955.607,6457947.452
5.333333e-06,0.000132012,3.466667e-06,6859624.46,6798335.401
5.333333e-06,0.000132012,3.466667e-06,7418113.977,7301193.062
5.333333e-06,0.000132012,3.466667e-06,7973237.448,7867939.272
5.333333e-06,0.000132012,3.466667e-06,8467590.819,8375274.254
5.333333e-06,0.000132012,3.466667e-06,8910313.901,8828121.353
5.333333e-06,0.000132012,3.466667e-06,9313142.672,9239911.073
5.333333e-06,0.000132012,3.466667e-06,9680146.077,9615035.697
5.333333e-06,0.000132012,3.733333e-06,3.84e-05,3.84e-05
5.333333e-06,0.000132012,3.733333e-06,4.27e-05,4.27e-05
5.333333e-06,0.000132012,3.733333e-06,4.69e-05,4.69e-05
5.333333e-06,0.000132012,3.733333e-06,5.12e-05,5.12e-05
5.333333e-06,0.000132012,3.733333e-06,5.55e-05,5.55e-05
5.333333e-06,0.000132012,3.733333e-06,5.97e-05,5.97e-05
5.333333e-06,0.000132012,3.733333e-06,6.4e-05,6.4e-05
5.333333e-06,0.000132012,3.733333e-06,6.83e-05,6.83e-05
5.333333e-06,0.000132012,3.733333e-06,7.25e-05,7.25e-05
5.333333e-06,0.000132012,3.733333e-06,7.68e-05,7.68e-05
5.333333e-06,0.000132012,3.733333e-06,8.11e-05,8.11e-05
5.333333e-06,0.000132012,3.733333e-06,8.53e-05,8.53e-05
5.333333e-06,0.000132012,3.733333e-06,8.96e-05,8.96e-05
5.333333e-06,0.000132012,3.733333e-06,3916987.149,3855876.0
5.333333e-06,0.000132012,3.733333e-06,4359286.628,4308694.761
5.333333e-06,0.000132012,3.733333e-06,4854929.888,4768761.24
5.333333e-06,0.000132012,3.733333e-06,5435519.127,5361056.099
5.333333e-06,0.000132012,3.733333e-06,5919610.29,5855263.487
5.333333e-06,0.000132012,3.733333e-06,6332080.763,6275125.3
5.333333e-06,0.000132012,3.733333e-06,6687825.706,6637720.177
5.333333e-06,0.000132012,3.733333e-06,7090619.325,6995296.715
5.333333e-06,0.000132012,3.733333e-06,7680270.631,7595084.981
5.333333e-06,0.000132012,3.733333e-06,8207308.819,8130037.429
5.333333e-06,0.000132012,3.733333e-06,8678970.397,8611203.691
5.333333e-06,0.000132012,3.733333e-06,9105651.661,9044377.054
5.333333e-06,0.000132012,3.733333e-06,9495185.108,9440049.299
5.333333e-06,0.000132012,4.8e-06,3.84e-05,3.84e-05
5.333333e-06,0.000132012,4.8e-06,4.27e-05,4.27e-05
5.333333e-06,0.000132012,4.8e-06,4.69e-05,4.69e-05
5.333333e-06,0.000132012,4.8e-06,5.12e-05,5.12e-05
5.333333e-06,0.000132012,4.8e-06,5.55e-05,5.55e-05
5.333333e-06,0.000132012,4.8e-06,5.97e-05,5.97e-05
5.333333e-06,0.000132012,4.8e-06,6.4e-05,6.4e-05
5.333333e-06,0.000132012,4.8e-06,6.83e-05,6.83e-05
5.333333e-06,0.000132012,4.8e-06,7.25e-05,7.25e-05
5.333333e-06,0.000132012,4.8e-06,7.68e-05,7.68e-05
5.333333e-06,0.000132012,4.8e-06,8.11e-05,8.11e-05
5.333333e-06,0.000132012,4.8e-06,8.53e-05,8.53e-05
5.333333e-06,0.000132012,4.8e-06,8.96e-05,8.96e-05
5.333333e-06,0.000132012,4.8e-06,3598771.216,3693274.329
5.333333e-06,0.000132012,4.8e-06,4095181.753,4173759.219
5.333333e-06,0.000132012,4.8e-06,4489752.394,4555871.587
5.333333e-06,0.000132012,4.8e-06,5049693.157,5163715.932
5.333333e-06,0.000132012,4.8e-06,5583229.972,5682977.087
5.333333e-06,0.000132012,4.8e-06,6036227.514,6124027.487
5.333333e-06,0.000132012,4.8e-06,6426080.521,6503964.09
5.333333e-06,0.000132012,4.8e-06,6766766.868,6835761.836
5.333333e-06,0.000132012,4.8e-06,7235647.901,7367749.801
5.333333e-06,0.000132012,4.8e-06,7806573.475,7925452.251
5.333333e-06,0.000132012,4.8e-06,8319253.434,8427525.843
5.333333e-06,0.000132012,4.8e-06,8783378.445,8879178.8
5.333333e-06,0.000132012,4.8e-06,9203746.977,9290482.805
5.333333e-06,0.000132012,4.266667e-06,3.84e-05,3.84e-05
5.333333e-06,0.000132012,4.266667e-06,4.27e-05,4.27e-05
5.333333e-06,0.000132012,4.266667e-06,4.69e-05,4.69e-05
5.333333e-06,0.000132012,4.266667e-06,5.12e-05,5.12e-05
5.333333e-06,0.000132012,4.266667e-06,5.55e-05,5.55e-05
5.333333e-06,0.000132012,4.266667e-06,5.97e-05,5.97e-05
5.333333e-06,0.000132012,4.266667e-06,6.4e-05,6.4e-05
5.333333e-06,0.000132012,4.266667e-06,6.83e-05,6.83e-05
5.333333e-06,0.000132012,4.266667e-06,7.25e-05,7.25e-05
5.333333e-06,0.000132012,4.266667e-06,7.68e-05,7.68e-05
5.333333e-06,0.000132012,4.266667e-06,8.11e-05,8.11e-05
5.333333e-06,0.000132012,4.266667e-06,8.53e-05,8.53e-05
5.333333e-06,0.000132012,4.266667e-06,8.96e-05,8.96e-05
5.333333e-06,0.000132012,4.266667e-06,3744397.634,3473532.925
5.333333e-06,0.000132012,4.266667e-06,4216227.536,3990565.618
5.333333e-06,0.000132012,4.266667e-06,4612305.568,4401615.537
5.333333e-06,0.000132012,4.266667e-06,5225621.327,4899004.208
5.333333e-06,0.000132012,4.266667e-06,5737075.001,5451236.58
5.333333e-06,0.000132012,4.266667e-06,6171035.23,5919892.486
5.333333e-06,0.000132012,4.266667e-06,6546065.929,6323519.998
5.333333e-06,0.000132012,4.266667e-06,6873047.519,6675004.795
5.333333e-06,0.000132012,4.266667e-06,7439270.653,7060548.97
5.333333e-06,0.000132012,4.266667e-06,7989741.568,7648808.262
5.333333e-06,0.000132012,4.266667e-06,8485494.726,8176657.591
5.333333e-06,0.000132012,4.266667e-06,8931351.349,8654726.759
5.333333e-06,0.000132012,4.266667e-06,9338277.506,9087404.662
5.333333e-06,0.000132012,4.533333e-06,3.84e-05,3.84e-05
5.333333e-06,0.000132012,4.533333e-06,4.27e-05,4.27e-05
5.333333e-06,0.000132012,4.533333e-06,4.69e-05,4.69e-05
5.333333e-06,0.000132012,4.533333e-06,5.12e-05,5.12e-05
5.333333e-06,0.000132012,4.533333e-06,5.55e-05,5.55e-05
5.333333e-06,0.000132012,4.533333e-06,5.97e-05,5.97e-05
5.333333e-06,0.000132012,4.533333e-06,6.4e-05,6.4e-05
5.333333e-06,0.000132012,4.533333e-06,6.83e-05,6.83e-05
5.333333e-06,0.000132012,4.533333e-06,7.25e-05,7.25e-05
5.333333e-06,0.000132012,4.533333e-06,7.68e-05,7.68e-05
5.333333e-06,0.000132012,4.533333e-06,8.11e-05,8.11e-05
5.333333e-06,0.000132012,4.533333e-06,8.53e-05,8.53e-05
5.333333e-06,0.000132012,4.533333e-06,8.96e-05,8.96e-05
5.333333e-06,0.000132012,4.533333e-06,3513346.835,49991089.12
5.333333e-06,0.000132012,4.533333e-06,4023869.965,62189096.5
5.333333e-06,0.000132012,4.533333e-06,4429682.87,73505168.15
5.333333e-06,0.000132012,4.533333e-06,4946829.597,81329711.81
5.333333e-06,0.000132012,4.533333e-06,5493146.366,89518992.81
5.333333e-06,0.000132012,4.533333e-06,5956846.64,96611209.9
5.333333e-06,0.000132012,4.533333e-06,6356260.049,102261438.2
5.333333e-06,0.000132012,4.533333e-06,6704197.52,106849177.7
5.333333e-06,0.000132012,4.533333e-06,7116169.763,110578501.3
5.333333e-06,0.000132012,4.533333e-06,7698940.442,113583192.9
5.333333e-06,0.000132012,4.533333e-06,8221941.423,115993888.1
5.333333e-06,0.000132012,4.533333e-06,8695714.674,117928164.5
5.333333e-06,0.000132012,4.533333e-06,9124460.569,119480952.6
5.333333e-06,0.000132012,4e-06,3.84e-05,3.84e-05
5.333333e-06,0.000132012,4e-06,4.27e-05,4.27e-05
5.333333e-06,0.000132012,4e-06,4.69e-05,4.69e-05
5.333333e-06,0.000132012,4e-06,5.12e-05,5.12e-05
5.333333e-06,0.000132012,4e-06,5.55e-05,5.55e-05
5.333333e-06,0.000132012,4e-06,5.97e-05,5.97e-05
5.333333e-06,0.000132012,4e-06,6.4e-05,6.4e-05
5.333333e-06,0.000132012,4e-06,6.83e-05,6.83e-05
5.333333e-06,0.000132012,4e-06,7.25e-05,7.25e-05
5.333333e-06,0.000132012,4e-06,7.68e-05,7.68e-05
5.333333e-06,0.000132012,4e-06,8.11e-05,8.11e-05
5.333333e-06,0.000132012,4e-06,8.53e-05,8.53e-05
5.333333e-06,0.000132012,4e-06,8.96e-05,8.96e-05
5.333333e-06,0.000132012,4e-06,52289538.73,53258010.52
5.333333e-06,0.000132012,4e-06,66318600.93,68034260.45
5.333333e-06,0.000132012,4e-06,77444831.03,79081062.76
5.333333e-06,0.000132012,4e-06,86262065.1,88738157.28
5.333333e-06,0.000132012,4e-06,95186653.52,97506592.55
5.333333e-06,0.000132012,4e-06,101988372.1,104186080.1
5.333333e-06,0.000132012,4e-06,107326546.3,109414468.5
5.333333e-06,0.000132012,4e-06,111626923.8,113603270.5
5.333333e-06,0.000132012,4e-06,115096810.2,116971292.7
5.333333e-06,0.000132012,4e-06,117885699.2,119674654.6
5.333333e-06,0.000132012,4e-06,120123869.7,121843978.2
5.333333e-06,0.000132012,4e-06,121922048.7,123587569.7
5.333333e-06,0.000132012,4e-06,123367785.9,124990196.0
5.333333e-06,0.000132012,5.6e-06,3.84e-05,3.84e-05
5.333333e-06,0.000132012,5.6e-06,4.27e-05,4.27e-05
5.333333e-06,0.000132012,5.6e-06,4.69e-05,4.69e-05
5.333333e-06,0.000132012,5.6e-06,5.12e-05,5.12e-05
5.333333e-06,0.000132012,5.6e-06,5.55e-05,5.55e-05
5.333333e-06,0.000132012,5.6e-06,5.97e-05,5.97e-05
5.333333e-06,0.000132012,5.6e-06,6.4e-05,6.4e-05
5.333333e-06,0.000132012,5.6e-06,6.83e-05,6.83e-05
5.333333e-06,0.000132012,5.6e-06,7.25e-05,7.25e-05
5.333333e-06,0.000132012,5.6e-06,7.68e-05,7.68e-05
5.333333e-06,0.000132012,5.6e-06,8.11e-05,8.11e-05
5.333333e-06,0.000132012,5.6e-06,8.53e-05,8.53e-05
5.333333e-06,0.000132012,5.6e-06,8.96e-05,8.96e-05
5.333333e-06,0.000132012,5.6e-06,54935556.68,59479112.09
5.333333e-06,0.000132012,5.6e-06,70971698.46,75506085.65
5.333333e-06,0.000132012,5.6e-06,81878863.88,87951622.2
5.333333e-06,0.000132012,5.6e-06,92917132.03,99224210.1
5.333333e-06,0.000132012,5.6e-06,101431969.9,107379636.2
5.333333e-06,0.000132012,5.6e-06,107915850.8,113596255.0
5.333333e-06,0.000132012,5.6e-06,112967806.0,118403833.7
5.333333e-06,0.000132012,5.6e-06,116976542.8,122162368.1
5.333333e-06,0.000132012,5.6e-06,120178564.5,125129669.1
5.333333e-06,0.000132012,5.6e-06,122741379.6,128788257.0
5.333333e-06,0.000132012,5.6e-06,124796855.9,132344792.3
5.333333e-06,0.000132012,5.6e-06,126966365.8,135324089.9
5.333333e-06,0.000132012,5.6e-06,129588726.1,137812702.8
5.333333e-06,0.000132012,5.066667e-06,3.84e-05,3.84e-05
5.333333e-06,0.000132012,5.066667e-06,4.27e-05,4.27e-05
5.333333e-06,0.000132012,5.066667e-06,4.69e-05,4.69e-05
5.333333e-06,0.000132012,5.066667e-06,5.12e-05,5.12e-05
5.333333e-06,0.000132012,5.066667e-06,5.55e-05,5.55e-05
5.333333e-06,0.000132012,5.066667e-06,5.97e-05,5.97e-05
5.333333e-06,0.000132012,5.066667e-06,6.4e-05,6.4e-05
5.333333e-06,0.000132012,5.066667e-06,6.83e-05,6.83e-05
5.333333e-06,0.000132012,5.066667e-06,7.25e-05,7.25e-05
5.333333e-06,0.000132012,5.066667e-06,7.68e-05,7.68e-05
5.333333e-06,0.000132012,5.066667e-06,8.11e-05,8.11e-05
5.333333e-06,0.000132012,5.066667e-06,8.53e-05,8.53e-05
5.333333e-06,0.000132012,5.066667e-06,8.96e-05,8.96e-05
5.333333e-06,0.000132012,5.066667e-06,58466777.33,56201221.27
5.333333e-06,0.000132012,5.066667e-06,74500727.17,72246608.55
5.333333e-06,0.000132012,5.066667e-06,86448740.99,83091739.04
5.333333e-06,0.000132012,5.066667e-06,97841729.2,94707474.82
5.333333e-06,0.000132012,5.066667e-06,106072246.4,103117678.4
5.333333e-06,0.000132012,5.066667e-06,112344428.3,109522114.0
5.333333e-06,0.000132012,5.066667e-06,117203327.7,114501974.3
5.333333e-06,0.000132012,5.066667e-06,121014400.8,118436933.9
5.333333e-06,0.000132012,5.066667e-06,124031447.4,121570285.6
5.333333e-06,0.000132012,5.066667e-06,126881341.0,124074473.5
5.333333e-06,0.000132012,5.066667e-06,130482229.3,126249052.6
5.333333e-06,0.000132012,5.066667e-06,133497655.3,129347536.4
5.333333e-06,0.000132012,5.066667e-06,136015212.6,131931447.2
5.333333e-06,0.000132012,5.333333e-06,3.84e-05,3.84e-05
5.333333e-06,0.000132012,5.333333e-06,4.27e-05,4.27e-05
5.333333e-06,0.000132012,5.333333e-06,4.69e-05,4.69e-05
5.333333e-06,0.000132012,5.333333e-06,5.12e-05,5.12e-05
5.333333e-06,0.000132012,5.333333e-06,5.55e-05,5.55e-05
5.333333e-06,0.000132012,5.333333e-06,5.97e-05,5.97e-05
5.333333e-06,0.000132012,5.333333e-06,6.4e-05,6.4e-05
5.333333e-06,0.000132012,5.333333e-06,6.83e-05,6.83e-05
5.333333e-06,0.000132012,5.333333e-06,7.25e-05,7.25e-05
5.333333e-06,0.000132012,5.333333e-06,7.68e-05,7.68e-05
5.333333e-06,0.000132012,5.333333e-06,8.11e-05,8.11e-05
5.333333e-06,0.000132012,5.333333e-06,8.53e-05,8.53e-05
5.333333e-06,0.000132012,5.333333e-06,8.96e-05,8.96e-05
5.333333e-06,0.000132012,5.333333e-06,60424615.25,61311193.56
5.333333e-06,0.000132012,5.333333e-06,76443799.15,77321820.15
5.333333e-06,0.000132012,5.333333e-06,89344018.73,90639676.97
5.333333e-06,0.000132012,5.333333e-06,100506267.6,101700339.4
5.333333e-06,0.000132012,5.333333e-06,108593454.0,109725205.7
5.333333e-06,0.000132012,5.333333e-06,114760173.6,115846606.7
5.333333e-06,0.000132012,5.333333e-06,119521314.6,120565789.6
5.333333e-06,0.000132012,5.333333e-06,123232360.8,124233697.5
5.333333e-06,0.000132012,5.333333e-06,126354369.2,128038299.5
5.333333e-06,0.000132012,5.333333e-06,130552133.3,132190922.3
5.333333e-06,0.000132012,5.333333e-06,134067977.9,135669249.6
5.333333e-06,0.000132012,5.333333e-06,137014074.6,138584685.2
5.333333e-06,0.000132012,5.333333e-06,139476041.1,141022001.5
