a,b,c,d,gain
1.12e-05,0.000132012,2.4e-06,3.84e-05,3.84e-05
1.12e-05,0.000132012,2.4e-06,4.27e-05,4.27e-05
1.12e-05,0.000132012,2.4e-06,4.69e-05,4.69e-05
1.12e-05,0.000132012,2.4e-06,5.12e-05,5.12e-05
1.12e-05,0.000132012,2.4e-06,5.55e-05,5.55e-05
1.12e-05,0.000132012,2.4e-06,5.97e-05,5.97e-05
1.12e-05,0.000132012,2.4e-06,6.4e-05,6.4e-05
1.12e-05,0.000132012,2.4e-06,6.83e-05,6.83e-05
1.12e-05,0.000132012,2.4e-06,7.25e-05,7.25e-05
1.12e-05,0.000132012,2.4e-06,7.68e-05,7.68e-05
1.12e-05,0.000132012,2.4e-06,8.11e-05,8.11e-05
1.12e-05,0.000132012,2.4e-06,8.53e-05,8.53e-05
1.12e-05,0.000132012,2.4e-06,8.96e-05,8.96e-05
1.12e-05,0.000132012,2.4e-06,18.96686726,18.74271131
1.12e-05,0.000132012,2.4e-06,20.24461193,20.02248574
1.12e-05,0.000132012,2.4e-06,21.43788892,21.22020012
1.12e-05,0.000132012,2.4e-06,22.57100122,22.35505266
1.12e-05,0.000132012,2.4e-06,23.65639378,23.44379632
1.12e-05,0.000132012,2.4e-06,24.70851847,24.50001271
1.12e-05,0.000132012,2.4e-06,25.73700555,25.5331233
1.12e-05,0.000132012,2.4e-06,26.75686055,26.55894874
1.12e-05,0.000132012,2.4e-06,27.77386623,27.58264294
1.12e-05,0.000132012,2.4e-06,28.7995299,28.6161588
1.12e-05,0.000132012,2.4e-06,29.84458384,29.67052875
1.12e-05,0.000132012,2.4e-06,30.92025109,30.75757341
1.12e-05,0.000132012,2.4e-06,32.0380633,31.88821031
1.12e-05,0.000132012,2.666667e-06,3.84e-05,3.84e-05
1.12e-05,0.000132012,2.666667e-06,4.27e-05,4.27e-05
1.12e-05,0.000132012,2.666667e-06,4.69e-05,4.69e-05
1.12e-05,0.000132012,2.666667e-06,5.12e-05,5.12e-05
1.12e-05,0.000132012,2.666667e-06,5.55e-05,5.55e-05
1.12e-05,0.000132012,2.666667e-06,5.97e-05,5.97e-05
1.12e-05,0.000132012,2.666667e-06,6.4e-05,6.4e-05
1.12e-05,0.000132012,2.666667e-06,6.83e-05,6.83e-05
1.12e-05,0.000132012,2.666667e-06,7.25e-05,7.25e-05
1.12e-05,0.000132012,2.666667e-06,7.68e-05,7.68e-05
1.12e-05,0.000132012,2.666667e-06,8.11e-05,8.11e-05
1.12e-05,0.000132012,2.666667e-06,8.53e-05,8.53e-05
1.12e-05,0.000132012,2.666667e-06,8.96e-05,8.96e-05
1.12e-05,0.000132012,2.666667e-06,18.35747708,18.18987234
1.12e-05,0.000132012,2.666667e-06,19.64060375,19.47429844
1.12e-05,0.000132012,2.666667e-06,20.84370336,20.68008462
1.12e-05,0.000132012,2.666667e-06,21.98427639,21.82318594
1.12e-05,0.000132012,2.666667e-06,23.07941424,22.92128225
1.12e-05,0.000132012,2.666667e-06,24.14302613,23.98826107
1.12e-05,0.000132012,2.666667e-06,25.18445379,25.03347855
1.12e-05,0.000132012,2.666667e-06,26.22096655,26.07479507
1.12e-05,0.000132012,2.666667e-06,27.25660611,27.11580812
1.12e-05,0.000132012,2.666667e-06,28.30407643,28.1695174
1.12e-05,0.000132012,2.666667e-06,29.37498555,29.24781415
1.12e-05,0.000132012,2.666667e-06,30.48239733,30.36415924
1.12e-05,0.000132012,2.666667e-06,31.63618023,31.52881615
1.12e-05,0.000132012,2.933333e-06,3.84e-05,3.84e-05
1.12e-05,0.000132012,2.933333e-06,4.27e-05,4.27e-05
1.12e-05,0.000132012,2.933333e-06,4.69e-05,4.69e-05
1.12e-05,0.000132012,2.933333e-06,5.12e-05,5.12e-05
1.12e-05,0.000132012,2.933333e-06,5.55e-05,5.55e-05
1.12e-05,0.000132012,2.933333e-06,5.97e-05,5.97e-05
1.12e-05,0.000132012,2.933333e-06,6.4e-05,6.4e-05
1.12e-05,0.000132012,2.933333e-06,6.83e-05,6.83e-05
1.12e-05,0.000132012,2.933333e-06,7.25e-05,7.25e-05
1.12e-05,0.000132012,2.933333e-06,7.68e-05,7.68e-05
1.12e-05,0.000132012,2.933333e-06,8.11e-05,8.11e-05
1.12e-05,0.000132012,2.933333e-06,8.53e-05,8.53e-05
1.12e-05,0.000132012,2.933333e-06,8.96e-05,8.96e-05
1.12e-05,0.000132012,2.933333e-06,17.89325756,17.76095481
1.12e-05,0.000132012,2.933333e-06,19.18265241,19.05193227
1.12e-05,0.000132012,2.933333e-06,20.39080061,20.26188036
1.12e-05,0.000132012,2.933333e-06,21.53854439,21.41177207
1.12e-05,0.000132012,2.933333e-06,22.64205189,22.51776927
1.12e-05,0.000132012,2.933333e-06,23.71521667,23.59378747
1.12e-05,0.000132012,2.933333e-06,24.76744439,24.64928228
1.12e-05,0.000132012,2.933333e-06,25.81745874,25.70324651
1.12e-05,0.000132012,2.933333e-06,26.86823721,26.75848341
1.12e-05,0.000132012,2.933333e-06,27.93320634,27.82855446
1.12e-05,0.000132012,2.933333e-06,29.02482317,28.92620161
1.12e-05,0.000132012,2.933333e-06,30.1573431,30.06607045
1.12e-05,0.000132012,2.933333e-06,31.3531192,31.27231444
1.12e-05,0.000132012,3.2e-06,3.84e-05,3.84e-05
1.12e-05,0.000132012,3.2e-06,4.27e-05,4.27e-05
1.12e-05,0.000132012,3.2e-06,4.69e-05,4.69e-05
1.12e-05,0.000132012,3.2e-06,5.12e-05,5.12e-05
1.12e-05,0.000132012,3.2e-06,5.55e-05,5.55e-05
1.12e-05,0.000132012,3.2e-06,5.97e-05,5.97e-05
1.12e-05,0.000132012,3.2e-06,6.4e-05,6.4e-05
1.12e-05,0.000132012,3.2e-06,6.83e-05,6.83e-05
1.12e-05,0.000132012,3.2e-06,7.25e-05,7.25e-05
1.12e-05,0.000132012,3.2e-06,7.68e-05,7.68e-05
1.12e-05,0.000132012,3.2e-06,8.11e-05,8.11e-05
1.12e-05,0.000132012,3.2e-06,8.53e-05,8.53e-05
1.12e-05,0.000132012,3.2e-06,8.96e-05,8.96e-05
1.12e-05,0.000132012,3.2e-06,17.31184735,17.52219216
1.12e-05,0.000132012,3.2e-06,18.60858186,18.81614681
1.12e-05,0.000132012,3.2e-06,19.82473032,20.02938953
1.12e-05,0.000132012,3.2e-06,20.98191391,21.18321706
1.12e-05,0.000132012,3.2e-06,22.0972222,22.2939213
1.12e-05,0.000132012,3.2e-06,23.18335743,23.37523564
1.12e-05,0.000132012,3.2e-06,24.2506797,24.43687049
1.12e-05,0.000132012,3.2e-06,25.31831099,25.49805492
1.12e-05,0.000132012,3.2e-06,26.38913,26.56149242
1.12e-05,0.000132012,3.2e-06,27.47671858,27.64085056
1.12e-05,0.000132012,3.2e-06,28.60364615,28.74947039
1.12e-05,0.000132012,3.2e-06,29.77270419,29.90282217
1.12e-05,0.000132012,3.2e-06,31.00534811,31.12895419
1.12e-05,0.000132012,3.466667e-06,3.84e-05,3.84e-05
1.12e-05,0.000132012,3.466667e-06,4.27e-05,4.27e-05
1.12e-05,0.000132012,3.466667e-06,4.69e-05,4.69e-05
1.12e-05,0.000132012,3.466667e-06,5.12e-05,5.12e-05
1.12e-05,0.000132012,3.466667e-06,5.55e-05,5.55e-05
1.12e-05,0.000132012,3.466667e-06,5.97e-05,5.97e-05
1.12e-05,0.000132012,3.466667e-06,6.4e-05,6.4e-05
1.12e-05,0.000132012,3.466667e-06,6.83e-05,6.83e-05
1.12e-05,0.000132012,3.466667e-06,7.25e-05,7.25e-05
1.12e-05,0.000132012,3.466667e-06,7.68e-05,7.68e-05
1.12e-05,0.000132012,3.466667e-06,8.11e-05,8.11e-05
1.12e-05,0.000132012,3.466667e-06,8.53e-05,8.53e-05
1.12e-05,0.000132012,3.466667e-06,8.96e-05,8.96e-05
1.12e-05,0.000132012,3.466667e-06,8.943596846,8.685481578
1.12e-05,0.000132012,3.466667e-06,10.03212576,9.774098673
1.12e-05,0.000132012,3.466667e-06,11.01661307,10.75882484
1.12e-05,0.000132012,3.466667e-06,11.91692772,11.65942715
1.12e-05,0.000132012,3.466667e-06,12.74778388,12.49063546
1.12e-05,0.000132012,3.466667e-06,13.52043927,13.26369385
1.12e-05,0.000132012,3.466667e-06,14.24386492,13.98757714
1.12e-05,0.000132012,3.466667e-06,14.92478148,14.6689892
1.12e-05,0.000132012,3.466667e-06,15.56892609,15.31367198
1.12e-05,0.000132012,3.466667e-06,16.18094633,15.92628672
1.12e-05,0.000132012,3.466667e-06,16.76468323,16.51065921
1.12e-05,0.000132012,3.466667e-06,17.32337948,17.0700322
1.12e-05,0.000132012,3.466667e-06,17.85979103,17.60716202
1.12e-05,0.000132012,3.733333e-06,3.84e-05,3.84e-05
1.12e-05,0.000132012,3.733333e-06,4.27e-05,4.27e-05
1.12e-05,0.000132012,3.733333e-06,4.69e-05,4.69e-05
1.12e-05,0.000132012,3.733333e-06,5.12e-05,5.12e-05
1.12e-05,0.000132012,3.733333e-06,5.55e-05,5.55e-05
1.12e-05,0.000132012,3.733333e-06,5.97e-05,5.97e-05
1.12e-05,0.000132012,3.733333e-06,6.4e-05,6.4e-05
1.12e-05,0.000132012,3.733333e-06,6.83e-05,6.83e-05
1.12e-05,0.000132012,3.733333e-06,7.25e-05,7.25e-05
1.12e-05,0.000132012,3.733333e-06,7.68e-05,7.68e-05
1.12e-05,0.000132012,3.733333e-06,8.11e-05,8.11e-05
1.12e-05,0.000132012,3.733333e-06,8.53e-05,8.53e-05
1.12e-05,0.000132012,3.733333e-06,8.96e-05,8.96e-05
1.12e-05,0.000132012,3.733333e-06,8.24665238,8.057386198
1.12e-05,0.000132012,3.733333e-06,9.335406268,9.146152589
1.12e-05,0.000132012,3.733333e-06,10.32068334,10.13176469
1.12e-05,0.000132012,3.733333e-06,11.22183795,11.03318279
1.12e-05,0.000132012,3.733333e-06,12.05300602,11.86485399
1.12e-05,0.000132012,3.733333e-06,12.82753195,12.63954784
1.12e-05,0.000132012,3.733333e-06,13.55225039,13.36464889
1.12e-05,0.000132012,3.733333e-06,14.2345597,14.04736346
1.12e-05,0.000132012,3.733333e-06,14.88020062,14.69342311
1.12e-05,0.000132012,3.733333e-06,15.49390744,15.30763661
1.12e-05,0.000132012,3.733333e-06,16.0794407,15.89370488
1.12e-05,0.000132012,3.733333e-06,16.64004408,16.45487254
1.12e-05,0.000132012,3.733333e-06,17.17847523,16.99389823
1.12e-05,0.000132012,4.8e-06,3.84e-05,3.84e-05
1.12e-05,0.000132012,4.8e-06,4.27e-05,4.27e-05
1.12e-05,0.000132012,4.8e-06,4.69e-05,4.69e-05
1.12e-05,0.000132012,4.8e-06,5.12e-05,5.12e-05
1.12e-05,0.000132012,4.8e-06,5.55e-05,5.55e-05
1.12e-05,0.000132012,4.8e-06,5.97e-05,5.97e-05
1.12e-05,0.000132012,4.8e-06,6.4e-05,6.4e-05
1.12e-05,0.000132012,4.8e-06,6.83e-05,6.83e-05
1.12e-05,0.000132012,4.8e-06,7.25e-05,7.25e-05
1.12e-05,0.000132012,4.8e-06,7.68e-05,7.68e-05
1.12e-05,0.000132012,4.8e-06,8.11e-05,8.11e-05
1.12e-05,0.000132012,4.8e-06,8.53e-05,8.53e-05
1.12e-05,0.000132012,4.8e-06,8.96e-05,8.96e-05
1.12e-05,0.000132012,4.8e-06,7.311622943,7.576936295
1.12e-05,0.000132012,4.8e-06,8.401371667,8.666394664
1.12e-05,0.000132012,4.8e-06,9.387662885,9.652333296
1.12e-05,0.000132012,4.8e-06,10.29028678,10.55449335
1.12e-05,0.000132012,4.8e-06,11.12379177,11.38737357
1.12e-05,0.000132012,4.8e-06,11.89961114,12.16270869
1.12e-05,0.000132012,4.8e-06,12.62636371,12.88884574
1.12e-05,0.000132012,4.8e-06,13.31074201,13.57262386
1.12e-05,0.000132012,4.8e-06,13.95819267,14.21967188
1.12e-05,0.000132012,4.8e-06,14.57469089,14.83529421
1.12e-05,0.000132012,4.8e-06,15.16313335,15.4228342
1.12e-05,0.000132012,4.8e-06,15.72677266,15.98554155
1.12e-05,0.000132012,4.8e-06,16.26837692,16.52617959
1.12e-05,0.000132012,4.266667e-06,3.84e-05,3.84e-05
1.12e-05,0.000132012,4.266667e-06,4.27e-05,4.27e-05
1.12e-05,0.000132012,4.266667e-06,4.69e-05,4.69e-05
1.12e-05,0.000132012,4.266667e-06,5.12e-05,5.12e-05
1.12e-05,0.000132012,4.266667e-06,5.55e-05,5.55e-05
1.12e-05,0.000132012,4.266667e-06,5.97e-05,5.97e-05
1.12e-05,0.000132012,4.266667e-06,6.4e-05,6.4e-05
1.12e-05,0.000132012,4.266667e-06,6.83e-05,6.83e-05
1.12e-05,0.000132012,4.266667e-06,7.25e-05,7.25e-05
1.12e-05,0.000132012,4.266667e-06,7.68e-05,7.68e-05
1.12e-05,0.000132012,4.266667e-06,8.11e-05,8.11e-05
1.12e-05,0.000132012,4.266667e-06,8.53e-05,8.53e-05
1.12e-05,0.000132012,4.266667e-06,8.96e-05,8.96e-05
1.12e-05,0.000132012,4.266667e-06,7.724579238,6.97282848
1.12e-05,0.000132012,4.266667e-06,8.813172662,8.063040187
1.12e-05,0.000132012,4.266667e-06,9.79964269,9.049775299
1.12e-05,0.000132012,4.266667e-06,10.70156282,9.953083822
1.12e-05,0.000132012,4.266667e-06,11.53408295,10.78735911
1.12e-05,0.000132012,4.266667e-06,12.30918753,11.56391043
1.12e-05,0.000132012,4.266667e-06,13.03499586,12.29149833
1.12e-05,0.000132012,4.266667e-06,13.71844305,12.97664951
1.12e-05,0.000132012,4.266667e-06,14.36520941,13.62614031
1.12e-05,0.000132012,4.266667e-06,14.98037725,14.24199329
1.12e-05,0.000132012,4.266667e-06,15.56744539,14.83172992
1.12e-05,0.000132012,4.266667e-06,16.12966144,15.39667775
1.12e-05,0.000132012,4.266667e-06,16.66978686,15.93962115
1.12e-05,0.000132012,4.533333e-06,3.84e-05,3.84e-05
1.12e-05,0.000132012,4.533333e-06,4.27e-05,4.27e-05
1.12e-05,0.000132012,4.533333e-06,4.69e-05,4.69e-05
1.12e-05,0.000132012,4.533333e-06,5.12e-05,5.12e-05
1.12e-05,0.000132012,4.533333e-06,5.55e-05,5.55e-05
1.12e-05,0.000132012,4.533333e-06,5.97e-05,5.97e-05
1.12e-05,0.000132012,4.533333e-06,6.4e-05,6.4e-05
1.12e-05,0.000132012,4.533333e-06,6.83e-05,6.83e-05
1.12e-05,0.000132012,4.533333e-06,7.25e-05,7.25e-05
1.12e-05,0.000132012,4.533333e-06,7.68e-05,7.68e-05
1.12e-05,0.000132012,4.533333e-06,8.11e-05,8.11e-05
1.12e-05,0.000132012,4.533333e-06,8.53e-05,8.53e-05
1.12e-05,0.000132012,4.533333e-06,8.96e-05,8.96e-05
1.12e-05,0.000132012,4.533333e-06,7.078997588,37.05022137
1.12e-05,0.000132012,4.533333e-06,8.169048853,41.8750146
1.12e-05,0.000132012,4.533333e-06,9.15564979,46.72335928
1.12e-05,0.000132012,4.533333e-06,10.05872846,50.20024602
1.12e-05,0.000132012,4.533333e-06,10.89276366,52.48035893
1.12e-05,0.000132012,4.533333e-06,11.66907413,53.92498675
1.12e-05,0.000132012,4.533333e-06,12.39639411,54.80725768
1.12e-05,0.000132012,4.533333e-06,13.08130231,55.34020179
1.12e-05,0.000132012,4.533333e-06,13.72890157,55.65810724
1.12e-05,0.000132012,4.533333e-06,14.34625581,55.83889168
1.12e-05,0.000132012,4.533333e-06,14.93556465,55.92647199
1.12e-05,0.000132012,4.533333e-06,15.50008522,55.94533474
1.12e-05,0.000132012,4.533333e-06,16.04259404,55.90872586
1.12e-05,0.000132012,4e-06,3.84e-05,3.84e-05
1.12e-05,0.000132012,4e-06,4.27e-05,4.27e-05
1.12e-05,0.000132012,4e-06,4.69e-05,4.69e-05
1.12e-05,0.000132012,4e-06,5.12e-05,5.12e-05
1.12e-05,0.000132012,4e-06,5.55e-05,5.55e-05
1.12e-05,0.000132012,4e-06,5.97e-05,5.97e-05
1.12e-05,0.000132012,4e-06,6.4e-05,6.4e-05
1.12e-05,0.000132012,4e-06,6.83e-05,6.83e-05
1.12e-05,0.000132012,4e-06,7.25e-05,7.25e-05
1.12e-05,0.000132012,4e-06,7.68e-05,7.68e-05
1.12e-05,0.000132012,4e-06,8.11e-05,8.11e-05
1.12e-05,0.000132012,4e-06,8.53e-05,8.53e-05
1.12e-05,0.000132012,4e-06,8.96e-05,8.96e-05
1.12e-05,0.000132012,4e-06,36.87881435,36.81201814
1.12e-05,0.000132012,4e-06,41.8930602,41.90788352
1.12e-05,0.000132012,4e-06,46.808501,46.84611716
1.12e-05,0.000132012,4e-06,50.2190822,50.22479114
1.12e-05,0.000132012,4e-06,52.41700525,52.38660489
1.12e-05,0.000132012,4e-06,53.79708638,53.73934223
1.12e-05,0.000132012,4e-06,54.64092815,54.56714565
1.12e-05,0.000132012,4e-06,55.15480711,55.07315684
1.12e-05,0.000132012,4e-06,55.46588177,55.38146767
1.12e-05,0.000132012,4e-06,55.64730239,55.56322778
1.12e-05,0.000132012,4e-06,55.74030208,55.65855215
1.12e-05,0.000132012,4e-06,55.76800394,55.68999506
1.12e-05,0.000132012,4e-06,55.74307626,55.66998057
1.12e-05,0.000132012,5.6e-06,3.84e-05,3.84e-05
1.12e-05,0.000132012,5.6e-06,4.27e-05,4.27e-05
1.12e-05,0.000132012,5.6e-06,4.69e-05,4.69e-05
1.12e-05,0.000132012,5.6e-06,5.12e-05,5.12e-05
1.12e-05,0.000132012,5.6e-06,5.55e-05,5.55e-05
1.12e-05,0.000132012,5.6e-06,5.97e-05,5.97e-05
1.12e-05,0.000132012,5.6e-06,6.4e-05,6.4e-05
1.12e-05,0.000132012,5.6e-06,6.83e-05,6.83e-05
1.12e-05,0.000132012,5.6e-06,7.25e-05,7.25e-05
1.12e-05,0.000132012,5.6e-06,7.68e-05,7.68e-05
1.12e-05,0.000132012,5.6e-06,8.11e-05,8.11e-05
1.12e-05,0.000132012,5.6e-06,8.53e-05,8.53e-05
1.12e-05,0.000132012,5.6e-06,8.96e-05,8.96e-05
1.12e-05,0.000132012,5.6e-06,36.70432495,36.55454257
1.12e-05,0.000132012,5.6e-06,41.94359765,42.02389636
1.12e-05,0.000132012,5.6e-06,46.91292972,47.01977767
1.12e-05,0.000132012,5.6e-06,50.23117151,50.23119715
1.12e-05,0.000132012,5.6e-06,52.32880733,52.22504161
1.12e-05,0.000132012,5.6e-06,53.6342512,53.45703893
1.12e-05,0.000132012,5.6e-06,54.43462645,54.21554157
1.12e-05,0.000132012,5.6e-06,54.92729103,54.6880686
1.12e-05,0.000132012,5.6e-06,55.23097945,54.98492648
1.12e-05,0.000132012,5.6e-06,55.41340831,55.16856884
1.12e-05,0.000132012,5.6e-06,55.5127831,55.2742924
1.12e-05,0.000132012,5.6e-06,55.55068482,55.32218927
1.12e-05,0.000132012,5.6e-06,55.5391147,55.32360048
1.12e-05,0.000132012,5.066667e-06,3.84e-05,3.84e-05
1.12e-05,0.000132012,5.066667e-06,4.27e-05,4.27e-05
1.12e-05,0.000132012,5.066667e-06,4.69e-05,4.69e-05
1.12e-05,0.000132012,5.066667e-06,5.12e-05,5.12e-05
1.12e-05,0.000132012,5.066667e-06,5.55e-05,5.55e-05
1.12e-05,0.000132012,5.066667e-06,5.97e-05,5.97e-05
1.12e-05,0.000132012,5.066667e-06,6.4e-05,6.4e-05
1.12e-05,0.000132012,5.066667e-06,6.83e-05,6.83e-05
1.12e-05,0.000132012,5.066667e-06,7.25e-05,7.25e-05
1.12e-05,0.000132012,5.066667e-06,7.68e-05,7.68e-05
1.12e-05,0.000132012,5.066667e-06,8.11e-05,8.11e-05
1.12e-05,0.000132012,5.066667e-06,8.53e-05,8.53e-05
1.12e-05,0.000132012,5.066667e-06,8.96e-05,8.96e-05
1.12e-05,0.000132012,5.066667e-06,36.58617462,36.6602668
1.12e-05,0.000132012,5.066667e-06,42.00357706,41.96315779
1.12e-05,0.000132012,5.066667e-06,46.99589072,46.94265749
1.12e-05,0.000132012,5.066667e-06,50.23232554,50.23246399
1.12e-05,0.000132012,5.066667e-06,52.24958306,52.30142732
1.12e-05,0.000132012,5.066667e-06,53.49785193,53.5862305
1.12e-05,0.000132012,5.066667e-06,54.26555914,54.37475246
1.12e-05,0.000132012,5.066667e-06,54.74248985,54.86168867
1.12e-05,0.000132012,5.066667e-06,55.04082737,55.16341707
1.12e-05,0.000132012,5.066667e-06,55.22418413,55.34616681
1.12e-05,0.000132012,5.066667e-06,55.32849565,55.44731919
1.12e-05,0.000132012,5.066667e-06,55.37418179,55.48803425
1.12e-05,0.000132012,5.066667e-06,55.37273036,55.4801282
1.12e-05,0.000132012,5.333333e-06,3.84e-05,3.84e-05
1.12e-05,0.000132012,5.333333e-06,4.27e-05,4.27e-05
1.12e-05,0.000132012,5.333333e-06,4.69e-05,4.69e-05
1.12e-05,0.000132012,5.333333e-06,5.12e-05,5.12e-05
1.12e-05,0.000132012,5.333333e-06,5.55e-05,5.55e-05
1.12e-05,0.000132012,5.333333e-06,5.97e-05,5.97e-05
1.12e-05,0.000132012,5.333333e-06,6.4e-05,6.4e-05
1.12e-05,0.000132012,5.333333e-06,6.83e-05,6.83e-05
1.12e-05,0.000132012,5.333333e-06,7.25e-05,7.25e-05
1.12e-05,0.000132012,5.333333e-06,7.68e-05,7.68e-05
1.12e-05,0.000132012,5.333333e-06,8.11e-05,8.11e-05
1.12e-05,0.000132012,5.333333e-06,8.53e-05,8.53e-05
1.12e-05,0.000132012,5.333333e-06,8.96e-05,8.96e-05
1.12e-05,0.000132012,5.333333e-06,36.52569087,36.51570478
1.12e-05,0.000132012,5.333333e-06,42.04403548,42.06386002
1.12e-05,0.000132012,5.333333e-06,47.04206418,47.06289199
1.12e-05,0.000132012,5.333333e-06,50.22951697,50.22737458
1.12e-05,0.000132012,5.333333e-06,52.20136382,52.17850646
1.12e-05,0.000132012,5.333333e-06,53.41821844,53.3812249
1.12e-05,0.000132012,5.333333e-06,54.16819045,54.12326352
1.12e-05,0.000132012,5.333333e-06,54.63664729,54.58794445
1.12e-05,0.000132012,5.333333e-06,54.93214442,54.88218508
1.12e-05,0.000132012,5.333333e-06,55.11606072,55.06636411
1.12e-05,0.000132012,5.333333e-06,55.22310115,55.17463641
1.12e-05,0.000132012,5.333333e-06,55.27305381,55.22650705
1.12e-05,0.000132012,5.333333e-06,55.27712278,55.23305199
1.12e-05,0.0003889991,2.4e-06,3.84e-05,3.84e-05
1.12e-05,0.0003889991,2.4e-06,4.27e-05,4.27e-05
1.12e-05,0.0003889991,2.4e-06,4.69e-05,4.69e-05
1.12e-05,0.0003889991,2.4e-06,5.12e-05,5.12e-05
1.12e-05,0.0003889991,2.4e-06,5.55e-05,5.55e-05
1.12e-05,0.0003889991,2.4e-06,5.97e-05,5.97e-05
1.12e-05,0.0003889991,2.4e-06,6.4e-05,6.4e-05
1.12e-05,0.0003889991,2.4e-06,6.83e-05,6.83e-05
1.12e-05,0.0003889991,2.4e-06,7.25e-05,7.25e-05
1.12e-05,0.0003889991,2.4e-06,7.68e-05,7.68e-05
1.12e-05,0.0003889991,2.4e-06,8.11e-05,8.11e-05
1.12e-05,0.0003889991,2.4e-06,8.53e-05,8.53e-05
1.12e-05,0.0003889991,2.4e-06,8.96e-05,8.96e-05
1.12e-05,0.0003889991,2.4e-06,18.8763745,18.65347525
1.12e-05,0.0003889991,2.4e-06,20.15529485,19.93290769
1.12e-05,0.0003889991,2.4e-06,21.34935381,21.12956433
1.12e-05,0.0003889991,2.4e-06,22.48041723,22.26370528
1.12e-05,0.0003889991,2.4e-06,23.56472756,23.35156624
1.12e-05,0.0003889991,2.4e-06,24.6149257,24.4058354
1.12e-05,0.0003889991,2.4e-06,25.64409893,25.43992596
1.12e-05,0.0003889991,2.4e-06,26.66104874,26.46251016
1.12e-05,0.0003889991,2.4e-06,27.67622175,27.48422104
1.12e-05,0.0003889991,2.4e-06,28.69968942,28.51535154
1.12e-05,0.0003889991,2.4e-06,29.74218811,29.56697693
1.12e-05,0.0003889991,2.4e-06,30.81337786,30.64912227
1.12e-05,0.0003889991,2.4e-06,31.93190331,31.78021907
1.12e-05,0.0003889991,2.666667e-06,3.84e-05,3.84e-05
1.12e-05,0.0003889991,2.666667e-06,4.27e-05,4.27e-05
1.12e-05,0.0003889991,2.666667e-06,4.69e-05,4.69e-05
1.12e-05,0.0003889991,2.666667e-06,5.12e-05,5.12e-05
1.12e-05,0.0003889991,2.666667e-06,5.55e-05,5.55e-05
1.12e-05,0.0003889991,2.666667e-06,5.97e-05,5.97e-05
1.12e-05,0.0003889991,2.666667e-06,6.4e-05,6.4e-05
1.12e-05,0.0003889991,2.666667e-06,6.83e-05,6.83e-05
1.12e-05,0.0003889991,2.666667e-06,7.25e-05,7.25e-05
1.12e-05,0.0003889991,2.666667e-06,7.68e-05,7.68e-05
1.12e-05,0.0003889991,2.666667e-06,8.11e-05,8.11e-05
1.12e-05,0.0003889991,2.666667e-06,8.53e-05,8.53e-05
1.12e-05,0.0003889991,2.666667e-06,8.96e-05,8.96e-05
1.12e-05,0.0003889991,2.666667e-06,18.26753876,18.09961652
1.12e-05,0.0003889991,2.666667e-06,19.55081398,19.38458539
1.12e-05,0.0003889991,2.666667e-06,20.751949,20.58751065
1.12e-05,0.0003889991,2.666667e-06,21.89194088,21.73047296
1.12e-05,0.0003889991,2.666667e-06,22.98619924,22.82404946
1.12e-05,0.0003889991,2.666667e-06,24.04781074,23.89258837
1.12e-05,0.0003889991,2.666667e-06,25.09069906,24.93943783
1.12e-05,0.0003889991,2.666667e-06,26.12334128,25.97660089
1.12e-05,0.0003889991,2.666667e-06,27.15663164,27.01504513
1.12e-05,0.0003889991,2.666667e-06,28.20129617,28.06569976
1.12e-05,0.0003889991,2.666667e-06,29.26902616,29.14059712
1.12e-05,0.0003889991,2.666667e-06,30.3713072,30.2522671
1.12e-05,0.0003889991,2.666667e-06,31.53316181,31.42588202
1.12e-05,0.0003889991,2.933333e-06,3.84e-05,3.84e-05
1.12e-05,0.0003889991,2.933333e-06,4.27e-05,4.27e-05
1.12e-05,0.0003889991,2.933333e-06,4.69e-05,4.69e-05
1.12e-05,0.0003889991,2.933333e-06,5.12e-05,5.12e-05
1.12e-05,0.0003889991,2.933333e-06,5.55e-05,5.55e-05
1.12e-05,0.0003889991,2.933333e-06,5.97e-05,5.97e-05
1.12e-05,0.0003889991,2.933333e-06,6.4e-05,6.4e-05
1.12e-05,0.0003889991,2.933333e-06,6.83e-05,6.83e-05
1.12e-05,0.0003889991,2.933333e-06,7.25e-05,7.25e-05
1.12e-05,0.0003889991,2.933333e-06,7.68e-05,7.68e-05
1.12e-05,0.0003889991,2.933333e-06,8.11e-05,8.11e-05
1.12e-05,0.0003889991,2.933333e-06,8.53e-05,8.53e-05
1.12e-05,0.0003889991,2.933333e-06,8.96e-05,8.96e-05
1.12e-05,0.0003889991,2.933333e-06,17.80242725,17.66986616
1.12e-05,0.0003889991,2.933333e-06,19.09032604,18.95899388
1.12e-05,0.0003889991,2.933333e-06,20.29568577,20.16922552
1.12e-05,0.0003889991,2.933333e-06,21.44346297,21.3170546
1.12e-05,0.0003889991,2.933333e-06,22.54500957,22.42078747
1.12e-05,0.0003889991,2.933333e-06,23.61873895,23.4969555
1.12e-05,0.0003889991,2.933333e-06,24.67279067,24.55429765
1.12e-05,0.0003889991,2.933333e-06,25.71816438,25.60341536
1.12e-05,0.0003889991,2.933333e-06,26.76583148,26.65521619
1.12e-05,0.0003889991,2.933333e-06,27.82715695,27.72129913
1.12e-05,0.0003889991,2.933333e-06,28.91488791,28.82401491
1.12e-05,0.0003889991,2.933333e-06,30.05316765,29.96239573
1.12e-05,0.0003889991,2.933333e-06,31.23957776,31.15798196
1.12e-05,0.0003889991,3.2e-06,3.84e-05,3.84e-05
1.12e-05,0.0003889991,3.2e-06,4.27e-05,4.27e-05
1.12e-05,0.0003889991,3.2e-06,4.69e-05,4.69e-05
1.12e-05,0.0003889991,3.2e-06,5.12e-05,5.12e-05
1.12e-05,0.0003889991,3.2e-06,5.55e-05,5.55e-05
1.12e-05,0.0003889991,3.2e-06,5.97e-05,5.97e-05
1.12e-05,0.0003889991,3.2e-06,6.4e-05,6.4e-05
1.12e-05,0.0003889991,3.2e-06,6.83e-05,6.83e-05
1.12e-05,0.0003889991,3.2e-06,7.25e-05,7.25e-05
1.12e-05,0.0003889991,3.2e-06,7.68e-05,7.68e-05
1.12e-05,0.0003889991,3.2e-06,8.11e-05,8.11e-05
1.12e-05,0.0003889991,3.2e-06,8.53e-05,8.53e-05
1.12e-05,0.0003889991,3.2e-06,8.96e-05,8.96e-05
1.12e-05,0.0003889991,3.2e-06,17.21991859,17.43064409
1.12e-05,0.0003889991,3.2e-06,18.5156926,18.72172944
1.12e-05,0.0003889991,3.2e-06,19.7312926,19.93627673
1.12e-05,0.0003889991,3.2e-06,20.88759195,21.08874942
1.12e-05,0.0003889991,3.2e-06,22.00019309,22.19697297
1.12e-05,0.0003889991,3.2e-06,23.085352,23.27777463
1.12e-05,0.0003889991,3.2e-06,24.15422605,24.34117669
1.12e-05,0.0003889991,3.2e-06,25.21639253,25.39716889
1.12e-05,0.0003889991,3.2e-06,26.28211835,26.45641242
1.12e-05,0.0003889991,3.2e-06,27.37552027,27.53938444
1.12e-05,0.0003889991,3.2e-06,28.49491027,28.64809596
1.12e-05,0.0003889991,3.2e-06,29.66017007,29.80056777
1.12e-05,0.0003889991,3.2e-06,30.88815395,31.01313486
1.12e-05,0.0003889991,3.466667e-06,3.84e-05,3.84e-05
1.12e-05,0.0003889991,3.466667e-06,4.27e-05,4.27e-05
1.12e-05,0.0003889991,3.466667e-06,4.69e-05,4.69e-05
1.12e-05,0.0003889991,3.466667e-06,5.12e-05,5.12e-05
1.12e-05,0.0003889991,3.466667e-06,5.55e-05,5.55e-05
1.12e-05,0.0003889991,3.466667e-06,5.97e-05,5.97e-05
1.12e-05,0.0003889991,3.466667e-06,6.4e-05,6.4e-05
1.12e-05,0.0003889991,3.466667e-06,6.83e-05,6.83e-05
1.12e-05,0.0003889991,3.466667e-06,7.25e-05,7.25e-05
1.12e-05,0.0003889991,3.466667e-06,7.68e-05,7.68e-05
1.12e-05,0.0003889991,3.466667e-06,8.11e-05,8.11e-05
1.12e-05,0.0003889991,3.466667e-06,8.53e-05,8.53e-05
1.12e-05,0.0003889991,3.466667e-06,8.96e-05,8.96e-05
1.12e-05,0.0003889991,3.466667e-06,8.852613497,8.593847393
1.12e-05,0.0003889991,3.466667e-06,9.941276275,9.682871095
1.12e-05,0.0003889991,3.466667e-06,10.92563661,10.66744282
1.12e-05,0.0003889991,3.466667e-06,11.82568473,11.56782938
1.12e-05,0.0003889991,3.466667e-06,12.65653628,12.39897833
1.12e-05,0.0003889991,3.466667e-06,13.42830987,13.17096534
1.12e-05,0.0003889991,3.466667e-06,14.15234143,13.89563376
1.12e-05,0.0003889991,3.466667e-06,14.83310253,14.57688156
1.12e-05,0.0003889991,3.466667e-06,15.47710102,15.22142797
1.12e-05,0.0003889991,3.466667e-06,16.0889544,15.83387079
1.12e-05,0.0003889991,3.466667e-06,16.67251761,16.41806452
1.12e-05,0.0003889991,3.466667e-06,17.2310332,16.97725171
1.12e-05,0.0003889991,3.466667e-06,17.76725693,17.51418847
1.12e-05,0.0003889991,3.733333e-06,3.84e-05,3.84e-05
1.12e-05,0.0003889991,3.733333e-06,4.27e-05,4.27e-05
1.12e-05,0.0003889991,3.733333e-06,4.69e-05,4.69e-05
1.12e-05,0.0003889991,3.733333e-06,5.12e-05,5.12e-05
1.12e-05,0.0003889991,3.733333e-06,5.55e-05,5.55e-05
1.12e-05,0.0003889991,3.733333e-06,5.97e-05,5.97e-05
1.12e-05,0.0003889991,3.733333e-06,6.4e-05,6.4e-05
1.12e-05,0.0003889991,3.733333e-06,6.83e-05,6.83e-05
1.12e-05,0.0003889991,3.733333e-06,7.25e-05,7.25e-05
1.12e-05,0.0003889991,3.733333e-06,7.68e-05,7.68e-05
1.12e-05,0.0003889991,3.733333e-06,8.11e-05,8.11e-05
1.12e-05,0.0003889991,3.733333e-06,8.53e-05,8.53e-05
1.12e-05,0.0003889991,3.733333e-06,8.96e-05,8.96e-05
1.12e-05,0.0003889991,3.733333e-06,8.15475682,7.96517046
1.12e-05,0.0003889991,3.733333e-06,9.243567312,9.054093903
1.12e-05,0.0003889991,3.733333e-06,10.22857784,10.0393339
1.12e-05,0.0003889991,3.733333e-06,11.12957368,10.94060456
1.12e-05,0.0003889991,3.733333e-06,11.96132423,11.77265293
1.12e-05,0.0003889991,3.733333e-06,12.7350831,12.5467597
1.12e-05,0.0003889991,3.733333e-06,13.45955139,13.27160617
1.12e-05,0.0003889991,3.733333e-06,14.14166172,13.95408933
1.12e-05,0.0003889991,3.733333e-06,14.78721977,14.60011905
1.12e-05,0.0003889991,3.733333e-06,15.400743,15.21414196
1.12e-05,0.0003889991,3.733333e-06,15.98608626,15.80001368
1.12e-05,0.0003889991,3.733333e-06,16.54649286,16.36097838
1.12e-05,0.0003889991,3.733333e-06,17.08472007,16.89979421
1.12e-05,0.0003889991,4.8e-06,3.84e-05,3.84e-05
1.12e-05,0.0003889991,4.8e-06,4.27e-05,4.27e-05
1.12e-05,0.0003889991,4.8e-06,4.69e-05,4.69e-05
1.12e-05,0.0003889991,4.8e-06,5.12e-05,5.12e-05
1.12e-05,0.0003889991,4.8e-06,5.55e-05,5.55e-05
1.12e-05,0.0003889991,4.8e-06,5.97e-05,5.97e-05
1.12e-05,0.0003889991,4.8e-06,6.4e-05,6.4e-05
1.12e-05,0.0003889991,4.8e-06,6.83e-05,6.83e-05
1.12e-05,0.0003889991,4.8e-06,7.25e-05,7.25e-05
1.12e-05,0.0003889991,4.8e-06,7.68e-05,7.68e-05
1.12e-05,0.0003889991,4.8e-06,8.11e-05,8.11e-05
1.12e-05,0.0003889991,4.8e-06,8.53e-05,8.53e-05
1.12e-05,0.0003889991,4.8e-06,8.96e-05,8.96e-05
1.12e-05,0.0003889991,4.8e-06,7.218079074,7.48387522
1.12e-05,0.0003889991,4.8e-06,8.307223505,8.573033073
1.12e-05,0.0003889991,4.8e-06,9.293887457,9.559043893
1.12e-05,0.0003889991,4.8e-06,10.19634979,10.46105952
1.12e-05,0.0003889991,4.8e-06,11.02975682,11.29395233
1.12e-05,0.0003889991,4.8e-06,11.80538756,12.06901273
1.12e-05,0.0003889991,4.8e-06,12.53184354,12.79487529
1.12e-05,0.0003889991,4.8e-06,13.2154938,13.47821156
1.12e-05,0.0003889991,4.8e-06,13.86367142,14.12556132
1.12e-05,0.0003889991,4.8e-06,14.47992736,14.74096504
1.12e-05,0.0003889991,4.8e-06,15.06812431,15.32828301
1.12e-05,0.0003889991,4.8e-06,15.63151633,15.89076412
1.12e-05,0.0003889991,4.8e-06,16.17287033,16.43117078
1.12e-05,0.0003889991,4.266667e-06,3.84e-05,3.84e-05
1.12e-05,0.0003889991,4.266667e-06,4.27e-05,4.27e-05
1.12e-05,0.0003889991,4.266667e-06,4.69e-05,4.69e-05
1.12e-05,0.0003889991,4.266667e-06,5.12e-05,5.12e-05
1.12e-05,0.0003889991,4.266667e-06,5.55e-05,5.55e-05
1.12e-05,0.0003889991,4.266667e-06,5.97e-05,5.97e-05
1.12e-05,0.0003889991,4.266667e-06,6.4e-05,6.4e-05
1.12e-05,0.0003889991,4.266667e-06,6.83e-05,6.83e-05
1.12e-05,0.0003889991,4.266667e-06,7.25e-05,7.25e-05
1.12e-05,0.0003889991,4.266667e-06,7.68e-05,7.68e-05
1.12e-05,0.0003889991,4.266667e-06,8.11e-05,8.11e-05
1.12e-05,0.0003889991,4.266667e-06,8.53e-05,8.53e-05
1.12e-05,0.0003889991,4.266667e-06,8.96e-05,8.96e-05
1.12e-05,0.0003889991,4.266667e-06,7.631782556,6.878676099
1.12e-05,0.0003889991,4.266667e-06,8.720887969,7.968704294
1.12e-05,0.0003889991,4.266667e-06,9.706621508,8.955400987
1.12e-05,0.0003889991,4.266667e-06,10.60840003,9.858475962
1.12e-05,0.0003889991,4.266667e-06,11.44102083,10.69258431
1.12e-05,0.0003889991,4.266667e-06,12.21577735,11.46898864
1.12e-05,0.0003889991,4.266667e-06,12.94131946,12.19623614
1.12e-05,0.0003889991,4.266667e-06,13.62441863,12.88172795
1.12e-05,0.0003889991,4.266667e-06,14.27134136,13.52927359
1.12e-05,0.0003889991,4.266667e-06,14.88630128,14.14676006
1.12e-05,0.0003889991,4.266667e-06,15.47315704,14.73619927
1.12e-05,0.0003889991,4.266667e-06,16.03515557,15.30085722
1.12e-05,0.0003889991,4.266667e-06,16.57505755,15.84351267
1.12e-05,0.0003889991,4.533333e-06,3.84e-05,3.84e-05
1.12e-05,0.0003889991,4.533333e-06,4.27e-05,4.27e-05
1.12e-05,0.0003889991,4.533333e-06,4.69e-05,4.69e-05
1.12e-05,0.0003889991,4.533333e-06,5.12e-05,5.12e-05
1.12e-05,0.0003889991,4.533333e-06,5.55e-05,5.55e-05
1.12e-05,0.0003889991,4.533333e-06,5.97e-05,5.97e-05
1.12e-05,0.0003889991,4.533333e-06,6.4e-05,6.4e-05
1.12e-05,0.0003889991,4.533333e-06,6.83e-05,6.83e-05
1.12e-05,0.0003889991,4.533333e-06,7.25e-05,7.25e-05
1.12e-05,0.0003889991,4.533333e-06,7.68e-05,7.68e-05
1.12e-05,0.0003889991,4.533333e-06,8.11e-05,8.11e-05
1.12e-05,0.0003889991,4.533333e-06,8.53e-05,8.53e-05
1.12e-05,0.0003889991,4.533333e-06,8.96e-05,8.96e-05
1.12e-05,0.0003889991,4.533333e-06,6.985032366,36.93094398
1.12e-05,0.0003889991,4.533333e-06,8.074922573,41.72816604
1.12e-05,0.0003889991,4.533333e-06,9.061456645,46.59119833
1.12e-05,0.0003889991,4.533333e-06,9.964334199,50.08680006
1.12e-05,0.0003889991,4.533333e-06,10.79821753,52.3807206
1.12e-05,0.0003889991,4.533333e-06,11.57437399,53.83718966
1.12e-05,0.0003889991,4.533333e-06,12.30136913,54.72738524
1.12e-05,0.0003889991,4.533333e-06,12.98655167,55.26561589
1.12e-05,0.0003889991,4.533333e-06,13.63407498,55.58710924
1.12e-05,0.0003889991,4.533333e-06,14.25115463,55.77047894
1.12e-05,0.0003889991,4.533333e-06,14.84018592,55.86008916
1.12e-05,0.0003889991,4.533333e-06,15.40443253,55.8807086
1.12e-05,0.0003889991,4.533333e-06,15.94666735,55.84577074
1.12e-05,0.0003889991,4e-06,3.84e-05,3.84e-05
1.12e-05,0.0003889991,4e-06,4.27e-05,4.27e-05
1.12e-05,0.0003889991,4e-06,4.69e-05,4.69e-05
1.12e-05,0.0003889991,4e-06,5.12e-05,5.12e-05
1.12e-05,0.0003889991,4e-06,5.55e-05,5.55e-05
1.12e-05,0.0003889991,4e-06,5.97e-05,5.97e-05
1.12e-05,0.0003889991,4e-06,6.4e-05,6.4e-05
1.12e-05,0.0003889991,4e-06,6.83e-05,6.83e-05
1.12e-05,0.0003889991,4e-06,7.25e-05,7.25e-05
1.12e-05,0.0003889991,4e-06,7.68e-05,7.68e-05
1.12e-05,0.0003889991,4e-06,8.11e-05,8.11e-05
1.12e-05,0.0003889991,4e-06,8.53e-05,8.53e-05
1.12e-05,0.0003889991,4e-06,8.96e-05,8.96e-05
1.12e-05,0.0003889991,4e-06,36.75615087,36.68796817
1.12e-05,0.0003889991,4e-06,41.75066422,41.76359348
1.12e-05,0.0003889991,4e-06,46.67521522,46.71238009
1.12e-05,0.0003889991,4e-06,50.10575915,50.11151793
1.12e-05,0.0003889991,4e-06,52.31794803,52.28778176
1.12e-05,0.0003889991,4e-06,53.70958217,53.65195016
1.12e-05,0.0003889991,4e-06,54.56110142,54.48732545
1.12e-05,0.0003889991,4e-06,55.08006875,54.9983424
1.12e-05,0.0003889991,4e-06,55.39459526,55.31004892
1.12e-05,0.0003889991,4e-06,55.57850711,55.49426161
1.12e-05,0.0003889991,4e-06,55.67346443,55.59151397
1.12e-05,0.0003889991,4e-06,55.70285775,55.62462163
1.12e-05,0.0003889991,4e-06,55.6795322,55.60618114
1.12e-05,0.0003889991,5.6e-06,3.84e-05,3.84e-05
1.12e-05,0.0003889991,5.6e-06,4.27e-05,4.27e-05
1.12e-05,0.0003889991,5.6e-06,4.69e-05,4.69e-05
1.12e-05,0.0003889991,5.6e-06,5.12e-05,5.12e-05
1.12e-05,0.0003889991,5.6e-06,5.55e-05,5.55e-05
1.12e-05,0.0003889991,5.6e-06,5.97e-05,5.97e-05
1.12e-05,0.0003889991,5.6e-06,6.4e-05,6.4e-05
1.12e-05,0.0003889991,5.6e-06,6.83e-05,6.83e-05
1.12e-05,0.0003889991,5.6e-06,7.25e-05,7.25e-05
1.12e-05,0.0003889991,5.6e-06,7.68e-05,7.68e-05
1.12e-05,0.0003889991,5.6e-06,8.11e-05,8.11e-05
1.12e-05,0.0003889991,5.6e-06,8.53e-05,8.53e-05
1.12e-05,0.0003889991,5.6e-06,8.96e-05,8.96e-05
1.12e-05,0.0003889991,5.6e-06,36.57821694,36.42770658
1.12e-05,0.0003889991,5.6e-06,41.79606355,41.87193983
1.12e-05,0.0003889991,5.6e-06,46.77843613,46.88416546
1.12e-05,0.0003889991,5.6e-06,50.11800441,50.11824905
1.12e-05,0.0003889991,5.6e-06,52.23037381,52.12717766
1.12e-05,0.0003889991,5.6e-06,53.54703706,53.37006075
1.12e-05,0.0003889991,5.6e-06,54.3547998,54.13565896
1.12e-05,0.0003889991,5.6e-06,54.85232854,54.61283222
1.12e-05,0.0003889991,5.6e-06,55.15931712,54.91284482
1.12e-05,0.0003889991,5.6e-06,55.34413303,55.09877494
1.12e-05,0.0003889991,5.6e-06,55.44538566,55.20630066
1.12e-05,0.0003889991,5.6e-06,55.48490706,55.2557495
1.12e-05,0.0003889991,5.6e-06,55.47486355,55.25861648
1.12e-05,0.0003889991,5.066667e-06,3.84e-05,3.84e-05
1.12e-05,0.0003889991,5.066667e-06,4.27e-05,4.27e-05
1.12e-05,0.0003889991,5.066667e-06,4.69e-05,4.69e-05
1.12e-05,0.0003889991,5.066667e-06,5.12e-05,5.12e-05
1.12e-05,0.0003889991,5.066667e-06,5.55e-05,5.55e-05
1.12e-05,0.0003889991,5.066667e-06,5.97e-05,5.97e-05
1.12e-05,0.0003889991,5.066667e-06,6.4e-05,6.4e-05
1.12e-05,0.0003889991,5.066667e-06,6.83e-05,6.83e-05
1.12e-05,0.0003889991,5.066667e-06,7.25e-05,7.25e-05
1.12e-05,0.0003889991,5.066667e-06,7.68e-05,7.68e-05
1.12e-05,0.0003889991,5.066667e-06,8.11e-05,8.11e-05
1.12e-05,0.0003889991,5.066667e-06,8.53e-05,8.53e-05
1.12e-05,0.0003889991,5.066667e-06,8.96e-05,8.96e-05
1.12e-05,0.0003889991,5.066667e-06,36.45905456,36.53352213
1.12e-05,0.0003889991,5.066667e-06,41.85246828,41.81426159
1.12e-05,0.0003889991,5.066667e-06,46.86051955,46.80784217
1.12e-05,0.0003889991,5.066667e-06,50.11932299,50.11935157
1.12e-05,0.0003889991,5.066667e-06,52.15159652,52.20315811
1.12e-05,0.0003889991,5.066667e-06,53.41082583,53.49908771
1.12e-05,0.0003889991,5.066667e-06,54.18569396,54.29491587
1.12e-05,0.0003889991,5.066667e-06,54.66731906,54.78665481
1.12e-05,0.0003889991,5.066667e-06,54.96884328,55.0916422
1.12e-05,0.0003889991,5.066667e-06,55.15450959,55.27675081
1.12e-05,0.0003889991,5.066667e-06,55.26063985,55.37975954
1.12e-05,0.0003889991,5.066667e-06,55.30789276,55.42207499
1.12e-05,0.0003889991,5.066667e-06,55.30791253,55.41567533
1.12e-05,0.0003889991,5.333333e-06,3.84e-05,3.84e-05
1.12e-05,0.0003889991,5.333333e-06,4.27e-05,4.27e-05
1.12e-05,0.0003889991,5.333333e-06,4.69e-05,4.69e-05
1.12e-05,0.0003889991,5.333333e-06,5.12e-05,5.12e-05
1.12e-05,0.0003889991,5.333333e-06,5.55e-05,5.55e-05
1.12e-05,0.0003889991,5.333333e-06,5.97e-05,5.97e-05
1.12e-05,0.0003889991,5.333333e-06,6.4e-05,6.4e-05
1.12e-05,0.0003889991,5.333333e-06,6.83e-05,6.83e-05
1.12e-05,0.0003889991,5.333333e-06,7.25e-05,7.25e-05
1.12e-05,0.0003889991,5.333333e-06,7.68e-05,7.68e-05
1.12e-05,0.0003889991,5.333333e-06,8.11e-05,8.11e-05
1.12e-05,0.0003889991,5.333333e-06,8.53e-05,8.53e-05
1.12e-05,0.0003889991,5.333333e-06,8.96e-05,8.96e-05
1.12e-05,0.0003889991,5.333333e-06,36.39947016,36.3738651
1.12e-05,0.0003889991,5.333333e-06,41.89140754,41.91074099
1.12e-05,0.0003889991,5.333333e-06,46.90623189,46.92685836
1.12e-05,0.0003889991,5.333333e-06,50.11662262,50.11453311
1.12e-05,0.0003889991,5.333333e-06,52.10361212,52.08085792
1.12e-05,0.0003889991,5.333333e-06,53.33128252,53.29432634
1.12e-05,0.0003889991,5.333333e-06,54.08828892,54.04334187
1.12e-05,0.0003889991,5.333333e-06,54.56134718,54.51258241
1.12e-05,0.0003889991,5.333333e-06,54.85996935,54.80992044
1.12e-05,0.0003889991,5.333333e-06,55.04615322,54.99634825
1.12e-05,0.0003889991,5.333333e-06,55.15498046,55.1063931
1.12e-05,0.0003889991,5.333333e-06,55.20647141,55.15978934
1.12e-05,0.0003889991,5.333333e-06,55.21198191,55.16776261
1.12e-05,4.48e-05,2.4e-06,3.84e-05,3.84e-05
1.12e-05,4.48e-05,2.4e-06,4.27e-05,4.27e-05
1.12e-05,4.48e-05,2.4e-06,4.69e-05,4.69e-05
1.12e-05,4.48e-05,2.4e-06,5.12e-05,5.12e-05
1.12e-05,4.48e-05,2.4e-06,5.55e-05,5.55e-05
1.12e-05,4.48e-05,2.4e-06,5.97e-05,5.97e-05
1.12e-05,4.48e-05,2.4e-06,6.4e-05,6.4e-05
1.12e-05,4.48e-05,2.4e-06,6.83e-05,6.83e-05
1.12e-05,4.48e-05,2.4e-06,7.25e-05,7.25e-05
1.12e-05,4.48e-05,2.4e-06,7.68e-05,7.68e-05
1.12e-05,4.48e-05,2.4e-06,8.11e-05,8.11e-05
1.12e-05,4.48e-05,2.4e-06,8.53e-05,8.53e-05
1.12e-05,4.48e-05,2.4e-06,8.96e-05,8.96e-05
1.12e-05,4.48e-05,2.4e-06,18.92397846,18.69963601
1.12e-05,4.48e-05,2.4e-06,20.20152828,19.97930049
1.12e-05,4.48e-05,2.4e-06,21.39577913,21.17577146
1.12e-05,4.48e-05,2.4e-06,22.52752483,22.30888214
1.12e-05,4.48e-05,2.4e-06,23.61082145,23.39816614
1.12e-05,4.48e-05,2.4e-06,24.66347308,24.45471612
1.12e-05,4.48e-05,2.4e-06,25.68930535,25.48460955
1.12e-05,4.48e-05,2.4e-06,26.71060382,26.51239718
1.12e-05,4.48e-05,2.4e-06,27.72673756,27.53515565
1.12e-05,4.48e-05,2.4e-06,28.75134888,28.5675325
1.12e-05,4.48e-05,2.4e-06,29.79516996,29.6205794
1.12e-05,4.48e-05,2.4e-06,30.8688014,30.70542575
1.12e-05,4.48e-05,2.4e-06,31.98657731,31.83485925
1.12e-05,4.48e-05,2.666667e-06,3.84e-05,3.84e-05
1.12e-05,4.48e-05,2.666667e-06,4.27e-05,4.27e-05
1.12e-05,4.48e-05,2.666667e-06,4.69e-05,4.69e-05
1.12e-05,4.48e-05,2.666667e-06,5.12e-05,5.12e-05
1.12e-05,4.48e-05,2.666667e-06,5.55e-05,5.55e-05
1.12e-05,4.48e-05,2.666667e-06,5.97e-05,5.97e-05
1.12e-05,4.48e-05,2.666667e-06,6.4e-05,6.4e-05
1.12e-05,4.48e-05,2.666667e-06,6.83e-05,6.83e-05
1.12e-05,4.48e-05,2.666667e-06,7.25e-05,7.25e-05
1.12e-05,4.48e-05,2.666667e-06,7.68e-05,7.68e-05
1.12e-05,4.48e-05,2.666667e-06,8.11e-05,8.11e-05
1.12e-05,4.48e-05,2.666667e-06,8.53e-05,8.53e-05
1.12e-05,4.48e-05,2.666667e-06,8.96e-05,8.96e-05
1.12e-05,4.48e-05,2.666667e-06,18.31406557,18.14630914
1.12e-05,4.48e-05,2.666667e-06,19.59739224,19.43117723
1.12e-05,4.48e-05,2.666667e-06,20.79664748,20.6357933
1.12e-05,4.48e-05,2.666667e-06,21.93908808,21.77815245
1.12e-05,4.48e-05,2.666667e-06,23.03368008,22.8754891
1.12e-05,4.48e-05,2.666667e-06,24.09728172,23.94231624
1.12e-05,4.48e-05,2.666667e-06,25.14028436,24.98926285
1.12e-05,4.48e-05,2.666667e-06,26.17386534,26.02743519
1.12e-05,4.48e-05,2.666667e-06,27.20840883,27.06725346
1.12e-05,4.48e-05,2.666667e-06,28.2545272,28.11950088
1.12e-05,4.48e-05,2.666667e-06,29.32390781,29.19614984
1.12e-05,4.48e-05,2.666667e-06,30.42931261,30.31069549
1.12e-05,4.48e-05,2.666667e-06,31.59049025,31.48368061
1.12e-05,4.48e-05,2.933333e-06,3.84e-05,3.84e-05
1.12e-05,4.48e-05,2.933333e-06,4.27e-05,4.27e-05
1.12e-05,4.48e-05,2.933333e-06,4.69e-05,4.69e-05
1.12e-05,4.48e-05,2.933333e-06,5.12e-05,5.12e-05
1.12e-05,4.48e-05,2.933333e-06,5.55e-05,5.55e-05
1.12e-05,4.48e-05,2.933333e-06,5.97e-05,5.97e-05
1.12e-05,4.48e-05,2.933333e-06,6.4e-05,6.4e-05
1.12e-05,4.48e-05,2.933333e-06,6.83e-05,6.83e-05
1.12e-05,4.48e-05,2.933333e-06,7.25e-05,7.25e-05
1.12e-05,4.48e-05,2.933333e-06,7.68e-05,7.68e-05
1.12e-05,4.48e-05,2.933333e-06,8.11e-05,8.11e-05
1.12e-05,4.48e-05,2.933333e-06,8.53e-05,8.53e-05
1.12e-05,4.48e-05,2.933333e-06,8.96e-05,8.96e-05
1.12e-05,4.48e-05,2.933333e-06,17.84942096,17.71699602
1.12e-05,4.48e-05,2.933333e-06,19.13675574,19.00523654
1.12e-05,4.48e-05,2.933333e-06,20.34622163,20.21717976
1.12e-05,4.48e-05,2.933333e-06,21.49343938,21.36654988
1.12e-05,4.48e-05,2.933333e-06,22.59611475,22.47174707
1.12e-05,4.48e-05,2.933333e-06,23.66890897,23.54731413
1.12e-05,4.48e-05,2.933333e-06,24.72306042,24.60477444
1.12e-05,4.48e-05,2.933333e-06,25.76960725,25.65516036
1.12e-05,4.48e-05,2.933333e-06,26.81896357,26.70884052
1.12e-05,4.48e-05,2.933333e-06,27.8821991,27.77701264
1.12e-05,4.48e-05,2.933333e-06,28.97193583,28.87264571
1.12e-05,4.48e-05,2.933333e-06,30.10243105,30.01040701
1.12e-05,4.48e-05,2.933333e-06,31.29825695,31.21707034
1.12e-05,4.48e-05,3.2e-06,3.84e-05,3.84e-05
1.12e-05,4.48e-05,3.2e-06,4.27e-05,4.27e-05
1.12e-05,4.48e-05,3.2e-06,4.69e-05,4.69e-05
1.12e-05,4.48e-05,3.2e-06,5.12e-05,5.12e-05
1.12e-05,4.48e-05,3.2e-06,5.55e-05,5.55e-05
1.12e-05,4.48e-05,3.2e-06,5.97e-05,5.97e-05
1.12e-05,4.48e-05,3.2e-06,6.4e-05,6.4e-05
1.12e-05,4.48e-05,3.2e-06,6.83e-05,6.83e-05
1.12e-05,4.48e-05,3.2e-06,7.25e-05,7.25e-05
1.12e-05,4.48e-05,3.2e-06,7.68e-05,7.68e-05
1.12e-05,4.48e-05,3.2e-06,8.11e-05,8.11e-05
1.12e-05,4.48e-05,3.2e-06,8.53e-05,8.53e-05
1.12e-05,4.48e-05,3.2e-06,8.96e-05,8.96e-05
1.12e-05,4.48e-05,3.2e-06,17.26749906,17.47801825
1.12e-05,4.48e-05,3.2e-06,18.56375101,18.7715469
1.12e-05,4.48e-05,3.2e-06,19.7797299,19.98449775
1.12e-05,4.48e-05,3.2e-06,20.93669968,21.13783108
1.12e-05,4.48e-05,3.2e-06,22.05079951,22.247708
1.12e-05,4.48e-05,3.2e-06,23.13629721,23.32845589
1.12e-05,4.48e-05,3.2e-06,24.20544587,24.39204082
1.12e-05,4.48e-05,3.2e-06,25.26935014,25.44951911
1.12e-05,4.48e-05,3.2e-06,26.33792239,26.51108425
1.12e-05,4.48e-05,3.2e-06,27.42281039,27.58817111
1.12e-05,4.48e-05,3.2e-06,28.55112321,28.70377655
1.12e-05,4.48e-05,3.2e-06,29.71833705,29.85812374
1.12e-05,4.48e-05,3.2e-06,30.94872442,31.07299284
1.12e-05,4.48e-05,3.466667e-06,3.84e-05,3.84e-05
1.12e-05,4.48e-05,3.466667e-06,4.27e-05,4.27e-05
1.12e-05,4.48e-05,3.466667e-06,4.69e-05,4.69e-05
1.12e-05,4.48e-05,3.466667e-06,5.12e-05,5.12e-05
1.12e-05,4.48e-05,3.466667e-06,5.55e-05,5.55e-05
1.12e-05,4.48e-05,3.466667e-06,5.97e-05,5.97e-05
1.12e-05,4.48e-05,3.466667e-06,6.4e-05,6.4e-05
1.12e-05,4.48e-05,3.466667e-06,6.83e-05,6.83e-05
1.12e-05,4.48e-05,3.466667e-06,7.25e-05,7.25e-05
1.12e-05,4.48e-05,3.466667e-06,7.68e-05,7.68e-05
1.12e-05,4.48e-05,3.466667e-06,8.11e-05,8.11e-05
1.12e-05,4.48e-05,3.466667e-06,8.53e-05,8.53e-05
1.12e-05,4.48e-05,3.466667e-06,8.96e-05,8.96e-05
1.12e-05,4.48e-05,3.466667e-06,8.899377854,8.641477228
1.12e-05,4.48e-05,3.466667e-06,9.988284703,9.730081832
1.12e-05,4.48e-05,3.466667e-06,10.97270604,10.71472346
1.12e-05,4.48e-05,3.466667e-06,11.87294235,11.61525654
1.12e-05,4.48e-05,3.466667e-06,12.70374892,12.44640401
1.12e-05,4.48e-05,3.466667e-06,13.4761338,13.21915813
1.12e-05,4.48e-05,3.466667e-06,14.19969393,13.94320565
1.12e-05,4.48e-05,3.466667e-06,14.88052765,14.62452425
1.12e-05,4.48e-05,3.466667e-06,15.52460817,15.26915334
1.12e-05,4.48e-05,3.466667e-06,16.13654748,15.88168467
1.12e-05,4.48e-05,3.466667e-06,16.72020013,16.46597044
1.12e-05,4.48e-05,3.466667e-06,17.27880875,17.02525329
1.12e-05,4.48e-05,3.466667e-06,17.81512921,17.56228946
1.12e-05,4.48e-05,3.733333e-06,3.84e-05,3.84e-05
1.12e-05,4.48e-05,3.733333e-06,4.27e-05,4.27e-05
1.12e-05,4.48e-05,3.733333e-06,4.69e-05,4.69e-05
1.12e-05,4.48e-05,3.733333e-06,5.12e-05,5.12e-05
1.12e-05,4.48e-05,3.733333e-06,5.55e-05,5.55e-05
1.12e-05,4.48e-05,3.733333e-06,5.97e-05,5.97e-05
1.12e-05,4.48e-05,3.733333e-06,6.4e-05,6.4e-05
1.12e-05,4.48e-05,3.733333e-06,6.83e-05,6.83e-05
1.12e-05,4.48e-05,3.733333e-06,7.25e-05,7.25e-05
1.12e-05,4.48e-05,3.733333e-06,7.68e-05,7.68e-05
1.12e-05,4.48e-05,3.733333e-06,8.11e-05,8.11e-05
1.12e-05,4.48e-05,3.733333e-06,8.53e-05,8.53e-05
1.12e-05,4.48e-05,3.733333e-06,8.96e-05,8.96e-05
1.12e-05,4.48e-05,3.733333e-06,8.20230653,8.012886975
1.12e-05,4.48e-05,3.733333e-06,9.291113534,9.10177177
1.12e-05,4.48e-05,3.733333e-06,10.27623522,10.08716075
1.12e-05,4.48e-05,3.733333e-06,11.17732601,10.98851481
1.12e-05,4.48e-05,3.733333e-06,12.00912951,11.82062897
1.12e-05,4.48e-05,3.733333e-06,12.7825983,12.59444514
1.12e-05,4.48e-05,3.733333e-06,13.50751962,13.31975572
1.12e-05,4.48e-05,3.733333e-06,14.18969818,14.00231034
1.12e-05,4.48e-05,3.733333e-06,14.83532927,14.64839731
1.12e-05,4.48e-05,3.733333e-06,15.44894698,15.26251826
1.12e-05,4.48e-05,3.733333e-06,16.03438801,15.84849108
1.12e-05,4.48e-05,3.733333e-06,16.59489587,16.40956019
1.12e-05,4.48e-05,3.733333e-06,17.13322803,16.94848398
1.12e-05,4.48e-05,4.8e-06,3.84e-05,3.84e-05
1.12e-05,4.48e-05,4.8e-06,4.27e-05,4.27e-05
1.12e-05,4.48e-05,4.8e-06,4.69e-05,4.69e-05
1.12e-05,4.48e-05,4.8e-06,5.12e-05,5.12e-05
1.12e-05,4.48e-05,4.8e-06,5.55e-05,5.55e-05
1.12e-05,4.48e-05,4.8e-06,5.97e-05,5.97e-05
1.12e-05,4.48e-05,4.8e-06,6.4e-05,6.4e-05
1.12e-05,4.48e-05,4.8e-06,6.83e-05,6.83e-05
1.12e-05,4.48e-05,4.8e-06,7.25e-05,7.25e-05
1.12e-05,4.48e-05,4.8e-06,7.68e-05,7.68e-05
1.12e-05,4.48e-05,4.8e-06,8.11e-05,8.11e-05
1.12e-05,4.48e-05,4.8e-06,8.53e-05,8.53e-05
1.12e-05,4.48e-05,4.8e-06,8.96e-05,8.96e-05
1.12e-05,4.48e-05,4.8e-06,7.266489136,7.53203264
1.12e-05,4.48e-05,4.8e-06,8.356171351,8.620910169
1.12e-05,4.48e-05,4.8e-06,9.342421933,9.60731997
1.12e-05,4.48e-05,4.8e-06,10.24496001,10.50940872
1.12e-05,4.48e-05,4.8e-06,11.07776131,11.34238213
1.12e-05,4.48e-05,4.8e-06,11.85389194,12.11719875
1.12e-05,4.48e-05,4.8e-06,12.58078441,12.84351911
1.12e-05,4.48e-05,4.8e-06,13.26471725,13.52699575
1.12e-05,4.48e-05,4.8e-06,13.91258884,14.17426216
1.12e-05,4.48e-05,4.8e-06,14.52896959,14.78977825
1.12e-05,4.48e-05,4.8e-06,15.11729258,15.37721028
1.12e-05,4.48e-05,4.8e-06,15.68081149,15.93980759
1.12e-05,4.48e-05,4.8e-06,16.22229388,16.48033309
1.12e-05,4.48e-05,4.266667e-06,3.84e-05,3.84e-05
1.12e-05,4.48e-05,4.266667e-06,4.27e-05,4.27e-05
1.12e-05,4.48e-05,4.266667e-06,4.69e-05,4.69e-05
1.12e-05,4.48e-05,4.266667e-06,5.12e-05,5.12e-05
1.12e-05,4.48e-05,4.266667e-06,5.55e-05,5.55e-05
1.12e-05,4.48e-05,4.266667e-06,5.97e-05,5.97e-05
1.12e-05,4.48e-05,4.266667e-06,6.4e-05,6.4e-05
1.12e-05,4.48e-05,4.266667e-06,6.83e-05,6.83e-05
1.12e-05,4.48e-05,4.266667e-06,7.25e-05,7.25e-05
1.12e-05,4.48e-05,4.266667e-06,7.68e-05,7.68e-05
1.12e-05,4.48e-05,4.266667e-06,8.11e-05,8.11e-05
1.12e-05,4.48e-05,4.266667e-06,8.53e-05,8.53e-05
1.12e-05,4.48e-05,4.266667e-06,8.96e-05,8.96e-05
1.12e-05,4.48e-05,4.266667e-06,7.679801949,6.92740765
1.12e-05,4.48e-05,4.266667e-06,8.768734365,8.017524032
1.12e-05,4.48e-05,4.266667e-06,9.754756702,9.004267669
1.12e-05,4.48e-05,4.266667e-06,10.65660924,9.907435128
1.12e-05,4.48e-05,4.266667e-06,11.48930799,10.74134885
1.12e-05,4.48e-05,4.266667e-06,12.26379873,11.51793097
1.12e-05,4.48e-05,4.266667e-06,12.98980573,12.24558304
1.12e-05,4.48e-05,4.266667e-06,13.67300835,12.92998727
1.12e-05,4.48e-05,4.266667e-06,14.31991481,13.58006211
1.12e-05,4.48e-05,4.266667e-06,14.93498162,14.19605328
1.12e-05,4.48e-05,4.266667e-06,15.52194654,14.78564545
1.12e-05,4.48e-05,4.266667e-06,16.08405685,15.35045185
1.12e-05,4.48e-05,4.266667e-06,16.62407367,15.89325476
1.12e-05,4.48e-05,4.533333e-06,3.84e-05,3.84e-05
1.12e-05,4.48e-05,4.533333e-06,4.27e-05,4.27e-05
1.12e-05,4.48e-05,4.533333e-06,4.69e-05,4.69e-05
1.12e-05,4.48e-05,4.533333e-06,5.12e-05,5.12e-05
1.12e-05,4.48e-05,4.533333e-06,5.55e-05,5.55e-05
1.12e-05,4.48e-05,4.533333e-06,5.97e-05,5.97e-05
1.12e-05,4.48e-05,4.533333e-06,6.4e-05,6.4e-05
1.12e-05,4.48e-05,4.533333e-06,6.83e-05,6.83e-05
1.12e-05,4.48e-05,4.533333e-06,7.25e-05,7.25e-05
1.12e-05,4.48e-05,4.533333e-06,7.68e-05,7.68e-05
1.12e-05,4.48e-05,4.533333e-06,8.11e-05,8.11e-05
1.12e-05,4.48e-05,4.533333e-06,8.53e-05,8.53e-05
1.12e-05,4.48e-05,4.533333e-06,8.96e-05,8.96e-05
1.12e-05,4.48e-05,4.533333e-06,7.033664506,36.99256237
1.12e-05,4.48e-05,4.533333e-06,8.12363308,41.80826829
1.12e-05,4.48e-05,4.533333e-06,9.11022004,46.65954909
1.12e-05,4.48e-05,4.533333e-06,10.01318222,50.14544919
1.12e-05,4.48e-05,4.533333e-06,10.8467653,52.4322583
1.12e-05,4.48e-05,4.533333e-06,11.62317655,53.88260462
1.12e-05,4.48e-05,4.533333e-06,12.35058566,54.76870913
1.12e-05,4.48e-05,4.533333e-06,13.03485887,55.30421027
1.12e-05,4.48e-05,4.533333e-06,13.68315552,55.62385135
1.12e-05,4.48e-05,4.533333e-06,14.30037675,55.80588688
1.12e-05,4.48e-05,4.533333e-06,14.88955049,55.89445009
1.12e-05,4.48e-05,4.533333e-06,15.45393755,55.91416403
1.12e-05,4.48e-05,4.533333e-06,15.99631276,55.87836537
1.12e-05,4.48e-05,4e-06,3.84e-05,3.84e-05
1.12e-05,4.48e-05,4e-06,4.27e-05,4.27e-05
1.12e-05,4.48e-05,4e-06,4.69e-05,4.69e-05
1.12e-05,4.48e-05,4e-06,5.12e-05,5.12e-05
1.12e-05,4.48e-05,4e-06,5.55e-05,5.55e-05
1.12e-05,4.48e-05,4e-06,5.97e-05,5.97e-05
1.12e-05,4.48e-05,4e-06,6.4e-05,6.4e-05
1.12e-05,4.48e-05,4e-06,6.83e-05,6.83e-05
1.12e-05,4.48e-05,4e-06,7.25e-05,7.25e-05
1.12e-05,4.48e-05,4e-06,7.68e-05,7.68e-05
1.12e-05,4.48e-05,4e-06,8.11e-05,8.11e-05
1.12e-05,4.48e-05,4e-06,8.53e-05,8.53e-05
1.12e-05,4.48e-05,4e-06,8.96e-05,8.96e-05
1.12e-05,4.48e-05,4e-06,36.81957919,36.75214571
1.12e-05,4.48e-05,4e-06,41.82420786,41.83813228
1.12e-05,4.48e-05,4e-06,46.7441391,46.78153355
1.12e-05,4.48e-05,4e-06,50.1643472,50.17008272
1.12e-05,4.48e-05,4e-06,52.36918856,52.33890275
1.12e-05,4.48e-05,4e-06,53.7548502,53.69716218
1.12e-05,4.48e-05,4e-06,54.60240575,54.5286282
1.12e-05,4.48e-05,4e-06,55.11874582,55.03706052
1.12e-05,4.48e-05,4e-06,55.4314903,55.34701399
1.12e-05,4.48e-05,4e-06,55.61411651,55.52996099
1.12e-05,4.48e-05,4e-06,55.70806411,55.62621892
1.12e-05,4.48e-05,4e-06,55.73658555,55.65846846
1.12e-05,4.48e-05,4e-06,55.71243469,55.63921716
1.12e-05,4.48e-05,5.6e-06,3.84e-05,3.84e-05
1.12e-05,4.48e-05,5.6e-06,4.27e-05,4.27e-05
1.12e-05,4.48e-05,5.6e-06,4.69e-05,4.69e-05
1.12e-05,4.48e-05,5.6e-06,5.12e-05,5.12e-05
1.12e-05,4.48e-05,5.6e-06,5.55e-05,5.55e-05
1.12e-05,4.48e-05,5.6e-06,5.97e-05,5.97e-05
1.12e-05,4.48e-05,5.6e-06,6.4e-05,6.4e-05
1.12e-05,4.48e-05,5.6e-06,6.83e-05,6.83e-05
1.12e-05,4.48e-05,5.6e-06,7.25e-05,7.25e-05
1.12e-05,4.48e-05,5.6e-06,7.68e-05,7.68e-05
1.12e-05,4.48e-05,5.6e-06,8.11e-05,8.11e-05
1.12e-05,4.48e-05,5.6e-06,8.53e-05,8.53e-05
1.12e-05,4.48e-05,5.6e-06,8.96e-05,8.96e-05
1.12e-05,4.48e-05,5.6e-06,36.64358198,36.49391599
1.12e-05,4.48e-05,5.6e-06,41.87233312,41.95072679
1.12e-05,4.48e-05,5.6e-06,46.84797537,46.95428023
1.12e-05,4.48e-05,5.6e-06,50.17651895,50.17665828
1.12e-05,4.48e-05,5.6e-06,52.28129613,52.17781034
1.12e-05,4.48e-05,5.6e-06,53.59216062,53.41506813
1.12e-05,4.48e-05,5.6e-06,54.3961091,54.17700252
1.12e-05,4.48e-05,5.6e-06,54.89112626,54.65177662
1.12e-05,4.48e-05,5.6e-06,55.1964111,54.95016053
1.12e-05,4.48e-05,5.6e-06,55.37999513,55.13491001
1.12e-05,4.48e-05,5.6e-06,55.4802792,55.24150619
1.12e-05,4.48e-05,5.6e-06,55.51896572,55.29015505
1.12e-05,4.48e-05,5.6e-06,55.5081358,55.2922721
1.12e-05,4.48e-05,5.066667e-06,3.84e-05,3.84e-05
1.12e-05,4.48e-05,5.066667e-06,4.27e-05,4.27e-05
1.12e-05,4.48e-05,5.066667e-06,4.69e-05,4.69e-05
1.12e-05,4.48e-05,5.066667e-06,5.12e-05,5.12e-05
1.12e-05,4.48e-05,5.066667e-06,5.55e-05,5.55e-05
1.12e-05,4.48e-05,5.066667e-06,5.97e-05,5.97e-05
1.12e-05,4.48e-05,5.066667e-06,6.4e-05,6.4e-05
1.12e-05,4.48e-05,5.066667e-06,6.83e-05,6.83e-05
1.12e-05,4.48e-05,5.066667e-06,7.25e-05,7.25e-05
1.12e-05,4.48e-05,5.066667e-06,7.68e-05,7.68e-05
1.12e-05,4.48e-05,5.066667e-06,8.11e-05,8.11e-05
1.12e-05,4.48e-05,5.066667e-06,8.53e-05,8.53e-05
1.12e-05,4.48e-05,5.066667e-06,8.96e-05,8.96e-05
1.12e-05,4.48e-05,5.066667e-06,36.52526847,36.59930995
1.12e-05,4.48e-05,5.066667e-06,41.9307407,41.89127575
1.12e-05,4.48e-05,5.066667e-06,46.93050963,46.87754618
1.12e-05,4.48e-05,5.066667e-06,50.17775853,50.17783996
1.12e-05,4.48e-05,5.066667e-06,52.20229144,52.25399677
1.12e-05,4.48e-05,5.066667e-06,53.45585666,53.54417597
1.12e-05,4.48e-05,5.066667e-06,54.22702729,54.33623176
1.12e-05,4.48e-05,5.066667e-06,54.70622838,54.82549081
1.12e-05,4.48e-05,5.066667e-06,55.00610741,55.12879571
1.12e-05,4.48e-05,5.066667e-06,55.19058184,55.31268698
1.12e-05,4.48e-05,5.066667e-06,55.29577402,55.41473824
1.12e-05,4.48e-05,5.066667e-06,55.34221931,55.45622874
1.12e-05,4.48e-05,5.066667e-06,55.34148121,55.4490531
1.12e-05,4.48e-05,5.333333e-06,3.84e-05,3.84e-05
1.12e-05,4.48e-05,5.333333e-06,4.27e-05,4.27e-05
1.12e-05,4.48e-05,5.333333e-06,4.69e-05,4.69e-05
1.12e-05,4.48e-05,5.333333e-06,5.12e-05,5.12e-05
1.12e-05,4.48e-05,5.333333e-06,5.55e-05,5.55e-05
1.12e-05,4.48e-05,5.333333e-06,5.97e-05,5.97e-05
1.12e-05,4.48e-05,5.333333e-06,6.4e-05,6.4e-05
1.12e-05,4.48e-05,5.333333e-06,6.83e-05,6.83e-05
1.12e-05,4.48e-05,5.333333e-06,7.25e-05,7.25e-05
1.12e-05,4.48e-05,5.333333e-06,7.68e-05,7.68e-05
1.12e-05,4.48e-05,5.333333e-06,8.11e-05,8.11e-05
1.12e-05,4.48e-05,5.333333e-06,8.53e-05,8.53e-05
1.12e-05,4.48e-05,5.333333e-06,8.96e-05,8.96e-05
1.12e-05,4.48e-05,5.333333e-06,36.46552109,36.43959787
1.12e-05,4.48e-05,5.333333e-06,41.97063187,41.99032419
1.12e-05,4.48e-05,5.333333e-06,46.97646087,46.99719214
1.12e-05,4.48e-05,5.333333e-06,50.17500581,50.17289064
1.12e-05,4.48e-05,5.333333e-06,52.15418786,52.13138139
1.12e-05,4.48e-05,5.333333e-06,53.37626932,53.33929502
1.12e-05,4.48e-05,5.333333e-06,54.12964342,54.08470787
1.12e-05,4.48e-05,5.333333e-06,54.60032562,54.55159392
1.12e-05,4.48e-05,5.333333e-06,54.89733442,54.84733284
1.12e-05,4.48e-05,5.333333e-06,55.08234807,55.03260013
1.12e-05,4.48e-05,5.333333e-06,55.19025369,55.14173071
1.12e-05,4.48e-05,5.333333e-06,55.2409517,55.19434055
1.12e-05,4.48e-05,5.333333e-06,55.24571962,55.20157803
1.013333e-05,0.000132012,2.4e-06,3.84e-05,3.84e-05
1.013333e-05,0.000132012,2.4e-06,4.27e-05,4.27e-05
1.013333e-05,0.000132012,2.4e-06,4.69e-05,4.69e-05
1.013333e-05,0.000132012,2.4e-06,5.12e-05,5.12e-05
1.013333e-05,0.000132012,2.4e-06,5.55e-05,5.55e-05
1.013333e-05,0.000132012,2.4e-06,5.97e-05,5.97e-05
1.013333e-05,0.000132012,2.4e-06,6.4e-05,6.4e-05
1.013333e-05,0.000132012,2.4e-06,6.83e-05,6.83e-05
1.013333e-05,0.000132012,2.4e-06,7.25e-05,7.25e-05
1.013333e-05,0.000132012,2.4e-06,7.68e-05,7.68e-05
1.013333e-05,0.000132012,2.4e-06,8.11e-05,8.11e-05
1.013333e-05,0.000132012,2.4e-06,8.53e-05,8.53e-05
1.013333e-05,0.000132012,2.4e-06,8.96e-05,8.96e-05
1.013333e-05,0.000132012,2.4e-06,18.26758095,18.03624858
1.013333e-05,0.000132012,2.4e-06,19.53147718,19.30208562
1.013333e-05,0.000132012,2.4e-06,20.71028263,20.48317404
1.013333e-05,0.000132012,2.4e-06,21.8241973,21.5997521
1.013333e-05,0.000132012,2.4e-06,22.88897672,22.66762557
1.013333e-05,0.000132012,2.4e-06,23.91747027,23.69970911
1.013333e-05,0.000132012,2.4e-06,24.91787946,24.70705022
1.013333e-05,0.000132012,2.4e-06,25.90813443,25.69906926
1.013333e-05,0.000132012,2.4e-06,26.88783202,26.68652653
1.013333e-05,0.000132012,2.4e-06,27.87352049,27.67565743
1.013333e-05,0.000132012,2.4e-06,28.86954909,28.6809564
1.013333e-05,0.000132012,2.4e-06,29.88107172,29.7047914
1.013333e-05,0.000132012,2.4e-06,30.93813512,30.76986125
1.013333e-05,0.000132012,2.666667e-06,3.84e-05,3.84e-05
1.013333e-05,0.000132012,2.666667e-06,4.27e-05,4.27e-05
1.013333e-05,0.000132012,2.666667e-06,4.69e-05,4.69e-05
1.013333e-05,0.000132012,2.666667e-06,5.12e-05,5.12e-05
1.013333e-05,0.000132012,2.666667e-06,5.55e-05,5.55e-05
1.013333e-05,0.000132012,2.666667e-06,5.97e-05,5.97e-05
1.013333e-05,0.000132012,2.666667e-06,6.4e-05,6.4e-05
1.013333e-05,0.000132012,2.666667e-06,6.83e-05,6.83e-05
1.013333e-05,0.000132012,2.666667e-06,7.25e-05,7.25e-05
1.013333e-05,0.000132012,2.666667e-06,7.68e-05,7.68e-05
1.013333e-05,0.000132012,2.666667e-06,8.11e-05,8.11e-05
1.013333e-05,0.000132012,2.666667e-06,8.53e-05,8.53e-05
1.013333e-05,0.000132012,2.666667e-06,8.96e-05,8.96e-05
1.013333e-05,0.000132012,2.666667e-06,17.63781603,17.464075
1.013333e-05,0.000132012,2.666667e-06,18.90723159,18.73516596
1.013333e-05,0.000132012,2.666667e-06,20.09247314,19.92231938
1.013333e-05,0.000132012,2.666667e-06,21.21385807,21.04589594
1.013333e-05,0.000132012,2.666667e-06,22.28728862,22.12184599
1.013333e-05,0.000132012,2.666667e-06,23.3258001,23.16326098
1.013333e-05,0.000132012,2.666667e-06,24.34058551,24.18140283
1.013333e-05,0.000132012,2.666667e-06,25.33942728,25.18224387
1.013333e-05,0.000132012,2.666667e-06,26.33873379,26.18785396
1.013333e-05,0.000132012,2.666667e-06,27.34099665,27.19437496
1.013333e-05,0.000132012,2.666667e-06,28.35674631,28.21929075
1.013333e-05,0.000132012,2.666667e-06,29.40188309,29.27050153
1.013333e-05,0.000132012,2.666667e-06,30.48403626,30.36106794
1.013333e-05,0.000132012,2.933333e-06,3.84e-05,3.84e-05
1.013333e-05,0.000132012,2.933333e-06,4.27e-05,4.27e-05
1.013333e-05,0.000132012,2.933333e-06,4.69e-05,4.69e-05
1.013333e-05,0.000132012,2.933333e-06,5.12e-05,5.12e-05
1.013333e-05,0.000132012,2.933333e-06,5.55e-05,5.55e-05
1.013333e-05,0.000132012,2.933333e-06,5.97e-05,5.97e-05
1.013333e-05,0.000132012,2.933333e-06,6.4e-05,6.4e-05
1.013333e-05,0.000132012,2.933333e-06,6.83e-05,6.83e-05
1.013333e-05,0.000132012,2.933333e-06,7.25e-05,7.25e-05
1.013333e-05,0.000132012,2.933333e-06,7.68e-05,7.68e-05
1.013333e-05,0.000132012,2.933333e-06,8.11e-05,8.11e-05
1.013333e-05,0.000132012,2.933333e-06,8.53e-05,8.53e-05
1.013333e-05,0.000132012,2.933333e-06,8.96e-05,8.96e-05
1.013333e-05,0.000132012,2.933333e-06,17.1564641,17.01911094
1.013333e-05,0.000132012,2.933333e-06,18.43015718,18.29386146
1.013333e-05,0.000132012,2.933333e-06,19.62088892,19.48628724
1.013333e-05,0.000132012,2.933333e-06,20.7485192,20.61580983
1.013333e-05,0.000132012,2.933333e-06,21.82909658,21.6985286
1.013333e-05,0.000132012,2.933333e-06,22.87582191,22.74769908
1.013333e-05,0.000132012,2.933333e-06,23.90008721,23.77477481
1.013333e-05,0.000132012,2.933333e-06,24.91223217,24.790171
1.013333e-05,0.000132012,2.933333e-06,25.92111916,25.80201929
1.013333e-05,0.000132012,2.933333e-06,26.93947324,26.82558962
1.013333e-05,0.000132012,2.933333e-06,27.97426305,27.86610579
1.013333e-05,0.000132012,2.933333e-06,29.03923527,28.93672747
1.013333e-05,0.000132012,2.933333e-06,30.13994196,30.04708022
1.013333e-05,0.000132012,3.2e-06,3.84e-05,3.84e-05
1.013333e-05,0.000132012,3.2e-06,4.27e-05,4.27e-05
1.013333e-05,0.000132012,3.2e-06,4.69e-05,4.69e-05
1.013333e-05,0.000132012,3.2e-06,5.12e-05,5.12e-05
1.013333e-05,0.000132012,3.2e-06,5.55e-05,5.55e-05
1.013333e-05,0.000132012,3.2e-06,5.97e-05,5.97e-05
1.013333e-05,0.000132012,3.2e-06,6.4e-05,6.4e-05
1.013333e-05,0.000132012,3.2e-06,6.83e-05,6.83e-05
1.013333e-05,0.000132012,3.2e-06,7.25e-05,7.25e-05
1.013333e-05,0.000132012,3.2e-06,7.68e-05,7.68e-05
1.013333e-05,0.000132012,3.2e-06,8.11e-05,8.11e-05
1.013333e-05,0.000132012,3.2e-06,8.53e-05,8.53e-05
1.013333e-05,0.000132012,3.2e-06,8.96e-05,8.96e-05
1.013333e-05,0.000132012,3.2e-06,16.55232153,16.77103925
1.013333e-05,0.000132012,3.2e-06,17.83281438,18.04739005
1.013333e-05,0.000132012,3.2e-06,19.0283789,19.24307114
1.013333e-05,0.000132012,3.2e-06,20.16484892,20.37617154
1.013333e-05,0.000132012,3.2e-06,21.25528509,21.46289673
1.013333e-05,0.000132012,3.2e-06,22.31316725,22.51661279
1.013333e-05,0.000132012,3.2e-06,23.35018931,23.54889388
1.013333e-05,0.000132012,3.2e-06,24.37702085,24.57028582
1.013333e-05,0.000132012,3.2e-06,25.40398426,25.58607263
1.013333e-05,0.000132012,3.2e-06,26.44069717,26.62071014
1.013333e-05,0.000132012,3.2e-06,27.49544596,27.67031621
1.013333e-05,0.000132012,3.2e-06,28.59207586,28.75075465
1.013333e-05,0.000132012,3.2e-06,29.73131371,29.879056
1.013333e-05,0.000132012,3.466667e-06,3.84e-05,3.84e-05
1.013333e-05,0.000132012,3.466667e-06,4.27e-05,4.27e-05
1.013333e-05,0.000132012,3.466667e-06,4.69e-05,4.69e-05
1.013333e-05,0.000132012,3.466667e-06,5.12e-05,5.12e-05
1.013333e-05,0.000132012,3.466667e-06,5.55e-05,5.55e-05
1.013333e-05,0.000132012,3.466667e-06,5.97e-05,5.97e-05
1.013333e-05,0.000132012,3.466667e-06,6.4e-05,6.4e-05
1.013333e-05,0.000132012,3.466667e-06,6.83e-05,6.83e-05
1.013333e-05,0.000132012,3.466667e-06,7.25e-05,7.25e-05
1.013333e-05,0.000132012,3.466667e-06,7.68e-05,7.68e-05
1.013333e-05,0.000132012,3.466667e-06,8.11e-05,8.11e-05
1.013333e-05,0.000132012,3.466667e-06,8.53e-05,8.53e-05
1.013333e-05,0.000132012,3.466667e-06,8.96e-05,8.96e-05
1.013333e-05,0.000132012,3.466667e-06,8.250042393,7.985046976
1.013333e-05,0.000132012,3.466667e-06,9.336379922,9.071466241
1.013333e-05,0.000132012,3.466667e-06,10.31842717,10.05368046
1.013333e-05,0.000132012,3.466667e-06,11.2155658,10.95065643
1.013333e-05,0.000132012,3.466667e-06,12.04397949,11.77962172
1.013333e-05,0.000132012,3.466667e-06,12.81383365,12.54992122
1.013333e-05,0.000132012,3.466667e-06,13.53402442,13.27054531
1.013333e-05,0.000132012,3.466667e-06,14.21160669,13.94857564
1.013333e-05,0.000132012,3.466667e-06,14.85264644,14.5897048
1.013333e-05,0.000132012,3.466667e-06,15.46147702,15.1995671
1.013333e-05,0.000132012,3.466667e-06,16.04046136,15.77904542
1.013333e-05,0.000132012,3.466667e-06,16.59525226,16.33437309
1.013333e-05,0.000132012,3.466667e-06,17.1273482,16.86720279
1.013333e-05,0.000132012,3.733333e-06,3.84e-05,3.84e-05
1.013333e-05,0.000132012,3.733333e-06,4.27e-05,4.27e-05
1.013333e-05,0.000132012,3.733333e-06,4.69e-05,4.69e-05
1.013333e-05,0.000132012,3.733333e-06,5.12e-05,5.12e-05
1.013333e-05,0.000132012,3.733333e-06,5.55e-05,5.55e-05
1.013333e-05,0.000132012,3.733333e-06,5.97e-05,5.97e-05
1.013333e-05,0.000132012,3.733333e-06,6.4e-05,6.4e-05
1.013333e-05,0.000132012,3.733333e-06,6.83e-05,6.83e-05
1.013333e-05,0.000132012,3.733333e-06,7.25e-05,7.25e-05
1.013333e-05,0.000132012,3.733333e-06,7.68e-05,7.68e-05
1.013333e-05,0.000132012,3.733333e-06,8.11e-05,8.11e-05
1.013333e-05,0.000132012,3.733333e-06,8.53e-05,8.53e-05
1.013333e-05,0.000132012,3.733333e-06,8.96e-05,8.96e-05
1.013333e-05,0.000132012,3.733333e-06,7.53383254,7.338951853
1.013333e-05,0.000132012,3.733333e-06,8.620459173,8.425698073
1.013333e-05,0.000132012,3.733333e-06,9.603017773,9.40843045
1.013333e-05,0.000132012,3.733333e-06,10.5013867,10.307021
1.013333e-05,0.000132012,3.733333e-06,11.32942513,11.13620754
1.013333e-05,0.000132012,3.733333e-06,12.1007357,11.90677139
1.013333e-05,0.000132012,3.733333e-06,12.82223131,12.62871781
1.013333e-05,0.000132012,3.733333e-06,13.50110838,13.3080043
1.013333e-05,0.000132012,3.733333e-06,14.14312052,13.95042616
1.013333e-05,0.000132012,3.733333e-06,14.75356508,14.56016298
1.013333e-05,0.000132012,3.733333e-06,15.33420505,15.14328133
1.013333e-05,0.000132012,3.733333e-06,15.8905243,15.69940759
1.013333e-05,0.000132012,3.733333e-06,16.42484702,16.23405076
1.013333e-05,0.000132012,4.8e-06,3.84e-05,3.84e-05
1.013333e-05,0.000132012,4.8e-06,4.27e-05,4.27e-05
1.013333e-05,0.000132012,4.8e-06,4.69e-05,4.69e-05
1.013333e-05,0.000132012,4.8e-06,5.12e-05,5.12e-05
1.013333e-05,0.000132012,4.8e-06,5.55e-05,5.55e-05
1.013333e-05,0.000132012,4.8e-06,5.97e-05,5.97e-05
1.013333e-05,0.000132012,4.8e-06,6.4e-05,6.4e-05
1.013333e-05,0.000132012,4.8e-06,6.83e-05,6.83e-05
1.013333e-05,0.000132012,4.8e-06,7.25e-05,7.25e-05
1.013333e-05,0.000132012,4.8e-06,7.68e-05,7.68e-05
1.013333e-05,0.000132012,4.8e-06,8.11e-05,8.11e-05
1.013333e-05,0.000132012,4.8e-06,8.53e-05,8.53e-05
1.013333e-05,0.000132012,4.8e-06,8.96e-05,8.96e-05
1.013333e-05,0.000132012,4.8e-06,6.569219833,6.843441561
1.013333e-05,0.000132012,4.8e-06,7.656766375,7.930615621
1.013333e-05,0.000132012,4.8e-06,8.64038776,8.91387342
1.013333e-05,0.000132012,4.8e-06,9.54000607,9.813094059
1.013333e-05,0.000132012,4.8e-06,10.3703703,10.64301324
1.013333e-05,0.000132012,4.8e-06,11.14271232,11.41485992
1.013333e-05,0.000132012,4.8e-06,11.86492303,12.13694763
1.013333e-05,0.000132012,4.8e-06,12.54632491,12.81746776
1.013333e-05,0.000132012,4.8e-06,13.19062657,13.4610369
1.013333e-05,0.000132012,4.8e-06,13.80274592,14.07245374
1.013333e-05,0.000132012,4.8e-06,14.38597037,14.65626215
1.013333e-05,0.000132012,4.8e-06,14.94594249,15.2138013
1.013333e-05,0.000132012,4.8e-06,15.48214208,15.74873475
1.013333e-05,0.000132012,4.266667e-06,3.84e-05,3.84e-05
1.013333e-05,0.000132012,4.266667e-06,4.27e-05,4.27e-05
1.013333e-05,0.000132012,4.266667e-06,4.69e-05,4.69e-05
1.013333e-05,0.000132012,4.266667e-06,5.12e-05,5.12e-05
1.013333e-05,0.000132012,4.266667e-06,5.55e-05,5.55e-05
1.013333e-05,0.000132012,4.266667e-06,5.97e-05,5.97e-05
1.013333e-05,0.000132012,4.266667e-06,6.4e-05,6.4e-05
1.013333e-05,0.000132012,4.266667e-06,6.83e-05,6.83e-05
1.013333e-05,0.000132012,4.266667e-06,7.25e-05,7.25e-05
1.013333e-05,0.000132012,4.266667e-06,7.68e-05,7.68e-05
1.013333e-05,0.000132012,4.266667e-06,8.11e-05,8.11e-05
1.013333e-05,0.000132012,4.266667e-06,8.53e-05,8.53e-05
1.013333e-05,0.000132012,4.266667e-06,8.96e-05,8.96e-05
1.013333e-05,0.000132012,4.266667e-06,6.995844707,6.219152151
1.013333e-05,0.000132012,4.266667e-06,8.082862911,7.306526806
1.013333e-05,0.000132012,4.266667e-06,9.065944521,8.290749957
1.013333e-05,0.000132012,4.266667e-06,9.964960436,9.190953058
1.013333e-05,0.000132012,4.266667e-06,10.79464483,10.02193606
1.013333e-05,0.000132012,4.266667e-06,11.56523182,10.79495217
1.013333e-05,0.000132012,4.266667e-06,12.28816394,11.51876306
1.013333e-05,0.000132012,4.266667e-06,12.96826799,12.19972028
1.013333e-05,0.000132012,4.266667e-06,13.61146469,12.84514223
1.013333e-05,0.000132012,4.266667e-06,14.22250981,13.45824777
1.013333e-05,0.000132012,4.266667e-06,14.80600492,14.04312049
1.013333e-05,0.000132012,4.266667e-06,15.36305506,14.60362634
1.013333e-05,0.000132012,4.266667e-06,15.89856443,15.14087819
1.013333e-05,0.000132012,4.533333e-06,3.84e-05,3.84e-05
1.013333e-05,0.000132012,4.533333e-06,4.27e-05,4.27e-05
1.013333e-05,0.000132012,4.533333e-06,4.69e-05,4.69e-05
1.013333e-05,0.000132012,4.533333e-06,5.12e-05,5.12e-05
1.013333e-05,0.000132012,4.533333e-06,5.55e-05,5.55e-05
1.013333e-05,0.000132012,4.533333e-06,5.97e-05,5.97e-05
1.013333e-05,0.000132012,4.533333e-06,6.4e-05,6.4e-05
1.013333e-05,0.000132012,4.533333e-06,6.83e-05,6.83e-05
1.013333e-05,0.000132012,4.533333e-06,7.25e-05,7.25e-05
1.013333e-05,0.000132012,4.533333e-06,7.68e-05,7.68e-05
1.013333e-05,0.000132012,4.533333e-06,8.11e-05,8.11e-05
1.013333e-05,0.000132012,4.533333e-06,8.53e-05,8.53e-05
1.013333e-05,0.000132012,4.533333e-06,8.96e-05,8.96e-05
1.013333e-05,0.000132012,4.533333e-06,6.328880883,35.63658945
1.013333e-05,0.000132012,4.533333e-06,7.416354645,40.02361644
1.013333e-05,0.000132012,4.533333e-06,8.400367043,44.91663975
1.013333e-05,0.000132012,4.533333e-06,9.300374853,48.79626319
1.013333e-05,0.000132012,4.533333e-06,10.13115694,51.41017525
1.013333e-05,0.000132012,4.533333e-06,10.90395651,53.1196956
1.013333e-05,0.000132012,4.533333e-06,11.62753251,54.19425857
1.013333e-05,0.000132012,4.533333e-06,12.30838995,54.85710312
1.013333e-05,0.000132012,4.533333e-06,12.95343042,55.26292366
1.013333e-05,0.000132012,4.533333e-06,13.56621331,55.5061449
1.013333e-05,0.000132012,4.533333e-06,14.15077187,55.64163673
1.013333e-05,0.000132012,4.533333e-06,14.71097386,55.70081456
1.013333e-05,0.000132012,4.533333e-06,15.24784906,55.70146343
1.013333e-05,0.000132012,4e-06,3.84e-05,3.84e-05
1.013333e-05,0.000132012,4e-06,4.27e-05,4.27e-05
1.013333e-05,0.000132012,4e-06,4.69e-05,4.69e-05
1.013333e-05,0.000132012,4e-06,5.12e-05,5.12e-05
1.013333e-05,0.000132012,4e-06,5.55e-05,5.55e-05
1.013333e-05,0.000132012,4e-06,5.97e-05,5.97e-05
1.013333e-05,0.000132012,4e-06,6.4e-05,6.4e-05
1.013333e-05,0.000132012,4e-06,6.83e-05,6.83e-05
1.013333e-05,0.000132012,4e-06,7.25e-05,7.25e-05
1.013333e-05,0.000132012,4e-06,7.68e-05,7.68e-05
1.013333e-05,0.000132012,4e-06,8.11e-05,8.11e-05
1.013333e-05,0.000132012,4e-06,8.53e-05,8.53e-05
1.013333e-05,0.000132012,4e-06,8.96e-05,8.96e-05
1.013333e-05,0.000132012,4e-06,35.39359922,35.29433194
1.013333e-05,0.000132012,4e-06,39.949797,39.92399525
1.013333e-05,0.000132012,4e-06,44.96775065,44.98065156
1.013333e-05,0.000132012,4e-06,48.81971182,48.82759108
1.013333e-05,0.000132012,4e-06,51.36002021,51.33503175
1.013333e-05,0.000132012,4e-06,53.00177184,52.94791459
1.013333e-05,0.000132012,4e-06,54.03136367,53.95870034
1.013333e-05,0.000132012,4e-06,54.6696233,54.58681453
1.013333e-05,0.000132012,4e-06,55.06474758,54.9775951
1.013333e-05,0.000132012,4e-06,55.30593784,55.21803827
1.013333e-05,0.000132012,4e-06,55.444847,55.35845751
1.013333e-05,0.000132012,4e-06,55.51113578,55.42778478
1.013333e-05,0.000132012,4e-06,55.5217326,55.44259104
1.013333e-05,0.000132012,5.6e-06,3.84e-05,3.84e-05
1.013333e-05,0.000132012,5.6e-06,4.27e-05,4.27e-05
1.013333e-05,0.000132012,5.6e-06,4.69e-05,4.69e-05
1.013333e-05,0.000132012,5.6e-06,5.12e-05,5.12e-05
1.013333e-05,0.000132012,5.6e-06,5.55e-05,5.55e-05
1.013333e-05,0.000132012,5.6e-06,5.97e-05,5.97e-05
1.013333e-05,0.000132012,5.6e-06,6.4e-05,6.4e-05
1.013333e-05,0.000132012,5.6e-06,6.83e-05,6.83e-05
1.013333e-05,0.000132012,5.6e-06,7.25e-05,7.25e-05
1.013333e-05,0.000132012,5.6e-06,7.68e-05,7.68e-05
1.013333e-05,0.000132012,5.6e-06,8.11e-05,8.11e-05
1.013333e-05,0.000132012,5.6e-06,8.53e-05,8.53e-05
1.013333e-05,0.000132012,5.6e-06,8.96e-05,8.96e-05
1.013333e-05,0.000132012,5.6e-06,35.12754696,34.88016682
1.013333e-05,0.000132012,5.6e-06,39.88705067,39.84883629
1.013333e-05,0.000132012,5.6e-06,45.03061253,45.10893437
1.013333e-05,0.000132012,5.6e-06,48.83808537,48.83897422
1.013333e-05,0.000132012,5.6e-06,51.28639803,51.19646666
1.013333e-05,0.000132012,5.6e-06,52.84700857,52.68041708
1.013333e-05,0.000132012,5.6e-06,53.82767011,53.60979272
1.013333e-05,0.000132012,5.6e-06,54.43856617,54.19466958
1.013333e-05,0.000132012,5.6e-06,54.82205813,54.56732313
1.013333e-05,0.000132012,5.6e-06,55.06134082,54.80507992
1.013333e-05,0.000132012,5.6e-06,55.20444082,54.95248223
1.013333e-05,0.000132012,5.6e-06,55.27904716,55.03532631
1.013333e-05,0.000132012,5.6e-06,55.30111813,55.06862857
1.013333e-05,0.000132012,5.066667e-06,3.84e-05,3.84e-05
1.013333e-05,0.000132012,5.066667e-06,4.27e-05,4.27e-05
1.013333e-05,0.000132012,5.066667e-06,4.69e-05,4.69e-05
1.013333e-05,0.000132012,5.066667e-06,5.12e-05,5.12e-05
1.013333e-05,0.000132012,5.066667e-06,5.55e-05,5.55e-05
1.013333e-05,0.000132012,5.066667e-06,5.97e-05,5.97e-05
1.013333e-05,0.000132012,5.066667e-06,6.4e-05,6.4e-05
1.013333e-05,0.000132012,5.066667e-06,6.83e-05,6.83e-05
1.013333e-05,0.000132012,5.066667e-06,7.25e-05,7.25e-05
1.013333e-05,0.000132012,5.066667e-06,7.68e-05,7.68e-05
1.013333e-05,0.000132012,5.066667e-06,8.11e-05,8.11e-05
1.013333e-05,0.000132012,5.066667e-06,8.53e-05,8.53e-05
1.013333e-05,0.000132012,5.066667e-06,8.96e-05,8.96e-05
1.013333e-05,0.000132012,5.066667e-06,34.93380599,35.05663606
1.013333e-05,0.000132012,5.066667e-06,39.85531166,39.87396874
1.013333e-05,0.000132012,5.066667e-06,45.09142725,45.05246543
1.013333e-05,0.000132012,5.066667e-06,48.84489282,48.84132904
1.013333e-05,0.000132012,5.066667e-06,51.21798017,51.26295057
1.013333e-05,0.000132012,5.066667e-06,52.71912321,52.80225897
1.013333e-05,0.000132012,5.066667e-06,53.65965978,53.76827156
1.013333e-05,0.000132012,5.066667e-06,54.25023242,54.37177239
1.013333e-05,0.000132012,5.066667e-06,54.62524183,54.75216345
1.013333e-05,0.000132012,5.066667e-06,54.86331094,54.990986
1.013333e-05,0.000132012,5.066667e-06,55.00974735,55.13527953
1.013333e-05,0.000132012,5.066667e-06,55.09076317,55.21219688
1.013333e-05,0.000132012,5.066667e-06,55.12158277,55.23743072
1.013333e-05,0.000132012,5.333333e-06,3.84e-05,3.84e-05
1.013333e-05,0.000132012,5.333333e-06,4.27e-05,4.27e-05
1.013333e-05,0.000132012,5.333333e-06,4.69e-05,4.69e-05
1.013333e-05,0.000132012,5.333333e-06,5.12e-05,5.12e-05
1.013333e-05,0.000132012,5.333333e-06,5.55e-05,5.55e-05
1.013333e-05,0.000132012,5.333333e-06,5.97e-05,5.97e-05
1.013333e-05,0.000132012,5.333333e-06,6.4e-05,6.4e-05
1.013333e-05,0.000132012,5.333333e-06,6.83e-05,6.83e-05
1.013333e-05,0.000132012,5.333333e-06,7.25e-05,7.25e-05
1.013333e-05,0.000132012,5.333333e-06,7.68e-05,7.68e-05
1.013333e-05,0.000132012,5.333333e-06,8.11e-05,8.11e-05
1.013333e-05,0.000132012,5.333333e-06,8.53e-05,8.53e-05
1.013333e-05,0.000132012,5.333333e-06,8.96e-05,8.96e-05
1.013333e-05,0.000132012,5.333333e-06,34.83081859,34.78523266
1.013333e-05,0.000132012,5.333333e-06,39.84381412,39.83999063
1.013333e-05,0.000132012,5.333333e-06,45.12532069,45.14069729
1.013333e-05,0.000132012,5.333333e-06,48.84018466,48.84064842
1.013333e-05,0.000132012,5.333333e-06,51.17558867,51.15532917
1.013333e-05,0.000132012,5.333333e-06,52.64342823,52.60802999
1.013333e-05,0.000132012,5.333333e-06,53.5625202,53.51761197
1.013333e-05,0.000132012,5.333333e-06,54.1421289,54.09232987
1.013333e-05,0.000132012,5.333333e-06,54.51261134,54.46080336
1.013333e-05,0.000132012,5.333333e-06,54.75008958,54.6980317
1.013333e-05,0.000132012,5.333333e-06,54.89839677,54.84718875
1.013333e-05,0.000132012,5.333333e-06,54.98294382,54.93332697
1.013333e-05,0.000132012,5.333333e-06,55.01855385,54.97108922
1.013333e-05,0.0003889991,2.4e-06,3.84e-05,3.84e-05
1.013333e-05,0.0003889991,2.4e-06,4.27e-05,4.27e-05
1.013333e-05,0.0003889991,2.4e-06,4.69e-05,4.69e-05
1.013333e-05,0.0003889991,2.4e-06,5.12e-05,5.12e-05
1.013333e-05,0.0003889991,2.4e-06,5.55e-05,5.55e-05
1.013333e-05,0.0003889991,2.4e-06,5.97e-05,5.97e-05
1.013333e-05,0.0003889991,2.4e-06,6.4e-05,6.4e-05
1.013333e-05,0.0003889991,2.4e-06,6.83e-05,6.83e-05
1.013333e-05,0.0003889991,2.4e-06,7.25e-05,7.25e-05
1.013333e-05,0.0003889991,2.4e-06,7.68e-05,7.68e-05
1.013333e-05,0.0003889991,2.4e-06,8.11e-05,8.11e-05
1.013333e-05,0.0003889991,2.4e-06,8.53e-05,8.53e-05
1.013333e-05,0.0003889991,2.4e-06,8.96e-05,8.96e-05
1.013333e-05,0.0003889991,2.4e-06,18.38196494,18.15152753
1.013333e-05,0.0003889991,2.4e-06,19.64655236,19.41807004
1.013333e-05,0.0003889991,2.4e-06,20.82613834,20.5999558
1.013333e-05,0.0003889991,2.4e-06,21.94093415,21.71743488
1.013333e-05,0.0003889991,2.4e-06,23.00671039,22.78632876
1.013333e-05,0.0003889991,2.4e-06,24.0363358,23.81957234
1.013333e-05,0.0003889991,2.4e-06,25.03804619,24.8282389
1.013333e-05,0.0003889991,2.4e-06,26.02977638,25.82178543
1.013333e-05,0.0003889991,2.4e-06,27.0112214,26.81100205
1.013333e-05,0.0003889991,2.4e-06,27.99886199,27.80191836
1.013333e-05,0.0003889991,2.4e-06,28.99723522,28.80990394
1.013333e-05,0.0003889991,2.4e-06,30.01145368,29.83655343
1.013333e-05,0.0003889991,2.4e-06,31.07189124,30.90509126
1.013333e-05,0.0003889991,2.666667e-06,3.84e-05,3.84e-05
1.013333e-05,0.0003889991,2.666667e-06,4.27e-05,4.27e-05
1.013333e-05,0.0003889991,2.666667e-06,4.69e-05,4.69e-05
1.013333e-05,0.0003889991,2.666667e-06,5.12e-05,5.12e-05
1.013333e-05,0.0003889991,2.666667e-06,5.55e-05,5.55e-05
1.013333e-05,0.0003889991,2.666667e-06,5.97e-05,5.97e-05
1.013333e-05,0.0003889991,2.666667e-06,6.4e-05,6.4e-05
1.013333e-05,0.0003889991,2.666667e-06,6.83e-05,6.83e-05
1.013333e-05,0.0003889991,2.666667e-06,7.25e-05,7.25e-05
1.013333e-05,0.0003889991,2.666667e-06,7.68e-05,7.68e-05
1.013333e-05,0.0003889991,2.666667e-06,8.11e-05,8.11e-05
1.013333e-05,0.0003889991,2.666667e-06,8.53e-05,8.53e-05
1.013333e-05,0.0003889991,2.666667e-06,8.96e-05,8.96e-05
1.013333e-05,0.0003889991,2.666667e-06,17.75467382,17.58163799
1.013333e-05,0.0003889991,2.666667e-06,19.02482148,18.85347215
1.013333e-05,0.0003889991,2.666667e-06,20.21089166,20.0414688
1.013333e-05,0.0003889991,2.666667e-06,21.3332145,21.16600046
1.013333e-05,0.0003889991,2.666667e-06,22.40770919,22.243035
1.013333e-05,0.0003889991,2.666667e-06,23.44743286,23.28568643
1.013333e-05,0.0003889991,2.666667e-06,24.46360629,24.30524536
1.013333e-05,0.0003889991,2.666667e-06,25.46406136,25.3077432
1.013333e-05,0.0003889991,2.666667e-06,26.46521047,26.31523216
1.013333e-05,0.0003889991,2.666667e-06,27.46965219,27.32401118
1.013333e-05,0.0003889991,2.666667e-06,28.48787794,28.3514874
1.013333e-05,0.0003889991,2.666667e-06,29.53610728,29.40583219
1.013333e-05,0.0003889991,2.666667e-06,30.62191483,30.50014664
1.013333e-05,0.0003889991,2.933333e-06,3.84e-05,3.84e-05
1.013333e-05,0.0003889991,2.933333e-06,4.27e-05,4.27e-05
1.013333e-05,0.0003889991,2.933333e-06,4.69e-05,4.69e-05
1.013333e-05,0.0003889991,2.933333e-06,5.12e-05,5.12e-05
1.013333e-05,0.0003889991,2.933333e-06,5.55e-05,5.55e-05
1.013333e-05,0.0003889991,2.933333e-06,5.97e-05,5.97e-05
1.013333e-05,0.0003889991,2.933333e-06,6.4e-05,6.4e-05
1.013333e-05,0.0003889991,2.933333e-06,6.83e-05,6.83e-05
1.013333e-05,0.0003889991,2.933333e-06,7.25e-05,7.25e-05
1.013333e-05,0.0003889991,2.933333e-06,7.68e-05,7.68e-05
1.013333e-05,0.0003889991,2.933333e-06,8.11e-05,8.11e-05
1.013333e-05,0.0003889991,2.933333e-06,8.53e-05,8.53e-05
1.013333e-05,0.0003889991,2.933333e-06,8.96e-05,8.96e-05
1.013333e-05,0.0003889991,2.933333e-06,17.27528828,17.13851354
1.013333e-05,0.0003889991,2.933333e-06,18.5497592,18.41405366
1.013333e-05,0.0003889991,2.933333e-06,19.74136161,19.60736306
1.013333e-05,0.0003889991,2.933333e-06,20.86997924,20.73788814
1.013333e-05,0.0003889991,2.933333e-06,21.95167919,21.82174738
1.013333e-05,0.0003889991,2.933333e-06,22.99968627,22.87222086
1.013333e-05,0.0003889991,2.933333e-06,24.02542297,23.90079345
1.013333e-05,0.0003889991,2.933333e-06,25.03926807,24.91792064
1.013333e-05,0.0003889991,2.933333e-06,26.05014376,25.93180159
1.013333e-05,0.0003889991,2.933333e-06,27.07080709,26.9577208
1.013333e-05,0.0003889991,2.933333e-06,28.10809052,28.0010368
1.013333e-05,0.0003889991,2.933333e-06,29.17658168,29.07499924
1.013333e-05,0.0003889991,2.933333e-06,30.28113627,30.18931285
1.013333e-05,0.0003889991,3.2e-06,3.84e-05,3.84e-05
1.013333e-05,0.0003889991,3.2e-06,4.27e-05,4.27e-05
1.013333e-05,0.0003889991,3.2e-06,4.69e-05,4.69e-05
1.013333e-05,0.0003889991,3.2e-06,5.12e-05,5.12e-05
1.013333e-05,0.0003889991,3.2e-06,5.55e-05,5.55e-05
1.013333e-05,0.0003889991,3.2e-06,5.97e-05,5.97e-05
1.013333e-05,0.0003889991,3.2e-06,6.4e-05,6.4e-05
1.013333e-05,0.0003889991,3.2e-06,6.83e-05,6.83e-05
1.013333e-05,0.0003889991,3.2e-06,7.25e-05,7.25e-05
1.013333e-05,0.0003889991,3.2e-06,7.68e-05,7.68e-05
1.013333e-05,0.0003889991,3.2e-06,8.11e-05,8.11e-05
1.013333e-05,0.0003889991,3.2e-06,8.53e-05,8.53e-05
1.013333e-05,0.0003889991,3.2e-06,8.96e-05,8.96e-05
1.013333e-05,0.0003889991,3.2e-06,16.67374926,16.89150597
1.013333e-05,0.0003889991,3.2e-06,17.95507694,18.16866748
1.013333e-05,0.0003889991,3.2e-06,19.15156588,19.36525667
1.013333e-05,0.0003889991,3.2e-06,20.28909374,20.49938821
1.013333e-05,0.0003889991,3.2e-06,21.38073552,21.58728762
1.013333e-05,0.0003889991,3.2e-06,22.43999796,22.64234676
1.013333e-05,0.0003889991,3.2e-06,23.47860932,23.67617265
1.013333e-05,0.0003889991,3.2e-06,24.50728289,24.69935389
1.013333e-05,0.0003889991,3.2e-06,25.53639807,25.71726366
1.013333e-05,0.0003889991,3.2e-06,26.57565271,26.75431863
1.013333e-05,0.0003889991,3.2e-06,27.63351344,27.80685478
1.013333e-05,0.0003889991,3.2e-06,28.7336149,28.89065584
1.013333e-05,0.0003889991,3.2e-06,29.87719613,30.02320493
1.013333e-05,0.0003889991,3.466667e-06,3.84e-05,3.84e-05
1.013333e-05,0.0003889991,3.466667e-06,4.27e-05,4.27e-05
1.013333e-05,0.0003889991,3.466667e-06,4.69e-05,4.69e-05
1.013333e-05,0.0003889991,3.466667e-06,5.12e-05,5.12e-05
1.013333e-05,0.0003889991,3.466667e-06,5.55e-05,5.55e-05
1.013333e-05,0.0003889991,3.466667e-06,5.97e-05,5.97e-05
1.013333e-05,0.0003889991,3.466667e-06,6.4e-05,6.4e-05
1.013333e-05,0.0003889991,3.466667e-06,6.83e-05,6.83e-05
1.013333e-05,0.0003889991,3.466667e-06,7.25e-05,7.25e-05
1.013333e-05,0.0003889991,3.466667e-06,7.68e-05,7.68e-05
1.013333e-05,0.0003889991,3.466667e-06,8.11e-05,8.11e-05
1.013333e-05,0.0003889991,3.466667e-06,8.53e-05,8.53e-05
1.013333e-05,0.0003889991,3.466667e-06,8.96e-05,8.96e-05
1.013333e-05,0.0003889991,3.466667e-06,8.36551195,8.101481331
1.013333e-05,0.0003889991,3.466667e-06,9.451955648,9.188008779
1.013333e-05,0.0003889991,3.466667e-06,10.43412231,10.17034463
1.013333e-05,0.0003889991,3.466667e-06,11.33139045,11.06745194
1.013333e-05,0.0003889991,3.466667e-06,12.15994502,11.89656098
1.013333e-05,0.0003889991,3.466667e-06,12.92994876,12.66701297
1.013333e-05,0.0003889991,3.466667e-06,13.65029708,13.38779762
1.013333e-05,0.0003889991,3.466667e-06,14.3280447,14.06599645
1.013333e-05,0.0003889991,3.466667e-06,14.9692608,14.70730191
1.013333e-05,0.0003889991,3.466667e-06,15.57826767,15.31734903
1.013333e-05,0.0003889991,3.466667e-06,16.15744056,15.89701825
1.013333e-05,0.0003889991,3.466667e-06,16.71242757,16.4525456
1.013333e-05,0.0003889991,3.466667e-06,17.24472584,16.98558226
1.013333e-05,0.0003889991,3.733333e-06,3.84e-05,3.84e-05
1.013333e-05,0.0003889991,3.733333e-06,4.27e-05,4.27e-05
1.013333e-05,0.0003889991,3.733333e-06,4.69e-05,4.69e-05
1.013333e-05,0.0003889991,3.733333e-06,5.12e-05,5.12e-05
1.013333e-05,0.0003889991,3.733333e-06,5.55e-05,5.55e-05
1.013333e-05,0.0003889991,3.733333e-06,5.97e-05,5.97e-05
1.013333e-05,0.0003889991,3.733333e-06,6.4e-05,6.4e-05
1.013333e-05,0.0003889991,3.733333e-06,6.83e-05,6.83e-05
1.013333e-05,0.0003889991,3.733333e-06,7.25e-05,7.25e-05
1.013333e-05,0.0003889991,3.733333e-06,7.68e-05,7.68e-05
1.013333e-05,0.0003889991,3.733333e-06,8.11e-05,8.11e-05
1.013333e-05,0.0003889991,3.733333e-06,8.53e-05,8.53e-05
1.013333e-05,0.0003889991,3.733333e-06,8.96e-05,8.96e-05
1.013333e-05,0.0003889991,3.733333e-06,7.65194272,7.457799469
1.013333e-05,0.0003889991,3.733333e-06,8.738681349,8.544659476
1.013333e-05,0.0003889991,3.733333e-06,9.721365743,9.527519605
1.013333e-05,0.0003889991,3.733333e-06,10.61987214,10.42624974
1.013333e-05,0.0003889991,3.733333e-06,11.44805661,11.2555863
1.013333e-05,0.0003889991,3.733333e-06,12.21952525,12.0263086
1.013333e-05,0.0003889991,3.733333e-06,12.94118726,12.74842419
1.013333e-05,0.0003889991,3.733333e-06,13.62023877,13.42788792
1.013333e-05,0.0003889991,3.733333e-06,14.26243341,14.07049519
1.013333e-05,0.0003889991,3.733333e-06,14.87307103,14.68043241
1.013333e-05,0.0003889991,3.733333e-06,15.45389914,15.26374444
1.013333e-05,0.0003889991,3.733333e-06,16.01043129,15.82008168
1.013333e-05,0.0003889991,3.733333e-06,16.54497112,16.35494433
1.013333e-05,0.0003889991,4.8e-06,3.84e-05,3.84e-05
1.013333e-05,0.0003889991,4.8e-06,4.27e-05,4.27e-05
1.013333e-05,0.0003889991,4.8e-06,4.69e-05,4.69e-05
1.013333e-05,0.0003889991,4.8e-06,5.12e-05,5.12e-05
1.013333e-05,0.0003889991,4.8e-06,5.55e-05,5.55e-05
1.013333e-05,0.0003889991,4.8e-06,5.97e-05,5.97e-05
1.013333e-05,0.0003889991,4.8e-06,6.4e-05,6.4e-05
1.013333e-05,0.0003889991,4.8e-06,6.83e-05,6.83e-05
1.013333e-05,0.0003889991,4.8e-06,7.25e-05,7.25e-05
1.013333e-05,0.0003889991,4.8e-06,7.68e-05,7.68e-05
1.013333e-05,0.0003889991,4.8e-06,8.11e-05,8.11e-05
1.013333e-05,0.0003889991,4.8e-06,8.53e-05,8.53e-05
1.013333e-05,0.0003889991,4.8e-06,8.96e-05,8.96e-05
1.013333e-05,0.0003889991,4.8e-06,6.691070373,6.964204739
1.013333e-05,0.0003889991,4.8e-06,7.778738705,8.05149759
1.013333e-05,0.0003889991,4.8e-06,8.762496613,9.034888589
1.013333e-05,0.0003889991,4.8e-06,9.662263914,9.934254667
1.013333e-05,0.0003889991,4.8e-06,10.49278821,10.76433013
1.013333e-05,0.0003889991,4.8e-06,11.26530046,11.53634302
1.013333e-05,0.0003889991,4.8e-06,11.98768907,12.25860514
1.013333e-05,0.0003889991,4.8e-06,12.6692812,12.93931052
1.013333e-05,0.0003889991,4.8e-06,13.31378139,13.5830732
1.013333e-05,0.0003889991,4.8e-06,13.92610793,14.1946921
1.013333e-05,0.0003889991,4.8e-06,14.50955776,14.77871213
1.013333e-05,0.0003889991,4.8e-06,15.06974191,15.33647
1.013333e-05,0.0003889991,4.8e-06,15.60617818,15.87162423
1.013333e-05,0.0003889991,4.266667e-06,3.84e-05,3.84e-05
1.013333e-05,0.0003889991,4.266667e-06,4.27e-05,4.27e-05
1.013333e-05,0.0003889991,4.266667e-06,4.69e-05,4.69e-05
1.013333e-05,0.0003889991,4.266667e-06,5.12e-05,5.12e-05
1.013333e-05,0.0003889991,4.266667e-06,5.55e-05,5.55e-05
1.013333e-05,0.0003889991,4.266667e-06,5.97e-05,5.97e-05
1.013333e-05,0.0003889991,4.266667e-06,6.4e-05,6.4e-05
1.013333e-05,0.0003889991,4.266667e-06,6.83e-05,6.83e-05
1.013333e-05,0.0003889991,4.266667e-06,7.25e-05,7.25e-05
1.013333e-05,0.0003889991,4.266667e-06,7.68e-05,7.68e-05
1.013333e-05,0.0003889991,4.266667e-06,8.11e-05,8.11e-05
1.013333e-05,0.0003889991,4.266667e-06,8.53e-05,8.53e-05
1.013333e-05,0.0003889991,4.266667e-06,8.96e-05,8.96e-05
1.013333e-05,0.0003889991,4.266667e-06,7.116012232,6.342423767
1.013333e-05,0.0003889991,4.266667e-06,8.20314761,7.429926167
1.013333e-05,0.0003889991,4.266667e-06,9.186360674,8.414290482
1.013333e-05,0.0003889991,4.266667e-06,10.08552015,9.314647476
1.013333e-05,0.0003889991,4.266667e-06,10.91535882,10.14579575
1.013333e-05,0.0003889991,4.266667e-06,11.68610786,10.91898761
1.013333e-05,0.0003889991,4.266667e-06,12.40921444,11.64298415
1.013333e-05,0.0003889991,4.266667e-06,13.08950117,12.3241351
1.013333e-05,0.0003889991,4.266667e-06,13.73288879,12.96976259
1.013333e-05,0.0003889991,4.266667e-06,14.34413327,13.58308244
1.013333e-05,0.0003889991,4.266667e-06,14.92783651,14.1681786
1.013333e-05,0.0003889991,4.266667e-06,15.48510299,14.72891724
1.013333e-05,0.0003889991,4.266667e-06,16.02083793,15.26641175
1.013333e-05,0.0003889991,4.533333e-06,3.84e-05,3.84e-05
1.013333e-05,0.0003889991,4.533333e-06,4.27e-05,4.27e-05
1.013333e-05,0.0003889991,4.533333e-06,4.69e-05,4.69e-05
1.013333e-05,0.0003889991,4.533333e-06,5.12e-05,5.12e-05
1.013333e-05,0.0003889991,4.533333e-06,5.55e-05,5.55e-05
1.013333e-05,0.0003889991,4.533333e-06,5.97e-05,5.97e-05
1.013333e-05,0.0003889991,4.533333e-06,6.4e-05,6.4e-05
1.013333e-05,0.0003889991,4.533333e-06,6.83e-05,6.83e-05
1.013333e-05,0.0003889991,4.533333e-06,7.25e-05,7.25e-05
1.013333e-05,0.0003889991,4.533333e-06,7.68e-05,7.68e-05
1.013333e-05,0.0003889991,4.533333e-06,8.11e-05,8.11e-05
1.013333e-05,0.0003889991,4.533333e-06,8.53e-05,8.53e-05
1.013333e-05,0.0003889991,4.533333e-06,8.96e-05,8.96e-05
1.013333e-05,0.0003889991,4.533333e-06,6.451701565,35.78080967
1.013333e-05,0.0003889991,4.533333e-06,7.539302386,40.19033076
1.013333e-05,0.0003889991,4.533333e-06,8.523454442,45.08677504
1.013333e-05,0.0003889991,4.533333e-06,9.42361456,48.94645167
1.013333e-05,0.0003889991,4.533333e-06,10.25456024,51.54308567
1.013333e-05,0.0003889991,4.533333e-06,11.02753379,53.23846335
1.013333e-05,0.0003889991,4.533333e-06,11.75129355,54.30261286
1.013333e-05,0.0003889991,4.533333e-06,12.43234305,54.95831198
1.013333e-05,0.0003889991,4.533333e-06,13.07758678,55.35929312
1.013333e-05,0.0003889991,4.533333e-06,13.69058167,55.59911434
1.013333e-05,0.0003889991,4.533333e-06,14.27536131,55.73204755
1.013333e-05,0.0003889991,4.533333e-06,14.83579364,55.78912709
1.013333e-05,0.0003889991,4.533333e-06,15.37290868,55.78789078
1.013333e-05,0.0003889991,4e-06,3.84e-05,3.84e-05
1.013333e-05,0.0003889991,4e-06,4.27e-05,4.27e-05
1.013333e-05,0.0003889991,4e-06,4.69e-05,4.69e-05
1.013333e-05,0.0003889991,4e-06,5.12e-05,5.12e-05
1.013333e-05,0.0003889991,4e-06,5.55e-05,5.55e-05
1.013333e-05,0.0003889991,4e-06,5.97e-05,5.97e-05
1.013333e-05,0.0003889991,4e-06,6.4e-05,6.4e-05
1.013333e-05,0.0003889991,4e-06,6.83e-05,6.83e-05
1.013333e-05,0.0003889991,4e-06,7.25e-05,7.25e-05
1.013333e-05,0.0003889991,4e-06,7.68e-05,7.68e-05
1.013333e-05,0.0003889991,4e-06,8.11e-05,8.11e-05
1.013333e-05,0.0003889991,4e-06,8.53e-05,8.53e-05
1.013333e-05,0.0003889991,4e-06,8.96e-05,8.96e-05
1.013333e-05,0.0003889991,4e-06,35.54228916,35.4450318
1.013333e-05,0.0003889991,4e-06,40.12233387,40.09911198
1.013333e-05,0.0003889991,4e-06,45.14133145,45.15684525
1.013333e-05,0.0003889991,4e-06,48.97099337,48.97933228
1.013333e-05,0.0003889991,4e-06,51.4933611,51.46857336
1.013333e-05,0.0003889991,4e-06,53.12109267,53.06749178
1.013333e-05,0.0003889991,4e-06,54.1405764,54.06829889
1.013333e-05,0.0003889991,4e-06,54.77197607,54.68967067
1.013333e-05,0.0003889991,4e-06,55.16246784,55.07590293
1.013333e-05,0.0003889991,4e-06,55.40040118,55.31314716
1.013333e-05,0.0003889991,4e-06,55.53685714,55.45115587
1.013333e-05,0.0003889991,4e-06,55.60113569,55.51850852
1.013333e-05,0.0003889991,4e-06,55.60993252,55.53154922
1.013333e-05,0.0003889991,5.6e-06,3.84e-05,3.84e-05
1.013333e-05,0.0003889991,5.6e-06,4.27e-05,4.27e-05
1.013333e-05,0.0003889991,5.6e-06,4.69e-05,4.69e-05
1.013333e-05,0.0003889991,5.6e-06,5.12e-05,5.12e-05
1.013333e-05,0.0003889991,5.6e-06,5.55e-05,5.55e-05
1.013333e-05,0.0003889991,5.6e-06,5.97e-05,5.97e-05
1.013333e-05,0.0003889991,5.6e-06,6.4e-05,6.4e-05
1.013333e-05,0.0003889991,5.6e-06,6.83e-05,6.83e-05
1.013333e-05,0.0003889991,5.6e-06,7.25e-05,7.25e-05
1.013333e-05,0.0003889991,5.6e-06,7.68e-05,7.68e-05
1.013333e-05,0.0003889991,5.6e-06,8.11e-05,8.11e-05
1.013333e-05,0.0003889991,5.6e-06,8.53e-05,8.53e-05
1.013333e-05,0.0003889991,5.6e-06,8.96e-05,8.96e-05
1.013333e-05,0.0003889991,5.6e-06,35.28190826,35.04075064
1.013333e-05,0.0003889991,5.6e-06,40.06680234,40.03626881
1.013333e-05,0.0003889991,5.6e-06,45.20871959,45.29045512
1.013333e-05,0.0003889991,5.6e-06,48.99061833,48.99329315
1.013333e-05,0.0003889991,5.6e-06,51.42031311,51.33103479
1.013333e-05,0.0003889991,5.6e-06,52.96744847,52.80143183
1.013333e-05,0.0003889991,5.6e-06,53.93796959,53.72127701
1.013333e-05,0.0003889991,5.6e-06,54.54232266,54.29991274
1.013333e-05,0.0003889991,5.6e-06,54.92140789,54.66837109
1.013333e-05,0.0003889991,5.6e-06,55.15758883,54.90317061
1.013333e-05,0.0003889991,5.6e-06,55.29834969,55.04833961
1.013333e-05,0.0003889991,5.6e-06,55.37104096,55.12935672
1.013333e-05,0.0003889991,5.6e-06,55.39140392,55.16103585
1.013333e-05,0.0003889991,5.066667e-06,3.84e-05,3.84e-05
1.013333e-05,0.0003889991,5.066667e-06,4.27e-05,4.27e-05
1.013333e-05,0.0003889991,5.066667e-06,4.69e-05,4.69e-05
1.013333e-05,0.0003889991,5.066667e-06,5.12e-05,5.12e-05
1.013333e-05,0.0003889991,5.066667e-06,5.55e-05,5.55e-05
1.013333e-05,0.0003889991,5.066667e-06,5.97e-05,5.97e-05
1.013333e-05,0.0003889991,5.066667e-06,6.4e-05,6.4e-05
1.013333e-05,0.0003889991,5.066667e-06,6.83e-05,6.83e-05
1.013333e-05,0.0003889991,5.066667e-06,7.25e-05,7.25e-05
1.013333e-05,0.0003889991,5.066667e-06,7.68e-05,7.68e-05
1.013333e-05,0.0003889991,5.066667e-06,8.11e-05,8.11e-05
1.013333e-05,0.0003889991,5.066667e-06,8.53e-05,8.53e-05
1.013333e-05,0.0003889991,5.066667e-06,8.96e-05,8.96e-05
1.013333e-05,0.0003889991,5.066667e-06,35.09294895,35.21267573
1.013333e-05,0.0003889991,5.066667e-06,40.04098752,40.05581647
1.013333e-05,0.0003889991,5.066667e-06,45.27215631,45.23148562
1.013333e-05,0.0003889991,5.066667e-06,48.99838281,48.99420707
1.013333e-05,0.0003889991,5.066667e-06,51.35239516,51.39703966
1.013333e-05,0.0003889991,5.066667e-06,52.83999519,52.9228429
1.013333e-05,0.0003889991,5.066667e-06,53.77087035,53.87889137
1.013333e-05,0.0003889991,5.066667e-06,54.35513565,54.47593488
1.013333e-05,0.0003889991,5.066667e-06,54.72590377,54.85197962
1.013333e-05,0.0003889991,5.066667e-06,54.96098418,55.08774173
1.013333e-05,0.0003889991,5.066667e-06,55.10516431,55.22972643
1.013333e-05,0.0003889991,5.066667e-06,55.18433405,55.30475398
1.013333e-05,0.0003889991,5.066667e-06,55.21351214,55.32830417
1.013333e-05,0.0003889991,5.333333e-06,3.84e-05,3.84e-05
1.013333e-05,0.0003889991,5.333333e-06,4.27e-05,4.27e-05
1.013333e-05,0.0003889991,5.333333e-06,4.69e-05,4.69e-05
1.013333e-05,0.0003889991,5.333333e-06,5.12e-05,5.12e-05
1.013333e-05,0.0003889991,5.333333e-06,5.55e-05,5.55e-05
1.013333e-05,0.0003889991,5.333333e-06,5.97e-05,5.97e-05
1.013333e-05,0.0003889991,5.333333e-06,6.4e-05,6.4e-05
1.013333e-05,0.0003889991,5.333333e-06,6.83e-05,6.83e-05
1.013333e-05,0.0003889991,5.333333e-06,7.25e-05,7.25e-05
1.013333e-05,0.0003889991,5.333333e-06,7.68e-05,7.68e-05
1.013333e-05,0.0003889991,5.333333e-06,8.11e-05,8.11e-05
1.013333e-05,0.0003889991,5.333333e-06,8.53e-05,8.53e-05
1.013333e-05,0.0003889991,5.333333e-06,8.96e-05,8.96e-05
1.013333e-05,0.0003889991,5.333333e-06,34.99277818,34.94850843
1.013333e-05,0.0003889991,5.333333e-06,40.03291194,40.03067082
1.013333e-05,0.0003889991,5.333333e-06,45.30759152,45.32367807
1.013333e-05,0.0003889991,5.333333e-06,48.99466828,48.99529653
1.013333e-05,0.0003889991,5.333333e-06,51.31030413,51.29018666
1.013333e-05,0.0003889991,5.333333e-06,52.76458442,52.72932606
1.013333e-05,0.0003889991,5.333333e-06,53.67426563,53.62960709
1.013333e-05,0.0003889991,5.333333e-06,54.24769449,54.19820214
1.013333e-05,0.0003889991,5.333333e-06,54.6140243,54.56256245
1.013333e-05,0.0003889991,5.333333e-06,54.84857422,54.79688929
1.013333e-05,0.0003889991,5.333333e-06,54.9946693,54.94385383
1.013333e-05,0.0003889991,5.333333e-06,55.07740697,55.02819892
1.013333e-05,0.0003889991,5.333333e-06,55.11141076,55.06437055
1.013333e-05,4.48e-05,2.4e-06,3.84e-05,3.84e-05
1.013333e-05,4.48e-05,2.4e-06,4.27e-05,4.27e-05
1.013333e-05,4.48e-05,2.4e-06,4.69e-05,4.69e-05
1.013333e-05,4.48e-05,2.4e-06,5.12e-05,5.12e-05
1.013333e-05,4.48e-05,2.4e-06,5.55e-05,5.55e-05
1.013333e-05,4.48e-05,2.4e-06,5.97e-05,5.97e-05
1.013333e-05,4.48e-05,2.4e-06,6.4e-05,6.4e-05
1.013333e-05,4.48e-05,2.4e-06,6.83e-05,6.83e-05
1.013333e-05,4.48e-05,2.4e-06,7.25e-05,7.25e-05
1.013333e-05,4.48e-05,2.4e-06,7.68e-05,7.68e-05
1.013333e-05,4.48e-05,2.4e-06,8.11e-05,8.11e-05
1.013333e-05,4.48e-05,2.4e-06,8.53e-05,8.53e-05
1.013333e-05,4.48e-05,2.4e-06,8.96e-05,8.96e-05
1.013333e-05,4.48e-05,2.4e-06,18.47952373,18.24983259
1.013333e-05,4.48e-05,2.4e-06,19.74473165,19.51700844
1.013333e-05,4.48e-05,2.4e-06,20.92501847,20.69961018
1.013333e-05,4.48e-05,2.4e-06,22.04060565,21.81789853
1.013333e-05,4.48e-05,2.4e-06,23.10727742,22.88770921
1.013333e-05,4.48e-05,2.4e-06,24.13791999,23.92199534
1.013333e-05,4.48e-05,2.4e-06,25.14079908,24.93185357
1.013333e-05,4.48e-05,2.4e-06,26.13385691,25.92677364
1.013333e-05,4.48e-05,2.4e-06,27.11687151,26.91757373
1.013333e-05,4.48e-05,2.4e-06,28.10627244,27.9101029
1.013333e-05,4.48e-05,2.4e-06,29.10675723,28.92050285
1.013333e-05,4.48e-05,2.4e-06,30.12341163,29.94969275
1.013333e-05,4.48e-05,2.4e-06,31.1868849,31.02135406
1.013333e-05,4.48e-05,2.666667e-06,3.84e-05,3.84e-05
1.013333e-05,4.48e-05,2.666667e-06,4.27e-05,4.27e-05
1.013333e-05,4.48e-05,2.666667e-06,4.69e-05,4.69e-05
1.013333e-05,4.48e-05,2.666667e-06,5.12e-05,5.12e-05
1.013333e-05,4.48e-05,2.666667e-06,5.55e-05,5.55e-05
1.013333e-05,4.48e-05,2.666667e-06,5.97e-05,5.97e-05
1.013333e-05,4.48e-05,2.666667e-06,6.4e-05,6.4e-05
1.013333e-05,4.48e-05,2.666667e-06,6.83e-05,6.83e-05
1.013333e-05,4.48e-05,2.666667e-06,7.25e-05,7.25e-05
1.013333e-05,4.48e-05,2.666667e-06,7.68e-05,7.68e-05
1.013333e-05,4.48e-05,2.666667e-06,8.11e-05,8.11e-05
1.013333e-05,4.48e-05,2.666667e-06,8.53e-05,8.53e-05
1.013333e-05,4.48e-05,2.666667e-06,8.96e-05,8.96e-05
1.013333e-05,4.48e-05,2.666667e-06,17.85429832,17.68185178
1.013333e-05,4.48e-05,2.666667e-06,19.12510329,18.95435448
1.013333e-05,4.48e-05,2.666667e-06,20.31191763,20.14310844
1.013333e-05,4.48e-05,2.666667e-06,21.43508298,21.26849811
1.013333e-05,4.48e-05,2.666667e-06,22.51053385,22.34650717
1.013333e-05,4.48e-05,2.666667e-06,23.55134713,23.39027004
1.013333e-05,4.48e-05,2.666667e-06,24.56876865,24.41110329
1.013333e-05,4.48e-05,2.666667e-06,25.57067378,25.41508967
1.013333e-05,4.48e-05,2.666667e-06,26.57348237,26.42427151
1.013333e-05,4.48e-05,2.666667e-06,27.57988518,27.43508107
1.013333e-05,4.48e-05,2.666667e-06,28.60034593,28.46486818
1.013333e-05,4.48e-05,2.666667e-06,29.65136076,29.52203802
1.013333e-05,4.48e-05,2.666667e-06,30.74046345,30.619733
1.013333e-05,4.48e-05,2.933333e-06,3.84e-05,3.84e-05
1.013333e-05,4.48e-05,2.933333e-06,4.27e-05,4.27e-05
1.013333e-05,4.48e-05,2.933333e-06,4.69e-05,4.69e-05
1.013333e-05,4.48e-05,2.933333e-06,5.12e-05,5.12e-05
1.013333e-05,4.48e-05,2.933333e-06,5.55e-05,5.55e-05
1.013333e-05,4.48e-05,2.933333e-06,5.97e-05,5.97e-05
1.013333e-05,4.48e-05,2.933333e-06,6.4e-05,6.4e-05
1.013333e-05,4.48e-05,2.933333e-06,6.83e-05,6.83e-05
1.013333e-05,4.48e-05,2.933333e-06,7.25e-05,7.25e-05
1.013333e-05,4.48e-05,2.933333e-06,7.68e-05,7.68e-05
1.013333e-05,4.48e-05,2.933333e-06,8.11e-05,8.11e-05
1.013333e-05,4.48e-05,2.933333e-06,8.53e-05,8.53e-05
1.013333e-05,4.48e-05,2.933333e-06,8.96e-05,8.96e-05
1.013333e-05,4.48e-05,2.933333e-06,17.37656035,17.24027121
1.013333e-05,4.48e-05,2.933333e-06,18.65172953,18.51652015
1.013333e-05,4.48e-05,2.933333e-06,19.84411396,19.71062321
1.013333e-05,4.48e-05,2.933333e-06,20.97361863,20.84204899
1.013333e-05,4.48e-05,2.933333e-06,22.05632744,21.9269332
1.013333e-05,4.48e-05,2.933333e-06,23.10548681,22.97857815
1.013333e-05,4.48e-05,2.933333e-06,24.13254683,24.00849702
1.013333e-05,4.48e-05,2.933333e-06,25.14792164,25.02718177
1.013333e-05,4.48e-05,2.933333e-06,26.16058674,26.04289135
1.013333e-05,4.48e-05,2.933333e-06,27.18333072,27.07092749
1.013333e-05,4.48e-05,2.933333e-06,28.22285661,28.11015513
1.013333e-05,4.48e-05,2.933333e-06,29.29452544,29.1937419
1.013333e-05,4.48e-05,2.933333e-06,30.40255912,30.31163413
1.013333e-05,4.48e-05,3.2e-06,3.84e-05,3.84e-05
1.013333e-05,4.48e-05,3.2e-06,4.27e-05,4.27e-05
1.013333e-05,4.48e-05,3.2e-06,4.69e-05,4.69e-05
1.013333e-05,4.48e-05,3.2e-06,5.12e-05,5.12e-05
1.013333e-05,4.48e-05,3.2e-06,5.55e-05,5.55e-05
1.013333e-05,4.48e-05,3.2e-06,5.97e-05,5.97e-05
1.013333e-05,4.48e-05,3.2e-06,6.4e-05,6.4e-05
1.013333e-05,4.48e-05,3.2e-06,6.83e-05,6.83e-05
1.013333e-05,4.48e-05,3.2e-06,7.25e-05,7.25e-05
1.013333e-05,4.48e-05,3.2e-06,7.68e-05,7.68e-05
1.013333e-05,4.48e-05,3.2e-06,8.11e-05,8.11e-05
1.013333e-05,4.48e-05,3.2e-06,8.53e-05,8.53e-05
1.013333e-05,4.48e-05,3.2e-06,8.96e-05,8.96e-05
1.013333e-05,4.48e-05,3.2e-06,16.77720988,16.99415795
1.013333e-05,4.48e-05,3.2e-06,18.0592872,18.27204721
1.013333e-05,4.48e-05,3.2e-06,19.25660637,19.46945212
1.013333e-05,4.48e-05,3.2e-06,20.39508479,20.60451016
1.013333e-05,4.48e-05,3.2e-06,21.48781026,21.69346498
1.013333e-05,4.48e-05,3.2e-06,22.54831385,22.74973171
1.013333e-05,4.48e-05,3.2e-06,23.58835489,23.78494715
1.013333e-05,4.48e-05,3.2e-06,24.61868625,24.80973857
1.013333e-05,4.48e-05,3.2e-06,25.649739,25.82955692
1.013333e-05,4.48e-05,3.2e-06,26.69128286,26.86879226
1.013333e-05,4.48e-05,3.2e-06,27.75194112,27.92396747
1.013333e-05,4.48e-05,3.2e-06,28.85518267,29.01080691
1.013333e-05,4.48e-05,3.2e-06,30.00268435,30.14718751
1.013333e-05,4.48e-05,3.466667e-06,3.84e-05,3.84e-05
1.013333e-05,4.48e-05,3.466667e-06,4.27e-05,4.27e-05
1.013333e-05,4.48e-05,3.466667e-06,4.69e-05,4.69e-05
1.013333e-05,4.48e-05,3.466667e-06,5.12e-05,5.12e-05
1.013333e-05,4.48e-05,3.466667e-06,5.55e-05,5.55e-05
1.013333e-05,4.48e-05,3.466667e-06,5.97e-05,5.97e-05
1.013333e-05,4.48e-05,3.466667e-06,6.4e-05,6.4e-05
1.013333e-05,4.48e-05,3.466667e-06,6.83e-05,6.83e-05
1.013333e-05,4.48e-05,3.466667e-06,7.25e-05,7.25e-05
1.013333e-05,4.48e-05,3.466667e-06,7.68e-05,7.68e-05
1.013333e-05,4.48e-05,3.466667e-06,8.11e-05,8.11e-05
1.013333e-05,4.48e-05,3.466667e-06,8.53e-05,8.53e-05
1.013333e-05,4.48e-05,3.466667e-06,8.96e-05,8.96e-05
1.013333e-05,4.48e-05,3.466667e-06,8.464078562,8.20084972
1.013333e-05,4.48e-05,3.466667e-06,9.55061754,9.28747426
1.013333e-05,4.48e-05,3.466667e-06,10.53289135,10.26991925
1.013333e-05,4.48e-05,3.466667e-06,11.43027566,11.16714435
1.013333e-05,4.48e-05,3.466667e-06,12.25895662,11.99638238
1.013333e-05,4.48e-05,3.466667e-06,13.02909456,12.76697119
1.013333e-05,4.48e-05,3.466667e-06,13.74958422,13.48789989
1.013333e-05,4.48e-05,3.466667e-06,14.42748019,14.1662499
1.013333e-05,4.48e-05,3.466667e-06,15.06885374,14.80771354
1.013333e-05,4.48e-05,3.466667e-06,15.67801921,15.41792605
1.013333e-05,4.48e-05,3.466667e-06,16.25736164,15.997767
1.013333e-05,4.48e-05,3.466667e-06,16.81252457,16.55347352
1.013333e-05,4.48e-05,3.466667e-06,17.34500447,17.08669594
1.013333e-05,4.48e-05,3.733333e-06,3.84e-05,3.84e-05
1.013333e-05,4.48e-05,3.733333e-06,4.27e-05,4.27e-05
1.013333e-05,4.48e-05,3.733333e-06,4.69e-05,4.69e-05
1.013333e-05,4.48e-05,3.733333e-06,5.12e-05,5.12e-05
1.013333e-05,4.48e-05,3.733333e-06,5.55e-05,5.55e-05
1.013333e-05,4.48e-05,3.733333e-06,5.97e-05,5.97e-05
1.013333e-05,4.48e-05,3.733333e-06,6.4e-05,6.4e-05
1.013333e-05,4.48e-05,3.733333e-06,6.83e-05,6.83e-05
1.013333e-05,4.48e-05,3.733333e-06,7.25e-05,7.25e-05
1.013333e-05,4.48e-05,3.733333e-06,7.68e-05,7.68e-05
1.013333e-05,4.48e-05,3.733333e-06,8.11e-05,8.11e-05
1.013333e-05,4.48e-05,3.733333e-06,8.53e-05,8.53e-05
1.013333e-05,4.48e-05,3.733333e-06,8.96e-05,8.96e-05
1.013333e-05,4.48e-05,3.733333e-06,7.752707006,7.559179204
1.013333e-05,4.48e-05,3.733333e-06,8.839546154,8.646141342
1.013333e-05,4.48e-05,3.733333e-06,9.822343431,9.629116115
1.013333e-05,4.48e-05,3.733333e-06,10.72097318,10.5279715
1.013333e-05,4.48e-05,3.733333e-06,11.54928863,11.35744266
1.013333e-05,4.48e-05,3.733333e-06,12.32089911,12.1283071
1.013333e-05,4.48e-05,3.733333e-06,13.04271044,12.85057449
1.013333e-05,4.48e-05,3.733333e-06,13.72191846,13.53019727
1.013333e-05,4.48e-05,3.733333e-06,14.36427685,14.17297091
1.013333e-05,4.48e-05,3.733333e-06,14.97508716,14.78308702
1.013333e-05,4.48e-05,3.733333e-06,15.55608487,15.36657355
1.013333e-05,4.48e-05,3.733333e-06,16.11280798,15.92310041
1.013333e-05,4.48e-05,3.733333e-06,16.64754253,16.45815998
1.013333e-05,4.48e-05,4.8e-06,3.84e-05,3.84e-05
1.013333e-05,4.48e-05,4.8e-06,4.27e-05,4.27e-05
1.013333e-05,4.48e-05,4.8e-06,4.69e-05,4.69e-05
1.013333e-05,4.48e-05,4.8e-06,5.12e-05,5.12e-05
1.013333e-05,4.48e-05,4.8e-06,5.55e-05,5.55e-05
1.013333e-05,4.48e-05,4.8e-06,5.97e-05,5.97e-05
1.013333e-05,4.48e-05,4.8e-06,6.4e-05,6.4e-05
1.013333e-05,4.48e-05,4.8e-06,6.83e-05,6.83e-05
1.013333e-05,4.48e-05,4.8e-06,7.25e-05,7.25e-05
1.013333e-05,4.48e-05,4.8e-06,7.68e-05,7.68e-05
1.013333e-05,4.48e-05,4.8e-06,8.11e-05,8.11e-05
1.013333e-05,4.48e-05,4.8e-06,8.53e-05,8.53e-05
1.013333e-05,4.48e-05,4.8e-06,8.96e-05,8.96e-05
1.013333e-05,4.48e-05,4.8e-06,6.794962847,7.067186211
1.013333e-05,4.48e-05,4.8e-06,7.882740496,8.154585694
1.013333e-05,4.48e-05,4.8e-06,8.866620935,9.138096235
1.013333e-05,4.48e-05,4.8e-06,9.76652194,10.03759282
1.013333e-05,4.48e-05,4.8e-06,10.59718987,10.86780852
1.013333e-05,4.48e-05,4.8e-06,11.36985488,11.63997054
1.013333e-05,4.48e-05,4.8e-06,12.09240306,12.36238914
1.013333e-05,4.48e-05,4.8e-06,12.77416594,13.04326077
1.013333e-05,4.48e-05,4.8e-06,13.41884432,13.68719713
1.013333e-05,4.48e-05,4.8e-06,14.03135681,14.29899737
1.013333e-05,4.48e-05,4.8e-06,14.61500794,14.88320694
1.013333e-05,4.48e-05,4.8e-06,15.1753833,15.44116148
1.013333e-05,4.48e-05,4.8e-06,15.71203218,15.97651433
1.013333e-05,4.48e-05,4.266667e-06,3.84e-05,3.84e-05
1.013333e-05,4.48e-05,4.266667e-06,4.27e-05,4.27e-05
1.013333e-05,4.48e-05,4.266667e-06,4.69e-05,4.69e-05
1.013333e-05,4.48e-05,4.266667e-06,5.12e-05,5.12e-05
1.013333e-05,4.48e-05,4.266667e-06,5.55e-05,5.55e-05
1.013333e-05,4.48e-05,4.266667e-06,5.97e-05,5.97e-05
1.013333e-05,4.48e-05,4.266667e-06,6.4e-05,6.4e-05
1.013333e-05,4.48e-05,4.266667e-06,6.83e-05,6.83e-05
1.013333e-05,4.48e-05,4.266667e-06,7.25e-05,7.25e-05
1.013333e-05,4.48e-05,4.266667e-06,7.68e-05,7.68e-05
1.013333e-05,4.48e-05,4.266667e-06,8.11e-05,8.11e-05
1.013333e-05,4.48e-05,4.266667e-06,8.53e-05,8.53e-05
1.013333e-05,4.48e-05,4.266667e-06,8.96e-05,8.96e-05
1.013333e-05,4.48e-05,4.266667e-06,7.218495191,6.447508389
1.013333e-05,4.48e-05,4.266667e-06,8.305735747,7.535125467
1.013333e-05,4.48e-05,4.266667e-06,9.289066782,8.519616487
1.013333e-05,4.48e-05,4.266667e-06,10.18835509,9.420111591
1.013333e-05,4.48e-05,4.266667e-06,11.01833219,10.25140818
1.013333e-05,4.48e-05,4.266667e-06,11.78922656,11.02475775
1.013333e-05,4.48e-05,4.266667e-06,12.51248973,11.74892089
1.013333e-05,4.48e-05,4.266667e-06,13.19294039,12.43024563
1.013333e-05,4.48e-05,4.266667e-06,13.83649934,13.07605764
1.013333e-05,4.48e-05,4.266667e-06,14.44792272,13.68956984
1.013333e-05,4.48e-05,4.266667e-06,15.03181241,14.27486654
1.013333e-05,4.48e-05,4.266667e-06,15.58927339,14.83581388
1.013333e-05,4.48e-05,4.266667e-06,16.12521077,15.37352647
1.013333e-05,4.48e-05,4.533333e-06,3.84e-05,3.84e-05
1.013333e-05,4.48e-05,4.533333e-06,4.27e-05,4.27e-05
1.013333e-05,4.48e-05,4.533333e-06,4.69e-05,4.69e-05
1.013333e-05,4.48e-05,4.533333e-06,5.12e-05,5.12e-05
1.013333e-05,4.48e-05,4.533333e-06,5.55e-05,5.55e-05
1.013333e-05,4.48e-05,4.533333e-06,5.97e-05,5.97e-05
1.013333e-05,4.48e-05,4.533333e-06,6.4e-05,6.4e-05
1.013333e-05,4.48e-05,4.533333e-06,6.83e-05,6.83e-05
1.013333e-05,4.48e-05,4.533333e-06,7.25e-05,7.25e-05
1.013333e-05,4.48e-05,4.533333e-06,7.68e-05,7.68e-05
1.013333e-05,4.48e-05,4.533333e-06,8.11e-05,8.11e-05
1.013333e-05,4.48e-05,4.533333e-06,8.53e-05,8.53e-05
1.013333e-05,4.48e-05,4.533333e-06,8.96e-05,8.96e-05
1.013333e-05,4.48e-05,4.533333e-06,6.556407623,35.90542574
1.013333e-05,4.48e-05,4.533333e-06,7.64412251,40.33508617
1.013333e-05,4.48e-05,4.533333e-06,8.628399913,45.23408931
1.013333e-05,4.48e-05,4.533333e-06,9.528696719,49.07582355
1.013333e-05,4.48e-05,4.533333e-06,10.3597892,51.65703829
1.013333e-05,4.48e-05,4.533333e-06,11.13291887,53.33981706
1.013333e-05,4.48e-05,4.533333e-06,11.85684354,54.39470953
1.013333e-05,4.48e-05,4.533333e-06,12.53806535,55.04406724
1.013333e-05,4.48e-05,4.533333e-06,13.18349152,55.44075448
1.013333e-05,4.48e-05,4.533333e-06,13.79667669,55.67755597
1.013333e-05,4.48e-05,4.533333e-06,14.38165475,55.80821241
1.013333e-05,4.48e-05,4.533333e-06,14.94229356,55.86342003
1.013333e-05,4.48e-05,4.533333e-06,15.47962418,55.86049715
1.013333e-05,4.48e-05,4e-06,3.84e-05,3.84e-05
1.013333e-05,4.48e-05,4e-06,4.27e-05,4.27e-05
1.013333e-05,4.48e-05,4e-06,4.69e-05,4.69e-05
1.013333e-05,4.48e-05,4e-06,5.12e-05,5.12e-05
1.013333e-05,4.48e-05,4e-06,5.55e-05,5.55e-05
1.013333e-05,4.48e-05,4e-06,5.97e-05,5.97e-05
1.013333e-05,4.48e-05,4e-06,6.4e-05,6.4e-05
1.013333e-05,4.48e-05,4e-06,6.83e-05,6.83e-05
1.013333e-05,4.48e-05,4e-06,7.25e-05,7.25e-05
1.013333e-05,4.48e-05,4e-06,7.68e-05,7.68e-05
1.013333e-05,4.48e-05,4e-06,8.11e-05,8.11e-05
1.013333e-05,4.48e-05,4e-06,8.53e-05,8.53e-05
1.013333e-05,4.48e-05,4e-06,8.96e-05,8.96e-05
1.013333e-05,4.48e-05,4e-06,35.67081404,35.57531788
1.013333e-05,4.48e-05,4e-06,40.27218764,40.25122603
1.013333e-05,4.48e-05,4e-06,45.2915537,45.30924374
1.013333e-05,4.48e-05,4e-06,49.10120391,49.10989478
1.013333e-05,4.48e-05,4e-06,51.60757853,51.58291914
1.013333e-05,4.48e-05,4e-06,53.22282668,53.16631784
1.013333e-05,4.48e-05,4e-06,54.23332906,54.16134929
1.013333e-05,4.48e-05,4e-06,54.8586423,54.77673964
1.013333e-05,4.48e-05,4e-06,55.24502426,55.15893704
1.013333e-05,4.48e-05,4e-06,55.48006514,55.39334041
1.013333e-05,4.48e-05,4e-06,55.6143383,55.52920434
1.013333e-05,4.48e-05,4e-06,55.67682367,55.59479566
1.013333e-05,4.48e-05,4e-06,55.68401036,55.60625715
1.013333e-05,4.48e-05,5.6e-06,3.84e-05,3.84e-05
1.013333e-05,4.48e-05,5.6e-06,4.27e-05,4.27e-05
1.013333e-05,4.48e-05,5.6e-06,4.69e-05,4.69e-05
1.013333e-05,4.48e-05,5.6e-06,5.12e-05,5.12e-05
1.013333e-05,4.48e-05,5.6e-06,5.55e-05,5.55e-05
1.013333e-05,4.48e-05,5.6e-06,5.97e-05,5.97e-05
1.013333e-05,4.48e-05,5.6e-06,6.4e-05,6.4e-05
1.013333e-05,4.48e-05,5.6e-06,6.83e-05,6.83e-05
1.013333e-05,4.48e-05,5.6e-06,7.25e-05,7.25e-05
1.013333e-05,4.48e-05,5.6e-06,7.68e-05,7.68e-05
1.013333e-05,4.48e-05,5.6e-06,8.11e-05,8.11e-05
1.013333e-05,4.48e-05,5.6e-06,8.53e-05,8.53e-05
1.013333e-05,4.48e-05,5.6e-06,8.96e-05,8.96e-05
1.013333e-05,4.48e-05,5.6e-06,35.41540744,35.17972187
1.013333e-05,4.48e-05,5.6e-06,40.22297839,40.19917771
1.013333e-05,4.48e-05,5.6e-06,45.36273323,45.44733723
1.013333e-05,4.48e-05,5.6e-06,49.12178579,49.12586015
1.013333e-05,4.48e-05,5.6e-06,51.53490373,51.44606787
1.013333e-05,4.48e-05,5.6e-06,53.07001804,52.90439211
1.013333e-05,4.48e-05,5.6e-06,54.03156464,53.81580177
1.013333e-05,4.48e-05,5.6e-06,54.63011444,54.38890402
1.013333e-05,4.48e-05,5.6e-06,55.00529089,54.75364203
1.013333e-05,4.48e-05,5.6e-06,55.23871749,54.98581588
1.013333e-05,4.48e-05,5.6e-06,55.37739722,55.12899822
1.013333e-05,4.48e-05,5.6e-06,55.44838045,55.20838614
1.013333e-05,4.48e-05,5.6e-06,55.46721586,55.23861394
1.013333e-05,4.48e-05,5.066667e-06,3.84e-05,3.84e-05
1.013333e-05,4.48e-05,5.066667e-06,4.27e-05,4.27e-05
1.013333e-05,4.48e-05,5.066667e-06,4.69e-05,4.69e-05
1.013333e-05,4.48e-05,5.066667e-06,5.12e-05,5.12e-05
1.013333e-05,4.48e-05,5.066667e-06,5.55e-05,5.55e-05
1.013333e-05,4.48e-05,5.066667e-06,5.97e-05,5.97e-05
1.013333e-05,4.48e-05,5.066667e-06,6.4e-05,6.4e-05
1.013333e-05,4.48e-05,5.066667e-06,6.83e-05,6.83e-05
1.013333e-05,4.48e-05,5.066667e-06,7.25e-05,7.25e-05
1.013333e-05,4.48e-05,5.066667e-06,7.68e-05,7.68e-05
1.013333e-05,4.48e-05,5.066667e-06,8.11e-05,8.11e-05
1.013333e-05,4.48e-05,5.066667e-06,8.53e-05,8.53e-05
1.013333e-05,4.48e-05,5.066667e-06,8.96e-05,8.96e-05
1.013333e-05,4.48e-05,5.066667e-06,35.23065199,35.34764957
1.013333e-05,4.48e-05,5.066667e-06,40.20235655,40.21382981
1.013333e-05,4.48e-05,5.066667e-06,45.42837499,45.38626851
1.013333e-05,4.48e-05,5.066667e-06,49.13027914,49.12563764
1.013333e-05,4.48e-05,5.066667e-06,51.46732309,51.51174658
1.013333e-05,4.48e-05,5.066667e-06,52.94285554,53.02550704
1.013333e-05,4.48e-05,5.066667e-06,53.86517942,53.97273675
1.013333e-05,4.48e-05,5.066667e-06,54.44385207,54.56405354
1.013333e-05,4.48e-05,5.066667e-06,54.81085877,54.93624329
1.013333e-05,4.48e-05,5.066667e-06,55.04328552,55.16928786
1.013333e-05,4.48e-05,5.066667e-06,55.18545847,55.30921848
1.013333e-05,4.48e-05,5.066667e-06,55.26298192,55.38256058
1.013333e-05,4.48e-05,5.066667e-06,55.29069217,55.40460511
1.013333e-05,4.48e-05,5.333333e-06,3.84e-05,3.84e-05
1.013333e-05,4.48e-05,5.333333e-06,4.27e-05,4.27e-05
1.013333e-05,4.48e-05,5.333333e-06,4.69e-05,4.69e-05
1.013333e-05,4.48e-05,5.333333e-06,5.12e-05,5.12e-05
1.013333e-05,4.48e-05,5.333333e-06,5.55e-05,5.55e-05
1.013333e-05,4.48e-05,5.333333e-06,5.97e-05,5.97e-05
1.013333e-05,4.48e-05,5.333333e-06,6.4e-05,6.4e-05
1.013333e-05,4.48e-05,5.333333e-06,6.83e-05,6.83e-05
1.013333e-05,4.48e-05,5.333333e-06,7.25e-05,7.25e-05
1.013333e-05,4.48e-05,5.333333e-06,7.68e-05,7.68e-05
1.013333e-05,4.48e-05,5.333333e-06,8.11e-05,8.11e-05
1.013333e-05,4.48e-05,5.333333e-06,8.53e-05,8.53e-05
1.013333e-05,4.48e-05,5.333333e-06,8.96e-05,8.96e-05
1.013333e-05,4.48e-05,5.333333e-06,35.13296085,35.08985055
1.013333e-05,4.48e-05,5.333333e-06,40.19728052,40.19642633
1.013333e-05,4.48e-05,5.333333e-06,45.46510118,45.4817808
1.013333e-05,4.48e-05,5.333333e-06,49.12735297,49.12809994
1.013333e-05,4.48e-05,5.333333e-06,51.4254391,51.40542049
1.013333e-05,4.48e-05,5.333333e-06,52.8676451,52.83248721
1.013333e-05,4.48e-05,5.333333e-06,53.7689966,53.72453563
1.013333e-05,4.48e-05,5.333333e-06,54.33694679,54.28770294
1.013333e-05,4.48e-05,5.333333e-06,54.69959418,54.648416
1.013333e-05,4.48e-05,5.333333e-06,54.93154425,54.88016691
1.013333e-05,4.48e-05,5.333333e-06,55.07567158,55.0251812
1.013333e-05,4.48e-05,5.333333e-06,55.15679581,55.10792742
1.013333e-05,4.48e-05,5.333333e-06,55.18936346,55.14267693
1.066667e-05,0.000132012,2.4e-06,3.84e-05,3.84e-05
1.066667e-05,0.000132012,2.4e-06,4.27e-05,4.27e-05
1.066667e-05,0.000132012,2.4e-06,4.69e-05,4.69e-05
1.066667e-05,0.000132012,2.4e-06,5.12e-05,5.12e-05
1.066667e-05,0.000132012,2.4e-06,5.55e-05,5.55e-05
1.066667e-05,0.000132012,2.4e-06,5.97e-05,5.97e-05
1.066667e-05,0.000132012,2.4e-06,6.4e-05,6.4e-05
1.066667e-05,0.000132012,2.4e-06,6.83e-05,6.83e-05
1.066667e-05,0.000132012,2.4e-06,7.25e-05,7.25e-05
1.066667e-05,0.000132012,2.4e-06,7.68e-05,7.68e-05
1.066667e-05,0.000132012,2.4e-06,8.11e-05,8.11e-05
1.066667e-05,0.000132012,2.4e-06,8.53e-05,8.53e-05
1.066667e-05,0.000132012,2.4e-06,8.96e-05,8.96e-05
1.066667e-05,0.000132012,2.4e-06,18.5640829,18.33502287
1.066667e-05,0.000132012,2.4e-06,19.82985324,19.60277283
1.066667e-05,0.000132012,2.4e-06,21.01077542,20.7860237
1.066667e-05,0.000132012,2.4e-06,22.1270802,21.90504593
1.066667e-05,0.000132012,2.4e-06,23.19456421,22.9756882
1.066667e-05,0.000132012,2.4e-06,24.22612963,24.01092029
1.066667e-05,0.000132012,2.4e-06,25.23006831,25.02186013
1.066667e-05,0.000132012,2.4e-06,26.2243324,26.018027
1.066667e-05,0.000132012,2.4e-06,27.20877011,27.01026575
1.066667e-05,0.000132012,2.4e-06,28.19977345,28.00427023
1.066667e-05,0.000132012,2.4e-06,29.20217763,29.01685554
1.066667e-05,0.000132012,2.4e-06,30.22105412,30.04836019
1.066667e-05,0.000132012,2.4e-06,31.28728327,31.12286031
1.066667e-05,0.000132012,2.666667e-06,3.84e-05,3.84e-05
1.066667e-05,0.000132012,2.666667e-06,4.27e-05,4.27e-05
1.066667e-05,0.000132012,2.666667e-06,4.69e-05,4.69e-05
1.066667e-05,0.000132012,2.666667e-06,5.12e-05,5.12e-05
1.066667e-05,0.000132012,2.666667e-06,5.55e-05,5.55e-05
1.066667e-05,0.000132012,2.666667e-06,5.97e-05,5.97e-05
1.066667e-05,0.000132012,2.666667e-06,6.4e-05,6.4e-05
1.066667e-05,0.000132012,2.666667e-06,6.83e-05,6.83e-05
1.066667e-05,0.000132012,2.666667e-06,7.25e-05,7.25e-05
1.066667e-05,0.000132012,2.666667e-06,7.68e-05,7.68e-05
1.066667e-05,0.000132012,2.666667e-06,8.11e-05,8.11e-05
1.066667e-05,0.000132012,2.666667e-06,8.53e-05,8.53e-05
1.066667e-05,0.000132012,2.666667e-06,8.96e-05,8.96e-05
1.066667e-05,0.000132012,2.666667e-06,17.94060686,17.76866068
1.066667e-05,0.000132012,2.666667e-06,19.21200775,19.04176949
1.066667e-05,0.000132012,2.666667e-06,20.39949683,20.23121017
1.066667e-05,0.000132012,2.666667e-06,21.5234263,21.35737805
1.066667e-05,0.000132012,2.666667e-06,22.59974463,22.43627125
1.066667e-05,0.000132012,2.666667e-06,23.64154668,23.48104279
1.066667e-05,0.000132012,2.666667e-06,24.6601012,24.50303292
1.066667e-05,0.000132012,2.666667e-06,25.66332198,25.50836925
1.066667e-05,0.000132012,2.666667e-06,26.66763933,26.51909093
1.066667e-05,0.000132012,2.666667e-06,27.67582387,27.53174368
1.066667e-05,0.000132012,2.666667e-06,28.69832151,28.56363623
1.066667e-05,0.000132012,2.666667e-06,29.75186806,29.62337612
1.066667e-05,0.000132012,2.666667e-06,30.84396928,30.72414824
1.066667e-05,0.000132012,2.933333e-06,3.84e-05,3.84e-05
1.066667e-05,0.000132012,2.933333e-06,4.27e-05,4.27e-05
1.066667e-05,0.000132012,2.933333e-06,4.69e-05,4.69e-05
1.066667e-05,0.000132012,2.933333e-06,5.12e-05,5.12e-05
1.066667e-05,0.000132012,2.933333e-06,5.55e-05,5.55e-05
1.066667e-05,0.000132012,2.933333e-06,5.97e-05,5.97e-05
1.066667e-05,0.000132012,2.933333e-06,6.4e-05,6.4e-05
1.066667e-05,0.000132012,2.933333e-06,6.83e-05,6.83e-05
1.066667e-05,0.000132012,2.933333e-06,7.25e-05,7.25e-05
1.066667e-05,0.000132012,2.933333e-06,7.68e-05,7.68e-05
1.066667e-05,0.000132012,2.933333e-06,8.11e-05,8.11e-05
1.066667e-05,0.000132012,2.933333e-06,8.53e-05,8.53e-05
1.066667e-05,0.000132012,2.933333e-06,8.96e-05,8.96e-05
1.066667e-05,0.000132012,2.933333e-06,17.46426886,17.3283931
1.066667e-05,0.000132012,2.933333e-06,18.74007085,18.60528441
1.066667e-05,0.000132012,2.933333e-06,19.93316448,19.80010726
1.066667e-05,0.000132012,2.933333e-06,21.06347377,20.93235009
1.066667e-05,0.000132012,2.933333e-06,22.14709797,22.01816437
1.066667e-05,0.000132012,2.933333e-06,23.1973032,23.07087263
1.066667e-05,0.000132012,2.933333e-06,24.22556474,24.10201393
1.066667e-05,0.000132012,2.933333e-06,25.24232902,25.12211353
1.066667e-05,0.000132012,2.933333e-06,26.25661942,26.13948366
1.066667e-05,0.000132012,2.933333e-06,27.28125576,27.16944575
1.066667e-05,0.000132012,2.933333e-06,28.32282378,28.21138533
1.066667e-05,0.000132012,2.933333e-06,29.39738214,29.29729761
1.066667e-05,0.000132012,2.933333e-06,30.50859124,30.4184535
1.066667e-05,0.000132012,3.2e-06,3.84e-05,3.84e-05
1.066667e-05,0.000132012,3.2e-06,4.27e-05,4.27e-05
1.066667e-05,0.000132012,3.2e-06,4.69e-05,4.69e-05
1.066667e-05,0.000132012,3.2e-06,5.12e-05,5.12e-05
1.066667e-05,0.000132012,3.2e-06,5.55e-05,5.55e-05
1.066667e-05,0.000132012,3.2e-06,5.97e-05,5.97e-05
1.066667e-05,0.000132012,3.2e-06,6.4e-05,6.4e-05
1.066667e-05,0.000132012,3.2e-06,6.83e-05,6.83e-05
1.066667e-05,0.000132012,3.2e-06,7.25e-05,7.25e-05
1.066667e-05,0.000132012,3.2e-06,7.68e-05,7.68e-05
1.066667e-05,0.000132012,3.2e-06,8.11e-05,8.11e-05
1.066667e-05,0.000132012,3.2e-06,8.53e-05,8.53e-05
1.066667e-05,0.000132012,3.2e-06,8.96e-05,8.96e-05
1.066667e-05,0.000132012,3.2e-06,16.86678374,17.08304191
1.066667e-05,0.000132012,3.2e-06,18.14954065,18.3615907
1.066667e-05,0.000132012,3.2e-06,19.34761265,19.55973546
1.066667e-05,0.000132012,3.2e-06,20.48695351,20.69563404
1.066667e-05,0.000132012,3.2e-06,21.58066248,21.78554661
1.066667e-05,0.000132012,3.2e-06,22.64229285,22.84290957
1.066667e-05,0.000132012,3.2e-06,23.6836323,23.87938685
1.066667e-05,0.000132012,3.2e-06,24.71546986,24.90564105
1.066667e-05,0.000132012,3.2e-06,25.74828382,25.92719132
1.066667e-05,0.000132012,3.2e-06,26.79190888,26.9684119
1.066667e-05,0.000132012,3.2e-06,27.85510542,28.02598635
1.066667e-05,0.000132012,3.2e-06,28.96121396,29.1155976
1.066667e-05,0.000132012,3.2e-06,30.11228695,30.2554655
1.066667e-05,0.000132012,3.466667e-06,3.84e-05,3.84e-05
1.066667e-05,0.000132012,3.466667e-06,4.27e-05,4.27e-05
1.066667e-05,0.000132012,3.466667e-06,4.69e-05,4.69e-05
1.066667e-05,0.000132012,3.466667e-06,5.12e-05,5.12e-05
1.066667e-05,0.000132012,3.466667e-06,5.55e-05,5.55e-05
1.066667e-05,0.000132012,3.466667e-06,5.97e-05,5.97e-05
1.066667e-05,0.000132012,3.466667e-06,6.4e-05,6.4e-05
1.066667e-05,0.000132012,3.466667e-06,6.83e-05,6.83e-05
1.066667e-05,0.000132012,3.466667e-06,7.25e-05,7.25e-05
1.066667e-05,0.000132012,3.466667e-06,7.68e-05,7.68e-05
1.066667e-05,0.000132012,3.466667e-06,8.11e-05,8.11e-05
1.066667e-05,0.000132012,3.466667e-06,8.53e-05,8.53e-05
1.066667e-05,0.000132012,3.466667e-06,8.96e-05,8.96e-05
1.066667e-05,0.000132012,3.466667e-06,8.549573303,8.287020235
1.066667e-05,0.000132012,3.466667e-06,9.636198616,9.373732756
1.066667e-05,0.000132012,3.466667e-06,10.6185695,10.35627663
1.066667e-05,0.000132012,3.466667e-06,11.51605901,11.25360839
1.066667e-05,0.000132012,3.466667e-06,12.34485449,12.0829633
1.066667e-05,0.000132012,3.466667e-06,13.11511398,12.85367606
1.066667e-05,0.000132012,3.466667e-06,13.83573168,13.57473527
1.066667e-05,0.000132012,3.466667e-06,14.51376204,14.25322223
1.066667e-05,0.000132012,3.466667e-06,15.15527754,14.89482915
1.066667e-05,0.000132012,3.466667e-06,15.76458713,15.50519115
1.066667e-05,0.000132012,3.466667e-06,16.3440834,16.08518804
1.066667e-05,0.000132012,3.466667e-06,16.89940567,16.64105688
1.066667e-05,0.000132012,3.466667e-06,17.4320502,17.17444764
1.066667e-05,0.000132012,3.733333e-06,3.84e-05,3.84e-05
1.066667e-05,0.000132012,3.733333e-06,4.27e-05,4.27e-05
1.066667e-05,0.000132012,3.733333e-06,4.69e-05,4.69e-05
1.066667e-05,0.000132012,3.733333e-06,5.12e-05,5.12e-05
1.066667e-05,0.000132012,3.733333e-06,5.55e-05,5.55e-05
1.066667e-05,0.000132012,3.733333e-06,5.97e-05,5.97e-05
1.066667e-05,0.000132012,3.733333e-06,6.4e-05,6.4e-05
1.066667e-05,0.000132012,3.733333e-06,6.83e-05,6.83e-05
1.066667e-05,0.000132012,3.733333e-06,7.25e-05,7.25e-05
1.066667e-05,0.000132012,3.733333e-06,7.68e-05,7.68e-05
1.066667e-05,0.000132012,3.733333e-06,8.11e-05,8.11e-05
1.066667e-05,0.000132012,3.733333e-06,8.53e-05,8.53e-05
1.066667e-05,0.000132012,3.733333e-06,8.96e-05,8.96e-05
1.066667e-05,0.000132012,3.733333e-06,7.840056699,7.647049774
1.066667e-05,0.000132012,3.733333e-06,8.926986942,8.734104472
1.066667e-05,0.000132012,3.733333e-06,9.909886502,9.717183126
1.066667e-05,0.000132012,3.733333e-06,10.808628,10.61615199
1.066667e-05,0.000132012,3.733333e-06,11.63706207,11.44574511
1.066667e-05,0.000132012,3.733333e-06,12.40880108,12.21673827
1.066667e-05,0.000132012,3.733333e-06,13.1307477,12.93914323
1.066667e-05,0.000132012,3.733333e-06,13.81009753,13.61891011
1.066667e-05,0.000132012,3.733333e-06,14.45260428,14.26183449
1.066667e-05,0.000132012,3.733333e-06,15.06357056,14.87211183
1.066667e-05,0.000132012,3.733333e-06,15.64472273,15.45575717
1.066667e-05,0.000132012,3.733333e-06,16.2016187,16.01245607
1.066667e-05,0.000132012,3.733333e-06,16.73652957,16.54769405
1.066667e-05,0.000132012,4.8e-06,3.84e-05,3.84e-05
1.066667e-05,0.000132012,4.8e-06,4.27e-05,4.27e-05
1.066667e-05,0.000132012,4.8e-06,4.69e-05,4.69e-05
1.066667e-05,0.000132012,4.8e-06,5.12e-05,5.12e-05
1.066667e-05,0.000132012,4.8e-06,5.55e-05,5.55e-05
1.066667e-05,0.000132012,4.8e-06,5.97e-05,5.97e-05
1.066667e-05,0.000132012,4.8e-06,6.4e-05,6.4e-05
1.066667e-05,0.000132012,4.8e-06,6.83e-05,6.83e-05
1.066667e-05,0.000132012,4.8e-06,7.25e-05,7.25e-05
1.066667e-05,0.000132012,4.8e-06,7.68e-05,7.68e-05
1.066667e-05,0.000132012,4.8e-06,8.11e-05,8.11e-05
1.066667e-05,0.000132012,4.8e-06,8.53e-05,8.53e-05
1.066667e-05,0.000132012,4.8e-06,8.96e-05,8.96e-05
1.066667e-05,0.000132012,4.8e-06,6.884965401,7.156414881
1.066667e-05,0.000132012,4.8e-06,7.972842129,8.243911013
1.066667e-05,0.000132012,4.8e-06,8.956833612,9.227529885
1.066667e-05,0.000132012,4.8e-06,9.856855778,10.12714473
1.066667e-05,0.000132012,4.8e-06,10.68765387,10.9574875
1.066667e-05,0.000132012,4.8e-06,11.46045729,11.72978465
1.066667e-05,0.000132012,4.8e-06,12.18314997,12.45234497
1.066667e-05,0.000132012,4.8e-06,12.86506763,13.13336728
1.066667e-05,0.000132012,4.8e-06,13.5099075,13.77746103
1.066667e-05,0.000132012,4.8e-06,14.12258851,14.38942558
1.066667e-05,0.000132012,4.8e-06,14.70642115,14.97380661
1.066667e-05,0.000132012,4.8e-06,15.26697073,15.5319397
1.066667e-05,0.000132012,4.8e-06,15.8038124,16.06747301
1.066667e-05,0.000132012,4.266667e-06,3.84e-05,3.84e-05
1.066667e-05,0.000132012,4.266667e-06,4.27e-05,4.27e-05
1.066667e-05,0.000132012,4.266667e-06,4.69e-05,4.69e-05
1.066667e-05,0.000132012,4.266667e-06,5.12e-05,5.12e-05
1.066667e-05,0.000132012,4.266667e-06,5.55e-05,5.55e-05
1.066667e-05,0.000132012,4.266667e-06,5.97e-05,5.97e-05
1.066667e-05,0.000132012,4.266667e-06,6.4e-05,6.4e-05
1.066667e-05,0.000132012,4.266667e-06,6.83e-05,6.83e-05
1.066667e-05,0.000132012,4.266667e-06,7.25e-05,7.25e-05
1.066667e-05,0.000132012,4.266667e-06,7.68e-05,7.68e-05
1.066667e-05,0.000132012,4.266667e-06,8.11e-05,8.11e-05
1.066667e-05,0.000132012,4.266667e-06,8.53e-05,8.53e-05
1.066667e-05,0.000132012,4.266667e-06,8.96e-05,8.96e-05
1.066667e-05,0.000132012,4.266667e-06,7.307300813,6.538524931
1.066667e-05,0.000132012,4.266667e-06,8.394636695,7.626245946
1.066667e-05,0.000132012,4.266667e-06,9.378074636,8.610851804
1.066667e-05,0.000132012,4.266667e-06,10.27747967,9.511472071
1.066667e-05,0.000132012,4.266667e-06,11.1075822,10.34290306
1.066667e-05,0.000132012,4.266667e-06,11.87860817,11.11639554
1.066667e-05,0.000132012,4.266667e-06,12.60201326,11.84070965
1.066667e-05,0.000132012,4.266667e-06,13.28261248,12.52219183
1.066667e-05,0.000132012,4.266667e-06,13.92632668,13.16817108
1.066667e-05,0.000132012,4.266667e-06,14.53791217,13.78185762
1.066667e-05,0.000132012,4.266667e-06,15.12197057,14.36733609
1.066667e-05,0.000132012,4.266667e-06,15.67960806,14.92847237
1.066667e-05,0.000132012,4.266667e-06,16.21572891,15.46638286
1.066667e-05,0.000132012,4.533333e-06,3.84e-05,3.84e-05
1.066667e-05,0.000132012,4.533333e-06,4.27e-05,4.27e-05
1.066667e-05,0.000132012,4.533333e-06,4.69e-05,4.69e-05
1.066667e-05,0.000132012,4.533333e-06,5.12e-05,5.12e-05
1.066667e-05,0.000132012,4.533333e-06,5.55e-05,5.55e-05
1.066667e-05,0.000132012,4.533333e-06,5.97e-05,5.97e-05
1.066667e-05,0.000132012,4.533333e-06,6.4e-05,6.4e-05
1.066667e-05,0.000132012,4.533333e-06,6.83e-05,6.83e-05
1.066667e-05,0.000132012,4.533333e-06,7.25e-05,7.25e-05
1.066667e-05,0.000132012,4.533333e-06,7.68e-05,7.68e-05
1.066667e-05,0.000132012,4.533333e-06,8.11e-05,8.11e-05
1.066667e-05,0.000132012,4.533333e-06,8.53e-05,8.53e-05
1.066667e-05,0.000132012,4.533333e-06,8.96e-05,8.96e-05
1.066667e-05,0.000132012,4.533333e-06,6.647101954,36.01473493
1.066667e-05,0.000132012,4.533333e-06,7.734920225,40.46260143
1.066667e-05,0.000132012,4.533333e-06,8.719311235,45.3635064
1.066667e-05,0.000132012,4.533333e-06,9.61973191,49.18895578
1.066667e-05,0.000132012,4.533333e-06,10.45095743,51.75626883
1.066667e-05,0.000132012,4.533333e-06,11.22422856,53.42770676
1.066667e-05,0.000132012,4.533333e-06,11.94830267,54.4742828
1.066667e-05,0.000132012,4.533333e-06,12.62968056,55.11795178
1.066667e-05,0.000132012,4.533333e-06,13.2752721,55.51078773
1.066667e-05,0.000132012,4.533333e-06,13.88862972,55.74487829
1.066667e-05,0.000132012,4.533333e-06,14.47378761,55.87348724
1.066667e-05,0.000132012,4.533333e-06,15.03461336,55.92700757
1.066667e-05,0.000132012,4.533333e-06,15.5721396,55.92256057
1.066667e-05,0.000132012,4e-06,3.84e-05,3.84e-05
1.066667e-05,0.000132012,4e-06,4.27e-05,4.27e-05
1.066667e-05,0.000132012,4e-06,4.69e-05,4.69e-05
1.066667e-05,0.000132012,4e-06,5.12e-05,5.12e-05
1.066667e-05,0.000132012,4e-06,5.55e-05,5.55e-05
1.066667e-05,0.000132012,4e-06,5.97e-05,5.97e-05
1.066667e-05,0.000132012,4e-06,6.4e-05,6.4e-05
1.066667e-05,0.000132012,4e-06,6.83e-05,6.83e-05
1.066667e-05,0.000132012,4e-06,7.25e-05,7.25e-05
1.066667e-05,0.000132012,4e-06,7.68e-05,7.68e-05
1.066667e-05,0.000132012,4e-06,8.11e-05,8.11e-05
1.066667e-05,0.000132012,4e-06,8.53e-05,8.53e-05
1.066667e-05,0.000132012,4e-06,8.96e-05,8.96e-05
1.066667e-05,0.000132012,4e-06,35.78358547,35.68965211
1.066667e-05,0.000132012,4e-06,40.40422271,40.38526581
1.066667e-05,0.000132012,4e-06,45.4234604,45.44299213
1.066667e-05,0.000132012,4e-06,49.21498435,49.22394651
1.066667e-05,0.000132012,4e-06,51.70695341,51.68236953
1.066667e-05,0.000132012,4e-06,53.31096951,53.25498839
1.066667e-05,0.000132012,4e-06,54.3134063,54.24165788
1.066667e-05,0.000132012,4e-06,54.93326065,54.85168403
1.066667e-05,0.000132012,4e-06,55.31595673,55.23026292
1.066667e-05,0.000132012,4e-06,55.54840103,55.46211608
1.066667e-05,0.000132012,4e-06,55.68071125,55.59605129
1.066667e-05,0.000132012,4e-06,55.7415804,55.66005515
1.066667e-05,0.000132012,4e-06,55.74731218,55.67008974
1.066667e-05,0.000132012,5.6e-06,3.84e-05,3.84e-05
1.066667e-05,0.000132012,5.6e-06,4.27e-05,4.27e-05
1.066667e-05,0.000132012,5.6e-06,4.69e-05,4.69e-05
1.066667e-05,0.000132012,5.6e-06,5.12e-05,5.12e-05
1.066667e-05,0.000132012,5.6e-06,5.55e-05,5.55e-05
1.066667e-05,0.000132012,5.6e-06,5.97e-05,5.97e-05
1.066667e-05,0.000132012,5.6e-06,6.4e-05,6.4e-05
1.066667e-05,0.000132012,5.6e-06,6.83e-05,6.83e-05
1.066667e-05,0.000132012,5.6e-06,7.25e-05,7.25e-05
1.066667e-05,0.000132012,5.6e-06,7.68e-05,7.68e-05
1.066667e-05,0.000132012,5.6e-06,8.11e-05,8.11e-05
1.066667e-05,0.000132012,5.6e-06,8.53e-05,8.53e-05
1.066667e-05,0.000132012,5.6e-06,8.96e-05,8.96e-05
1.066667e-05,0.000132012,5.6e-06,35.53259658,35.30178226
1.066667e-05,0.000132012,5.6e-06,40.36062174,40.34279473
1.066667e-05,0.000132012,5.6e-06,45.49786371,45.58491142
1.066667e-05,0.000132012,5.6e-06,49.2363026,49.24148629
1.066667e-05,0.000132012,5.6e-06,51.63450469,51.54595619
1.066667e-05,0.000132012,5.6e-06,53.15878509,52.99341371
1.066667e-05,0.000132012,5.6e-06,54.11229984,53.89727324
1.066667e-05,0.000132012,5.6e-06,54.7056461,54.46541532
1.066667e-05,0.000132012,5.6e-06,55.07731738,54.82681769
1.066667e-05,0.000132012,5.6e-06,55.30827153,55.05663483
1.066667e-05,0.000132012,5.6e-06,55.44507989,55.19803089
1.066667e-05,0.000132012,5.6e-06,55.51452377,55.2759507
1.066667e-05,0.000132012,5.6e-06,55.53197908,55.30486751
1.066667e-05,0.000132012,5.066667e-06,3.84e-05,3.84e-05
1.066667e-05,0.000132012,5.066667e-06,4.27e-05,4.27e-05
1.066667e-05,0.000132012,5.066667e-06,4.69e-05,4.69e-05
1.066667e-05,0.000132012,5.066667e-06,5.12e-05,5.12e-05
1.066667e-05,0.000132012,5.066667e-06,5.55e-05,5.55e-05
1.066667e-05,0.000132012,5.066667e-06,5.97e-05,5.97e-05
1.066667e-05,0.000132012,5.066667e-06,6.4e-05,6.4e-05
1.066667e-05,0.000132012,5.066667e-06,6.83e-05,6.83e-05
1.066667e-05,0.000132012,5.066667e-06,7.25e-05,7.25e-05
1.066667e-05,0.000132012,5.066667e-06,7.68e-05,7.68e-05
1.066667e-05,0.000132012,5.066667e-06,8.11e-05,8.11e-05
1.066667e-05,0.000132012,5.066667e-06,8.53e-05,8.53e-05
1.066667e-05,0.000132012,5.066667e-06,8.96e-05,8.96e-05
1.066667e-05,0.000132012,5.066667e-06,35.35158255,35.46615043
1.066667e-05,0.000132012,5.066667e-06,40.3446074,40.35310329
1.066667e-05,0.000132012,5.066667e-06,45.56538545,45.5220559
1.066667e-05,0.000132012,5.066667e-06,49.23902131,49.24035617
1.066667e-05,0.000132012,5.066667e-06,51.56714167,51.61142142
1.066667e-05,0.000132012,5.066667e-06,53.03180903,53.11433226
1.066667e-05,0.000132012,5.066667e-06,53.94647929,54.05366927
1.066667e-05,0.000132012,5.066667e-06,54.52013839,54.63985158
1.066667e-05,0.000132012,5.066667e-06,54.88377248,55.00858454
1.066667e-05,0.000132012,5.066667e-06,55.11381734,55.23918975
1.066667e-05,0.000132012,5.066667e-06,55.25418551,55.37727335
1.066667e-05,0.000132012,5.066667e-06,55.33022539,55.44909652
1.066667e-05,0.000132012,5.066667e-06,55.35660968,55.46978078
1.066667e-05,0.000132012,5.333333e-06,3.84e-05,3.84e-05
1.066667e-05,0.000132012,5.333333e-06,4.27e-05,4.27e-05
1.066667e-05,0.000132012,5.333333e-06,4.69e-05,4.69e-05
1.066667e-05,0.000132012,5.333333e-06,5.12e-05,5.12e-05
1.066667e-05,0.000132012,5.333333e-06,5.55e-05,5.55e-05
1.066667e-05,0.000132012,5.333333e-06,5.97e-05,5.97e-05
1.066667e-05,0.000132012,5.333333e-06,6.4e-05,6.4e-05
1.066667e-05,0.000132012,5.333333e-06,6.83e-05,6.83e-05
1.066667e-05,0.000132012,5.333333e-06,7.25e-05,7.25e-05
1.066667e-05,0.000132012,5.333333e-06,7.68e-05,7.68e-05
1.066667e-05,0.000132012,5.333333e-06,8.11e-05,8.11e-05
1.066667e-05,0.000132012,5.333333e-06,8.53e-05,8.53e-05
1.066667e-05,0.000132012,5.333333e-06,8.96e-05,8.96e-05
1.066667e-05,0.000132012,5.333333e-06,35.25610096,35.21402439
1.066667e-05,0.000132012,5.333333e-06,40.34219253,40.34256864
1.066667e-05,0.000132012,5.333333e-06,45.60320778,45.62038982
1.066667e-05,0.000132012,5.333333e-06,49.24306181,49.24389338
1.066667e-05,0.000132012,5.333333e-06,51.52539572,51.50544402
1.066667e-05,0.000132012,5.333333e-06,52.95673654,52.92164972
1.066667e-05,0.000132012,5.333333e-06,53.85063252,53.80632945
1.066667e-05,0.000132012,5.333333e-06,54.413672,54.36463204
1.066667e-05,0.000132012,5.333333e-06,54.77301788,54.72207525
1.066667e-05,0.000132012,5.333333e-06,55.00263448,54.9515142
1.066667e-05,0.000132012,5.333333e-06,55.14499258,55.09477503
1.066667e-05,0.000132012,5.333333e-06,55.22466293,55.17608055
1.066667e-05,0.000132012,5.333333e-06,55.25593335,55.20954554
1.066667e-05,0.0003889991,2.4e-06,3.84e-05,3.84e-05
1.066667e-05,0.0003889991,2.4e-06,4.27e-05,4.27e-05
1.066667e-05,0.0003889991,2.4e-06,4.69e-05,4.69e-05
1.066667e-05,0.0003889991,2.4e-06,5.12e-05,5.12e-05
1.066667e-05,0.0003889991,2.4e-06,5.55e-05,5.55e-05
1.066667e-05,0.0003889991,2.4e-06,5.97e-05,5.97e-05
1.066667e-05,0.0003889991,2.4e-06,6.4e-05,6.4e-05
1.066667e-05,0.0003889991,2.4e-06,6.83e-05,6.83e-05
1.066667e-05,0.0003889991,2.4e-06,7.25e-05,7.25e-05
1.066667e-05,0.0003889991,2.4e-06,7.68e-05,7.68e-05
1.066667e-05,0.0003889991,2.4e-06,8.11e-05,8.11e-05
1.066667e-05,0.0003889991,2.4e-06,8.53e-05,8.53e-05
1.066667e-05,0.0003889991,2.4e-06,8.96e-05,8.96e-05
1.066667e-05,0.0003889991,2.4e-06,18.63836961,18.40984977
1.066667e-05,0.0003889991,2.4e-06,19.90465385,19.67812434
1.066667e-05,0.0003889991,2.4e-06,21.08615668,20.86196849
1.066667e-05,0.0003889991,2.4e-06,22.2031174,21.98166159
1.066667e-05,0.0003889991,2.4e-06,23.27134403,23.05306424
1.066667e-05,0.0003889991,2.4e-06,24.30375341,24.08916151
1.066667e-05,0.0003889991,2.4e-06,25.30866042,25.10109089
1.066667e-05,0.0003889991,2.4e-06,26.30402919,26.09839851
1.066667e-05,0.0003889991,2.4e-06,27.28976743,27.09195469
1.066667e-05,0.0003889991,2.4e-06,28.28224094,28.08732224
1.066667e-05,0.0003889991,2.4e-06,29.28640342,29.10189807
1.066667e-05,0.0003889991,2.4e-06,30.30732292,30.13552842
1.066667e-05,0.0003889991,2.4e-06,31.376073,31.21262837
1.066667e-05,0.0003889991,2.666667e-06,3.84e-05,3.84e-05
1.066667e-05,0.0003889991,2.666667e-06,4.27e-05,4.27e-05
1.066667e-05,0.0003889991,2.666667e-06,4.69e-05,4.69e-05
1.066667e-05,0.0003889991,2.666667e-06,5.12e-05,5.12e-05
1.066667e-05,0.0003889991,2.666667e-06,5.55e-05,5.55e-05
1.066667e-05,0.0003889991,2.666667e-06,5.97e-05,5.97e-05
1.066667e-05,0.0003889991,2.666667e-06,6.4e-05,6.4e-05
1.066667e-05,0.0003889991,2.666667e-06,6.83e-05,6.83e-05
1.066667e-05,0.0003889991,2.666667e-06,7.25e-05,7.25e-05
1.066667e-05,0.0003889991,2.666667e-06,7.68e-05,7.68e-05
1.066667e-05,0.0003889991,2.666667e-06,8.11e-05,8.11e-05
1.066667e-05,0.0003889991,2.666667e-06,8.53e-05,8.53e-05
1.066667e-05,0.0003889991,2.666667e-06,8.96e-05,8.96e-05
1.066667e-05,0.0003889991,2.666667e-06,18.01639293,17.84487665
1.066667e-05,0.0003889991,2.666667e-06,19.28833841,19.11853943
1.066667e-05,0.0003889991,2.666667e-06,20.47644428,20.30860785
1.066667e-05,0.0003889991,2.666667e-06,21.60107236,21.43548727
1.066667e-05,0.0003889991,2.666667e-06,22.67818395,22.51518906
1.066667e-05,0.0003889991,2.666667e-06,23.72089048,23.56088334
1.066667e-05,0.0003889991,2.666667e-06,24.74048173,24.58393212
1.066667e-05,0.0003889991,2.666667e-06,25.74490566,25.59050238
1.066667e-05,0.0003889991,2.666667e-06,26.75060562,26.60263584
1.066667e-05,0.0003889991,2.666667e-06,27.76042172,27.61697491
1.066667e-05,0.0003889991,2.666667e-06,28.78479053,28.65080083
1.066667e-05,0.0003889991,2.666667e-06,29.84065576,29.71289683
1.066667e-05,0.0003889991,2.666667e-06,30.93550662,30.81649155
1.066667e-05,0.0003889991,2.933333e-06,3.84e-05,3.84e-05
1.066667e-05,0.0003889991,2.933333e-06,4.27e-05,4.27e-05
1.066667e-05,0.0003889991,2.933333e-06,4.69e-05,4.69e-05
1.066667e-05,0.0003889991,2.933333e-06,5.12e-05,5.12e-05
1.066667e-05,0.0003889991,2.933333e-06,5.55e-05,5.55e-05
1.066667e-05,0.0003889991,2.933333e-06,5.97e-05,5.97e-05
1.066667e-05,0.0003889991,2.933333e-06,6.4e-05,6.4e-05
1.066667e-05,0.0003889991,2.933333e-06,6.83e-05,6.83e-05
1.066667e-05,0.0003889991,2.933333e-06,7.25e-05,7.25e-05
1.066667e-05,0.0003889991,2.933333e-06,7.68e-05,7.68e-05
1.066667e-05,0.0003889991,2.933333e-06,8.11e-05,8.11e-05
1.066667e-05,0.0003889991,2.933333e-06,8.53e-05,8.53e-05
1.066667e-05,0.0003889991,2.933333e-06,8.96e-05,8.96e-05
1.066667e-05,0.0003889991,2.933333e-06,17.54125876,17.40573908
1.066667e-05,0.0003889991,2.933333e-06,18.81763886,18.68321723
1.066667e-05,0.0003889991,2.933333e-06,20.01138085,19.87869816
1.066667e-05,0.0003889991,2.933333e-06,21.14242592,21.01168817
1.066667e-05,0.0003889991,2.933333e-06,22.22688737,22.09835316
1.066667e-05,0.0003889991,2.933333e-06,23.27804948,23.15203432
1.066667e-05,0.0003889991,2.933333e-06,24.30741066,24.18429447
1.066667e-05,0.0003889991,2.933333e-06,25.32544706,25.2056895
1.066667e-05,0.0003889991,2.933333e-06,26.34122536,26.22457945
1.066667e-05,0.0003889991,2.933333e-06,27.36759636,27.25630754
1.066667e-05,0.0003889991,2.933333e-06,28.41104331,28.30068997
1.066667e-05,0.0003889991,2.933333e-06,29.48824494,29.38877895
1.066667e-05,0.0003889991,2.933333e-06,30.602375,30.51293451
1.066667e-05,0.0003889991,3.2e-06,3.84e-05,3.84e-05
1.066667e-05,0.0003889991,3.2e-06,4.27e-05,4.27e-05
1.066667e-05,0.0003889991,3.2e-06,4.69e-05,4.69e-05
1.066667e-05,0.0003889991,3.2e-06,5.12e-05,5.12e-05
1.066667e-05,0.0003889991,3.2e-06,5.55e-05,5.55e-05
1.066667e-05,0.0003889991,3.2e-06,5.97e-05,5.97e-05
1.066667e-05,0.0003889991,3.2e-06,6.4e-05,6.4e-05
1.066667e-05,0.0003889991,3.2e-06,6.83e-05,6.83e-05
1.066667e-05,0.0003889991,3.2e-06,7.25e-05,7.25e-05
1.066667e-05,0.0003889991,3.2e-06,7.68e-05,7.68e-05
1.066667e-05,0.0003889991,3.2e-06,8.11e-05,8.11e-05
1.066667e-05,0.0003889991,3.2e-06,8.53e-05,8.53e-05
1.066667e-05,0.0003889991,3.2e-06,8.96e-05,8.96e-05
1.066667e-05,0.0003889991,3.2e-06,16.94538238,17.16104501
1.066667e-05,0.0003889991,3.2e-06,18.22876031,18.44019626
1.066667e-05,0.0003889991,3.2e-06,19.42752048,19.63901751
1.066667e-05,0.0003889991,3.2e-06,20.56765014,20.77568482
1.066667e-05,0.0003889991,3.2e-06,21.6622589,21.86647352
1.066667e-05,0.0003889991,3.2e-06,22.72492041,22.92483958
1.066667e-05,0.0003889991,3.2e-06,23.76744849,23.96247189
1.066667e-05,0.0003889991,3.2e-06,24.80066539,24.99006556
1.066667e-05,0.0003889991,3.2e-06,25.83509294,26.01319977
1.066667e-05,0.0003889991,3.2e-06,26.88062496,27.05624222
1.066667e-05,0.0003889991,3.2e-06,27.94614263,28.11601503
1.066667e-05,0.0003889991,3.2e-06,29.05488915,29.20817506
1.066667e-05,0.0003889991,3.2e-06,30.20924043,30.35124102
1.066667e-05,0.0003889991,3.466667e-06,3.84e-05,3.84e-05
1.066667e-05,0.0003889991,3.466667e-06,4.27e-05,4.27e-05
1.066667e-05,0.0003889991,3.466667e-06,4.69e-05,4.69e-05
1.066667e-05,0.0003889991,3.466667e-06,5.12e-05,5.12e-05
1.066667e-05,0.0003889991,3.466667e-06,5.55e-05,5.55e-05
1.066667e-05,0.0003889991,3.466667e-06,5.97e-05,5.97e-05
1.066667e-05,0.0003889991,3.466667e-06,6.4e-05,6.4e-05
1.066667e-05,0.0003889991,3.466667e-06,6.83e-05,6.83e-05
1.066667e-05,0.0003889991,3.466667e-06,7.25e-05,7.25e-05
1.066667e-05,0.0003889991,3.466667e-06,7.68e-05,7.68e-05
1.066667e-05,0.0003889991,3.466667e-06,8.11e-05,8.11e-05
1.066667e-05,0.0003889991,3.466667e-06,8.53e-05,8.53e-05
1.066667e-05,0.0003889991,3.466667e-06,8.96e-05,8.96e-05
1.066667e-05,0.0003889991,3.466667e-06,8.624729169,8.362752569
1.066667e-05,0.0003889991,3.466667e-06,9.711433343,9.449545461
1.066667e-05,0.0003889991,3.466667e-06,10.69389289,10.43217965
1.066667e-05,0.0003889991,3.466667e-06,11.59147844,11.32960878
1.066667e-05,0.0003889991,3.466667e-06,12.42037851,12.15907045
1.066667e-05,0.0003889991,3.466667e-06,13.19074902,12.92989642
1.066667e-05,0.0003889991,3.466667e-06,13.91148365,13.65107481
1.066667e-05,0.0003889991,3.466667e-06,14.58963671,14.32968684
1.066667e-05,0.0003889991,3.466667e-06,15.2312813,14.97142463
1.066667e-05,0.0003889991,3.466667e-06,15.84072291,15.58192287
1.066667e-05,0.0003889991,3.466667e-06,16.42035986,16.16206248
1.066667e-05,0.0003889991,3.466667e-06,16.97582764,16.71807957
1.066667e-05,0.0003889991,3.466667e-06,17.50862259,17.25162414
1.066667e-05,0.0003889991,3.733333e-06,3.84e-05,3.84e-05
1.066667e-05,0.0003889991,3.733333e-06,4.27e-05,4.27e-05
1.066667e-05,0.0003889991,3.733333e-06,4.69e-05,4.69e-05
1.066667e-05,0.0003889991,3.733333e-06,5.12e-05,5.12e-05
1.066667e-05,0.0003889991,3.733333e-06,5.55e-05,5.55e-05
1.066667e-05,0.0003889991,3.733333e-06,5.97e-05,5.97e-05
1.066667e-05,0.0003889991,3.733333e-06,6.4e-05,6.4e-05
1.066667e-05,0.0003889991,3.733333e-06,6.83e-05,6.83e-05
1.066667e-05,0.0003889991,3.733333e-06,7.25e-05,7.25e-05
1.066667e-05,0.0003889991,3.733333e-06,7.68e-05,7.68e-05
1.066667e-05,0.0003889991,3.733333e-06,8.11e-05,8.11e-05
1.066667e-05,0.0003889991,3.733333e-06,8.53e-05,8.53e-05
1.066667e-05,0.0003889991,3.733333e-06,8.96e-05,8.96e-05
1.066667e-05,0.0003889991,3.733333e-06,7.916797133,7.724236329
1.066667e-05,0.0003889991,3.733333e-06,9.003810602,8.811375594
1.066667e-05,0.0003889991,3.733333e-06,9.986803592,9.794549142
1.066667e-05,0.0003889991,3.733333e-06,10.88564717,10.69362166
1.066667e-05,0.0003889991,3.733333e-06,11.71418951,11.52332617
1.066667e-05,0.0003889991,3.733333e-06,12.48604594,12.29443688
1.066667e-05,0.0003889991,3.733333e-06,13.20811615,13.0169675
1.066667e-05,0.0003889991,3.733333e-06,13.8875955,13.69686601
1.066667e-05,0.0003889991,3.733333e-06,14.53023776,14.33992809
1.066667e-05,0.0003889991,3.733333e-06,15.14134612,14.95035194
1.066667e-05,0.0003889991,3.733333e-06,15.72264011,15.534143
1.066667e-05,0.0003889991,3.733333e-06,16.27969378,16.09099922
1.066667e-05,0.0003889991,3.733333e-06,16.81476558,16.62640015
1.066667e-05,0.0003889991,4.8e-06,3.84e-05,3.84e-05
1.066667e-05,0.0003889991,4.8e-06,4.27e-05,4.27e-05
1.066667e-05,0.0003889991,4.8e-06,4.69e-05,4.69e-05
1.066667e-05,0.0003889991,4.8e-06,5.12e-05,5.12e-05
1.066667e-05,0.0003889991,4.8e-06,5.55e-05,5.55e-05
1.066667e-05,0.0003889991,4.8e-06,5.97e-05,5.97e-05
1.066667e-05,0.0003889991,4.8e-06,6.4e-05,6.4e-05
1.066667e-05,0.0003889991,4.8e-06,6.83e-05,6.83e-05
1.066667e-05,0.0003889991,4.8e-06,7.25e-05,7.25e-05
1.066667e-05,0.0003889991,4.8e-06,7.68e-05,7.68e-05
1.066667e-05,0.0003889991,4.8e-06,8.11e-05,8.11e-05
1.066667e-05,0.0003889991,4.8e-06,8.53e-05,8.53e-05
1.066667e-05,0.0003889991,4.8e-06,8.96e-05,8.96e-05
1.066667e-05,0.0003889991,4.8e-06,6.963982389,7.234766679
1.066667e-05,0.0003889991,4.8e-06,8.051949649,8.322351124
1.066667e-05,0.0003889991,4.8e-06,9.036042591,9.306068968
1.066667e-05,0.0003889991,4.8e-06,9.936175447,10.20579185
1.066667e-05,0.0003889991,4.8e-06,10.76709244,11.03625068
1.066667e-05,0.0003889991,4.8e-06,11.5400223,11.80867127
1.066667e-05,0.0003889991,4.8e-06,12.26284691,12.53136101
1.066667e-05,0.0003889991,4.8e-06,12.94490602,13.21252099
1.066667e-05,0.0003889991,4.8e-06,13.58989345,13.85675853
1.066667e-05,0.0003889991,4.8e-06,14.20272843,14.4688732
1.066667e-05,0.0003889991,4.8e-06,14.78672608,15.05341063
1.066667e-05,0.0003889991,4.8e-06,15.34743571,15.61170709
1.066667e-05,0.0003889991,4.8e-06,15.88445361,16.14740575
1.066667e-05,0.0003889991,4.266667e-06,3.84e-05,3.84e-05
1.066667e-05,0.0003889991,4.266667e-06,4.27e-05,4.27e-05
1.066667e-05,0.0003889991,4.266667e-06,4.69e-05,4.69e-05
1.066667e-05,0.0003889991,4.266667e-06,5.12e-05,5.12e-05
1.066667e-05,0.0003889991,4.266667e-06,5.55e-05,5.55e-05
1.066667e-05,0.0003889991,4.266667e-06,5.97e-05,5.97e-05
1.066667e-05,0.0003889991,4.266667e-06,6.4e-05,6.4e-05
1.066667e-05,0.0003889991,4.266667e-06,6.83e-05,6.83e-05
1.066667e-05,0.0003889991,4.266667e-06,7.25e-05,7.25e-05
1.066667e-05,0.0003889991,4.266667e-06,7.68e-05,7.68e-05
1.066667e-05,0.0003889991,4.266667e-06,8.11e-05,8.11e-05
1.066667e-05,0.0003889991,4.266667e-06,8.53e-05,8.53e-05
1.066667e-05,0.0003889991,4.266667e-06,8.96e-05,8.96e-05
1.066667e-05,0.0003889991,4.266667e-06,7.385289337,6.618414547
1.066667e-05,0.0003889991,4.266667e-06,8.472712323,7.706230523
1.066667e-05,0.0003889991,4.266667e-06,9.456247928,8.690941316
1.066667e-05,0.0003889991,4.266667e-06,10.35575959,9.591675939
1.066667e-05,0.0003889991,4.266667e-06,11.18597669,10.42322972
1.066667e-05,0.0003889991,4.266667e-06,11.9571228,11.19685277
1.066667e-05,0.0003889991,4.266667e-06,12.68065758,11.9213048
1.066667e-05,0.0003889991,4.266667e-06,13.36139251,12.60293073
1.066667e-05,0.0003889991,4.266667e-06,14.00524854,13.24906284
1.066667e-05,0.0003889991,4.266667e-06,14.61698212,13.86290868
1.066667e-05,0.0003889991,4.266667e-06,15.20119443,14.44855324
1.066667e-05,0.0003889991,4.266667e-06,15.7589934,15.00986201
1.066667e-05,0.0003889991,4.266667e-06,16.29528188,15.5479535
1.066667e-05,0.0003889991,4.533333e-06,3.84e-05,3.84e-05
1.066667e-05,0.0003889991,4.533333e-06,4.27e-05,4.27e-05
1.066667e-05,0.0003889991,4.533333e-06,4.69e-05,4.69e-05
1.066667e-05,0.0003889991,4.533333e-06,5.12e-05,5.12e-05
1.066667e-05,0.0003889991,4.533333e-06,5.55e-05,5.55e-05
1.066667e-05,0.0003889991,4.533333e-06,5.97e-05,5.97e-05
1.066667e-05,0.0003889991,4.533333e-06,6.4e-05,6.4e-05
1.066667e-05,0.0003889991,4.533333e-06,6.83e-05,6.83e-05
1.066667e-05,0.0003889991,4.533333e-06,7.25e-05,7.25e-05
1.066667e-05,0.0003889991,4.533333e-06,7.68e-05,7.68e-05
1.066667e-05,0.0003889991,4.533333e-06,8.11e-05,8.11e-05
1.066667e-05,0.0003889991,4.533333e-06,8.53e-05,8.53e-05
1.066667e-05,0.0003889991,4.533333e-06,8.96e-05,8.96e-05
1.066667e-05,0.0003889991,4.533333e-06,6.7267141,36.11182548
1.066667e-05,0.0003889991,4.533333e-06,7.814626827,40.5762842
1.066667e-05,0.0003889991,4.533333e-06,8.799121643,45.478581
1.066667e-05,0.0003889991,4.533333e-06,9.699655489,49.28913749
1.066667e-05,0.0003889991,4.533333e-06,10.53100254,51.84380948
1.066667e-05,0.0003889991,4.533333e-06,11.30440291,53.50495
1.066667e-05,0.0003889991,4.533333e-06,12.02861355,54.54398831
1.066667e-05,0.0003889991,4.533333e-06,12.71013398,55.18250797
1.066667e-05,0.0003889991,4.533333e-06,13.35587664,55.57185825
1.066667e-05,0.0003889991,4.533333e-06,13.96939184,55.80349317
1.066667e-05,0.0003889991,4.533333e-06,14.55471405,55.93024449
1.066667e-05,0.0003889991,4.533333e-06,15.11571043,55.98223077
1.066667e-05,0.0003889991,4.533333e-06,15.65341562,55.97639482
1.066667e-05,0.0003889991,4e-06,3.84e-05,3.84e-05
1.066667e-05,0.0003889991,4e-06,4.27e-05,4.27e-05
1.066667e-05,0.0003889991,4e-06,4.69e-05,4.69e-05
1.066667e-05,0.0003889991,4e-06,5.12e-05,5.12e-05
1.066667e-05,0.0003889991,4e-06,5.55e-05,5.55e-05
1.066667e-05,0.0003889991,4e-06,5.97e-05,5.97e-05
1.066667e-05,0.0003889991,4e-06,6.4e-05,6.4e-05
1.066667e-05,0.0003889991,4e-06,6.83e-05,6.83e-05
1.066667e-05,0.0003889991,4e-06,7.25e-05,7.25e-05
1.066667e-05,0.0003889991,4e-06,7.68e-05,7.68e-05
1.066667e-05,0.0003889991,4e-06,8.11e-05,8.11e-05
1.066667e-05,0.0003889991,4e-06,8.53e-05,8.53e-05
1.066667e-05,0.0003889991,4e-06,8.96e-05,8.96e-05
1.066667e-05,0.0003889991,4e-06,35.88377574,35.79124382
1.066667e-05,0.0003889991,4e-06,40.52195409,40.50479361
1.066667e-05,0.0003889991,4e-06,45.52964052,45.56180339
1.066667e-05,0.0003889991,4e-06,49.31566885,49.32484072
1.066667e-05,0.0003889991,4e-06,51.79454938,51.77000178
1.066667e-05,0.0003889991,4e-06,53.38837066,53.33281497
1.066667e-05,0.0003889991,4e-06,54.38349947,54.31193147
1.066667e-05,0.0003889991,4e-06,54.99841334,54.91710317
1.066667e-05,0.0003889991,4e-06,55.37777364,55.29240732
1.066667e-05,0.0003889991,4e-06,55.60786587,55.52195044
1.066667e-05,0.0003889991,4e-06,55.73839517,55.6541358
1.066667e-05,0.0003889991,4e-06,55.79779491,55.71669642
1.066667e-05,0.0003889991,4e-06,55.80220093,55.72543081
1.066667e-05,0.0003889991,5.6e-06,3.84e-05,3.84e-05
1.066667e-05,0.0003889991,5.6e-06,4.27e-05,4.27e-05
1.066667e-05,0.0003889991,5.6e-06,4.69e-05,4.69e-05
1.066667e-05,0.0003889991,5.6e-06,5.12e-05,5.12e-05
1.066667e-05,0.0003889991,5.6e-06,5.55e-05,5.55e-05
1.066667e-05,0.0003889991,5.6e-06,5.97e-05,5.97e-05
1.066667e-05,0.0003889991,5.6e-06,6.4e-05,6.4e-05
1.066667e-05,0.0003889991,5.6e-06,6.83e-05,6.83e-05
1.066667e-05,0.0003889991,5.6e-06,7.25e-05,7.25e-05
1.066667e-05,0.0003889991,5.6e-06,7.68e-05,7.68e-05
1.066667e-05,0.0003889991,5.6e-06,8.11e-05,8.11e-05
1.066667e-05,0.0003889991,5.6e-06,8.53e-05,8.53e-05
1.066667e-05,0.0003889991,5.6e-06,8.96e-05,8.96e-05
1.066667e-05,0.0003889991,5.6e-06,35.6367515,35.41031816
1.066667e-05,0.0003889991,5.6e-06,40.48337922,40.47090628
1.066667e-05,0.0003889991,5.6e-06,45.61787143,45.70702539
1.066667e-05,0.0003889991,5.6e-06,49.33755505,49.34362542
1.066667e-05,0.0003889991,5.6e-06,51.72221727,51.6338399
1.066667e-05,0.0003889991,5.6e-06,53.23664978,53.07143061
1.066667e-05,0.0003889991,5.6e-06,54.18290916,53.96846937
1.066667e-05,0.0003889991,5.6e-06,54.77154702,54.53212433
1.066667e-05,0.0003889991,5.6e-06,55.14004633,54.8905085
1.066667e-05,0.0003889991,5.6e-06,55.36876092,55.11819105
1.066667e-05,0.0003889991,5.6e-06,55.50387148,55.25796662
1.066667e-05,0.0003889991,5.6e-06,55.57191592,55.33455188
1.066667e-05,0.0003889991,5.6e-06,55.58811375,55.3622743
1.066667e-05,0.0003889991,5.066667e-06,3.84e-05,3.84e-05
1.066667e-05,0.0003889991,5.066667e-06,4.27e-05,4.27e-05
1.066667e-05,0.0003889991,5.066667e-06,4.69e-05,4.69e-05
1.066667e-05,0.0003889991,5.066667e-06,5.12e-05,5.12e-05
1.066667e-05,0.0003889991,5.066667e-06,5.55e-05,5.55e-05
1.066667e-05,0.0003889991,5.066667e-06,5.97e-05,5.97e-05
1.066667e-05,0.0003889991,5.066667e-06,6.4e-05,6.4e-05
1.066667e-05,0.0003889991,5.066667e-06,6.83e-05,6.83e-05
1.066667e-05,0.0003889991,5.066667e-06,7.25e-05,7.25e-05
1.066667e-05,0.0003889991,5.066667e-06,7.68e-05,7.68e-05
1.066667e-05,0.0003889991,5.066667e-06,8.11e-05,8.11e-05
1.066667e-05,0.0003889991,5.066667e-06,8.53e-05,8.53e-05
1.066667e-05,0.0003889991,5.066667e-06,8.96e-05,8.96e-05
1.066667e-05,0.0003889991,5.066667e-06,35.45910161,35.57148421
1.066667e-05,0.0003889991,5.066667e-06,40.47149454,40.47732186
1.066667e-05,0.0003889991,5.066667e-06,45.68701475,45.64263113
1.066667e-05,0.0003889991,5.066667e-06,49.34110803,49.34176347
1.066667e-05,0.0003889991,5.066667e-06,51.65498226,51.69917616
1.066667e-05,0.0003889991,5.066667e-06,53.10978184,53.19222789
1.066667e-05,0.0003889991,5.066667e-06,54.01753795,54.12443504
1.066667e-05,0.0003889991,5.066667e-06,54.58666137,54.70597173
1.066667e-05,0.0003889991,5.066667e-06,54.94724373,55.07157658
1.066667e-05,0.0003889991,5.066667e-06,55.17513116,55.29997224
1.066667e-05,0.0003889991,5.066667e-06,55.31386203,55.43638016
1.066667e-05,0.0003889991,5.066667e-06,55.38855327,55.50682248
1.066667e-05,0.0003889991,5.066667e-06,55.41372952,55.52626737
1.066667e-05,0.0003889991,5.333333e-06,3.84e-05,3.84e-05
1.066667e-05,0.0003889991,5.333333e-06,4.27e-05,4.27e-05
1.066667e-05,0.0003889991,5.333333e-06,4.69e-05,4.69e-05
1.066667e-05,0.0003889991,5.333333e-06,5.12e-05,5.12e-05
1.066667e-05,0.0003889991,5.333333e-06,5.55e-05,5.55e-05
1.066667e-05,0.0003889991,5.333333e-06,5.97e-05,5.97e-05
1.066667e-05,0.0003889991,5.333333e-06,6.4e-05,6.4e-05
1.066667e-05,0.0003889991,5.333333e-06,6.83e-05,6.83e-05
1.066667e-05,0.0003889991,5.333333e-06,7.25e-05,7.25e-05
1.066667e-05,0.0003889991,5.333333e-06,7.68e-05,7.68e-05
1.066667e-05,0.0003889991,5.333333e-06,8.11e-05,8.11e-05
1.066667e-05,0.0003889991,5.333333e-06,8.53e-05,8.53e-05
1.066667e-05,0.0003889991,5.333333e-06,8.96e-05,8.96e-05
1.066667e-05,0.0003889991,5.333333e-06,35.36560894,35.32446333
1.066667e-05,0.0003889991,5.333333e-06,40.47146457,40.47294311
1.066667e-05,0.0003889991,5.333333e-06,45.7257788,45.74339155
1.066667e-05,0.0003889991,5.333333e-06,49.34525715,49.34614742
1.066667e-05,0.0003889991,5.333333e-06,51.61332248,51.59341364
1.066667e-05,0.0003889991,5.333333e-06,53.03480014,52.99976209
1.066667e-05,0.0003889991,5.333333e-06,53.92196077,53.87778485
1.066667e-05,0.0003889991,5.333333e-06,54.4805581,54.43168712
1.066667e-05,0.0003889991,5.333333e-06,54.83691675,54.78617182
1.066667e-05,0.0003889991,5.333333e-06,55.06441985,55.0135168
1.066667e-05,0.0003889991,5.333333e-06,55.20517294,55.15518697
1.066667e-05,0.0003889991,5.333333e-06,55.28352171,55.23518291
1.066667e-05,0.0003889991,5.333333e-06,55.31361033,55.26747771
1.066667e-05,4.48e-05,2.4e-06,3.84e-05,3.84e-05
1.066667e-05,4.48e-05,2.4e-06,4.27e-05,4.27e-05
1.066667e-05,4.48e-05,2.4e-06,4.69e-05,4.69e-05
1.066667e-05,4.48e-05,2.4e-06,5.12e-05,5.12e-05
1.066667e-05,4.48e-05,2.4e-06,5.55e-05,5.55e-05
1.066667e-05,4.48e-05,2.4e-06,5.97e-05,5.97e-05
1.066667e-05,4.48e-05,2.4e-06,6.4e-05,6.4e-05
1.066667e-05,4.48e-05,2.4e-06,6.83e-05,6.83e-05
1.066667e-05,4.48e-05,2.4e-06,7.25e-05,7.25e-05
1.066667e-05,4.48e-05,2.4e-06,7.68e-05,7.68e-05
1.066667e-05,4.48e-05,2.4e-06,8.11e-05,8.11e-05
1.066667e-05,4.48e-05,2.4e-06,8.53e-05,8.53e-05
1.066667e-05,4.48e-05,2.4e-06,8.96e-05,8.96e-05
1.066667e-05,4.48e-05,2.4e-06,18.7043826,18.47632996
1.066667e-05,4.48e-05,2.4e-06,19.97113963,19.74508721
1.066667e-05,4.48e-05,2.4e-06,21.15317674,20.9294773
1.066667e-05,4.48e-05,2.4e-06,22.27074113,22.04978787
1.066667e-05,4.48e-05,2.4e-06,23.33965136,23.12189052
1.066667e-05,4.48e-05,2.4e-06,24.3728378,24.15878446
1.066667e-05,4.48e-05,2.4e-06,25.37863571,25.17162528
1.066667e-05,4.48e-05,2.4e-06,26.37502297,26.16998366
1.066667e-05,4.48e-05,2.4e-06,27.36195775,27.16475433
1.066667e-05,4.48e-05,2.4e-06,28.35578905,28.16139152
1.066667e-05,4.48e-05,2.4e-06,29.36157294,29.17779045
1.066667e-05,4.48e-05,2.4e-06,30.38438324,30.21338583
1.066667e-05,4.48e-05,2.4e-06,31.45545442,31.29288234
1.066667e-05,4.48e-05,2.666667e-06,3.84e-05,3.84e-05
1.066667e-05,4.48e-05,2.666667e-06,4.27e-05,4.27e-05
1.066667e-05,4.48e-05,2.666667e-06,4.69e-05,4.69e-05
1.066667e-05,4.48e-05,2.666667e-06,5.12e-05,5.12e-05
1.066667e-05,4.48e-05,2.666667e-06,5.55e-05,5.55e-05
1.066667e-05,4.48e-05,2.666667e-06,5.97e-05,5.97e-05
1.066667e-05,4.48e-05,2.666667e-06,6.4e-05,6.4e-05
1.066667e-05,4.48e-05,2.666667e-06,6.83e-05,6.83e-05
1.066667e-05,4.48e-05,2.666667e-06,7.25e-05,7.25e-05
1.066667e-05,4.48e-05,2.666667e-06,7.68e-05,7.68e-05
1.066667e-05,4.48e-05,2.666667e-06,8.11e-05,8.11e-05
1.066667e-05,4.48e-05,2.666667e-06,8.53e-05,8.53e-05
1.066667e-05,4.48e-05,2.666667e-06,8.96e-05,8.96e-05
1.066667e-05,4.48e-05,2.666667e-06,18.08370438,17.91256133
1.066667e-05,4.48e-05,2.666667e-06,19.35615101,19.18673389
1.066667e-05,4.48e-05,2.666667e-06,20.54482452,20.37738009
1.066667e-05,4.48e-05,2.666667e-06,21.67009568,21.50491453
1.066667e-05,4.48e-05,2.666667e-06,22.74793766,22.58536085
1.066667e-05,4.48e-05,2.666667e-06,23.79147718,23.631905
1.066667e-05,4.48e-05,2.666667e-06,24.81202349,24.6559291
1.066667e-05,4.48e-05,2.666667e-06,25.8175551,25.66363483
1.066667e-05,4.48e-05,2.666667e-06,26.82453057,26.67707136
1.066667e-05,4.48e-05,2.666667e-06,27.83585071,27.69296361
1.066667e-05,4.48e-05,2.666667e-06,28.86195007,28.72857667
1.066667e-05,4.48e-05,2.666667e-06,29.91995266,29.79284683
1.066667e-05,4.48e-05,2.666667e-06,31.01734144,30.89904761
1.066667e-05,4.48e-05,2.933333e-06,3.84e-05,3.84e-05
1.066667e-05,4.48e-05,2.933333e-06,4.27e-05,4.27e-05
1.066667e-05,4.48e-05,2.933333e-06,4.69e-05,4.69e-05
1.066667e-05,4.48e-05,2.933333e-06,5.12e-05,5.12e-05
1.066667e-05,4.48e-05,2.933333e-06,5.55e-05,5.55e-05
1.066667e-05,4.48e-05,2.933333e-06,5.97e-05,5.97e-05
1.066667e-05,4.48e-05,2.933333e-06,6.4e-05,6.4e-05
1.066667e-05,4.48e-05,2.933333e-06,6.83e-05,6.83e-05
1.066667e-05,4.48e-05,2.933333e-06,7.25e-05,7.25e-05
1.066667e-05,4.48e-05,2.933333e-06,7.68e-05,7.68e-05
1.066667e-05,4.48e-05,2.933333e-06,8.11e-05,8.11e-05
1.066667e-05,4.48e-05,2.933333e-06,8.53e-05,8.53e-05
1.066667e-05,4.48e-05,2.933333e-06,8.96e-05,8.96e-05
1.066667e-05,4.48e-05,2.933333e-06,17.60961614,17.47440637
1.066667e-05,4.48e-05,2.933333e-06,18.88652799,18.75242426
1.066667e-05,4.48e-05,2.933333e-06,20.0808668,19.94851098
1.066667e-05,4.48e-05,2.933333e-06,21.21258928,21.08218893
1.066667e-05,4.48e-05,2.933333e-06,22.29782176,22.16963739
1.066667e-05,4.48e-05,2.933333e-06,23.34986527,23.22421477
1.066667e-05,4.48e-05,2.933333e-06,24.38023967,24.25750589
1.066667e-05,4.48e-05,2.933333e-06,25.39944858,25.28009499
1.066667e-05,4.48e-05,2.933333e-06,26.41659815,26.30038531
1.066667e-05,4.48e-05,2.933333e-06,27.44456985,27.33374354
1.066667e-05,4.48e-05,2.933333e-06,28.48976024,28.38034308
1.066667e-05,4.48e-05,2.933333e-06,29.5693926,29.47047925
1.066667e-05,4.48e-05,2.933333e-06,30.68622726,30.59741
1.066667e-05,4.48e-05,3.2e-06,3.84e-05,3.84e-05
1.066667e-05,4.48e-05,3.2e-06,4.27e-05,4.27e-05
1.066667e-05,4.48e-05,3.2e-06,4.69e-05,4.69e-05
1.066667e-05,4.48e-05,3.2e-06,5.12e-05,5.12e-05
1.066667e-05,4.48e-05,3.2e-06,5.55e-05,5.55e-05
1.066667e-05,4.48e-05,3.2e-06,5.97e-05,5.97e-05
1.066667e-05,4.48e-05,3.2e-06,6.4e-05,6.4e-05
1.066667e-05,4.48e-05,3.2e-06,6.83e-05,6.83e-05
1.066667e-05,4.48e-05,3.2e-06,7.25e-05,7.25e-05
1.066667e-05,4.48e-05,3.2e-06,7.68e-05,7.68e-05
1.066667e-05,4.48e-05,3.2e-06,8.11e-05,8.11e-05
1.066667e-05,4.48e-05,3.2e-06,8.53e-05,8.53e-05
1.066667e-05,4.48e-05,3.2e-06,8.96e-05,8.96e-05
1.066667e-05,4.48e-05,3.2e-06,17.0151414,17.2302847
1.066667e-05,4.48e-05,3.2e-06,18.2990907,18.50999003
1.066667e-05,4.48e-05,3.2e-06,19.49848422,19.70943407
1.066667e-05,4.48e-05,3.2e-06,20.6393403,20.84680924
1.066667e-05,4.48e-05,3.2e-06,21.73477785,21.93840489
1.066667e-05,4.48e-05,3.2e-06,22.79838943,22.99769508
1.066667e-05,4.48e-05,3.2e-06,23.84201299,24.03639182
1.066667e-05,4.48e-05,3.2e-06,24.8765016,25.06522028
1.066667e-05,4.48e-05,3.2e-06,25.91241737,26.08981281
1.066667e-05,4.48e-05,3.2e-06,26.95970836,27.13453836
1.066667e-05,4.48e-05,3.2e-06,28.02736281,28.19633891
1.066667e-05,4.48e-05,3.2e-06,29.13855244,29.2908583
1.066667e-05,4.48e-05,3.2e-06,30.29593268,30.43687601
1.066667e-05,4.48e-05,3.466667e-06,3.84e-05,3.84e-05
1.066667e-05,4.48e-05,3.466667e-06,4.27e-05,4.27e-05
1.066667e-05,4.48e-05,3.466667e-06,4.69e-05,4.69e-05
1.066667e-05,4.48e-05,3.466667e-06,5.12e-05,5.12e-05
1.066667e-05,4.48e-05,3.466667e-06,5.55e-05,5.55e-05
1.066667e-05,4.48e-05,3.466667e-06,5.97e-05,5.97e-05
1.066667e-05,4.48e-05,3.466667e-06,6.4e-05,6.4e-05
1.066667e-05,4.48e-05,3.466667e-06,6.83e-05,6.83e-05
1.066667e-05,4.48e-05,3.466667e-06,7.25e-05,7.25e-05
1.066667e-05,4.48e-05,3.466667e-06,7.68e-05,7.68e-05
1.066667e-05,4.48e-05,3.466667e-06,8.11e-05,8.11e-05
1.066667e-05,4.48e-05,3.466667e-06,8.53e-05,8.53e-05
1.066667e-05,4.48e-05,3.466667e-06,8.96e-05,8.96e-05
1.066667e-05,4.48e-05,3.466667e-06,8.69155054,8.430070854
1.066667e-05,4.48e-05,3.466667e-06,9.778327247,9.516937671
1.066667e-05,4.48e-05,3.466667e-06,10.76086832,10.49965491
1.066667e-05,4.48e-05,3.466667e-06,11.65854216,11.39717353
1.066667e-05,4.48e-05,3.466667e-06,12.48753842,12.2267334
1.066667e-05,4.48e-05,3.466667e-06,13.25801101,12.99766349
1.066667e-05,4.48e-05,3.466667e-06,13.97885315,13.71895149
1.066667e-05,4.48e-05,3.466667e-06,14.65711906,14.39767853
1.066667e-05,4.48e-05,3.466667e-06,15.29888183,15.03953666
1.066667e-05,4.48e-05,3.466667e-06,15.90844523,15.65015996
1.066667e-05,4.48e-05,3.466667e-06,16.48821168,16.23043105
1.066667e-05,4.48e-05,3.466667e-06,17.04381324,16.78658447
1.066667e-05,4.48e-05,3.466667e-06,17.57674659,17.32027053
1.066667e-05,4.48e-05,3.733333e-06,3.84e-05,3.84e-05
1.066667e-05,4.48e-05,3.733333e-06,4.27e-05,4.27e-05
1.066667e-05,4.48e-05,3.733333e-06,4.69e-05,4.69e-05
1.066667e-05,4.48e-05,3.733333e-06,5.12e-05,5.12e-05
1.066667e-05,4.48e-05,3.733333e-06,5.55e-05,5.55e-05
1.066667e-05,4.48e-05,3.733333e-06,5.97e-05,5.97e-05
1.066667e-05,4.48e-05,3.733333e-06,6.4e-05,6.4e-05
1.066667e-05,4.48e-05,3.733333e-06,6.83e-05,6.83e-05
1.066667e-05,4.48e-05,3.733333e-06,7.25e-05,7.25e-05
1.066667e-05,4.48e-05,3.733333e-06,7.68e-05,7.68e-05
1.066667e-05,4.48e-05,3.733333e-06,8.11e-05,8.11e-05
1.066667e-05,4.48e-05,3.733333e-06,8.53e-05,8.53e-05
1.066667e-05,4.48e-05,3.733333e-06,8.96e-05,8.96e-05
1.066667e-05,4.48e-05,3.733333e-06,7.984986249,7.792811498
1.066667e-05,4.48e-05,3.733333e-06,9.072076275,8.880028558
1.066667e-05,4.48e-05,3.733333e-06,10.0551552,9.863289392
1.066667e-05,4.48e-05,3.733333e-06,10.95409265,10.76245725
1.066667e-05,4.48e-05,3.733333e-06,11.78273451,11.5922642
1.066667e-05,4.48e-05,3.733333e-06,12.55469897,12.36348297
1.066667e-05,4.48e-05,3.733333e-06,13.27688285,13.08612919
1.066667e-05,4.48e-05,3.733333e-06,13.95648132,13.76614878
1.066667e-05,4.48e-05,3.733333e-06,14.59924821,14.40933751
1.066667e-05,4.48e-05,3.733333e-06,15.21048688,15.01989543
1.066667e-05,4.48e-05,3.733333e-06,15.79191203,15.60382113
1.066667e-05,4.48e-05,3.733333e-06,16.3491105,16.16082217
1.066667e-05,4.48e-05,3.733333e-06,16.88433023,16.69637294
1.066667e-05,4.48e-05,4.8e-06,3.84e-05,3.84e-05
1.066667e-05,4.48e-05,4.8e-06,4.27e-05,4.27e-05
1.066667e-05,4.48e-05,4.8e-06,4.69e-05,4.69e-05
1.066667e-05,4.48e-05,4.8e-06,5.12e-05,5.12e-05
1.066667e-05,4.48e-05,4.8e-06,5.55e-05,5.55e-05
1.066667e-05,4.48e-05,4.8e-06,5.97e-05,5.97e-05
1.066667e-05,4.48e-05,4.8e-06,6.4e-05,6.4e-05
1.066667e-05,4.48e-05,4.8e-06,6.83e-05,6.83e-05
1.066667e-05,4.48e-05,4.8e-06,7.25e-05,7.25e-05
1.066667e-05,4.48e-05,4.8e-06,7.68e-05,7.68e-05
1.066667e-05,4.48e-05,4.8e-06,8.11e-05,8.11e-05
1.066667e-05,4.48e-05,4.8e-06,8.53e-05,8.53e-05
1.066667e-05,4.48e-05,4.8e-06,8.96e-05,8.96e-05
1.066667e-05,4.48e-05,4.8e-06,7.034145248,7.304351922
1.066667e-05,4.48e-05,4.8e-06,8.122195801,8.392017622
1.066667e-05,4.48e-05,4.8e-06,9.106382084,9.375826512
1.066667e-05,4.48e-05,4.8e-06,10.00661676,10.27564877
1.066667e-05,4.48e-05,4.8e-06,10.83764313,11.10621436
1.066667e-05,4.48e-05,4.8e-06,11.6106893,11.87874848
1.066667e-05,4.48e-05,4.8e-06,12.33363519,12.60155722
1.066667e-05,4.48e-05,4.8e-06,13.01582447,13.28284386
1.066667e-05,4.48e-05,4.8e-06,13.66094765,13.92721368
1.066667e-05,4.48e-05,4.8e-06,14.27392427,14.53946644
1.066667e-05,4.48e-05,4.8e-06,14.85807298,15.12414752
1.066667e-05,4.48e-05,4.8e-06,15.41893068,15.68259449
1.066667e-05,4.48e-05,4.8e-06,15.95611074,16.21844571
1.066667e-05,4.48e-05,4.266667e-06,3.84e-05,3.84e-05
1.066667e-05,4.48e-05,4.266667e-06,4.27e-05,4.27e-05
1.066667e-05,4.48e-05,4.266667e-06,4.69e-05,4.69e-05
1.066667e-05,4.48e-05,4.266667e-06,5.12e-05,5.12e-05
1.066667e-05,4.48e-05,4.266667e-06,5.55e-05,5.55e-05
1.066667e-05,4.48e-05,4.266667e-06,5.97e-05,5.97e-05
1.066667e-05,4.48e-05,4.266667e-06,6.4e-05,6.4e-05
1.066667e-05,4.48e-05,4.266667e-06,6.83e-05,6.83e-05
1.066667e-05,4.48e-05,4.266667e-06,7.25e-05,7.25e-05
1.066667e-05,4.48e-05,4.266667e-06,7.68e-05,7.68e-05
1.066667e-05,4.48e-05,4.266667e-06,8.11e-05,8.11e-05
1.066667e-05,4.48e-05,4.266667e-06,8.53e-05,8.53e-05
1.066667e-05,4.48e-05,4.266667e-06,8.96e-05,8.96e-05
1.066667e-05,4.48e-05,4.266667e-06,7.454559432,6.689336028
1.066667e-05,4.48e-05,4.266667e-06,8.542062554,7.777239357
1.066667e-05,4.48e-05,4.266667e-06,9.525687999,8.762046702
1.066667e-05,4.48e-05,4.266667e-06,10.42529774,9.662886531
1.066667e-05,4.48e-05,4.266667e-06,11.25562023,10.49455327
1.066667e-05,4.48e-05,4.266667e-06,12.02687675,11.26829643
1.066667e-05,4.48e-05,4.266667e-06,12.75053085,11.99287534
1.066667e-05,4.48e-05,4.266667e-06,13.43139064,12.67463344
1.066667e-05,4.48e-05,4.266667e-06,14.07537713,13.32090623
1.066667e-05,4.48e-05,4.266667e-06,14.68724693,13.93489865
1.066667e-05,4.48e-05,4.266667e-06,15.27160065,14.52069602
1.066667e-05,4.48e-05,4.266667e-06,15.82954834,15.08216335
1.066667e-05,4.48e-05,4.266667e-06,16.36599102,15.62042154
1.066667e-05,4.48e-05,4.533333e-06,3.84e-05,3.84e-05
1.066667e-05,4.48e-05,4.533333e-06,4.27e-05,4.27e-05
1.066667e-05,4.48e-05,4.533333e-06,4.69e-05,4.69e-05
1.066667e-05,4.48e-05,4.533333e-06,5.12e-05,5.12e-05
1.066667e-05,4.48e-05,4.533333e-06,5.55e-05,5.55e-05
1.066667e-05,4.48e-05,4.533333e-06,5.97e-05,5.97e-05
1.066667e-05,4.48e-05,4.533333e-06,6.4e-05,6.4e-05
1.066667e-05,4.48e-05,4.533333e-06,6.83e-05,6.83e-05
1.066667e-05,4.48e-05,4.533333e-06,7.25e-05,7.25e-05
1.066667e-05,4.48e-05,4.533333e-06,7.68e-05,7.68e-05
1.066667e-05,4.48e-05,4.533333e-06,8.11e-05,8.11e-05
1.066667e-05,4.48e-05,4.533333e-06,8.53e-05,8.53e-05
1.066667e-05,4.48e-05,4.533333e-06,8.96e-05,8.96e-05
1.066667e-05,4.48e-05,4.533333e-06,6.797394212,36.19897863
1.066667e-05,4.48e-05,4.533333e-06,7.885393828,40.67866326
1.066667e-05,4.48e-05,4.533333e-06,8.869984151,45.58194993
1.066667e-05,4.48e-05,4.533333e-06,9.770622111,49.37879795
1.066667e-05,4.48e-05,4.533333e-06,10.60208097,51.92189151
1.066667e-05,4.48e-05,4.533333e-06,11.37560023,53.57361292
1.066667e-05,4.48e-05,4.533333e-06,12.09993645,54.60576786
1.066667e-05,4.48e-05,4.533333e-06,12.78158795,55.23959074
1.066667e-05,4.48e-05,4.533333e-06,13.42746968,55.625762
1.066667e-05,4.48e-05,4.533333e-06,14.04112985,55.85515554
1.066667e-05,4.48e-05,4.533333e-06,14.62660323,55.98020884
1.066667e-05,4.48e-05,4.533333e-06,15.18775648,56.03079013
1.066667e-05,4.48e-05,4.533333e-06,15.72562647,56.0236794
1.066667e-05,4.48e-05,4e-06,3.84e-05,3.84e-05
1.066667e-05,4.48e-05,4e-06,4.27e-05,4.27e-05
1.066667e-05,4.48e-05,4e-06,4.69e-05,4.69e-05
1.066667e-05,4.48e-05,4e-06,5.12e-05,5.12e-05
1.066667e-05,4.48e-05,4e-06,5.55e-05,5.55e-05
1.066667e-05,4.48e-05,4e-06,5.97e-05,5.97e-05
1.066667e-05,4.48e-05,4e-06,6.4e-05,6.4e-05
1.066667e-05,4.48e-05,4e-06,6.83e-05,6.83e-05
1.066667e-05,4.48e-05,4e-06,7.25e-05,7.25e-05
1.066667e-05,4.48e-05,4e-06,7.68e-05,7.68e-05
1.066667e-05,4.48e-05,4e-06,8.11e-05,8.11e-05
1.066667e-05,4.48e-05,4e-06,8.53e-05,8.53e-05
1.066667e-05,4.48e-05,4e-06,8.96e-05,8.96e-05
1.066667e-05,4.48e-05,4e-06,35.97372946,35.8824656
1.066667e-05,4.48e-05,4e-06,40.62799179,40.61245518
1.066667e-05,4.48e-05,4e-06,45.63573176,45.66843083
1.066667e-05,4.48e-05,4e-06,49.40571928,49.41505307
1.066667e-05,4.48e-05,4e-06,51.8726202,51.84807938
1.066667e-05,4.48e-05,4e-06,53.45407207,53.40190874
1.066667e-05,4.48e-05,4e-06,54.44557638,54.37414908
1.066667e-05,4.48e-05,4e-06,55.05598452,54.97489378
1.066667e-05,4.48e-05,4e-06,55.43230256,55.34721141
1.066667e-05,4.48e-05,4e-06,55.66024792,55.57464599
1.066667e-05,4.48e-05,4e-06,55.78914927,55.70523181
1.066667e-05,4.48e-05,4e-06,55.84720325,55.76647065
1.066667e-05,4.48e-05,4e-06,55.85039251,55.77401176
1.066667e-05,4.48e-05,5.6e-06,3.84e-05,3.84e-05
1.066667e-05,4.48e-05,5.6e-06,4.27e-05,4.27e-05
1.066667e-05,4.48e-05,5.6e-06,4.69e-05,4.69e-05
1.066667e-05,4.48e-05,5.6e-06,5.12e-05,5.12e-05
1.066667e-05,4.48e-05,5.6e-06,5.55e-05,5.55e-05
1.066667e-05,4.48e-05,5.6e-06,5.97e-05,5.97e-05
1.066667e-05,4.48e-05,5.6e-06,6.4e-05,6.4e-05
1.066667e-05,4.48e-05,5.6e-06,6.83e-05,6.83e-05
1.066667e-05,4.48e-05,5.6e-06,7.25e-05,7.25e-05
1.066667e-05,4.48e-05,5.6e-06,7.68e-05,7.68e-05
1.066667e-05,4.48e-05,5.6e-06,8.11e-05,8.11e-05
1.066667e-05,4.48e-05,5.6e-06,8.53e-05,8.53e-05
1.066667e-05,4.48e-05,5.6e-06,8.96e-05,8.96e-05
1.066667e-05,4.48e-05,5.6e-06,35.73029505,35.5078361
1.066667e-05,4.48e-05,5.6e-06,40.59396059,40.5863279
1.066667e-05,4.48e-05,5.6e-06,45.72554506,45.81653273
1.066667e-05,4.48e-05,5.6e-06,49.42804274,49.43482596
1.066667e-05,4.48e-05,5.6e-06,51.80032217,51.71202769
1.066667e-05,4.48e-05,5.6e-06,53.30573778,53.14059291
1.066667e-05,4.48e-05,5.6e-06,54.24539149,54.03142123
1.066667e-05,4.48e-05,5.6e-06,54.829736,54.59098542
1.066667e-05,4.48e-05,5.6e-06,55.19534262,54.94661736
1.066667e-05,4.48e-05,5.6e-06,55.42201304,55.17235164
1.066667e-05,4.48e-05,5.6e-06,55.55557163,55.31064594
1.066667e-05,4.48e-05,5.6e-06,55.62233443,55.38600906
1.066667e-05,4.48e-05,5.6e-06,55.63737826,55.41263549
1.066667e-05,4.48e-05,5.066667e-06,3.84e-05,3.84e-05
1.066667e-05,4.48e-05,5.066667e-06,4.27e-05,4.27e-05
1.066667e-05,4.48e-05,5.066667e-06,4.69e-05,4.69e-05
1.066667e-05,4.48e-05,5.066667e-06,5.12e-05,5.12e-05
1.066667e-05,4.48e-05,5.066667e-06,5.55e-05,5.55e-05
1.066667e-05,4.48e-05,5.066667e-06,5.97e-05,5.97e-05
1.066667e-05,4.48e-05,5.066667e-06,6.4e-05,6.4e-05
1.066667e-05,4.48e-05,5.066667e-06,6.83e-05,6.83e-05
1.066667e-05,4.48e-05,5.066667e-06,7.25e-05,7.25e-05
1.066667e-05,4.48e-05,5.066667e-06,7.68e-05,7.68e-05
1.066667e-05,4.48e-05,5.066667e-06,8.11e-05,8.11e-05
1.066667e-05,4.48e-05,5.066667e-06,8.53e-05,8.53e-05
1.066667e-05,4.48e-05,5.066667e-06,8.96e-05,8.96e-05
1.066667e-05,4.48e-05,5.066667e-06,35.55569651,35.66609653
1.066667e-05,4.48e-05,5.066667e-06,40.58580936,40.58922418
1.066667e-05,4.48e-05,5.066667e-06,45.79610118,45.75079997
1.066667e-05,4.48e-05,5.066667e-06,49.43227688,49.43236963
1.066667e-05,4.48e-05,5.066667e-06,51.73314718,51.77729922
1.066667e-05,4.48e-05,5.066667e-06,53.17891845,53.2613262
1.066667e-05,4.48e-05,5.066667e-06,54.08037916,54.1870418
1.066667e-05,4.48e-05,5.066667e-06,54.64536736,54.76434261
1.066667e-05,4.48e-05,5.066667e-06,55.00316685,55.12709482
1.066667e-05,4.48e-05,5.066667e-06,55.22908512,55.35347371
1.066667e-05,4.48e-05,5.066667e-06,55.36631936,55.48834989
1.066667e-05,4.48e-05,5.066667e-06,55.43977554,55.55752762
1.066667e-05,4.48e-05,5.066667e-06,55.46384322,55.57583515
1.066667e-05,4.48e-05,5.333333e-06,3.84e-05,3.84e-05
1.066667e-05,4.48e-05,5.333333e-06,4.27e-05,4.27e-05
1.066667e-05,4.48e-05,5.333333e-06,4.69e-05,4.69e-05
1.066667e-05,4.48e-05,5.333333e-06,5.12e-05,5.12e-05
1.066667e-05,4.48e-05,5.333333e-06,5.55e-05,5.55e-05
1.066667e-05,4.48e-05,5.333333e-06,5.97e-05,5.97e-05
1.066667e-05,4.48e-05,5.333333e-06,6.4e-05,6.4e-05
1.066667e-05,4.48e-05,5.333333e-06,6.83e-05,6.83e-05
1.066667e-05,4.48e-05,5.333333e-06,7.25e-05,7.25e-05
1.066667e-05,4.48e-05,5.333333e-06,7.68e-05,7.68e-05
1.066667e-05,4.48e-05,5.333333e-06,8.11e-05,8.11e-05
1.066667e-05,4.48e-05,5.333333e-06,8.53e-05,8.53e-05
1.066667e-05,4.48e-05,5.333333e-06,8.96e-05,8.96e-05
1.066667e-05,4.48e-05,5.333333e-06,35.46400959,35.4237096
1.066667e-05,4.48e-05,5.333333e-06,40.58793512,40.59041001
1.066667e-05,4.48e-05,5.333333e-06,45.8356825,45.85366825
1.066667e-05,4.48e-05,5.333333e-06,49.43649353,49.43742258
1.066667e-05,4.48e-05,5.333333e-06,51.69153406,51.67164971
1.066667e-05,4.48e-05,5.333333e-06,53.10399139,53.06898494
1.066667e-05,4.48e-05,5.333333e-06,53.98501928,53.94094629
1.066667e-05,4.48e-05,5.333333e-06,54.53956703,54.49083729
1.066667e-05,4.48e-05,5.333333e-06,54.89320177,54.84262434
1.066667e-05,4.48e-05,5.333333e-06,55.11877584,55.06805815
1.066667e-05,4.48e-05,5.333333e-06,55.25806185,55.20827436
1.066667e-05,4.48e-05,5.333333e-06,55.33520038,55.28707105
1.066667e-05,4.48e-05,5.333333e-06,55.36420457,55.31829211
4.8e-06,0.000132012,2.4e-06,3.84e-05,3.84e-05
4.8e-06,0.000132012,2.4e-06,4.27e-05,4.27e-05
4.8e-06,0.000132012,2.4e-06,4.69e-05,4.69e-05
4.8e-06,0.000132012,2.4e-06,5.12e-05,5.12e-05
4.8e-06,0.000132012,2.4e-06,5.55e-05,5.55e-05
4.8e-06,0.000132012,2.4e-06,5.97e-05,5.97e-05
4.8e-06,0.000132012,2.4e-06,6.4e-05,6.4e-05
4.8e-06,0.000132012,2.4e-06,6.83e-05,6.83e-05
4.8e-06,0.000132012,2.4e-06,7.25e-05,7.25e-05
4.8e-06,0.000132012,2.4e-06,7.68e-05,7.68e-05
4.8e-06,0.000132012,2.4e-06,8.11e-05,8.11e-05
4.8e-06,0.000132012,2.4e-06,8.53e-05,8.53e-05
4.8e-06,0.000132012,2.4e-06,8.96e-05,8.96e-05
4.8e-06,0.000132012,2.4e-06,18.81723493,18.58994894
4.8e-06,0.000132012,2.4e-06,20.08483647,19.85956848
4.8e-06,0.000132012,2.4e-06,21.26782814,21.04493407
4.8e-06,0.000132012,2.4e-06,22.38647132,22.16634821
4.8e-06,0.000132012,2.4e-06,23.45660351,23.23970229
4.8e-06,0.000132012,2.4e-06,24.49117945,24.27802097
4.8e-06,0.000132012,2.4e-06,25.49856861,25.29249239
4.8e-06,0.000132012,2.4e-06,26.4967805,26.29273065
4.8e-06,0.000132012,2.4e-06,27.48585244,27.2896767
4.8e-06,0.000132012,2.4e-06,28.48212201,28.28862663
4.8e-06,0.000132012,2.4e-06,29.49081105,29.30825496
4.8e-06,0.000132012,2.4e-06,30.51702697,30.34738377
4.8e-06,0.000132012,2.4e-06,31.59224721,31.4311715
4.8e-06,0.000132012,2.666667e-06,3.84e-05,3.84e-05
4.8e-06,0.000132012,2.666667e-06,4.27e-05,4.27e-05
4.8e-06,0.000132012,2.666667e-06,4.69e-05,4.69e-05
4.8e-06,0.000132012,2.666667e-06,5.12e-05,5.12e-05
4.8e-06,0.000132012,2.666667e-06,5.55e-05,5.55e-05
4.8e-06,0.000132012,2.666667e-06,5.97e-05,5.97e-05
4.8e-06,0.000132012,2.666667e-06,6.4e-05,6.4e-05
4.8e-06,0.000132012,2.666667e-06,6.83e-05,6.83e-05
4.8e-06,0.000132012,2.666667e-06,7.25e-05,7.25e-05
4.8e-06,0.000132012,2.666667e-06,7.68e-05,7.68e-05
4.8e-06,0.000132012,2.666667e-06,8.11e-05,8.11e-05
4.8e-06,0.000132012,2.666667e-06,8.53e-05,8.53e-05
4.8e-06,0.000132012,2.666667e-06,8.96e-05,8.96e-05
4.8e-06,0.000132012,2.666667e-06,18.19869136,18.02816395
4.8e-06,0.000132012,2.666667e-06,19.47203342,19.30324747
4.8e-06,0.000132012,2.666667e-06,20.6617214,20.49492635
4.8e-06,0.000132012,2.666667e-06,21.78814216,21.62363184
4.8e-06,0.000132012,2.666667e-06,22.8672902,22.70540965
4.8e-06,0.000132012,2.666667e-06,23.91231974,23.75347415
4.8e-06,0.000132012,2.666667e-06,24.93457509,24.77924374
4.8e-06,0.000132012,2.666667e-06,25.94208701,25.78897805
4.8e-06,0.000132012,2.666667e-06,26.95134951,26.80475266
4.8e-06,0.000132012,2.666667e-06,27.96536347,27.82342336
4.8e-06,0.000132012,2.666667e-06,28.9945771,28.86224977
4.8e-06,0.000132012,2.666667e-06,30.0564067,29.93041897
4.8e-06,0.000132012,2.666667e-06,31.15834836,31.04129699
4.8e-06,0.000132012,2.933333e-06,3.84e-05,3.84e-05
4.8e-06,0.000132012,2.933333e-06,4.27e-05,4.27e-05
4.8e-06,0.000132012,2.933333e-06,4.69e-05,4.69e-05
4.8e-06,0.000132012,2.933333e-06,5.12e-05,5.12e-05
4.8e-06,0.000132012,2.933333e-06,5.55e-05,5.55e-05
4.8e-06,0.000132012,2.933333e-06,5.97e-05,5.97e-05
4.8e-06,0.000132012,2.933333e-06,6.4e-05,6.4e-05
4.8e-06,0.000132012,2.933333e-06,6.83e-05,6.83e-05
4.8e-06,0.000132012,2.933333e-06,7.25e-05,7.25e-05
4.8e-06,0.000132012,2.933333e-06,7.68e-05,7.68e-05
4.8e-06,0.000132012,2.933333e-06,8.11e-05,8.11e-05
4.8e-06,0.000132012,2.933333e-06,8.53e-05,8.53e-05
4.8e-06,0.000132012,2.933333e-06,8.96e-05,8.96e-05
4.8e-06,0.000132012,2.933333e-06,17.72633057,17.5916338
4.8e-06,0.000132012,2.933333e-06,19.00419188,18.87061537
4.8e-06,0.000132012,2.933333e-06,20.19959758,20.06778511
4.8e-06,0.000132012,2.933333e-06,21.33253134,21.20269326
4.8e-06,0.000132012,2.933333e-06,22.41914291,22.29154318
4.8e-06,0.000132012,2.933333e-06,23.47276351,23.34772425
4.8e-06,0.000132012,2.933333e-06,24.50495154,24.38286095
4.8e-06,0.000132012,2.933333e-06,25.52626016,25.40758856
4.8e-06,0.000132012,2.933333e-06,26.54586487,26.43038528
4.8e-06,0.000132012,2.933333e-06,27.57670761,27.46666867
4.8e-06,0.000132012,2.933333e-06,28.62505803,28.51715543
4.8e-06,0.000132012,2.933333e-06,29.70901972,29.61105623
4.8e-06,0.000132012,2.933333e-06,30.83072886,30.74298277
4.8e-06,0.000132012,3.2e-06,3.84e-05,3.84e-05
4.8e-06,0.000132012,3.2e-06,4.27e-05,4.27e-05
4.8e-06,0.000132012,3.2e-06,4.69e-05,4.69e-05
4.8e-06,0.000132012,3.2e-06,5.12e-05,5.12e-05
4.8e-06,0.000132012,3.2e-06,5.55e-05,5.55e-05
4.8e-06,0.000132012,3.2e-06,5.97e-05,5.97e-05
4.8e-06,0.000132012,3.2e-06,6.4e-05,6.4e-05
4.8e-06,0.000132012,3.2e-06,6.83e-05,6.83e-05
4.8e-06,0.000132012,3.2e-06,7.25e-05,7.25e-05
4.8e-06,0.000132012,3.2e-06,7.68e-05,7.68e-05
4.8e-06,0.000132012,3.2e-06,8.11e-05,8.11e-05
4.8e-06,0.000132012,3.2e-06,8.53e-05,8.53e-05
4.8e-06,0.000132012,3.2e-06,8.96e-05,8.96e-05
4.8e-06,0.000132012,3.2e-06,17.13417971,17.34846093
4.8e-06,0.000132012,3.2e-06,18.41914955,18.62915538
4.8e-06,0.000132012,3.2e-06,19.619675,19.82971301
4.8e-06,0.000132012,3.2e-06,20.76183046,20.96835417
4.8e-06,0.000132012,3.2e-06,21.85875097,22.06139349
4.8e-06,0.000132012,3.2e-06,22.9240631,23.12233759
4.8e-06,0.000132012,3.2e-06,23.96964829,24.16294009
4.8e-06,0.000132012,3.2e-06,25.0064151,25.19398029
4.8e-06,0.000132012,3.2e-06,26.04499841,26.22118002
4.8e-06,0.000132012,3.2e-06,27.09544244,27.26892939
4.8e-06,0.000132012,3.2e-06,28.16691638,28.33436471
4.8e-06,0.000132012,3.2e-06,29.28251038,29.43313546
4.8e-06,0.000132012,3.2e-06,30.44533232,30.58444758
4.8e-06,0.000132012,3.466667e-06,3.84e-05,3.84e-05
4.8e-06,0.000132012,3.466667e-06,4.27e-05,4.27e-05
4.8e-06,0.000132012,3.466667e-06,4.69e-05,4.69e-05
4.8e-06,0.000132012,3.466667e-06,5.12e-05,5.12e-05
4.8e-06,0.000132012,3.466667e-06,5.55e-05,5.55e-05
4.8e-06,0.000132012,3.466667e-06,5.97e-05,5.97e-05
4.8e-06,0.000132012,3.466667e-06,6.4e-05,6.4e-05
4.8e-06,0.000132012,3.466667e-06,6.83e-05,6.83e-05
4.8e-06,0.000132012,3.466667e-06,7.25e-05,7.25e-05
4.8e-06,0.000132012,3.466667e-06,7.68e-05,7.68e-05
4.8e-06,0.000132012,3.466667e-06,8.11e-05,8.11e-05
4.8e-06,0.000132012,3.466667e-06,8.53e-05,8.53e-05
4.8e-06,0.000132012,3.466667e-06,8.96e-05,8.96e-05
4.8e-06,0.000132012,3.466667e-06,8.80585788,8.54518963
4.8e-06,0.000132012,3.466667e-06,9.892764092,9.632188451
4.8e-06,0.000132012,3.466667e-06,10.87545071,10.61505398
4.8e-06,0.000132012,3.466667e-06,11.77328206,11.51273222
4.8e-06,0.000132012,3.466667e-06,12.60245003,12.34246745
4.8e-06,0.000132012,3.466667e-06,13.37310485,13.11358343
4.8e-06,0.000132012,3.466667e-06,14.0941389,13.83506709
4.8e-06,0.000132012,3.466667e-06,14.77260621,14.51399944
4.8e-06,0.000132012,3.466667e-06,15.41457875,15.15607239
4.8e-06,0.000132012,3.466667e-06,16.02436053,15.76691841
4.8e-06,0.000132012,3.466667e-06,16.60435845,16.34742477
4.8e-06,0.000132012,3.466667e-06,17.16019873,16.90382159
4.8e-06,0.000132012,3.466667e-06,17.69337932,17.43776035
4.8e-06,0.000132012,3.733333e-06,3.84e-05,3.84e-05
4.8e-06,0.000132012,3.733333e-06,4.27e-05,4.27e-05
4.8e-06,0.000132012,3.733333e-06,4.69e-05,4.69e-05
4.8e-06,0.000132012,3.733333e-06,5.12e-05,5.12e-05
4.8e-06,0.000132012,3.733333e-06,5.55e-05,5.55e-05
4.8e-06,0.000132012,3.733333e-06,5.97e-05,5.97e-05
4.8e-06,0.000132012,3.733333e-06,6.4e-05,6.4e-05
4.8e-06,0.000132012,3.733333e-06,6.83e-05,6.83e-05
4.8e-06,0.000132012,3.733333e-06,7.25e-05,7.25e-05
4.8e-06,0.000132012,3.733333e-06,7.68e-05,7.68e-05
4.8e-06,0.000132012,3.733333e-06,8.11e-05,8.11e-05
4.8e-06,0.000132012,3.733333e-06,8.53e-05,8.53e-05
4.8e-06,0.000132012,3.733333e-06,8.96e-05,8.96e-05
4.8e-06,0.000132012,3.733333e-06,8.101531326,7.909990445
4.8e-06,0.000132012,3.733333e-06,9.188758082,8.997346457
4.8e-06,0.000132012,3.733333e-06,10.17199045,9.98076316
4.8e-06,0.000132012,3.733333e-06,11.07109552,10.88010125
4.8e-06,0.000132012,3.733333e-06,11.8999149,11.71009111
4.8e-06,0.000132012,3.733333e-06,12.67207229,12.48150272
4.8e-06,0.000132012,3.733333e-06,13.39445916,13.2043554
4.8e-06,0.000132012,3.733333e-06,14.07427033,13.88459121
4.8e-06,0.000132012,3.733333e-06,14.71725974,14.52800607
4.8e-06,0.000132012,3.733333e-06,15.32873026,15.13880167
4.8e-06,0.000132012,3.733333e-06,15.91039144,15.72296941
4.8e-06,0.000132012,3.733333e-06,16.46784781,16.28022931
4.8e-06,0.000132012,3.733333e-06,17.00333137,16.8160476
4.8e-06,0.000132012,4.8e-06,3.84e-05,3.84e-05
4.8e-06,0.000132012,4.8e-06,4.27e-05,4.27e-05
4.8e-06,0.000132012,4.8e-06,4.69e-05,4.69e-05
4.8e-06,0.000132012,4.8e-06,5.12e-05,5.12e-05
4.8e-06,0.000132012,4.8e-06,5.55e-05,5.55e-05
4.8e-06,0.000132012,4.8e-06,5.97e-05,5.97e-05
4.8e-06,0.000132012,4.8e-06,6.4e-05,6.4e-05
4.8e-06,0.000132012,4.8e-06,6.83e-05,6.83e-05
4.8e-06,0.000132012,4.8e-06,7.25e-05,7.25e-05
4.8e-06,0.000132012,4.8e-06,7.68e-05,7.68e-05
4.8e-06,0.000132012,4.8e-06,8.11e-05,8.11e-05
4.8e-06,0.000132012,4.8e-06,8.53e-05,8.53e-05
4.8e-06,0.000132012,4.8e-06,8.96e-05,8.96e-05
4.8e-06,0.000132012,4.8e-06,7.153939603,7.423193303
4.8e-06,0.000132012,4.8e-06,8.242138954,8.511004161
4.8e-06,0.000132012,4.8e-06,9.226491973,9.494975668
4.8e-06,0.000132012,4.8e-06,10.12690852,10.3949754
4.8e-06,0.000132012,4.8e-06,10.95813022,11.22573165
4.8e-06,0.000132012,4.8e-06,11.73138412,11.99846852
4.8e-06,0.000132012,4.8e-06,12.45454638,12.72148964
4.8e-06,0.000132012,4.8e-06,13.13696827,13.40300255
4.8e-06,0.000132012,4.8e-06,13.78233399,14.04760863
4.8e-06,0.000132012,4.8e-06,14.39556362,14.66010804
4.8e-06,0.000132012,4.8e-06,14.97998024,15.24504518
4.8e-06,0.000132012,4.8e-06,15.54110463,15.8037615
4.8e-06,0.000132012,4.8e-06,16.07857439,16.33988638
4.8e-06,0.000132012,4.266667e-06,3.84e-05,3.84e-05
4.8e-06,0.000132012,4.266667e-06,4.27e-05,4.27e-05
4.8e-06,0.000132012,4.266667e-06,4.69e-05,4.69e-05
4.8e-06,0.000132012,4.266667e-06,5.12e-05,5.12e-05
4.8e-06,0.000132012,4.266667e-06,5.55e-05,5.55e-05
4.8e-06,0.000132012,4.266667e-06,5.97e-05,5.97e-05
4.8e-06,0.000132012,4.266667e-06,6.4e-05,6.4e-05
4.8e-06,0.000132012,4.266667e-06,6.83e-05,6.83e-05
4.8e-06,0.000132012,4.266667e-06,7.25e-05,7.25e-05
4.8e-06,0.000132012,4.266667e-06,7.68e-05,7.68e-05
4.8e-06,0.000132012,4.266667e-06,8.11e-05,8.11e-05
4.8e-06,0.000132012,4.266667e-06,8.53e-05,8.53e-05
4.8e-06,0.000132012,4.266667e-06,8.96e-05,8.96e-05
4.8e-06,0.000132012,4.266667e-06,7.57288155,6.810384006
4.8e-06,0.000132012,4.266667e-06,8.660527824,7.898443342
4.8e-06,0.000132012,4.266667e-06,9.644313723,8.883423188
4.8e-06,0.000132012,4.266667e-06,10.54409862,9.784450954
4.8e-06,0.000132012,4.266667e-06,11.37460928,10.61631946
4.8e-06,0.000132012,4.266667e-06,12.14606277,11.39027715
4.8e-06,0.000132012,4.266667e-06,12.86993006,12.1150827
4.8e-06,0.000132012,4.266667e-06,13.55101288,12.79707671
4.8e-06,0.000132012,4.266667e-06,14.19523237,13.44360089
4.8e-06,0.000132012,4.266667e-06,14.80734545,14.0578552
4.8e-06,0.000132012,4.266667e-06,15.39195131,14.64392559
4.8e-06,0.000132012,4.266667e-06,15.95016504,15.20567589
4.8e-06,0.000132012,4.266667e-06,16.48688313,15.74423225
4.8e-06,0.000132012,4.533333e-06,3.84e-05,3.84e-05
4.8e-06,0.000132012,4.533333e-06,4.27e-05,4.27e-05
4.8e-06,0.000132012,4.533333e-06,4.69e-05,4.69e-05
4.8e-06,0.000132012,4.533333e-06,5.12e-05,5.12e-05
4.8e-06,0.000132012,4.533333e-06,5.55e-05,5.55e-05
4.8e-06,0.000132012,4.533333e-06,5.97e-05,5.97e-05
4.8e-06,0.000132012,4.533333e-06,6.4e-05,6.4e-05
4.8e-06,0.000132012,4.533333e-06,6.83e-05,6.83e-05
4.8e-06,0.000132012,4.533333e-06,7.25e-05,7.25e-05
4.8e-06,0.000132012,4.533333e-06,7.68e-05,7.68e-05
4.8e-06,0.000132012,4.533333e-06,8.11e-05,8.11e-05
4.8e-06,0.000132012,4.533333e-06,8.53e-05,8.53e-05
4.8e-06,0.000132012,4.533333e-06,8.96e-05,8.96e-05
4.8e-06,0.000132012,4.533333e-06,6.918042987,36.34997808
4.8e-06,0.000132012,4.533333e-06,8.006197781,40.85675951
4.8e-06,0.000132012,4.533333e-06,8.990958731,45.76112516
4.8e-06,0.000132012,4.533333e-06,9.891782665,49.53348048
4.8e-06,0.000132012,4.533333e-06,10.72344122,52.05601378
4.8e-06,0.000132012,4.533333e-06,11.49717282,53.69103967
4.8e-06,0.000132012,4.533333e-06,12.22173335,54.71102096
4.8e-06,0.000132012,4.533333e-06,12.90361882,55.33655001
4.8e-06,0.000132012,4.533333e-06,13.54974905,55.71710817
4.8e-06,0.000132012,4.533333e-06,14.16366823,55.94253989
4.8e-06,0.000132012,4.533333e-06,14.74941163,56.06458584
4.8e-06,0.000132012,4.533333e-06,15.31084484,56.11267233
4.8e-06,0.000132012,4.533333e-06,15.84900965,56.10329155
4.8e-06,0.000132012,4e-06,3.84e-05,3.84e-05
4.8e-06,0.000132012,4e-06,4.27e-05,4.27e-05
4.8e-06,0.000132012,4e-06,4.69e-05,4.69e-05
4.8e-06,0.000132012,4e-06,5.12e-05,5.12e-05
4.8e-06,0.000132012,4e-06,5.55e-05,5.55e-05
4.8e-06,0.000132012,4e-06,5.97e-05,5.97e-05
4.8e-06,0.000132012,4e-06,6.4e-05,6.4e-05
4.8e-06,0.000132012,4e-06,6.83e-05,6.83e-05
4.8e-06,0.000132012,4e-06,7.25e-05,7.25e-05
4.8e-06,0.000132012,4e-06,7.68e-05,7.68e-05
4.8e-06,0.000132012,4e-06,8.11e-05,8.11e-05
4.8e-06,0.000132012,4e-06,8.53e-05,8.53e-05
4.8e-06,0.000132012,4e-06,8.96e-05,8.96e-05
4.8e-06,0.000132012,4e-06,36.12961741,36.04057122
4.8e-06,0.000132012,4e-06,40.81247288,40.79977104
4.8e-06,0.000132012,4e-06,45.81942512,45.85301917
4.8e-06,0.000132012,4e-06,49.56093389,49.5704865
4.8e-06,0.000132012,4e-06,52.00658183,51.98199274
4.8e-06,0.000132012,4e-06,53.57211893,53.5198643
4.8e-06,0.000132012,4e-06,54.55122581,54.47999221
4.8e-06,0.000132012,4e-06,55.15367858,55.07292106
4.8e-06,0.000132012,4e-06,55.52462503,55.43996556
4.8e-06,0.000132012,4e-06,55.7487754,55.66367289
4.8e-06,0.000132012,4e-06,55.87479338,55.79142559
4.8e-06,0.000132012,4e-06,55.93045767,55.85031733
4.8e-06,0.000132012,4e-06,55.93148027,55.85573364
4.8e-06,0.000132012,5.6e-06,3.84e-05,3.84e-05
4.8e-06,0.000132012,5.6e-06,4.27e-05,4.27e-05
4.8e-06,0.000132012,5.6e-06,4.69e-05,4.69e-05
4.8e-06,0.000132012,5.6e-06,5.12e-05,5.12e-05
4.8e-06,0.000132012,5.6e-06,5.55e-05,5.55e-05
4.8e-06,0.000132012,5.6e-06,5.97e-05,5.97e-05
4.8e-06,0.000132012,5.6e-06,6.4e-05,6.4e-05
4.8e-06,0.000132012,5.6e-06,6.83e-05,6.83e-05
4.8e-06,0.000132012,5.6e-06,7.25e-05,7.25e-05
4.8e-06,0.000132012,5.6e-06,7.68e-05,7.68e-05
4.8e-06,0.000132012,5.6e-06,8.11e-05,8.11e-05
4.8e-06,0.000132012,5.6e-06,8.53e-05,8.53e-05
4.8e-06,0.000132012,5.6e-06,8.96e-05,8.96e-05
4.8e-06,0.000132012,5.6e-06,35.89246686,35.67698221
4.8e-06,0.000132012,5.6e-06,40.78637405,40.78719052
4.8e-06,0.000132012,5.6e-06,45.91187664,46.00590016
4.8e-06,0.000132012,5.6e-06,49.58384467,49.59166757
4.8e-06,0.000132012,5.6e-06,51.93417833,51.84586195
4.8e-06,0.000132012,5.6e-06,53.42359008,53.25842776
4.8e-06,0.000132012,5.6e-06,54.35160669,54.13831412
4.8e-06,0.000132012,5.6e-06,54.92837225,54.69065863
4.8e-06,0.000132012,5.6e-06,55.28887155,55.04143167
4.8e-06,0.000132012,5.6e-06,55.51192846,55.26372198
4.8e-06,0.000132012,5.6e-06,55.64273818,55.3993927
4.8e-06,0.000132012,5.6e-06,55.70722519,55.47258576
4.8e-06,0.000132012,5.6e-06,55.72021423,55.49726088
4.8e-06,0.000132012,5.066667e-06,3.84e-05,3.84e-05
4.8e-06,0.000132012,5.066667e-06,4.27e-05,4.27e-05
4.8e-06,0.000132012,5.066667e-06,4.69e-05,4.69e-05
4.8e-06,0.000132012,5.066667e-06,5.12e-05,5.12e-05
4.8e-06,0.000132012,5.066667e-06,5.55e-05,5.55e-05
4.8e-06,0.000132012,5.066667e-06,5.97e-05,5.97e-05
4.8e-06,0.000132012,5.066667e-06,6.4e-05,6.4e-05
4.8e-06,0.000132012,5.066667e-06,6.83e-05,6.83e-05
4.8e-06,0.000132012,5.066667e-06,7.25e-05,7.25e-05
4.8e-06,0.000132012,5.066667e-06,7.68e-05,7.68e-05
4.8e-06,0.000132012,5.066667e-06,8.11e-05,8.11e-05
4.8e-06,0.000132012,5.066667e-06,8.53e-05,8.53e-05
4.8e-06,0.000132012,5.066667e-06,8.96e-05,8.96e-05
4.8e-06,0.000132012,5.066667e-06,35.72322151,35.83014227
4.8e-06,0.000132012,5.066667e-06,40.78474028,40.78394379
4.8e-06,0.000132012,5.066667e-06,45.98477421,45.9379541
4.8e-06,0.000132012,5.066667e-06,49.58909976,49.58832855
4.8e-06,0.000132012,5.066667e-06,51.86697895,51.91114081
4.8e-06,0.000132012,5.066667e-06,53.29674142,53.37915554
4.8e-06,0.000132012,5.066667e-06,54.18711067,54.29343465
4.8e-06,0.000132012,5.066667e-06,54.74480033,54.86325842
4.8e-06,0.000132012,5.066667e-06,55.09768671,55.22097414
4.8e-06,0.000132012,5.066667e-06,55.3201241,55.44378795
4.8e-06,0.000132012,5.066667e-06,55.45470749,55.57595109
4.8e-06,0.000132012,5.066667e-06,55.52597066,55.64288331
4.8e-06,0.000132012,5.066667e-06,55.5480646,55.65916573
4.8e-06,0.000132012,5.333333e-06,3.84e-05,3.84e-05
4.8e-06,0.000132012,5.333333e-06,4.27e-05,4.27e-05
4.8e-06,0.000132012,5.333333e-06,4.69e-05,4.69e-05
4.8e-06,0.000132012,5.333333e-06,5.12e-05,5.12e-05
4.8e-06,0.000132012,5.333333e-06,5.55e-05,5.55e-05
4.8e-06,0.000132012,5.333333e-06,5.97e-05,5.97e-05
4.8e-06,0.000132012,5.333333e-06,6.4e-05,6.4e-05
4.8e-06,0.000132012,5.333333e-06,6.83e-05,6.83e-05
4.8e-06,0.000132012,5.333333e-06,7.25e-05,7.25e-05
4.8e-06,0.000132012,5.333333e-06,7.68e-05,7.68e-05
4.8e-06,0.000132012,5.333333e-06,8.11e-05,8.11e-05
4.8e-06,0.000132012,5.333333e-06,8.53e-05,8.53e-05
4.8e-06,0.000132012,5.333333e-06,8.96e-05,8.96e-05
4.8e-06,0.000132012,5.333333e-06,35.63470659,35.59589288
4.8e-06,0.000132012,5.333333e-06,40.79062816,40.79484141
4.8e-06,0.000132012,5.333333e-06,46.02570243,46.04430099
4.8e-06,0.000132012,5.333333e-06,49.59336284,49.59432631
4.8e-06,0.000132012,5.333333e-06,51.82537467,51.80549995
4.8e-06,0.000132012,5.333333e-06,53.22184586,53.18689913
4.8e-06,0.000132012,5.333333e-06,54.09206855,54.0481472
4.8e-06,0.000132012,5.333333e-06,54.63946969,54.59095956
4.8e-06,0.000132012,5.333333e-06,54.98829562,54.93798427
4.8e-06,0.000132012,5.333333e-06,55.21045982,55.16003978
4.8e-06,0.000132012,5.333333e-06,55.34714736,55.29768081
4.8e-06,0.000132012,5.333333e-06,55.42213699,55.37434818
4.8e-06,0.000132012,5.333333e-06,55.4492105,55.40365762
4.8e-06,0.0003889991,2.4e-06,3.84e-05,3.84e-05
4.8e-06,0.0003889991,2.4e-06,4.27e-05,4.27e-05
4.8e-06,0.0003889991,2.4e-06,4.69e-05,4.69e-05
4.8e-06,0.0003889991,2.4e-06,5.12e-05,5.12e-05
4.8e-06,0.0003889991,2.4e-06,5.55e-05,5.55e-05
4.8e-06,0.0003889991,2.4e-06,5.97e-05,5.97e-05
4.8e-06,0.0003889991,2.4e-06,6.4e-05,6.4e-05
4.8e-06,0.0003889991,2.4e-06,6.83e-05,6.83e-05
4.8e-06,0.0003889991,2.4e-06,7.25e-05,7.25e-05
4.8e-06,0.0003889991,2.4e-06,7.68e-05,7.68e-05
4.8e-06,0.0003889991,2.4e-06,8.11e-05,8.11e-05
4.8e-06,0.0003889991,2.4e-06,8.53e-05,8.53e-05
4.8e-06,0.0003889991,2.4e-06,8.96e-05,8.96e-05
4.8e-06,0.0003889991,2.4e-06,18.7636216,18.53597675
4.8e-06,0.0003889991,2.4e-06,20.03081616,19.80518073
4.8e-06,0.0003889991,2.4e-06,21.21334778,20.99007616
4.8e-06,0.0003889991,2.4e-06,22.33147101,22.11095838
4.8e-06,0.0003889991,2.4e-06,23.40101418,23.18370921
4.8e-06,0.0003889991,2.4e-06,24.43492026,24.22134102
4.8e-06,0.0003889991,2.4e-06,25.44154262,25.23502622
4.8e-06,0.0003889991,2.4e-06,26.43887432,26.23435807
4.8e-06,0.0003889991,2.4e-06,27.42691639,27.23025482
4.8e-06,0.0003889991,2.4e-06,28.42200882,28.22808246
4.8e-06,0.0003889991,2.4e-06,29.42929642,29.24615941
4.8e-06,0.0003889991,2.4e-06,30.45386651,30.28358159
4.8e-06,0.0003889991,2.4e-06,31.52708689,31.36529973
4.8e-06,0.0003889991,2.666667e-06,3.84e-05,3.84e-05
4.8e-06,0.0003889991,2.666667e-06,4.27e-05,4.27e-05
4.8e-06,0.0003889991,2.666667e-06,4.69e-05,4.69e-05
4.8e-06,0.0003889991,2.666667e-06,5.12e-05,5.12e-05
4.8e-06,0.0003889991,2.666667e-06,5.55e-05,5.55e-05
4.8e-06,0.0003889991,2.666667e-06,5.97e-05,5.97e-05
4.8e-06,0.0003889991,2.666667e-06,6.4e-05,6.4e-05
4.8e-06,0.0003889991,2.666667e-06,6.83e-05,6.83e-05
4.8e-06,0.0003889991,2.666667e-06,7.25e-05,7.25e-05
4.8e-06,0.0003889991,2.666667e-06,7.68e-05,7.68e-05
4.8e-06,0.0003889991,2.666667e-06,8.11e-05,8.11e-05
4.8e-06,0.0003889991,2.666667e-06,8.53e-05,8.53e-05
4.8e-06,0.0003889991,2.666667e-06,8.96e-05,8.96e-05
4.8e-06,0.0003889991,2.666667e-06,18.14407819,17.97326207
4.8e-06,0.0003889991,2.666667e-06,19.41698868,19.24790653
4.8e-06,0.0003889991,2.666667e-06,20.60618769,20.43908764
4.8e-06,0.0003889991,2.666667e-06,21.7320543,21.56722863
4.8e-06,0.0003889991,2.666667e-06,22.8105727,22.64836452
4.8e-06,0.0003889991,2.666667e-06,23.85488384,23.69569597
4.8e-06,0.0003889991,2.666667e-06,24.87631509,24.72062385
4.8e-06,0.0003889991,2.666667e-06,25.88287241,25.72938053
4.8e-06,0.0003889991,2.666667e-06,26.89103136,26.74402668
4.8e-06,0.0003889991,2.666667e-06,27.90374597,27.76135776
4.8e-06,0.0003889991,2.666667e-06,28.93145498,28.79863218
4.8e-06,0.0003889991,2.666667e-06,29.99143891,29.86491992
4.8e-06,0.0003889991,2.666667e-06,31.09118335,30.97354036
4.8e-06,0.0003889991,2.933333e-06,3.84e-05,3.84e-05
4.8e-06,0.0003889991,2.933333e-06,4.27e-05,4.27e-05
4.8e-06,0.0003889991,2.933333e-06,4.69e-05,4.69e-05
4.8e-06,0.0003889991,2.933333e-06,5.12e-05,5.12e-05
4.8e-06,0.0003889991,2.933333e-06,5.55e-05,5.55e-05
4.8e-06,0.0003889991,2.933333e-06,5.97e-05,5.97e-05
4.8e-06,0.0003889991,2.933333e-06,6.4e-05,6.4e-05
4.8e-06,0.0003889991,2.933333e-06,6.83e-05,6.83e-05
4.8e-06,0.0003889991,2.933333e-06,7.25e-05,7.25e-05
4.8e-06,0.0003889991,2.933333e-06,7.68e-05,7.68e-05
4.8e-06,0.0003889991,2.933333e-06,8.11e-05,8.11e-05
4.8e-06,0.0003889991,2.933333e-06,8.53e-05,8.53e-05
4.8e-06,0.0003889991,2.933333e-06,8.96e-05,8.96e-05
4.8e-06,0.0003889991,2.933333e-06,17.67090694,17.5359693
4.8e-06,0.0003889991,2.933333e-06,18.94831076,18.81448654
4.8e-06,0.0003889991,2.933333e-06,20.14320218,20.0111342
4.8e-06,0.0003889991,2.933333e-06,21.275552,21.14544928
4.8e-06,0.0003889991,2.933333e-06,22.36149867,22.23362349
4.8e-06,0.0003889991,2.933333e-06,23.41435881,23.28903127
4.8e-06,0.0003889991,2.933333e-06,24.44567222,24.32327791
4.8e-06,0.0003889991,2.933333e-06,25.46596811,25.34697404
4.8e-06,0.0003889991,2.933333e-06,26.48438874,26.36856209
4.8e-06,0.0003889991,2.933333e-06,27.51384598,27.40343365
4.8e-06,0.0003889991,2.933333e-06,28.56066541,28.45205884
4.8e-06,0.0003889991,2.933333e-06,29.6425435,29.54412808
4.8e-06,0.0003889991,2.933333e-06,30.76189647,30.67364079
4.8e-06,0.0003889991,3.2e-06,3.84e-05,3.84e-05
4.8e-06,0.0003889991,3.2e-06,4.27e-05,4.27e-05
4.8e-06,0.0003889991,3.2e-06,4.69e-05,4.69e-05
4.8e-06,0.0003889991,3.2e-06,5.12e-05,5.12e-05
4.8e-06,0.0003889991,3.2e-06,5.55e-05,5.55e-05
4.8e-06,0.0003889991,3.2e-06,5.97e-05,5.97e-05
4.8e-06,0.0003889991,3.2e-06,6.4e-05,6.4e-05
4.8e-06,0.0003889991,3.2e-06,6.83e-05,6.83e-05
4.8e-06,0.0003889991,3.2e-06,7.25e-05,7.25e-05
4.8e-06,0.0003889991,3.2e-06,7.68e-05,7.68e-05
4.8e-06,0.0003889991,3.2e-06,8.11e-05,8.11e-05
4.8e-06,0.0003889991,3.2e-06,8.53e-05,8.53e-05
4.8e-06,0.0003889991,3.2e-06,8.96e-05,8.96e-05
4.8e-06,0.0003889991,3.2e-06,17.07766434,17.29235073
4.8e-06,0.0003889991,3.2e-06,18.36214238,18.57256861
4.8e-06,0.0003889991,3.2e-06,19.56212225,19.77258941
4.8e-06,0.0003889991,3.2e-06,20.70365122,20.91062021
4.8e-06,0.0003889991,3.2e-06,21.79985666,22.00296344
4.8e-06,0.0003889991,3.2e-06,22.8643487,23.06310998
4.8e-06,0.0003889991,3.2e-06,23.90898777,24.10279335
4.8e-06,0.0003889991,3.2e-06,24.94465561,25.13276669
4.8e-06,0.0003889991,3.2e-06,25.98195191,26.15870965
4.8e-06,0.0003889991,3.2e-06,27.03087466,27.20499896
4.8e-06,0.0003889991,3.2e-06,28.10050754,28.26868057
4.8e-06,0.0003889991,3.2e-06,29.21397243,29.36539645
4.8e-06,0.0003889991,3.2e-06,30.37416692,30.51415369
4.8e-06,0.0003889991,3.466667e-06,3.84e-05,3.84e-05
4.8e-06,0.0003889991,3.466667e-06,4.27e-05,4.27e-05
4.8e-06,0.0003889991,3.466667e-06,4.69e-05,4.69e-05
4.8e-06,0.0003889991,3.466667e-06,5.12e-05,5.12e-05
4.8e-06,0.0003889991,3.466667e-06,5.55e-05,5.55e-05
4.8e-06,0.0003889991,3.466667e-06,5.97e-05,5.97e-05
4.8e-06,0.0003889991,3.466667e-06,6.4e-05,6.4e-05
4.8e-06,0.0003889991,3.466667e-06,6.83e-05,6.83e-05
4.8e-06,0.0003889991,3.466667e-06,7.25e-05,7.25e-05
4.8e-06,0.0003889991,3.466667e-06,7.68e-05,7.68e-05
4.8e-06,0.0003889991,3.466667e-06,8.11e-05,8.11e-05
4.8e-06,0.0003889991,3.466667e-06,8.53e-05,8.53e-05
4.8e-06,0.0003889991,3.466667e-06,8.96e-05,8.96e-05
4.8e-06,0.0003889991,3.466667e-06,8.751542406,8.490495005
4.8e-06,0.0003889991,3.466667e-06,9.838386216,9.577430219
4.8e-06,0.0003889991,3.466667e-06,10.82100271,10.5602243
4.8e-06,0.0003889991,3.466667e-06,11.71875819,11.45782566
4.8e-06,0.0003889991,3.466667e-06,12.54784342,12.28747639
4.8e-06,0.0003889991,3.466667e-06,13.31841044,13.05850279
4.8e-06,0.0003889991,3.466667e-06,14.03935203,13.77989218
4.8e-06,0.0003889991,3.466667e-06,14.71772231,14.45872561
4.8e-06,0.0003889991,3.466667e-06,15.35959398,15.10069506
4.8e-06,0.0003889991,3.466667e-06,15.96927038,15.71143385
4.8e-06,0.0003889991,3.466667e-06,16.54915673,16.29182677
4.8e-06,0.0003889991,3.466667e-06,17.104882,16.84810632
4.8e-06,0.0003889991,3.466667e-06,17.63794344,17.3819233
4.8e-06,0.0003889991,3.733333e-06,3.84e-05,3.84e-05
4.8e-06,0.0003889991,3.733333e-06,4.27e-05,4.27e-05
4.8e-06,0.0003889991,3.733333e-06,4.69e-05,4.69e-05
4.8e-06,0.0003889991,3.733333e-06,5.12e-05,5.12e-05
4.8e-06,0.0003889991,3.733333e-06,5.55e-05,5.55e-05
4.8e-06,0.0003889991,3.733333e-06,5.97e-05,5.97e-05
4.8e-06,0.0003889991,3.733333e-06,6.4e-05,6.4e-05
4.8e-06,0.0003889991,3.733333e-06,6.83e-05,6.83e-05
4.8e-06,0.0003889991,3.733333e-06,7.25e-05,7.25e-05
4.8e-06,0.0003889991,3.733333e-06,7.68e-05,7.68e-05
4.8e-06,0.0003889991,3.733333e-06,8.11e-05,8.11e-05
4.8e-06,0.0003889991,3.733333e-06,8.53e-05,8.53e-05
4.8e-06,0.0003889991,3.733333e-06,8.96e-05,8.96e-05
4.8e-06,0.0003889991,3.733333e-06,8.04616954,7.854331902
4.8e-06,0.0003889991,3.733333e-06,9.133330407,8.941620953
4.8e-06,0.0003889991,3.733333e-06,10.11648884,9.924962547
4.8e-06,0.0003889991,3.733333e-06,11.01551314,10.82421861
4.8e-06,0.0003889991,3.733333e-06,11.84424701,11.65412033
4.8e-06,0.0003889991,3.733333e-06,12.61631143,12.42543905
4.8e-06,0.0003889991,3.733333e-06,13.33860048,13.14819223
4.8e-06,0.0003889991,3.733333e-06,14.01830916,13.82832385
4.8e-06,0.0003889991,3.733333e-06,14.66119135,14.47162975
4.8e-06,0.0003889991,3.733333e-06,15.27255029,15.0823111
4.8e-06,0.0003889991,3.733333e-06,15.85409744,15.66636195
4.8e-06,0.0003889991,3.733333e-06,16.41142965,16.22349707
4.8e-06,0.0003889991,3.733333e-06,16.94678613,16.75918647
4.8e-06,0.0003889991,4.8e-06,3.84e-05,3.84e-05
4.8e-06,0.0003889991,4.8e-06,4.27e-05,4.27e-05
4.8e-06,0.0003889991,4.8e-06,4.69e-05,4.69e-05
4.8e-06,0.0003889991,4.8e-06,5.12e-05,5.12e-05
4.8e-06,0.0003889991,4.8e-06,5.55e-05,5.55e-05
4.8e-06,0.0003889991,4.8e-06,5.97e-05,5.97e-05
4.8e-06,0.0003889991,4.8e-06,6.4e-05,6.4e-05
4.8e-06,0.0003889991,4.8e-06,6.83e-05,6.83e-05
4.8e-06,0.0003889991,4.8e-06,7.25e-05,7.25e-05
4.8e-06,0.0003889991,4.8e-06,7.68e-05,7.68e-05
4.8e-06,0.0003889991,4.8e-06,8.11e-05,8.11e-05
4.8e-06,0.0003889991,4.8e-06,8.53e-05,8.53e-05
4.8e-06,0.0003889991,4.8e-06,8.96e-05,8.96e-05
4.8e-06,0.0003889991,4.8e-06,7.0970552,7.366755808
4.8e-06,0.0003889991,4.8e-06,8.185182841,8.454496709
4.8e-06,0.0003889991,4.8e-06,9.169455506,9.43838985
4.8e-06,0.0003889991,4.8e-06,10.06978441,10.33830406
4.8e-06,0.0003889991,4.8e-06,10.90091198,11.16896844
4.8e-06,0.0003889991,4.8e-06,11.67406578,11.94160761
4.8e-06,0.0003889991,4.8e-06,12.39712381,12.66452641
4.8e-06,0.0003889991,4.8e-06,13.07943358,13.34593026
4.8e-06,0.0003889991,4.8e-06,13.72468241,13.99042249
4.8e-06,0.0003889991,4.8e-06,14.33779011,14.60280304
4.8e-06,0.0003889991,4.8e-06,14.92207793,15.18761687
4.8e-06,0.0003889991,4.8e-06,15.48307344,15.74620331
4.8e-06,0.0003889991,4.8e-06,16.02040358,16.28219611
4.8e-06,0.0003889991,4.266667e-06,3.84e-05,3.84e-05
4.8e-06,0.0003889991,4.266667e-06,4.27e-05,4.27e-05
4.8e-06,0.0003889991,4.266667e-06,4.69e-05,4.69e-05
4.8e-06,0.0003889991,4.266667e-06,5.12e-05,5.12e-05
4.8e-06,0.0003889991,4.266667e-06,5.55e-05,5.55e-05
4.8e-06,0.0003889991,4.266667e-06,5.97e-05,5.97e-05
4.8e-06,0.0003889991,4.266667e-06,6.4e-05,6.4e-05
4.8e-06,0.0003889991,4.266667e-06,6.83e-05,6.83e-05
4.8e-06,0.0003889991,4.266667e-06,7.25e-05,7.25e-05
4.8e-06,0.0003889991,4.266667e-06,7.68e-05,7.68e-05
4.8e-06,0.0003889991,4.266667e-06,8.11e-05,8.11e-05
4.8e-06,0.0003889991,4.266667e-06,8.53e-05,8.53e-05
4.8e-06,0.0003889991,4.266667e-06,8.96e-05,8.96e-05
4.8e-06,0.0003889991,4.266667e-06,7.516687456,6.752911372
4.8e-06,0.0003889991,4.266667e-06,8.604264741,7.840895532
4.8e-06,0.0003889991,4.266667e-06,9.587973319,8.82579224
4.8e-06,0.0003889991,4.266667e-06,10.48767381,9.726729434
4.8e-06,0.0003889991,4.266667e-06,11.3180938,10.5585007
4.8e-06,0.0003889991,4.266667e-06,12.08945241,11.33235501
4.8e-06,0.0003889991,4.266667e-06,12.81321695,12.05705134
4.8e-06,0.0003889991,4.266667e-06,13.49419229,12.7389317
4.8e-06,0.0003889991,4.266667e-06,14.1382995,13.3853347
4.8e-06,0.0003889991,4.266667e-06,14.75029535,13.99946279
4.8e-06,0.0003889991,4.266667e-06,15.33477976,14.5854016
4.8e-06,0.0003889991,4.266667e-06,15.89286523,15.14701557
4.8e-06,0.0003889991,4.266667e-06,16.4294506,15.68542817
4.8e-06,0.0003889991,4.533333e-06,3.84e-05,3.84e-05
4.8e-06,0.0003889991,4.533333e-06,4.27e-05,4.27e-05
4.8e-06,0.0003889991,4.533333e-06,4.69e-05,4.69e-05
4.8e-06,0.0003889991,4.533333e-06,5.12e-05,5.12e-05
4.8e-06,0.0003889991,4.533333e-06,5.55e-05,5.55e-05
4.8e-06,0.0003889991,4.533333e-06,5.97e-05,5.97e-05
4.8e-06,0.0003889991,4.533333e-06,6.4e-05,6.4e-05
4.8e-06,0.0003889991,4.533333e-06,6.83e-05,6.83e-05
4.8e-06,0.0003889991,4.533333e-06,7.25e-05,7.25e-05
4.8e-06,0.0003889991,4.533333e-06,7.68e-05,7.68e-05
4.8e-06,0.0003889991,4.533333e-06,8.11e-05,8.11e-05
4.8e-06,0.0003889991,4.533333e-06,8.53e-05,8.53e-05
4.8e-06,0.0003889991,4.533333e-06,8.96e-05,8.96e-05
4.8e-06,0.0003889991,4.533333e-06,6.860757726,36.27791927
4.8e-06,0.0003889991,4.533333e-06,7.948837742,40.7716591
4.8e-06,0.0003889991,4.533333e-06,8.93351646,45.67561476
4.8e-06,0.0003889991,4.533333e-06,9.834250769,49.45977354
4.8e-06,0.0003889991,4.533333e-06,10.66581309,51.99219567
4.8e-06,0.0003889991,4.533333e-06,11.43944236,53.63524669
4.8e-06,0.0003889991,4.533333e-06,12.16389479,54.66107519
4.8e-06,0.0003889991,4.533333e-06,12.84566754,55.29058589
4.8e-06,0.0003889991,4.533333e-06,13.49167799,55.67383867
4.8e-06,0.0003889991,4.533333e-06,14.10547235,55.901173
4.8e-06,0.0003889991,4.533333e-06,14.69108565,56.02466414
4.8e-06,0.0003889991,4.533333e-06,15.25238395,56.07395055
4.8e-06,0.0003889991,4.533333e-06,15.79040661,56.06566263
4.8e-06,0.0003889991,4e-06,3.84e-05,3.84e-05
4.8e-06,0.0003889991,4e-06,4.27e-05,4.27e-05
4.8e-06,0.0003889991,4e-06,4.69e-05,4.69e-05
4.8e-06,0.0003889991,4e-06,5.12e-05,5.12e-05
4.8e-06,0.0003889991,4e-06,5.55e-05,5.55e-05
4.8e-06,0.0003889991,4e-06,5.97e-05,5.97e-05
4.8e-06,0.0003889991,4e-06,6.4e-05,6.4e-05
4.8e-06,0.0003889991,4e-06,6.83e-05,6.83e-05
4.8e-06,0.0003889991,4e-06,7.25e-05,7.25e-05
4.8e-06,0.0003889991,4e-06,7.68e-05,7.68e-05
4.8e-06,0.0003889991,4e-06,8.11e-05,8.11e-05
4.8e-06,0.0003889991,4e-06,8.53e-05,8.53e-05
4.8e-06,0.0003889991,4e-06,8.96e-05,8.96e-05
4.8e-06,0.0003889991,4e-06,36.05522036,35.96511276
4.8e-06,0.0003889991,4e-06,40.72431902,40.71026135
4.8e-06,0.0003889991,4e-06,45.73179115,45.76496372
4.8e-06,0.0003889991,4e-06,49.48699616,49.49645429
4.8e-06,0.0003889991,4e-06,51.94286302,51.9183066
4.8e-06,0.0003889991,4e-06,53.51605648,53.46385408
4.8e-06,0.0003889991,4e-06,54.50111007,54.42979211
4.8e-06,0.0003889991,4e-06,55.10738185,55.02647292
4.8e-06,0.0003889991,4e-06,55.48090699,55.39604884
4.8e-06,0.0003889991,4e-06,55.70687988,55.62154619
4.8e-06,0.0003889991,4e-06,55.83428351,55.75066039
4.8e-06,0.0003889991,4e-06,55.89109718,55.81068102
4.8e-06,0.0003889991,4e-06,55.89316285,55.81712025
4.8e-06,0.0003889991,5.6e-06,3.84e-05,3.84e-05
4.8e-06,0.0003889991,5.6e-06,4.27e-05,4.27e-05
4.8e-06,0.0003889991,5.6e-06,4.69e-05,4.69e-05
4.8e-06,0.0003889991,5.6e-06,5.12e-05,5.12e-05
4.8e-06,0.0003889991,5.6e-06,5.55e-05,5.55e-05
4.8e-06,0.0003889991,5.6e-06,5.97e-05,5.97e-05
4.8e-06,0.0003889991,5.6e-06,6.4e-05,6.4e-05
4.8e-06,0.0003889991,5.6e-06,6.83e-05,6.83e-05
4.8e-06,0.0003889991,5.6e-06,7.25e-05,7.25e-05
4.8e-06,0.0003889991,5.6e-06,7.68e-05,7.68e-05
4.8e-06,0.0003889991,5.6e-06,8.11e-05,8.11e-05
4.8e-06,0.0003889991,5.6e-06,8.53e-05,8.53e-05
4.8e-06,0.0003889991,5.6e-06,8.96e-05,8.96e-05
4.8e-06,0.0003889991,5.6e-06,35.81506135,35.59623496
4.8e-06,0.0003889991,5.6e-06,40.69442624,40.69120184
4.8e-06,0.0003889991,5.6e-06,45.8230008,45.91559895
4.8e-06,0.0003889991,5.6e-06,49.50965412,49.51701243
4.8e-06,0.0003889991,5.6e-06,51.87053628,51.78225702
4.8e-06,0.0003889991,5.6e-06,53.36764412,53.20251369
4.8e-06,0.0003889991,5.6e-06,54.30124304,54.08764908
4.8e-06,0.0003889991,5.6e-06,54.8816467,54.64345898
4.8e-06,0.0003889991,5.6e-06,55.24459781,54.99656452
4.8e-06,0.0003889991,5.6e-06,55.46939011,55.2205088
4.8e-06,0.0003889991,5.6e-06,55.60152086,55.35744034
4.8e-06,0.0003889991,5.6e-06,55.66710246,55.43167713
4.8e-06,0.0003889991,5.6e-06,55.68108071,55.45729161
4.8e-06,0.0003889991,5.066667e-06,3.84e-05,3.84e-05
4.8e-06,0.0003889991,5.066667e-06,4.27e-05,4.27e-05
4.8e-06,0.0003889991,5.066667e-06,4.69e-05,4.69e-05
4.8e-06,0.0003889991,5.066667e-06,5.12e-05,5.12e-05
4.8e-06,0.0003889991,5.066667e-06,5.55e-05,5.55e-05
4.8e-06,0.0003889991,5.066667e-06,5.97e-05,5.97e-05
4.8e-06,0.0003889991,5.066667e-06,6.4e-05,6.4e-05
4.8e-06,0.0003889991,5.066667e-06,6.83e-05,6.83e-05
4.8e-06,0.0003889991,5.066667e-06,7.25e-05,7.25e-05
4.8e-06,0.0003889991,5.066667e-06,7.68e-05,7.68e-05
4.8e-06,0.0003889991,5.066667e-06,8.11e-05,8.11e-05
4.8e-06,0.0003889991,5.066667e-06,8.53e-05,8.53e-05
4.8e-06,0.0003889991,5.066667e-06,8.96e-05,8.96e-05
4.8e-06,0.0003889991,5.066667e-06,35.64325123,35.75183911
4.8e-06,0.0003889991,5.066667e-06,40.68967538,40.69089299
4.8e-06,0.0003889991,5.066667e-06,45.89479862,45.84869161
4.8e-06,0.0003889991,5.066667e-06,49.51444772,49.51407088
4.8e-06,0.0003889991,5.066667e-06,51.80336922,51.84751312
4.8e-06,0.0003889991,5.066667e-06,53.24082775,53.32322711
4.8e-06,0.0003889991,5.066667e-06,54.13651772,54.24299237
4.8e-06,0.0003889991,5.066667e-06,54.69771069,54.81640525
4.8e-06,0.0003889991,5.066667e-06,55.05295561,55.17653876
4.8e-06,0.0003889991,5.066667e-06,55.27706469,55.40106471
4.8e-06,0.0003889991,5.066667e-06,55.412922,55.53453166
4.8e-06,0.0003889991,5.066667e-06,55.48523995,55.60254391
4.8e-06,0.0003889991,5.066667e-06,55.50828406,55.61980124
4.8e-06,0.0003889991,5.333333e-06,3.84e-05,3.84e-05
4.8e-06,0.0003889991,5.333333e-06,4.27e-05,4.27e-05
4.8e-06,0.0003889991,5.333333e-06,4.69e-05,4.69e-05
4.8e-06,0.0003889991,5.333333e-06,5.12e-05,5.12e-05
4.8e-06,0.0003889991,5.333333e-06,5.55e-05,5.55e-05
4.8e-06,0.0003889991,5.333333e-06,5.97e-05,5.97e-05
4.8e-06,0.0003889991,5.333333e-06,6.4e-05,6.4e-05
4.8e-06,0.0003889991,5.333333e-06,6.83e-05,6.83e-05
4.8e-06,0.0003889991,5.333333e-06,7.25e-05,7.25e-05
4.8e-06,0.0003889991,5.333333e-06,7.68e-05,7.68e-05
4.8e-06,0.0003889991,5.333333e-06,8.11e-05,8.11e-05
4.8e-06,0.0003889991,5.333333e-06,8.53e-05,8.53e-05
4.8e-06,0.0003889991,5.333333e-06,8.96e-05,8.96e-05
4.8e-06,0.0003889991,5.333333e-06,35.55321593,35.5136897
4.8e-06,0.0003889991,5.333333e-06,40.69376417,40.6971462
4.8e-06,0.0003889991,5.333333e-06,45.93509549,45.95340711
4.8e-06,0.0003889991,5.333333e-06,49.51870004,49.51965238
4.8e-06,0.0003889991,5.333333e-06,51.76177232,51.7418983
4.8e-06,0.0003889991,5.333333e-06,53.16592736,53.13093917
4.8e-06,0.0003889991,5.333333e-06,54.0413335,53.99734413
4.8e-06,0.0003889991,5.333333e-06,54.5921649,54.54355407
4.8e-06,0.0003889991,5.333333e-06,54.94329927,54.89286489
4.8e-06,0.0003889991,5.333333e-06,55.16710106,55.11654283
4.8e-06,0.0003889991,5.333333e-06,55.30503735,55.2554214
4.8e-06,0.0003889991,5.333333e-06,55.38106053,55.3331129
4.8e-06,0.0003889991,5.333333e-06,55.40906346,55.36334259
4.8e-06,4.48e-05,2.4e-06,3.84e-05,3.84e-05
4.8e-06,4.48e-05,2.4e-06,4.27e-05,4.27e-05
4.8e-06,4.48e-05,2.4e-06,4.69e-05,4.69e-05
4.8e-06,4.48e-05,2.4e-06,5.12e-05,5.12e-05
4.8e-06,4.48e-05,2.4e-06,5.55e-05,5.55e-05
4.8e-06,4.48e-05,2.4e-06,5.97e-05,5.97e-05
4.8e-06,4.48e-05,2.4e-06,6.4e-05,6.4e-05
4.8e-06,4.48e-05,2.4e-06,6.83e-05,6.83e-05
4.8e-06,4.48e-05,2.4e-06,7.25e-05,7.25e-05
4.8e-06,4.48e-05,2.4e-06,7.68e-05,7.68e-05
4.8e-06,4.48e-05,2.4e-06,8.11e-05,8.11e-05
4.8e-06,4.48e-05,2.4e-06,8.53e-05,8.53e-05
4.8e-06,4.48e-05,2.4e-06,8.96e-05,8.96e-05
4.8e-06,4.48e-05,2.4e-06,18.91097755,18.68429355
4.8e-06,4.48e-05,2.4e-06,20.17931606,19.95466566
4.8e-06,4.48e-05,2.4e-06,21.36314092,21.14088286
4.8e-06,4.48e-05,2.4e-06,22.48272602,22.26326072
4.8e-06,4.48e-05,2.4e-06,23.55392551,23.33770802
4.8e-06,4.48e-05,2.4e-06,24.58971554,24.3772718
4.8e-06,4.48e-05,2.4e-06,25.59849298,25.39316884
4.8e-06,4.48e-05,2.4e-06,26.59830295,26.39505068
4.8e-06,4.48e-05,2.4e-06,27.58923947,27.39390142
4.8e-06,4.48e-05,2.4e-06,28.58765079,28.39492451
4.8e-06,4.48e-05,2.4e-06,29.59888427,29.41733483
4.8e-06,4.48e-05,2.4e-06,30.62810302,30.45957259
4.8e-06,4.48e-05,2.4e-06,31.70694583,31.5471152
4.8e-06,4.48e-05,2.666667e-06,3.84e-05,3.84e-05
4.8e-06,4.48e-05,2.666667e-06,4.27e-05,4.27e-05
4.8e-06,4.48e-05,2.666667e-06,4.69e-05,4.69e-05
4.8e-06,4.48e-05,2.666667e-06,5.12e-05,5.12e-05
4.8e-06,4.48e-05,2.666667e-06,5.55e-05,5.55e-05
4.8e-06,4.48e-05,2.666667e-06,5.97e-05,5.97e-05
4.8e-06,4.48e-05,2.666667e-06,6.4e-05,6.4e-05
4.8e-06,4.48e-05,2.666667e-06,6.83e-05,6.83e-05
4.8e-06,4.48e-05,2.666667e-06,7.25e-05,7.25e-05
4.8e-06,4.48e-05,2.666667e-06,7.68e-05,7.68e-05
4.8e-06,4.48e-05,2.666667e-06,8.11e-05,8.11e-05
4.8e-06,4.48e-05,2.666667e-06,8.53e-05,8.53e-05
4.8e-06,4.48e-05,2.666667e-06,8.96e-05,8.96e-05
4.8e-06,4.48e-05,2.666667e-06,18.29411412,18.1240734
4.8e-06,4.48e-05,2.666667e-06,19.5682379,19.39995228
4.8e-06,4.48e-05,2.666667e-06,20.75881176,20.59253305
4.8e-06,4.48e-05,2.666667e-06,21.8862367,21.72226159
4.8e-06,4.48e-05,2.666667e-06,22.96652599,22.80520301
4.8e-06,4.48e-05,2.666667e-06,24.01285808,23.85459675
4.8e-06,4.48e-05,2.666667e-06,25.03660811,24.8818931
4.8e-06,4.48e-05,2.666667e-06,26.0458498,25.89339773
4.8e-06,4.48e-05,2.666667e-06,27.05711745,26.91122416
4.8e-06,4.48e-05,2.666667e-06,28.07348988,27.93232369
4.8e-06,4.48e-05,2.666667e-06,29.10544694,28.97397732
4.8e-06,4.48e-05,2.666667e-06,30.17062494,30.04556508
4.8e-06,4.48e-05,2.666667e-06,31.27656012,31.16054817
4.8e-06,4.48e-05,2.933333e-06,3.84e-05,3.84e-05
4.8e-06,4.48e-05,2.933333e-06,4.27e-05,4.27e-05
4.8e-06,4.48e-05,2.933333e-06,4.69e-05,4.69e-05
4.8e-06,4.48e-05,2.933333e-06,5.12e-05,5.12e-05
4.8e-06,4.48e-05,2.933333e-06,5.55e-05,5.55e-05
4.8e-06,4.48e-05,2.933333e-06,5.97e-05,5.97e-05
4.8e-06,4.48e-05,2.933333e-06,6.4e-05,6.4e-05
4.8e-06,4.48e-05,2.933333e-06,6.83e-05,6.83e-05
4.8e-06,4.48e-05,2.933333e-06,7.25e-05,7.25e-05
4.8e-06,4.48e-05,2.933333e-06,7.68e-05,7.68e-05
4.8e-06,4.48e-05,2.933333e-06,8.11e-05,8.11e-05
4.8e-06,4.48e-05,2.933333e-06,8.53e-05,8.53e-05
4.8e-06,4.48e-05,2.933333e-06,8.96e-05,8.96e-05
4.8e-06,4.48e-05,2.933333e-06,17.82312124,17.68883187
4.8e-06,4.48e-05,2.933333e-06,19.10181066,18.96865385
4.8e-06,4.48e-05,2.933333e-06,20.29814833,20.16676974
4.8e-06,4.48e-05,2.933333e-06,21.43214051,21.30275297
4.8e-06,4.48e-05,2.933333e-06,22.51995758,22.39282806
4.8e-06,4.48e-05,2.933333e-06,23.57495732,23.45041171
4.8e-06,4.48e-05,2.933333e-06,24.60873211,24.48716329
4.8e-06,4.48e-05,2.933333e-06,25.63187877,25.5137631
4.8e-06,4.48e-05,2.933333e-06,26.653632,26.53875226
4.8e-06,4.48e-05,2.933333e-06,27.68699289,27.57760275
4.8e-06,4.48e-05,2.933333e-06,28.73816011,28.63140508
4.8e-06,4.48e-05,2.933333e-06,29.82587615,29.72870488
4.8e-06,4.48e-05,2.933333e-06,30.95188666,30.86503319
4.8e-06,4.48e-05,3.2e-06,3.84e-05,3.84e-05
4.8e-06,4.48e-05,3.2e-06,4.27e-05,4.27e-05
4.8e-06,4.48e-05,3.2e-06,4.69e-05,4.69e-05
4.8e-06,4.48e-05,3.2e-06,5.12e-05,5.12e-05
4.8e-06,4.48e-05,3.2e-06,5.55e-05,5.55e-05
4.8e-06,4.48e-05,3.2e-06,5.97e-05,5.97e-05
4.8e-06,4.48e-05,3.2e-06,6.4e-05,6.4e-05
4.8e-06,4.48e-05,3.2e-06,6.83e-05,6.83e-05
4.8e-06,4.48e-05,3.2e-06,7.25e-05,7.25e-05
4.8e-06,4.48e-05,3.2e-06,7.68e-05,7.68e-05
4.8e-06,4.48e-05,3.2e-06,8.11e-05,8.11e-05
4.8e-06,4.48e-05,3.2e-06,8.53e-05,8.53e-05
4.8e-06,4.48e-05,3.2e-06,8.96e-05,8.96e-05
4.8e-06,4.48e-05,3.2e-06,17.2328195,17.44641371
4.8e-06,4.48e-05,3.2e-06,18.5186798,18.72797059
4.8e-06,4.48e-05,3.2e-06,19.72019372,19.92950126
4.8e-06,4.48e-05,3.2e-06,20.86348512,21.06924898
4.8e-06,4.48e-05,3.2e-06,21.96170255,22.16355064
4.8e-06,4.48e-05,3.2e-06,23.02850251,23.22594151
4.8e-06,4.48e-05,3.2e-06,24.07580478,24.26821188
4.8e-06,4.48e-05,3.2e-06,25.11456689,25.30118877
4.8e-06,4.48e-05,3.2e-06,26.15548796,26.33066578
4.8e-06,4.48e-05,3.2e-06,27.20869537,27.38107298
4.8e-06,4.48e-05,3.2e-06,28.28350488,28.44969385
4.8e-06,4.48e-05,3.2e-06,29.40298647,29.5522158
4.8e-06,4.48e-05,3.2e-06,30.57059043,30.70817023
4.8e-06,4.48e-05,3.466667e-06,3.84e-05,3.84e-05
4.8e-06,4.48e-05,3.466667e-06,4.27e-05,4.27e-05
4.8e-06,4.48e-05,3.466667e-06,4.69e-05,4.69e-05
4.8e-06,4.48e-05,3.466667e-06,5.12e-05,5.12e-05
4.8e-06,4.48e-05,3.466667e-06,5.55e-05,5.55e-05
4.8e-06,4.48e-05,3.466667e-06,5.97e-05,5.97e-05
4.8e-06,4.48e-05,3.466667e-06,6.4e-05,6.4e-05
4.8e-06,4.48e-05,3.466667e-06,6.83e-05,6.83e-05
4.8e-06,4.48e-05,3.466667e-06,7.25e-05,7.25e-05
4.8e-06,4.48e-05,3.466667e-06,7.68e-05,7.68e-05
4.8e-06,4.48e-05,3.466667e-06,8.11e-05,8.11e-05
4.8e-06,4.48e-05,3.466667e-06,8.53e-05,8.53e-05
4.8e-06,4.48e-05,3.466667e-06,8.96e-05,8.96e-05
4.8e-06,4.48e-05,3.466667e-06,8.900869481,8.640834204
4.8e-06,4.48e-05,3.466667e-06,9.987888642,9.72794817
4.8e-06,4.48e-05,3.466667e-06,10.97070217,10.71094302
4.8e-06,4.48e-05,3.466667e-06,11.86867076,11.6087603
4.8e-06,4.48e-05,3.466667e-06,12.69798849,12.43864851
4.8e-06,4.48e-05,3.466667e-06,13.4688022,13.2099266
4.8e-06,4.48e-05,3.466667e-06,14.19000356,13.93158089
4.8e-06,4.48e-05,3.466667e-06,14.86864646,14.61069227
4.8e-06,4.48e-05,3.466667e-06,15.5108006,15.25295254
4.8e-06,4.48e-05,3.466667e-06,16.12077391,15.86399225
4.8e-06,4.48e-05,3.466667e-06,16.70097389,16.44470433
4.8e-06,4.48e-05,3.466667e-06,17.25702225,17.0013134
4.8e-06,4.48e-05,3.466667e-06,17.79041863,17.53547265
4.8e-06,4.48e-05,3.733333e-06,3.84e-05,3.84e-05
4.8e-06,4.48e-05,3.733333e-06,4.27e-05,4.27e-05
4.8e-06,4.48e-05,3.733333e-06,4.69e-05,4.69e-05
4.8e-06,4.48e-05,3.733333e-06,5.12e-05,5.12e-05
4.8e-06,4.48e-05,3.733333e-06,5.55e-05,5.55e-05
4.8e-06,4.48e-05,3.733333e-06,5.97e-05,5.97e-05
4.8e-06,4.48e-05,3.733333e-06,6.4e-05,6.4e-05
4.8e-06,4.48e-05,3.733333e-06,6.83e-05,6.83e-05
4.8e-06,4.48e-05,3.733333e-06,7.25e-05,7.25e-05
4.8e-06,4.48e-05,3.733333e-06,7.68e-05,7.68e-05
4.8e-06,4.48e-05,3.733333e-06,8.11e-05,8.11e-05
4.8e-06,4.48e-05,3.733333e-06,8.53e-05,8.53e-05
4.8e-06,4.48e-05,3.733333e-06,8.96e-05,8.96e-05
4.8e-06,4.48e-05,3.733333e-06,8.198292838,8.007249927
4.8e-06,4.48e-05,3.733333e-06,9.285638891,9.094727186
4.8e-06,4.48e-05,3.733333e-06,10.26900511,10.07827987
4.8e-06,4.48e-05,3.733333e-06,11.16825637,10.97776645
4.8e-06,4.48e-05,3.733333e-06,11.9972304,11.80791585
4.8e-06,4.48e-05,3.733333e-06,12.76955616,12.57949555
4.8e-06,4.48e-05,3.733333e-06,13.4921201,13.30252837
4.8e-06,4.48e-05,3.733333e-06,14.1721168,13.9829528
4.8e-06,4.48e-05,3.733333e-06,14.8153003,14.62656494
4.8e-06,4.48e-05,3.733333e-06,15.42697215,15.23756597
4.8e-06,4.48e-05,3.733333e-06,16.00884133,15.82194667
4.8e-06,4.48e-05,3.733333e-06,16.56652182,16.37943262
4.8e-06,4.48e-05,3.733333e-06,17.10223521,16.91548419
4.8e-06,4.48e-05,4.8e-06,3.84e-05,3.84e-05
4.8e-06,4.48e-05,4.8e-06,4.27e-05,4.27e-05
4.8e-06,4.48e-05,4.8e-06,4.69e-05,4.69e-05
4.8e-06,4.48e-05,4.8e-06,5.12e-05,5.12e-05
4.8e-06,4.48e-05,4.8e-06,5.55e-05,5.55e-05
4.8e-06,4.48e-05,4.8e-06,5.97e-05,5.97e-05
4.8e-06,4.48e-05,4.8e-06,6.4e-05,6.4e-05
4.8e-06,4.48e-05,4.8e-06,6.83e-05,6.83e-05
4.8e-06,4.48e-05,4.8e-06,7.25e-05,7.25e-05
4.8e-06,4.48e-05,4.8e-06,7.68e-05,7.68e-05
4.8e-06,4.48e-05,4.8e-06,8.11e-05,8.11e-05
4.8e-06,4.48e-05,4.8e-06,8.53e-05,8.53e-05
4.8e-06,4.48e-05,4.8e-06,8.96e-05,8.96e-05
4.8e-06,4.48e-05,4.8e-06,7.25326235,7.521762785
4.8e-06,4.48e-05,4.8e-06,8.341591576,8.609700345
4.8e-06,4.48e-05,4.8e-06,9.326090116,9.593813755
4.8e-06,4.48e-05,4.8e-06,10.22666537,10.49396833
4.8e-06,4.48e-05,4.8e-06,11.05805752,11.32489092
4.8e-06,4.48e-05,4.8e-06,11.83149267,12.09780468
4.8e-06,4.48e-05,4.8e-06,12.55484346,12.82101095
4.8e-06,4.48e-05,4.8e-06,13.23746848,13.50272135
4.8e-06,4.48e-05,4.8e-06,13.88304591,14.14753362
4.8e-06,4.48e-05,4.8e-06,14.49649637,14.76024824
4.8e-06,4.48e-05,4.8e-06,15.08114469,15.34540832
4.8e-06,4.48e-05,4.8e-06,15.64250429,15.9043602
4.8e-06,4.48e-05,4.8e-06,16.18022687,16.44072525
4.8e-06,4.48e-05,4.266667e-06,3.84e-05,3.84e-05
4.8e-06,4.48e-05,4.266667e-06,4.27e-05,4.27e-05
4.8e-06,4.48e-05,4.266667e-06,4.69e-05,4.69e-05
4.8e-06,4.48e-05,4.266667e-06,5.12e-05,5.12e-05
4.8e-06,4.48e-05,4.266667e-06,5.55e-05,5.55e-05
4.8e-06,4.48e-05,4.266667e-06,5.97e-05,5.97e-05
4.8e-06,4.48e-05,4.266667e-06,6.4e-05,6.4e-05
4.8e-06,4.48e-05,4.266667e-06,6.83e-05,6.83e-05
4.8e-06,4.48e-05,4.266667e-06,7.25e-05,7.25e-05
4.8e-06,4.48e-05,4.266667e-06,7.68e-05,7.68e-05
4.8e-06,4.48e-05,4.266667e-06,8.11e-05,8.11e-05
4.8e-06,4.48e-05,4.266667e-06,8.53e-05,8.53e-05
4.8e-06,4.48e-05,4.266667e-06,8.96e-05,8.96e-05
4.8e-06,4.48e-05,4.266667e-06,7.671041276,6.910699669
4.8e-06,4.48e-05,4.266667e-06,8.758812488,7.998895115
4.8e-06,4.48e-05,4.266667e-06,9.742738391,8.984025551
4.8e-06,4.48e-05,4.266667e-06,10.6426761,9.88521735
4.8e-06,4.48e-05,4.266667e-06,11.47335093,10.71726194
4.8e-06,4.48e-05,4.266667e-06,12.244976,11.49140686
4.8e-06,4.48e-05,4.266667e-06,12.96902942,12.21641018
4.8e-06,4.48e-05,4.266667e-06,13.65030686,12.89860984
4.8e-06,4.48e-05,4.266667e-06,14.29472965,13.54535359
4.8e-06,4.48e-05,4.266667e-06,14.90705499,14.15983654
4.8e-06,4.48e-05,4.266667e-06,15.49188046,14.74614525
4.8e-06,4.48e-05,4.266667e-06,16.05032675,15.30814226
4.8e-06,4.48e-05,4.266667e-06,16.58728518,15.84695925
4.8e-06,4.48e-05,4.533333e-06,3.84e-05,3.84e-05
4.8e-06,4.48e-05,4.533333e-06,4.27e-05,4.27e-05
4.8e-06,4.48e-05,4.533333e-06,4.69e-05,4.69e-05
4.8e-06,4.48e-05,4.533333e-06,5.12e-05,5.12e-05
4.8e-06,4.48e-05,4.533333e-06,5.55e-05,5.55e-05
4.8e-06,4.48e-05,4.533333e-06,5.97e-05,5.97e-05
4.8e-06,4.48e-05,4.533333e-06,6.4e-05,6.4e-05
4.8e-06,4.48e-05,4.533333e-06,6.83e-05,6.83e-05
4.8e-06,4.48e-05,4.533333e-06,7.25e-05,7.25e-05
4.8e-06,4.48e-05,4.533333e-06,7.68e-05,7.68e-05
4.8e-06,4.48e-05,4.533333e-06,8.11e-05,8.11e-05
4.8e-06,4.48e-05,4.533333e-06,8.53e-05,8.53e-05
4.8e-06,4.48e-05,4.533333e-06,8.96e-05,8.96e-05
4.8e-06,4.48e-05,4.533333e-06,7.018042124,36.47741684
4.8e-06,4.48e-05,4.533333e-06,8.106332304,41.00772313
4.8e-06,4.48e-05,4.533333e-06,9.091242196,45.91232083
4.8e-06,4.48e-05,4.533333e-06,9.992228439,49.66330803
4.8e-06,4.48e-05,4.533333e-06,10.82406126,52.16802565
4.8e-06,4.48e-05,4.533333e-06,11.59797817,53.78861672
4.8e-06,4.48e-05,4.533333e-06,12.32273444,54.79810115
4.8e-06,4.48e-05,4.533333e-06,13.00482391,55.41649161
4.8e-06,4.48e-05,4.533333e-06,13.65117112,55.7922189
4.8e-06,4.48e-05,4.533333e-06,14.26531641,56.01423635
4.8e-06,4.48e-05,4.533333e-06,14.85129558,56.13368438
4.8e-06,4.48e-05,4.533333e-06,15.41297276,56.17960896
4.8e-06,4.48e-05,4.533333e-06,15.95139531,56.16825433
4.8e-06,4.48e-05,4e-06,3.84e-05,3.84e-05
4.8e-06,4.48e-05,4e-06,4.27e-05,4.27e-05
4.8e-06,4.48e-05,4e-06,4.69e-05,4.69e-05
4.8e-06,4.48e-05,4e-06,5.12e-05,5.12e-05
4.8e-06,4.48e-05,4e-06,5.55e-05,5.55e-05
4.8e-06,4.48e-05,4e-06,5.97e-05,5.97e-05
4.8e-06,4.48e-05,4e-06,6.4e-05,6.4e-05
4.8e-06,4.48e-05,4e-06,6.83e-05,6.83e-05
4.8e-06,4.48e-05,4e-06,7.25e-05,7.25e-05
4.8e-06,4.48e-05,4e-06,7.68e-05,7.68e-05
4.8e-06,4.48e-05,4e-06,8.11e-05,8.11e-05
4.8e-06,4.48e-05,4e-06,8.53e-05,8.53e-05
4.8e-06,4.48e-05,4e-06,8.96e-05,8.96e-05
4.8e-06,4.48e-05,4e-06,36.26121292,36.1740566
4.8e-06,4.48e-05,4e-06,40.96886713,40.95857383
4.8e-06,4.48e-05,4e-06,45.97422297,46.00853578
4.8e-06,4.48e-05,4e-06,49.69106419,49.70073842
4.8e-06,4.48e-05,4e-06,52.11831572,52.0936252
4.8e-06,4.48e-05,4e-06,53.67005104,53.61766493
4.8e-06,4.48e-05,4e-06,54.6385192,54.56739781
4.8e-06,4.48e-05,4e-06,55.23412556,55.15360072
4.8e-06,4.48e-05,4e-06,55.60044884,55.51610679
4.8e-06,4.48e-05,4e-06,55.82132842,55.73660161
4.8e-06,4.48e-05,4e-06,55.94485534,55.86190659
4.8e-06,4.48e-05,4e-06,55.9984487,55.91876427
4.8e-06,4.48e-05,4e-06,55.99758734,55.92233304
4.8e-06,4.48e-05,5.6e-06,3.84e-05,3.84e-05
4.8e-06,4.48e-05,5.6e-06,4.27e-05,4.27e-05
4.8e-06,4.48e-05,5.6e-06,4.69e-05,4.69e-05
4.8e-06,4.48e-05,5.6e-06,5.12e-05,5.12e-05
4.8e-06,4.48e-05,5.6e-06,5.55e-05,5.55e-05
4.8e-06,4.48e-05,5.6e-06,5.97e-05,5.97e-05
4.8e-06,4.48e-05,5.6e-06,6.4e-05,6.4e-05
4.8e-06,4.48e-05,5.6e-06,6.83e-05,6.83e-05
4.8e-06,4.48e-05,5.6e-06,7.25e-05,7.25e-05
4.8e-06,4.48e-05,5.6e-06,7.68e-05,7.68e-05
4.8e-06,4.48e-05,5.6e-06,8.11e-05,8.11e-05
4.8e-06,4.48e-05,5.6e-06,8.53e-05,8.53e-05
4.8e-06,4.48e-05,5.6e-06,8.96e-05,8.96e-05
4.8e-06,4.48e-05,5.6e-06,36.02942298,35.81990492
4.8e-06,4.48e-05,5.6e-06,40.94950803,40.95750092
4.8e-06,4.48e-05,5.6e-06,46.06878906,46.16522183
4.8e-06,4.48e-05,5.6e-06,49.71429651,49.72279619
4.8e-06,4.48e-05,5.6e-06,52.04565651,51.957153
4.8e-06,4.48e-05,5.6e-06,53.52120905,53.35588294
4.8e-06,4.48e-05,5.6e-06,54.4392373,54.22637635
4.8e-06,4.48e-05,5.6e-06,55.0094816,54.77251018
4.8e-06,4.48e-05,5.6e-06,55.36558523,55.11910161
4.8e-06,4.48e-05,5.6e-06,55.58552753,55.33842342
4.8e-06,4.48e-05,5.6e-06,55.71396223,55.47182729
4.8e-06,4.48e-05,5.6e-06,55.77647695,55.54313975
4.8e-06,4.48e-05,5.6e-06,55.78767936,55.56611832
4.8e-06,4.48e-05,5.066667e-06,3.84e-05,3.84e-05
4.8e-06,4.48e-05,5.066667e-06,4.27e-05,4.27e-05
4.8e-06,4.48e-05,5.066667e-06,4.69e-05,4.69e-05
4.8e-06,4.48e-05,5.066667e-06,5.12e-05,5.12e-05
4.8e-06,4.48e-05,5.066667e-06,5.55e-05,5.55e-05
4.8e-06,4.48e-05,5.066667e-06,5.97e-05,5.97e-05
4.8e-06,4.48e-05,5.066667e-06,6.4e-05,6.4e-05
4.8e-06,4.48e-05,5.066667e-06,6.83e-05,6.83e-05
4.8e-06,4.48e-05,5.066667e-06,7.25e-05,7.25e-05
4.8e-06,4.48e-05,5.066667e-06,7.68e-05,7.68e-05
4.8e-06,4.48e-05,5.066667e-06,8.11e-05,8.11e-05
4.8e-06,4.48e-05,5.066667e-06,8.53e-05,8.53e-05
4.8e-06,4.48e-05,5.066667e-06,8.96e-05,8.96e-05
4.8e-06,4.48e-05,5.066667e-06,35.86475606,35.96870005
4.8e-06,4.48e-05,5.066667e-06,40.95341043,40.94903699
4.8e-06,4.48e-05,5.066667e-06,46.14354746,46.09552222
4.8e-06,4.48e-05,5.066667e-06,49.72024961,49.71886345
4.8e-06,4.48e-05,5.066667e-06,51.97830579,52.02255988
4.8e-06,4.48e-05,5.066667e-06,53.39421995,53.4767136
4.8e-06,4.48e-05,5.066667e-06,54.27506813,54.3811761
4.8e-06,4.48e-05,5.066667e-06,54.82647891,54.94456668
4.8e-06,4.48e-05,5.066667e-06,55.17513695,55.29794773
4.8e-06,4.48e-05,5.066667e-06,55.394574,55.51768865
4.8e-06,4.48e-05,5.066667e-06,55.52686701,55.64750769
4.8e-06,4.48e-05,5.066667e-06,55.59622966,55.71249387
4.8e-06,4.48e-05,5.066667e-06,55.61660753,55.72701551
4.8e-06,4.48e-05,5.333333e-06,3.84e-05,3.84e-05
4.8e-06,4.48e-05,5.333333e-06,4.27e-05,4.27e-05
4.8e-06,4.48e-05,5.333333e-06,4.69e-05,4.69e-05
4.8e-06,4.48e-05,5.333333e-06,5.12e-05,5.12e-05
4.8e-06,4.48e-05,5.333333e-06,5.55e-05,5.55e-05
4.8e-06,4.48e-05,5.333333e-06,5.97e-05,5.97e-05
4.8e-06,4.48e-05,5.333333e-06,6.4e-05,6.4e-05
4.8e-06,4.48e-05,5.333333e-06,6.83e-05,6.83e-05
4.8e-06,4.48e-05,5.333333e-06,7.25e-05,7.25e-05
4.8e-06,4.48e-05,5.333333e-06,7.68e-05,7.68e-05
4.8e-06,4.48e-05,5.333333e-06,8.11e-05,8.11e-05
4.8e-06,4.48e-05,5.333333e-06,8.53e-05,8.53e-05
4.8e-06,4.48e-05,5.333333e-06,8.96e-05,8.96e-05
4.8e-06,4.48e-05,5.333333e-06,35.77895798,35.74141812
4.8e-06,4.48e-05,5.333333e-06,40.96249245,40.96818105
4.8e-06,4.48e-05,5.333333e-06,46.18553797,46.20461784
4.8e-06,4.48e-05,5.333333e-06,49.72447956,49.72543839
4.8e-06,4.48e-05,5.333333e-06,51.93663547,51.91673529
4.8e-06,4.48e-05,5.333333e-06,53.31929586,53.28441971
4.8e-06,4.48e-05,5.333333e-06,54.18023329,54.13641219
4.8e-06,4.48e-05,5.333333e-06,54.72148696,54.67313589
4.8e-06,4.48e-05,5.333333e-06,55.06617447,55.01606223
4.8e-06,4.48e-05,5.333333e-06,55.28539955,55.23520588
4.8e-06,4.48e-05,5.333333e-06,55.41984196,55.37062189
4.8e-06,4.48e-05,5.333333e-06,55.49296934,55.44544399
4.8e-06,4.48e-05,5.333333e-06,55.51836428,55.47309147
5.333333e-06,0.000132012,2.4e-06,3.84e-05,3.84e-05
5.333333e-06,0.000132012,2.4e-06,4.27e-05,4.27e-05
5.333333e-06,0.000132012,2.4e-06,4.69e-05,4.69e-05
5.333333e-06,0.000132012,2.4e-06,5.12e-05,5.12e-05
5.333333e-06,0.000132012,2.4e-06,5.55e-05,5.55e-05
5.333333e-06,0.000132012,2.4e-06,5.97e-05,5.97e-05
5.333333e-06,0.000132012,2.4e-06,6.4e-05,6.4e-05
5.333333e-06,0.000132012,2.4e-06,6.83e-05,6.83e-05
5.333333e-06,0.000132012,2.4e-06,7.25e-05,7.25e-05
5.333333e-06,0.000132012,2.4e-06,7.68e-05,7.68e-05
5.333333e-06,0.000132012,2.4e-06,8.11e-05,8.11e-05
5.333333e-06,0.000132012,2.4e-06,8.53e-05,8.53e-05
5.333333e-06,0.000132012,2.4e-06,8.96e-05,8.96e-05
5.333333e-06,0.000132012,2.4e-06,18.86611748,18.63914961
5.333333e-06,0.000132012,2.4e-06,20.13409929,19.90915745
5.333333e-06,0.000132012,2.4e-06,21.31752084,21.09496241
5.333333e-06,0.000132012,2.4e-06,22.43664998,22.21687374
5.333333e-06,0.000132012,2.4e-06,23.50733277,23.29079177
5.333333e-06,0.000132012,2.4e-06,24.54253498,24.32975269
5.333333e-06,0.000132012,2.4e-06,25.55064052,25.34495938
5.333333e-06,0.000132012,2.4e-06,26.5496763,26.34604534
5.333333e-06,0.000132012,2.4e-06,27.53971039,27.34397343
5.333333e-06,0.000132012,2.4e-06,28.53708341,28.34398619
5.333333e-06,0.000132012,2.4e-06,29.54708426,29.36505467
5.333333e-06,0.000132012,2.4e-06,30.57484591,30.40578461
5.333333e-06,0.000132012,2.4e-06,31.65193519,31.49150865
5.333333e-06,0.000132012,2.666667e-06,3.84e-05,3.84e-05
5.333333e-06,0.000132012,2.666667e-06,4.27e-05,4.27e-05
5.333333e-06,0.000132012,2.666667e-06,4.69e-05,4.69e-05
5.333333e-06,0.000132012,2.666667e-06,5.12e-05,5.12e-05
5.333333e-06,0.000132012,2.666667e-06,5.55e-05,5.55e-05
5.333333e-06,0.000132012,2.666667e-06,5.97e-05,5.97e-05
5.333333e-06,0.000132012,2.666667e-06,6.4e-05,6.4e-05
5.333333e-06,0.000132012,2.666667e-06,6.83e-05,6.83e-05
5.333333e-06,0.000132012,2.666667e-06,7.25e-05,7.25e-05
5.333333e-06,0.000132012,2.666667e-06,7.68e-05,7.68e-05
5.333333e-06,0.000132012,2.666667e-06,8.11e-05,8.11e-05
5.333333e-06,0.000132012,2.666667e-06,8.53e-05,8.53e-05
5.333333e-06,0.000132012,2.666667e-06,8.96e-05,8.96e-05
5.333333e-06,0.000132012,2.666667e-06,18.24846129,18.07819067
5.333333e-06,0.000132012,2.666667e-06,19.52220666,19.35368453
5.333333e-06,0.000132012,2.666667e-06,20.71235167,20.54582869
5.333333e-06,0.000132012,2.666667e-06,21.83929045,21.67506191
5.333333e-06,0.000132012,2.666667e-06,22.91902718,22.75743992
5.333333e-06,0.000132012,2.666667e-06,23.96472854,23.80619
5.333333e-06,0.000132012,2.666667e-06,24.98775473,24.83274695
5.333333e-06,0.000132012,2.666667e-06,25.996159,25.84339472
5.333333e-06,0.000132012,2.666667e-06,27.006455,26.86022666
5.333333e-06,0.000132012,2.666667e-06,28.02168499,27.88015011
5.333333e-06,0.000132012,2.666667e-06,29.05231109,28.92043256
5.333333e-06,0.000132012,2.666667e-06,30.11586743,29.99036381
5.333333e-06,0.000132012,2.666667e-06,31.2198673,31.10335723
5.333333e-06,0.000132012,2.933333e-06,3.84e-05,3.84e-05
5.333333e-06,0.000132012,2.933333e-06,4.27e-05,4.27e-05
5.333333e-06,0.000132012,2.933333e-06,4.69e-05,4.69e-05
5.333333e-06,0.000132012,2.933333e-06,5.12e-05,5.12e-05
5.333333e-06,0.000132012,2.933333e-06,5.55e-05,5.55e-05
5.333333e-06,0.000132012,2.933333e-06,5.97e-05,5.97e-05
5.333333e-06,0.000132012,2.933333e-06,6.4e-05,6.4e-05
5.333333e-06,0.000132012,2.933333e-06,6.83e-05,6.83e-05
5.333333e-06,0.000132012,2.933333e-06,7.25e-05,7.25e-05
5.333333e-06,0.000132012,2.933333e-06,7.68e-05,7.68e-05
5.333333e-06,0.000132012,2.933333e-06,8.11e-05,8.11e-05
5.333333e-06,0.000132012,2.933333e-06,8.53e-05,8.53e-05
5.333333e-06,0.000132012,2.933333e-06,8.96e-05,8.96e-05
5.333333e-06,0.000132012,2.933333e-06,17.77682196,17.64233992
5.333333e-06,0.000132012,2.933333e-06,19.05511062,18.9217552
5.333333e-06,0.000132012,2.933333e-06,20.25099708,20.119413
5.333333e-06,0.000132012,2.933333e-06,21.3844768,21.25487569
5.333333e-06,0.000132012,2.933333e-06,22.47171014,22.34435751
5.333333e-06,0.000132012,2.933333e-06,23.52604201,23.40126193
5.333333e-06,0.000132012,2.933333e-06,24.55904829,24.43723136
5.333333e-06,0.000132012,2.933333e-06,25.58130464,25.46292428
5.333333e-06,0.000132012,2.933333e-06,26.60201723,26.48685165
5.333333e-06,0.000132012,2.933333e-06,27.63415779,27.5244579
5.333333e-06,0.000132012,2.933333e-06,28.68395403,28.57666433
5.333333e-06,0.000132012,2.933333e-06,29.76985631,29.67230568
5.333333e-06,0.000132012,2.933333e-06,30.89377921,30.80649845
5.333333e-06,0.000132012,3.2e-06,3.84e-05,3.84e-05
5.333333e-06,0.000132012,3.2e-06,4.27e-05,4.27e-05
5.333333e-06,0.000132012,3.2e-06,4.69e-05,4.69e-05
5.333333e-06,0.000132012,3.2e-06,5.12e-05,5.12e-05
5.333333e-06,0.000132012,3.2e-06,5.55e-05,5.55e-05
5.333333e-06,0.000132012,3.2e-06,5.97e-05,5.97e-05
5.333333e-06,0.000132012,3.2e-06,6.4e-05,6.4e-05
5.333333e-06,0.000132012,3.2e-06,6.83e-05,6.83e-05
5.333333e-06,0.000132012,3.2e-06,7.25e-05,7.25e-05
5.333333e-06,0.000132012,3.2e-06,7.68e-05,7.68e-05
5.333333e-06,0.000132012,3.2e-06,8.11e-05,8.11e-05
5.333333e-06,0.000132012,3.2e-06,8.53e-05,8.53e-05
5.333333e-06,0.000132012,3.2e-06,8.96e-05,8.96e-05
5.333333e-06,0.000132012,3.2e-06,17.18564531,17.3995647
5.333333e-06,0.000132012,3.2e-06,18.47107463,18.68070424
5.333333e-06,0.000132012,3.2e-06,19.67211003,19.88176379
5.333333e-06,0.000132012,3.2e-06,20.81485137,21.0209757
5.333333e-06,0.000132012,3.2e-06,21.91244073,22.11466607
5.333333e-06,0.000132012,3.2e-06,22.97852009,23.17635626
5.333333e-06,0.000132012,3.2e-06,24.02499064,24.21781877
5.333333e-06,0.000132012,3.2e-06,25.06278614,25.24985749
5.333333e-06,0.000132012,3.2e-06,26.10257451,26.27823202
5.333333e-06,0.000132012,3.2e-06,27.15444299,27.32735052
5.333333e-06,0.000132012,3.2e-06,28.22763776,28.39442791
5.333333e-06,0.000132012,3.2e-06,29.34523243,29.49512925
5.333333e-06,0.000132012,3.2e-06,30.51051789,30.64883419
5.333333e-06,0.000132012,3.466667e-06,3.84e-05,3.84e-05
5.333333e-06,0.000132012,3.466667e-06,4.27e-05,4.27e-05
5.333333e-06,0.000132012,3.466667e-06,4.69e-05,4.69e-05
5.333333e-06,0.000132012,3.466667e-06,5.12e-05,5.12e-05
5.333333e-06,0.000132012,3.466667e-06,5.55e-05,5.55e-05
5.333333e-06,0.000132012,3.466667e-06,5.97e-05,5.97e-05
5.333333e-06,0.000132012,3.466667e-06,6.4e-05,6.4e-05
5.333333e-06,0.000132012,3.466667e-06,6.83e-05,6.83e-05
5.333333e-06,0.000132012,3.466667e-06,7.25e-05,7.25e-05
5.333333e-06,0.000132012,3.466667e-06,7.68e-05,7.68e-05
5.333333e-06,0.000132012,3.466667e-06,8.11e-05,8.11e-05
5.333333e-06,0.000132012,3.466667e-06,8.53e-05,8.53e-05
5.333333e-06,0.000132012,3.466667e-06,8.96e-05,8.96e-05
5.333333e-06,0.000132012,3.466667e-06,8.855396182,8.595062932
5.333333e-06,0.000132012,3.466667e-06,9.942360681,9.682121171
5.333333e-06,0.000132012,3.466667e-06,10.92511279,10.66505344
5.333333e-06,0.000132012,3.466667e-06,11.82301498,11.56280345
5.333333e-06,0.000132012,3.466667e-06,12.65226024,12.39261762
5.333333e-06,0.000132012,3.466667e-06,13.42299706,13.16381726
5.333333e-06,0.000132012,3.466667e-06,14.14411745,13.88538897
5.333333e-06,0.000132012,3.466667e-06,14.82267538,14.56441371
5.333333e-06,0.000132012,3.466667e-06,15.4647418,15.20658334
5.333333e-06,0.000132012,3.466667e-06,16.07462229,15.81752937
5.333333e-06,0.000132012,3.466667e-06,16.65472446,16.39814184
5.333333e-06,0.000132012,3.466667e-06,17.21067214,16.95464819
5.333333e-06,0.000132012,3.466667e-06,17.74396407,17.48870072
5.333333e-06,0.000132012,3.733333e-06,3.84e-05,3.84e-05
5.333333e-06,0.000132012,3.733333e-06,4.27e-05,4.27e-05
5.333333e-06,0.000132012,3.733333e-06,4.69e-05,4.69e-05
5.333333e-06,0.000132012,3.733333e-06,5.12e-05,5.12e-05
5.333333e-06,0.000132012,3.733333e-06,5.55e-05,5.55e-05
5.333333e-06,0.000132012,3.733333e-06,5.97e-05,5.97e-05
5.333333e-06,0.000132012,3.733333e-06,6.4e-05,6.4e-05
5.333333e-06,0.000132012,3.733333e-06,6.83e-05,6.83e-05
5.333333e-06,0.000132012,3.733333e-06,7.25e-05,7.25e-05
5.333333e-06,0.000132012,3.733333e-06,7.68e-05,7.68e-05
5.333333e-06,0.000132012,3.733333e-06,8.11e-05,8.11e-05
5.333333e-06,0.000132012,3.733333e-06,8.53e-05,8.53e-05
5.333333e-06,0.000132012,3.733333e-06,8.96e-05,8.96e-05
5.333333e-06,0.000132012,3.733333e-06,8.151995244,7.960717491
5.333333e-06,0.000132012,3.733333e-06,9.239283557,9.048136065
5.333333e-06,0.000132012,3.733333e-06,10.222585,10.03162294
5.333333e-06,0.000132012,3.733333e-06,11.1217655,10.93103765
5.333333e-06,0.000132012,3.733333e-06,11.95066472,11.76110984
5.333333e-06,0.000132012,3.733333e-06,12.72290898,12.5326082
5.333333e-06,0.000132012,3.733333e-06,13.44538722,13.25555384
5.333333e-06,0.000132012,3.733333e-06,14.12529413,13.93588698
5.333333e-06,0.000132012,3.733333e-06,14.76838369,14.57940364
5.333333e-06,0.000132012,3.733333e-06,15.37995821,15.19030547
5.333333e-06,0.000132012,3.733333e-06,15.96172648,15.77458288
5.333333e-06,0.000132012,3.733333e-06,16.5192986,16.33195941
5.333333e-06,0.000132012,3.733333e-06,17.0549008,16.86789808
5.333333e-06,0.000132012,4.8e-06,3.84e-05,3.84e-05
5.333333e-06,0.000132012,4.8e-06,4.27e-05,4.27e-05
5.333333e-06,0.000132012,4.8e-06,4.69e-05,4.69e-05
5.333333e-06,0.000132012,4.8e-06,5.12e-05,5.12e-05
5.333333e-06,0.000132012,4.8e-06,5.55e-05,5.55e-05
5.333333e-06,0.000132012,4.8e-06,5.97e-05,5.97e-05
5.333333e-06,0.000132012,4.8e-06,6.4e-05,6.4e-05
5.333333e-06,0.000132012,4.8e-06,6.83e-05,6.83e-05
5.333333e-06,0.000132012,4.8e-06,7.25e-05,7.25e-05
5.333333e-06,0.000132012,4.8e-06,7.68e-05,7.68e-05
5.333333e-06,0.000132012,4.8e-06,8.11e-05,8.11e-05
5.333333e-06,0.000132012,4.8e-06,8.53e-05,8.53e-05
5.333333e-06,0.000132012,4.8e-06,8.96e-05,8.96e-05
5.333333e-06,0.000132012,4.8e-06,7.205755854,7.474612077
5.333333e-06,0.000132012,4.8e-06,8.294022214,8.562488307
5.333333e-06,0.000132012,4.8e-06,9.278450317,9.546533034
5.333333e-06,0.000132012,4.8e-06,10.17894875,10.44661266
5.333333e-06,0.000132012,4.8e-06,11.0102584,11.27745475
5.333333e-06,0.000132012,4.8e-06,11.78360583,12.05028289
5.333333e-06,0.000132012,4.8e-06,12.5068654,12.77339957
5.333333e-06,0.000132012,4.8e-06,13.18939208,13.45501437
5.333333e-06,0.000132012,4.8e-06,13.83486703,14.09972684
5.333333e-06,0.000132012,4.8e-06,14.4482106,14.7123373
5.333333e-06,0.000132012,4.8e-06,15.03274702,15.29738953
5.333333e-06,0.000132012,4.8e-06,15.59399247,15.85622733
5.333333e-06,0.000132012,4.8e-06,16.13159269,16.39247597
5.333333e-06,0.000132012,4.266667e-06,3.84e-05,3.84e-05
5.333333e-06,0.000132012,4.266667e-06,4.27e-05,4.27e-05
5.333333e-06,0.000132012,4.266667e-06,4.69e-05,4.69e-05
5.333333e-06,0.000132012,4.266667e-06,5.12e-05,5.12e-05
5.333333e-06,0.000132012,4.266667e-06,5.55e-05,5.55e-05
5.333333e-06,0.000132012,4.266667e-06,5.97e-05,5.97e-05
5.333333e-06,0.000132012,4.266667e-06,6.4e-05,6.4e-05
5.333333e-06,0.000132012,4.266667e-06,6.83e-05,6.83e-05
5.333333e-06,0.000132012,4.266667e-06,7.25e-05,7.25e-05
5.333333e-06,0.000132012,4.266667e-06,7.68e-05,7.68e-05
5.333333e-06,0.000132012,4.266667e-06,8.11e-05,8.11e-05
5.333333e-06,0.000132012,4.266667e-06,8.53e-05,8.53e-05
5.333333e-06,0.000132012,4.266667e-06,8.96e-05,8.96e-05
5.333333e-06,0.000132012,4.266667e-06,7.624084026,6.862723952
5.333333e-06,0.000132012,4.266667e-06,8.711794764,7.950853522
5.333333e-06,0.000132012,4.266667e-06,9.695652904,8.935911062
5.333333e-06,0.000132012,4.266667e-06,10.59551665,9.837023462
5.333333e-06,0.000132012,4.266667e-06,11.42611203,10.66898282
5.333333e-06,0.000132012,4.266667e-06,12.19765409,11.44303712
5.333333e-06,0.000132012,4.266667e-06,12.9216174,12.16794471
5.333333e-06,0.000132012,4.266667e-06,13.60280064,12.85004486
5.333333e-06,0.000132012,4.266667e-06,14.24712503,13.49668231
5.333333e-06,0.000132012,4.266667e-06,14.85934764,14.11105458
5.333333e-06,0.000132012,4.266667e-06,15.44406686,14.69724792
5.333333e-06,0.000132012,4.266667e-06,16.00240054,15.25912555
5.333333e-06,0.000132012,4.266667e-06,16.53924265,15.79781633
5.333333e-06,0.000132012,4.533333e-06,3.84e-05,3.84e-05
5.333333e-06,0.000132012,4.533333e-06,4.27e-05,4.27e-05
5.333333e-06,0.000132012,4.533333e-06,4.69e-05,4.69e-05
5.333333e-06,0.000132012,4.533333e-06,5.12e-05,5.12e-05
5.333333e-06,0.000132012,4.533333e-06,5.55e-05,5.55e-05
5.333333e-06,0.000132012,4.533333e-06,5.97e-05,5.97e-05
5.333333e-06,0.000132012,4.533333e-06,6.4e-05,6.4e-05
5.333333e-06,0.000132012,4.533333e-06,6.83e-05,6.83e-05
5.333333e-06,0.000132012,4.533333e-06,7.25e-05,7.25e-05
5.333333e-06,0.000132012,4.533333e-06,7.68e-05,7.68e-05
5.333333e-06,0.000132012,4.533333e-06,8.11e-05,8.11e-05
5.333333e-06,0.000132012,4.533333e-06,8.53e-05,8.53e-05
5.333333e-06,0.000132012,4.533333e-06,8.96e-05,8.96e-05
5.333333e-06,0.000132012,4.533333e-06,6.970216029,36.41619969
5.333333e-06,0.000132012,4.533333e-06,8.058440682,40.93515264
5.333333e-06,0.000132012,4.533333e-06,9.043278478,45.8397018
5.333333e-06,0.000132012,4.533333e-06,9.944186157,49.60103013
5.333333e-06,0.000132012,4.533333e-06,10.77593463,52.11435625
5.333333e-06,0.000132012,4.533333e-06,11.54976184,53.74191844
5.333333e-06,0.000132012,4.533333e-06,12.27442337,54.75646888
5.333333e-06,0.000132012,4.533333e-06,12.95641413,55.37830311
5.333333e-06,0.000132012,4.533333e-06,13.60265629,55.75636087
5.333333e-06,0.000132012,4.533333e-06,14.21669213,55.98002593
5.333333e-06,0.000132012,4.533333e-06,14.80255717,56.10072836
5.333333e-06,0.000132012,4.533333e-06,15.3641163,56.1476976
5.333333e-06,0.000132012,4.533333e-06,15.90241404,56.13729754
5.333333e-06,0.000132012,4e-06,3.84e-05,3.84e-05
5.333333e-06,0.000132012,4e-06,4.27e-05,4.27e-05
5.333333e-06,0.000132012,4e-06,4.69e-05,4.69e-05
5.333333e-06,0.000132012,4e-06,5.12e-05,5.12e-05
5.333333e-06,0.000132012,4e-06,5.55e-05,5.55e-05
5.333333e-06,0.000132012,4e-06,5.97e-05,5.97e-05
5.333333e-06,0.000132012,4e-06,6.4e-05,6.4e-05
5.333333e-06,0.000132012,4e-06,6.83e-05,6.83e-05
5.333333e-06,0.000132012,4e-06,7.25e-05,7.25e-05
5.333333e-06,0.000132012,4e-06,7.68e-05,7.68e-05
5.333333e-06,0.000132012,4e-06,8.11e-05,8.11e-05
5.333333e-06,0.000132012,4e-06,8.53e-05,8.53e-05
5.333333e-06,0.000132012,4e-06,8.96e-05,8.96e-05
5.333333e-06,0.000132012,4e-06,36.19799579,36.10992971
5.333333e-06,0.000132012,4e-06,40.89366547,40.88221371
5.333333e-06,0.000132012,4e-06,45.89989863,45.93387054
5.333333e-06,0.000132012,4e-06,49.62865778,49.63828089
5.333333e-06,0.000132012,4e-06,52.0647962,52.0401614
5.333333e-06,0.000132012,4e-06,53.62320178,53.57088508
5.333333e-06,0.000132012,4e-06,54.59679854,54.5256292
5.333333e-06,0.000132012,4e-06,55.19570764,55.11507668
5.333333e-06,0.000132012,4e-06,55.56426121,55.47977217
5.333333e-06,0.000132012,4e-06,55.7867192,55.7018173
5.333333e-06,0.000132012,4e-06,55.91144896,55.8283042
5.333333e-06,0.000132012,4e-06,55.96604304,55.88614478
5.333333e-06,0.000132012,4e-06,55.96609278,55.89060704
5.333333e-06,0.000132012,5.6e-06,3.84e-05,3.84e-05
5.333333e-06,0.000132012,5.6e-06,4.27e-05,4.27e-05
5.333333e-06,0.000132012,5.6e-06,4.69e-05,4.69e-05
5.333333e-06,0.000132012,5.6e-06,5.12e-05,5.12e-05
5.333333e-06,0.000132012,5.6e-06,5.55e-05,5.55e-05
5.333333e-06,0.000132012,5.6e-06,5.97e-05,5.97e-05
5.333333e-06,0.000132012,5.6e-06,6.4e-05,6.4e-05
5.333333e-06,0.000132012,5.6e-06,6.83e-05,6.83e-05
5.333333e-06,0.000132012,5.6e-06,7.25e-05,7.25e-05
5.333333e-06,0.000132012,5.6e-06,7.68e-05,7.68e-05
5.333333e-06,0.000132012,5.6e-06,8.11e-05,8.11e-05
5.333333e-06,0.000132012,5.6e-06,8.53e-05,8.53e-05
5.333333e-06,0.000132012,5.6e-06,8.96e-05,8.96e-05
5.333333e-06,0.000132012,5.6e-06,35.96362468,35.75123177
5.333333e-06,0.000132012,5.6e-06,40.87106472,40.87560631
5.333333e-06,0.000132012,5.6e-06,45.99346236,46.08875613
5.333333e-06,0.000132012,5.6e-06,49.65175582,49.65995375
5.333333e-06,0.000132012,5.6e-06,51.99227904,51.90388491
5.333333e-06,0.000132012,5.6e-06,53.47452734,53.30929714
5.333333e-06,0.000132012,5.6e-06,54.39737094,54.184319
5.333333e-06,0.000132012,5.6e-06,54.97076099,54.73344862
5.333333e-06,0.000132012,5.6e-06,55.32898517,55.08205731
5.333333e-06,0.000132012,5.6e-06,55.55043056,55.30281171
5.333333e-06,0.000132012,5.6e-06,55.68001208,55.43731018
5.333333e-06,0.000132012,5.6e-06,55.74347986,55.5095314
5.333333e-06,0.000132012,5.6e-06,55.75554631,55.53333043
5.333333e-06,0.000132012,5.066667e-06,3.84e-05,3.84e-05
5.333333e-06,0.000132012,5.066667e-06,4.27e-05,4.27e-05
5.333333e-06,0.000132012,5.066667e-06,4.69e-05,4.69e-05
5.333333e-06,0.000132012,5.066667e-06,5.12e-05,5.12e-05
5.333333e-06,0.000132012,5.066667e-06,5.55e-05,5.55e-05
5.333333e-06,0.000132012,5.066667e-06,5.97e-05,5.97e-05
5.333333e-06,0.000132012,5.066667e-06,6.4e-05,6.4e-05
5.333333e-06,0.000132012,5.066667e-06,6.83e-05,6.83e-05
5.333333e-06,0.000132012,5.066667e-06,7.25e-05,7.25e-05
5.333333e-06,0.000132012,5.066667e-06,7.68e-05,7.68e-05
5.333333e-06,0.000132012,5.066667e-06,8.11e-05,8.11e-05
5.333333e-06,0.000132012,5.066667e-06,8.53e-05,8.53e-05
5.333333e-06,0.000132012,5.066667e-06,8.96e-05,8.96e-05
5.333333e-06,0.000132012,5.066667e-06,35.79675191,35.90213021
5.333333e-06,0.000132012,5.066667e-06,40.87230459,40.86965139
5.333333e-06,0.000132012,5.066667e-06,46.06734071,46.01988517
5.333333e-06,0.000132012,5.066667e-06,49.65739268,49.6562886
5.333333e-06,0.000132012,5.066667e-06,51.92501612,51.96921621
5.333333e-06,0.000132012,5.066667e-06,53.34761907,53.43006594
5.333333e-06,0.000132012,5.066667e-06,54.23305744,54.33926104
5.333333e-06,0.000132012,5.066667e-06,54.78749694,54.90575486
5.333333e-06,0.000132012,5.066667e-06,55.1381948,55.26122702
5.333333e-06,0.000132012,5.066667e-06,55.35907979,55.4824509
5.333333e-06,0.000132012,5.066667e-06,55.49247878,55.61340184
5.333333e-06,0.000132012,5.066667e-06,55.56275981,55.6793284
5.333333e-06,0.000132012,5.066667e-06,55.58396758,55.69470157
5.333333e-06,0.000132012,5.333333e-06,3.84e-05,3.84e-05
5.333333e-06,0.000132012,5.333333e-06,4.27e-05,4.27e-05
5.333333e-06,0.000132012,5.333333e-06,4.69e-05,4.69e-05
5.333333e-06,0.000132012,5.333333e-06,5.12e-05,5.12e-05
5.333333e-06,0.000132012,5.333333e-06,5.55e-05,5.55e-05
5.333333e-06,0.000132012,5.333333e-06,5.97e-05,5.97e-05
5.333333e-06,0.000132012,5.333333e-06,6.4e-05,6.4e-05
5.333333e-06,0.000132012,5.333333e-06,6.83e-05,6.83e-05
5.333333e-06,0.000132012,5.333333e-06,7.25e-05,7.25e-05
5.333333e-06,0.000132012,5.333333e-06,7.68e-05,7.68e-05
5.333333e-06,0.000132012,5.333333e-06,8.11e-05,8.11e-05
5.333333e-06,0.000132012,5.333333e-06,8.53e-05,8.53e-05
5.333333e-06,0.000132012,5.333333e-06,8.96e-05,8.96e-05
5.333333e-06,0.000132012,5.333333e-06,35.70964443,35.67149054
5.333333e-06,0.000132012,5.333333e-06,40.87985065,40.88482988
5.333333e-06,0.000132012,5.333333e-06,46.10882983,46.12768277
5.333333e-06,0.000132012,5.333333e-06,49.66164693,49.6626119
5.333333e-06,0.000132012,5.333333e-06,51.88338604,51.86350198
5.333333e-06,0.000132012,5.333333e-06,53.27271121,53.23780642
5.333333e-06,0.000132012,5.333333e-06,54.13813014,54.09426412
5.333333e-06,0.000132012,5.333333e-06,54.68234907,54.63392468
5.333333e-06,0.000132012,5.333333e-06,55.029033,54.97882811
5.333333e-06,0.000132012,5.333333e-06,55.24967648,55.19937701
5.333333e-06,0.000132012,5.333333e-06,55.38520302,55.33586743
5.333333e-06,0.000132012,5.333333e-06,55.45923029,55.41158121
5.333333e-06,0.000132012,5.333333e-06,55.48543698,55.44003242
