a,b,c,d,gain,pm,ugf
1.12e-05,0.000132012,2.4e-06,3.84e-05,18.74271131,87.25892675,12.859450189999999
1.12e-05,0.000132012,2.4e-06,4.27e-05,20.02248574,88.48425649,14.297892050000002
1.12e-05,0.000132012,2.4e-06,4.69e-05,21.22020012,89.62407255,15.51293651
1.12e-05,0.000132012,2.4e-06,5.12e-05,22.35505266,90.90816184,17.467633460000002
1.12e-05,0.000132012,2.4e-06,5.55e-05,23.44379632,92.11969459,19.57201289
1.12e-05,0.000132012,2.4e-06,5.97e-05,24.50001271,93.18546752,21.45019154
1.12e-05,0.000132012,2.4e-06,6.4e-05,25.5331233,94.13902737,23.13803194
1.12e-05,0.000132012,2.4e-06,6.83e-05,26.55894874,94.7999845,25.56481256
1.12e-05,0.000132012,2.4e-06,7.25e-05,27.58264294,95.02511744,28.797869379999998
1.12e-05,0.000132012,2.4e-06,7.68e-05,28.6161588,95.01821047,31.772708129999998
1.12e-05,0.000132012,2.4e-06,8.11e-05,29.67052875,94.80062339,34.52317151
1.12e-05,0.000132012,2.4e-06,8.53e-05,30.75757341,94.09516189,37.84917787
1.12e-05,0.000132012,2.4e-06,8.96e-05,31.88821031,92.45045759,42.55885566
1.12e-05,0.000132012,2.666667e-06,3.84e-05,18.35747708,88.75406112,12.725609720000001
1.12e-05,0.000132012,2.666667e-06,4.27e-05,19.64060375,89.93456528,14.209209470000001
1.12e-05,0.000132012,2.666667e-06,4.69e-05,20.84370336,91.03439531,15.46176788
1.12e-05,0.000132012,2.666667e-06,5.12e-05,21.98427639,92.27173687,17.424361910000002
1.12e-05,0.000132012,2.666667e-06,5.55e-05,23.07941424,93.45728779,19.592777429999998
1.12e-05,0.000132012,2.666667e-06,5.97e-05,24.14302613,94.50429522,21.52628927
1.12e-05,0.000132012,2.666667e-06,6.4e-05,25.18445379,95.44508946,23.26201109
1.12e-05,0.000132012,2.666667e-06,6.83e-05,26.22096655,96.03102689,25.95928841
1.12e-05,0.000132012,2.666667e-06,7.25e-05,27.25660611,96.19394027,29.29512655
1.12e-05,0.000132012,2.666667e-06,7.68e-05,28.30407643,96.12415433,32.36243258
1.12e-05,0.000132012,2.666667e-06,8.11e-05,29.37498555,95.84085376,35.196461299999996
1.12e-05,0.000132012,2.666667e-06,8.53e-05,30.48239733,94.72915124,39.35444919
1.12e-05,0.000132012,2.666667e-06,8.96e-05,31.63618023,92.85888036,44.19046519
1.12e-05,0.000132012,2.933333e-06,3.84e-05,17.89325756,90.49933619,12.54634758
1.12e-05,0.000132012,2.933333e-06,4.27e-05,19.18265241,91.62569989,14.08832494
1.12e-05,0.000132012,2.933333e-06,4.69e-05,20.39080061,92.68448998,15.38628226
1.12e-05,0.000132012,2.933333e-06,5.12e-05,21.53854439,93.86828396,17.34361264
1.12e-05,0.000132012,2.933333e-06,5.55e-05,22.64205189,95.02784605,19.59296294
1.12e-05,0.000132012,2.933333e-06,5.97e-05,23.71521667,96.05723285,21.59635236
1.12e-05,0.000132012,2.933333e-06,6.4e-05,24.76744439,96.98710578,23.392657510000003
1.12e-05,0.000132012,2.933333e-06,6.83e-05,25.81745874,97.48730048,26.401544920000003
1.12e-05,0.000132012,2.933333e-06,7.25e-05,26.86823721,97.58315739,29.86790318
1.12e-05,0.000132012,2.933333e-06,7.68e-05,27.93320634,97.44473166,33.05209727
1.12e-05,0.000132012,2.933333e-06,8.11e-05,29.02482317,97.08820895,35.991486
1.12e-05,0.000132012,2.933333e-06,8.53e-05,30.1573431,95.43631928,41.15037531
1.12e-05,0.000132012,2.933333e-06,8.96e-05,31.3531192,93.25738442,46.177294780000004
1.12e-05,0.000132012,3.2e-06,3.84e-05,17.31184735,92.60427995,12.296574470000001
1.12e-05,0.000132012,3.2e-06,4.27e-05,18.60858186,93.670726,13.91415718
1.12e-05,0.000132012,3.2e-06,4.69e-05,19.82473032,94.68006222,15.27292978
1.12e-05,0.000132012,3.2e-06,5.12e-05,20.98191391,95.80086818,17.20379856
1.12e-05,0.000132012,3.2e-06,5.55e-05,22.0972222,96.93510349,19.56091638
1.12e-05,0.000132012,3.2e-06,5.97e-05,23.18335743,97.94974122,21.65680163
1.12e-05,0.000132012,3.2e-06,6.4e-05,24.2506797,98.8721372,23.533903329999998
1.12e-05,0.000132012,3.2e-06,6.83e-05,25.31831099,99.27470453,26.91812621
1.12e-05,0.000132012,3.2e-06,7.25e-05,26.38913,99.2985927,30.557874780000002
1.12e-05,0.000132012,3.2e-06,7.68e-05,27.47671858,99.08563362,33.8959644
1.12e-05,0.000132012,3.2e-06,8.11e-05,28.60364615,98.32932963,37.69089726
1.12e-05,0.000132012,3.2e-06,8.53e-05,29.77270419,96.20804618,43.4357757
1.12e-05,0.000132012,3.2e-06,8.96e-05,31.00534811,93.67336683,48.67498828
1.12e-05,0.000132012,3.466667e-06,3.84e-05,8.943596846,86.7949393,4.368852773
1.12e-05,0.000132012,3.466667e-06,4.27e-05,10.03212576,84.66260863,4.940406028
1.12e-05,0.000132012,3.466667e-06,4.69e-05,11.01661307,83.50160997,5.558629011
1.12e-05,0.000132012,3.466667e-06,5.12e-05,11.91692772,82.45931632,6.064619186
1.12e-05,0.000132012,3.466667e-06,5.55e-05,12.74778388,81.504382,6.488569114
1.12e-05,0.000132012,3.466667e-06,5.97e-05,13.52043927,80.61853392,6.850278016
1.12e-05,0.000132012,3.466667e-06,6.4e-05,14.24386492,80.37123022,7.444584749
1.12e-05,0.000132012,3.466667e-06,6.83e-05,14.92478148,80.2801537,8.033086017
1.12e-05,0.000132012,3.466667e-06,7.25e-05,15.56892609,80.1860831,8.554185325999999
1.12e-05,0.000132012,3.466667e-06,7.68e-05,16.18094633,80.08806335,9.020033597
1.12e-05,0.000132012,3.466667e-06,8.11e-05,16.76468323,79.98629115,9.439794423
1.12e-05,0.000132012,3.466667e-06,8.53e-05,17.32337948,79.8814777,9.820568601
1.12e-05,0.000132012,3.466667e-06,8.96e-05,17.85979103,79.77460345,10.167966009999999
1.12e-05,0.000132012,3.733333e-06,3.84e-05,8.24665238,91.65851295,4.173059894
1.12e-05,0.000132012,3.733333e-06,4.27e-05,9.335406268,88.66459339,4.6172926169999995
1.12e-05,0.000132012,3.733333e-06,4.69e-05,10.32068334,87.43103557,5.285130699
1.12e-05,0.000132012,3.733333e-06,5.12e-05,11.22183795,86.30960092,5.830655900999999
1.12e-05,0.000132012,3.733333e-06,5.55e-05,12.05300602,85.27530222,6.28656447
1.12e-05,0.000132012,3.733333e-06,5.97e-05,12.82753195,84.3010913,6.675539983
1.12e-05,0.000132012,3.733333e-06,6.4e-05,13.55225039,83.60751238,7.117081576
1.12e-05,0.000132012,3.733333e-06,6.83e-05,14.2345597,83.4716373,7.744350277
1.12e-05,0.000132012,3.733333e-06,7.25e-05,14.88020062,83.33351345,8.299070725
1.12e-05,0.000132012,3.733333e-06,7.68e-05,15.49390744,83.1920486,8.794420642
1.12e-05,0.000132012,3.733333e-06,8.11e-05,16.0794407,83.04775889,9.240221127
1.12e-05,0.000132012,3.733333e-06,8.53e-05,16.64004408,82.90133152,9.644140192
1.12e-05,0.000132012,3.733333e-06,8.96e-05,17.17847523,82.75368985,10.012236230000001
1.12e-05,0.000132012,4.8e-06,3.84e-05,7.311622943,97.9378595,3.878365755
1.12e-05,0.000132012,4.8e-06,4.27e-05,8.401371667,94.65753414,4.352105860999999
1.12e-05,0.000132012,4.8e-06,4.69e-05,9.387662885,92.40439008,4.880232487
1.12e-05,0.000132012,4.8e-06,5.12e-05,10.29028678,91.20370738,5.4821867410000005
1.12e-05,0.000132012,4.8e-06,5.55e-05,11.12379177,90.07899575,5.984750653
1.12e-05,0.000132012,4.8e-06,5.97e-05,11.89961114,89.01501353,6.412086585
1.12e-05,0.000132012,4.8e-06,6.4e-05,12.62636371,88.00376307,6.780652012
1.12e-05,0.000132012,4.8e-06,6.83e-05,13.31074201,87.49281667,7.308497877000001
1.12e-05,0.000132012,4.8e-06,7.25e-05,13.95819267,87.30777359,7.910634567
1.12e-05,0.000132012,4.8e-06,7.68e-05,14.57469089,87.11702878,8.448319693
1.12e-05,0.000132012,4.8e-06,8.11e-05,15.16313335,86.92395776,8.931552625
1.12e-05,0.000132012,4.8e-06,8.53e-05,15.72677266,86.72926195,9.368800611
1.12e-05,0.000132012,4.8e-06,8.96e-05,16.26837692,86.53382643,9.766756191999999
1.12e-05,0.000132012,4.266667e-06,3.84e-05,7.724579238,95.19864888,4.0131479389999996
1.12e-05,0.000132012,4.266667e-06,4.27e-05,8.813172662,91.99552014,4.462752375
1.12e-05,0.000132012,4.266667e-06,4.69e-05,9.79964269,90.24746783,5.064367708
1.12e-05,0.000132012,4.266667e-06,5.12e-05,10.70156282,89.07840991,5.640901883000001
1.12e-05,0.000132012,4.266667e-06,5.55e-05,11.53408295,87.99009246,6.122478074
1.12e-05,0.000132012,4.266667e-06,5.97e-05,12.30918753,86.96351097,6.532446778
1.12e-05,0.000132012,4.266667e-06,6.4e-05,13.03499586,85.99222166,6.88620627
1.12e-05,0.000132012,4.266667e-06,6.83e-05,13.71844305,85.75150768,7.507518352
1.12e-05,0.000132012,4.266667e-06,7.25e-05,14.36520941,85.5853826,8.088465092
1.12e-05,0.000132012,4.266667e-06,7.68e-05,14.98037725,85.41535279,8.60703352
1.12e-05,0.000132012,4.266667e-06,8.11e-05,15.56744539,85.24285244,9.073358572
1.12e-05,0.000132012,4.266667e-06,8.53e-05,16.12966144,85.06857184,9.495547903
1.12e-05,0.000132012,4.266667e-06,8.96e-05,16.66978686,84.8934119,9.880007839
1.12e-05,0.000132012,4.533333e-06,3.84e-05,7.078997588,99.45785989,3.799162638
1.12e-05,0.000132012,4.533333e-06,4.27e-05,8.169048853,96.14243056,4.286798274000001
1.12e-05,0.000132012,4.533333e-06,4.69e-05,9.15564979,93.59378307,4.772887345
1.12e-05,0.000132012,4.533333e-06,5.12e-05,10.05872846,92.37727855,5.3895286979999995
1.12e-05,0.000132012,4.533333e-06,5.55e-05,10.89276366,91.23424204,5.904187669
1.12e-05,0.000132012,4.533333e-06,5.97e-05,11.66907413,90.15064803,6.3416042290000005
1.12e-05,0.000132012,4.533333e-06,6.4e-05,12.39639411,89.11840755,6.718747245
1.12e-05,0.000132012,4.533333e-06,6.83e-05,13.08130231,88.4511949,7.192147349000001
1.12e-05,0.000132012,4.533333e-06,7.25e-05,13.72890157,88.25708472,7.806238635
1.12e-05,0.000132012,4.533333e-06,7.68e-05,14.34625581,88.05518864,8.355028681
1.12e-05,0.000132012,4.533333e-06,8.11e-05,14.93556465,87.85103059,8.848078941999999
1.12e-05,0.000132012,4.533333e-06,8.53e-05,15.50008522,87.64531785,9.294066820000001
1.12e-05,0.000132012,4.533333e-06,8.96e-05,16.04259404,87.43891679,9.699854376
1.12e-05,0.000132012,4e-06,3.84e-05,36.87881435,97.48893279,58.44719908
1.12e-05,0.000132012,4e-06,4.27e-05,41.8930602,92.3237253,73.12535644
1.12e-05,0.000132012,4e-06,4.69e-05,46.808501,87.83429907,83.12079483
1.12e-05,0.000132012,4e-06,5.12e-05,50.2190822,85.10860944,94.25425876
1.12e-05,0.000132012,4e-06,5.55e-05,52.41700525,82.14122872,102.3698021
1.12e-05,0.000132012,4e-06,5.97e-05,53.79708638,78.51464608,108.5330565
1.12e-05,0.000132012,4e-06,6.4e-05,54.64092815,74.38641083,113.34484459999999
1.12e-05,0.000132012,4e-06,6.83e-05,55.15480711,70.3108262,117.15622570000001
1.12e-05,0.000132012,4e-06,7.25e-05,55.46588177,66.67270769,120.185223
1.12e-05,0.000132012,4e-06,7.68e-05,55.64730239,63.55373999,122.5938395
1.12e-05,0.000132012,4e-06,8.11e-05,55.74030208,60.89792651,124.51333659999999
1.12e-05,0.000132012,4e-06,8.53e-05,55.76800394,58.65328973,126.1989698
1.12e-05,0.000132012,4e-06,8.96e-05,55.74307626,56.93292742,128.6775207
1.12e-05,0.000132012,5.6e-06,3.84e-05,36.70432495,97.28726933,63.18001647
1.12e-05,0.000132012,5.6e-06,4.27e-05,41.94359765,91.3134411,77.73495860999999
1.12e-05,0.000132012,5.6e-06,4.69e-05,46.91292972,86.93783319,90.08948113
1.12e-05,0.000132012,5.6e-06,5.12e-05,50.23117151,83.92638604,100.7003193
1.12e-05,0.000132012,5.6e-06,5.55e-05,52.32880733,80.74591243,108.4423314
1.12e-05,0.000132012,5.6e-06,5.97e-05,53.6342512,77.05074667,114.3077332
1.12e-05,0.000132012,5.6e-06,6.4e-05,54.43462645,72.99736913,118.82817759999999
1.12e-05,0.000132012,5.6e-06,6.83e-05,54.92729103,69.05428794,122.3553064
1.12e-05,0.000132012,5.6e-06,7.25e-05,55.23097945,65.53603396,125.13263309999999
1.12e-05,0.000132012,5.6e-06,7.68e-05,55.41340831,62.80298643,128.5947531
1.12e-05,0.000132012,5.6e-06,8.11e-05,55.5127831,60.5637445,132.00517390000002
1.12e-05,0.000132012,5.6e-06,8.53e-05,55.55068482,58.61630616,134.8404065
1.12e-05,0.000132012,5.6e-06,8.96e-05,55.5391147,56.91423638,137.18640069999998
1.12e-05,0.000132012,5.066667e-06,3.84e-05,36.58617462,96.99367908,66.79051864
1.12e-05,0.000132012,5.066667e-06,4.27e-05,42.00357706,90.38505094,81.23622562
1.12e-05,0.000132012,5.066667e-06,4.69e-05,46.99589072,86.11290022,95.26858711
1.12e-05,0.000132012,5.066667e-06,5.12e-05,50.23232554,82.86674069,105.4858125
1.12e-05,0.000132012,5.066667e-06,5.55e-05,52.24958306,79.51436163,112.97252590000001
1.12e-05,0.000132012,5.066667e-06,5.97e-05,53.49785193,75.76056439,118.6377032
1.12e-05,0.000132012,5.066667e-06,6.4e-05,54.26555914,71.76108375,122.96197959999999
1.12e-05,0.000132012,5.066667e-06,6.83e-05,54.74248985,68.01029302,126.6008647
1.12e-05,0.000132012,5.066667e-06,7.25e-05,55.04082737,65.15193768,131.3103575
1.12e-05,0.000132012,5.066667e-06,7.68e-05,55.22418413,62.61538852,135.2220316
1.12e-05,0.000132012,5.066667e-06,8.11e-05,55.32849565,60.40152103,138.4828535
1.12e-05,0.000132012,5.066667e-06,8.53e-05,55.37418179,58.47167297,141.1976093
1.12e-05,0.000132012,5.066667e-06,8.96e-05,55.37273036,56.78183335,143.4482495
1.12e-05,0.000132012,5.333333e-06,3.84e-05,36.52569087,96.77849889,68.78614006999999
1.12e-05,0.000132012,5.333333e-06,4.27e-05,42.04403548,89.81346172,83.16500781
1.12e-05,0.000132012,5.333333e-06,4.69e-05,47.04206418,85.6004672,98.0721632
1.12e-05,0.000132012,5.333333e-06,5.12e-05,50.22951697,82.2208667,108.0838986
1.12e-05,0.000132012,5.333333e-06,5.55e-05,52.20136382,78.77065688,115.4404432
1.12e-05,0.000132012,5.333333e-06,5.97e-05,53.41821844,74.98251537,121.0048398
1.12e-05,0.000132012,5.333333e-06,6.4e-05,54.16819045,71.01141245,125.2303028
1.12e-05,0.000132012,5.333333e-06,6.83e-05,54.63664729,67.81718311,130.3820964
1.12e-05,0.000132012,5.333333e-06,7.25e-05,54.93214442,64.98316176,134.9766974
1.12e-05,0.000132012,5.333333e-06,7.68e-05,55.11606072,62.46517946,138.7924712
1.12e-05,0.000132012,5.333333e-06,8.11e-05,55.22310115,60.26430346,141.9745034
1.12e-05,0.000132012,5.333333e-06,8.53e-05,55.27305381,58.34324915,144.6255187
1.12e-05,0.000132012,5.333333e-06,8.96e-05,55.27712278,56.65932117,146.8254562
1.12e-05,0.0,5.333333e-06,3.84e-05,19.12875418,85.57083514,12.77263385
1.12e-05,0.0,5.333333e-06,4.27e-05,20.40463815,86.84255574,14.17792193
1.12e-05,0.0,5.333333e-06,4.69e-05,21.59589511,88.02291278,15.365117060000001
1.12e-05,0.0,5.333333e-06,5.12e-05,22.72365924,89.29630355,17.073835969999998
1.12e-05,0.0,5.333333e-06,5.55e-05,23.80413583,90.54398688,19.12596438
1.12e-05,0.0,5.333333e-06,5.97e-05,24.84993142,91.63800314,20.95816159
1.12e-05,0.0,5.333333e-06,6.4e-05,25.87377201,92.60775768,22.609191510000002
1.12e-05,0.0,5.333333e-06,6.83e-05,26.88459784,93.45051836,24.25957032
1.12e-05,0.0,5.333333e-06,7.25e-05,27.89262905,93.78930775,27.40515466
1.12e-05,0.0,5.333333e-06,7.68e-05,28.90770396,93.89758349,30.30154071
1.12e-05,0.0,5.333333e-06,8.11e-05,29.94021663,93.7989716,32.981546800000004
1.12e-05,0.0,5.333333e-06,8.53e-05,31.00009495,93.51361288,35.47069749
1.12e-05,0.0,5.333333e-06,8.96e-05,32.10389774,92.48521681,39.26521105
1.12e-05,0.0003889991,2.4e-06,3.84e-05,18.65347525,87.45518034,12.62083011
1.12e-05,0.0003889991,2.4e-06,4.27e-05,19.93290769,88.66845542,14.08033763
1.12e-05,0.0003889991,2.4e-06,4.69e-05,21.12956433,89.79810965,15.311956689999999
1.12e-05,0.0003889991,2.4e-06,5.12e-05,22.26370528,91.01448902,17.03969753
1.12e-05,0.0003889991,2.4e-06,5.55e-05,23.35156624,92.22330474,19.16883257
1.12e-05,0.0003889991,2.4e-06,5.97e-05,24.4058354,93.28808172,21.06742393
1.12e-05,0.0003889991,2.4e-06,6.4e-05,25.43992596,94.23548626,22.77682788
1.12e-05,0.0003889991,2.4e-06,6.83e-05,26.46251016,94.99752524,24.76610918
1.12e-05,0.0003889991,2.4e-06,7.25e-05,27.48422104,95.25232736,28.03363588
1.12e-05,0.0003889991,2.4e-06,7.68e-05,28.51535154,95.27711548,31.04016806
1.12e-05,0.0003889991,2.4e-06,8.11e-05,29.56697693,95.09297469,33.82018744
1.12e-05,0.0003889991,2.4e-06,8.53e-05,30.64912227,94.68480025,36.49157095
1.12e-05,0.0003889991,2.4e-06,8.96e-05,31.78021907,93.10811483,41.27694954
1.12e-05,0.0003889991,2.666667e-06,3.84e-05,18.26753876,88.93439906,12.480591140000001
1.12e-05,0.0003889991,2.666667e-06,4.27e-05,19.55081398,90.10226926,13.98657976
1.12e-05,0.0003889991,2.666667e-06,4.69e-05,20.751949,91.19416276,15.25564001
1.12e-05,0.0003889991,2.666667e-06,5.12e-05,21.89194088,92.36510158,16.98530593
1.12e-05,0.0003889991,2.666667e-06,5.55e-05,22.98619924,93.54746105,19.17981348
1.12e-05,0.0003889991,2.666667e-06,5.97e-05,24.04781074,94.59304737,21.13484262
1.12e-05,0.0003889991,2.666667e-06,6.4e-05,25.09069906,95.52653647,22.89388198
1.12e-05,0.0003889991,2.666667e-06,6.83e-05,26.12334128,96.22434869,25.14177608
1.12e-05,0.0003889991,2.666667e-06,7.25e-05,27.15663164,96.41812216,28.51367021
1.12e-05,0.0003889991,2.666667e-06,7.68e-05,28.20129617,96.38146345,31.61421721
1.12e-05,0.0003889991,2.666667e-06,8.11e-05,29.26902616,96.13321686,34.479415659999994
1.12e-05,0.0003889991,2.666667e-06,8.53e-05,30.3713072,95.35310881,37.97205998
1.12e-05,0.0003889991,2.666667e-06,8.96e-05,31.53316181,93.53705947,42.90504231
1.12e-05,0.0003889991,2.933333e-06,3.84e-05,17.80242725,90.66058642,12.29312906
1.12e-05,0.0003889991,2.933333e-06,4.27e-05,19.09032604,91.77841235,13.85703114
1.12e-05,0.0003889991,2.933333e-06,4.69e-05,20.29568577,92.83093026,15.17186733
1.12e-05,0.0003889991,2.933333e-06,5.12e-05,21.44346297,93.94818679,16.88781345
1.12e-05,0.0003889991,2.933333e-06,5.55e-05,22.54500957,95.10544566,19.16356066
1.12e-05,0.0003889991,2.933333e-06,5.97e-05,23.61873895,96.12858503,21.19389647
1.12e-05,0.0003889991,2.933333e-06,6.4e-05,24.67279067,97.05017225,23.01552723
1.12e-05,0.0003889991,2.933333e-06,6.83e-05,25.71816438,97.67441612,25.55953456
1.12e-05,0.0003889991,2.933333e-06,7.25e-05,26.76583148,97.80314963,29.06340355
1.12e-05,0.0003889991,2.933333e-06,7.68e-05,27.82715695,97.70021789,32.28239157
1.12e-05,0.0003889991,2.933333e-06,8.11e-05,28.91488791,97.38108953,35.254980429999996
1.12e-05,0.0003889991,2.933333e-06,8.53e-05,30.05316765,96.07730002,39.76281098
1.12e-05,0.0003889991,2.933333e-06,8.96e-05,31.23957776,93.99876887,44.85121077
1.12e-05,0.0003889991,3.2e-06,3.84e-05,17.21991859,92.74163207,12.032435710000001
1.12e-05,0.0003889991,3.2e-06,4.27e-05,18.5156926,93.7990804,13.67394346
1.12e-05,0.0003889991,3.2e-06,4.69e-05,19.7312926,94.79809597,15.05268272
1.12e-05,0.0003889991,3.2e-06,5.12e-05,20.88759195,95.85568666,16.73310905
1.12e-05,0.0003889991,3.2e-06,5.55e-05,22.00019309,96.98806159,19.11722484
1.12e-05,0.0003889991,3.2e-06,5.97e-05,23.085352,97.99823204,21.239853309999997
1.12e-05,0.0003889991,3.2e-06,6.4e-05,24.15422605,98.91224882,23.14408889
1.12e-05,0.0003889991,3.2e-06,6.83e-05,25.21639253,99.45266208,26.04220311
1.12e-05,0.0003889991,3.2e-06,7.25e-05,26.28211835,99.51380845,29.71930873
1.12e-05,0.0003889991,3.2e-06,7.68e-05,27.37552027,99.31975207,33.11512134
1.12e-05,0.0003889991,3.2e-06,8.11e-05,28.49491027,98.91070001,36.235975100000005
1.12e-05,0.0003889991,3.2e-06,8.53e-05,29.66017007,96.91240408,41.99434987
1.12e-05,0.0003889991,3.2e-06,8.96e-05,30.88815395,94.47301316,47.31565747
1.12e-05,0.0003889991,3.466667e-06,3.84e-05,8.852613497,87.57640245,4.2985767379999995
1.12e-05,0.0003889991,3.466667e-06,4.27e-05,9.941276275,85.1921232,4.813960527
1.12e-05,0.0003889991,3.466667e-06,4.69e-05,10.92563661,84.045465,5.445145962000001
1.12e-05,0.0003889991,3.466667e-06,5.12e-05,11.82568473,83.01597135,5.9612305779999994
1.12e-05,0.0003889991,3.466667e-06,5.55e-05,12.65653628,82.0709095,6.393476627
1.12e-05,0.0003889991,3.466667e-06,5.97e-05,13.42830987,81.19801809,6.761648604
1.12e-05,0.0003889991,3.466667e-06,6.4e-05,14.15234143,80.7534666,7.26765804
1.12e-05,0.0003889991,3.466667e-06,6.83e-05,14.83310253,80.66561471,7.867226151
1.12e-05,0.0003889991,3.466667e-06,7.25e-05,15.47710102,80.57466439,8.397828550000002
1.12e-05,0.0003889991,3.466667e-06,7.68e-05,16.0889544,80.47976741,8.871926832
1.12e-05,0.0003889991,3.466667e-06,8.11e-05,16.67251761,80.38105193,9.298941568
1.12e-05,0.0003889991,3.466667e-06,8.53e-05,17.2310332,80.27920785,9.68615685
1.12e-05,0.0003889991,3.466667e-06,8.96e-05,17.76725693,80.17519421,10.03932234
1.12e-05,0.0003889991,3.733333e-06,3.84e-05,8.15475682,92.38697392,4.0984565559999995
1.12e-05,0.0003889991,3.733333e-06,4.27e-05,9.243567312,89.32509429,4.527352832999999
1.12e-05,0.0003889991,3.733333e-06,4.69e-05,10.22857784,87.9256497,5.165274013
1.12e-05,0.0003889991,3.733333e-06,5.12e-05,11.12957368,86.82149608,5.721507338
1.12e-05,0.0003889991,3.733333e-06,5.55e-05,11.96132423,85.79871707,6.186475671
1.12e-05,0.0003889991,3.733333e-06,5.97e-05,12.7350831,84.84130626,6.582343708
1.12e-05,0.0003889991,3.733333e-06,6.4e-05,13.45955139,83.95259816,6.930894335
1.12e-05,0.0003889991,3.733333e-06,6.83e-05,14.14166172,83.82171924,7.56983124
1.12e-05,0.0003889991,3.733333e-06,7.25e-05,14.78721977,83.68801712,8.134681928000001
1.12e-05,0.0003889991,3.733333e-06,7.68e-05,15.400743,83.55115547,8.638780814999999
1.12e-05,0.0003889991,3.733333e-06,8.11e-05,15.98608626,83.41131743,9.092287282
1.12e-05,0.0003889991,3.733333e-06,8.53e-05,16.54649286,83.26917999,9.503059449999999
1.12e-05,0.0003889991,3.733333e-06,8.96e-05,17.08472007,83.1256544,9.877300976999999
1.12e-05,0.0003889991,4.8e-06,3.84e-05,7.218079074,98.59238096,3.797232465
1.12e-05,0.0003889991,4.8e-06,4.27e-05,8.307223505,95.36528715,4.279078606
1.12e-05,0.0003889991,4.8e-06,4.69e-05,9.293887457,92.8346616,4.750851256
1.12e-05,0.0003889991,4.8e-06,5.12e-05,10.19634979,91.6569821,5.36433487
1.12e-05,0.0003889991,4.8e-06,5.55e-05,11.02975682,90.55248151,5.876288821999999
1.12e-05,0.0003889991,4.8e-06,5.97e-05,11.80538756,89.50760153,6.311430719
1.12e-05,0.0003889991,4.8e-06,6.4e-05,12.53184354,88.5141036,6.686548275000001
1.12e-05,0.0003889991,4.8e-06,6.83e-05,13.2154938,87.79864804,7.120476925
1.12e-05,0.0003889991,4.8e-06,7.25e-05,13.86367142,87.61726655,7.734375306
1.12e-05,0.0003889991,4.8e-06,7.68e-05,14.47992736,87.43301896,8.281517909
1.12e-05,0.0003889991,4.8e-06,8.11e-05,15.06812431,87.2462073,8.773101147
1.12e-05,0.0003889991,4.8e-06,8.53e-05,15.63151633,87.05752603,9.217793184
1.12e-05,0.0003889991,4.8e-06,8.96e-05,16.17287033,86.86785829,9.622438637
1.12e-05,0.0003889991,4.266667e-06,3.84e-05,7.631782556,95.88644117,3.934989566
1.12e-05,0.0003889991,4.266667e-06,4.27e-05,8.720887969,92.72260373,4.392897753
1.12e-05,0.0003889991,4.266667e-06,4.69e-05,9.706621508,90.705909,4.939328513
1.12e-05,0.0003889991,4.266667e-06,5.12e-05,10.60840003,89.55738003,5.527029939
1.12e-05,0.0003889991,4.266667e-06,5.55e-05,11.44102083,88.48605221,6.017788683
1.12e-05,0.0003889991,4.266667e-06,5.97e-05,12.21577735,87.47715163,6.435199348
1.12e-05,0.0003889991,4.266667e-06,6.4e-05,12.94131946,86.52143655,6.795289189
1.12e-05,0.0003889991,4.266667e-06,6.83e-05,13.62441863,86.07616791,7.325816195000001
1.12e-05,0.0003889991,4.266667e-06,7.25e-05,14.27134136,85.91471824,7.917580996
1.12e-05,0.0003889991,4.266667e-06,7.68e-05,14.88630128,85.75034976,8.445292708
1.12e-05,0.0003889991,4.266667e-06,8.11e-05,15.47315704,85.58330575,8.919682294
1.12e-05,0.0003889991,4.266667e-06,8.53e-05,16.03515557,85.41427298,9.349052554
1.12e-05,0.0003889991,4.266667e-06,8.96e-05,16.57505755,85.24414612,9.7399591
1.12e-05,0.0003889991,4.533333e-06,3.84e-05,6.985032366,100.0932254,3.716295585
1.12e-05,0.0003889991,4.533333e-06,4.27e-05,8.074922573,96.83189532,4.212369734
1.12e-05,0.0003889991,4.533333e-06,4.69e-05,9.061456645,94.00829835,4.640979974
1.12e-05,0.0003889991,4.533333e-06,5.12e-05,9.964334199,92.81621881,5.269341445
1.12e-05,0.0003889991,4.533333e-06,5.55e-05,10.79821753,91.69486526,5.793546102
1.12e-05,0.0003889991,4.533333e-06,5.97e-05,11.57437399,90.63138046,6.2389493940000005
1.12e-05,0.0003889991,4.533333e-06,6.4e-05,12.30136913,89.61812661,6.622768574
1.12e-05,0.0003889991,4.533333e-06,6.83e-05,12.98655167,88.7428546,7.001626299
1.12e-05,0.0003889991,4.533333e-06,7.25e-05,13.63407498,88.55530353,7.626900298000001
1.12e-05,0.0003889991,4.533333e-06,7.68e-05,14.25115463,88.36039864,8.185316931
1.12e-05,0.0003889991,4.533333e-06,8.11e-05,14.84018592,88.16297915,8.686871296
1.12e-05,0.0003889991,4.533333e-06,8.53e-05,15.40443253,87.96373156,9.140447841
1.12e-05,0.0003889991,4.533333e-06,8.96e-05,15.94666735,87.76352915,9.55306016
1.12e-05,0.0003889991,4e-06,3.84e-05,36.75615087,98.16592666,56.496351159999996
1.12e-05,0.0003889991,4e-06,4.27e-05,41.75066422,93.15253744,71.46149148
1.12e-05,0.0003889991,4e-06,4.69e-05,46.67521522,88.78299492,81.64214011
1.12e-05,0.0003889991,4e-06,5.12e-05,50.10575915,85.95829176,92.07454068999999
1.12e-05,0.0003889991,4e-06,5.55e-05,52.31794803,83.07460405,100.3550968
1.12e-05,0.0003889991,4e-06,5.97e-05,53.70958217,79.49781215,106.6620485
1.12e-05,0.0003889991,4e-06,6.4e-05,54.56110142,75.37393662,111.6159552
1.12e-05,0.0003889991,4e-06,6.83e-05,55.08006875,71.27119955,115.563498
1.12e-05,0.0003889991,4e-06,7.25e-05,55.39459526,67.59784827,118.7133188
1.12e-05,0.0003889991,4e-06,7.68e-05,55.57850711,64.44739779,121.2236723
1.12e-05,0.0003889991,4e-06,8.11e-05,55.67346443,61.76646528,123.22700809999999
1.12e-05,0.0003889991,4e-06,8.53e-05,55.70285775,59.47182325,124.8289851
1.12e-05,0.0003889991,4e-06,8.96e-05,55.6795322,57.53237701,126.3315188
1.12e-05,0.0003889991,5.6e-06,3.84e-05,36.57821694,98.03062799,61.24576952
1.12e-05,0.0003889991,5.6e-06,4.27e-05,41.79606355,92.21616445,76.09865953
1.12e-05,0.0003889991,5.6e-06,4.69e-05,46.77843613,87.7588354,87.76292733
1.12e-05,0.0003889991,5.6e-06,5.12e-05,50.11800441,84.84653188,98.59007
1.12e-05,0.0003889991,5.6e-06,5.55e-05,52.23037381,81.75252802,106.48836709999999
1.12e-05,0.0003889991,5.6e-06,5.97e-05,53.54703706,78.10639412,112.4911872
1.12e-05,0.0003889991,5.6e-06,6.4e-05,54.3547998,74.05492799,117.14765390000001
1.12e-05,0.0003889991,5.6e-06,6.83e-05,54.85232854,70.08274105,120.8047928
1.12e-05,0.0003889991,5.6e-06,7.25e-05,55.15931712,66.52775562,123.69750459999999
1.12e-05,0.0003889991,5.6e-06,7.68e-05,55.34413303,63.48428154,126.0859609
1.12e-05,0.0003889991,5.6e-06,8.11e-05,55.44538566,61.23016211,129.5950691
1.12e-05,0.0003889991,5.6e-06,8.53e-05,55.48490706,59.26926838,132.5146269
1.12e-05,0.0003889991,5.6e-06,8.96e-05,55.47486355,57.55516065,134.9326811
1.12e-05,0.0003889991,5.066667e-06,3.84e-05,36.45905456,97.78886697,64.87024033
1.12e-05,0.0003889991,5.066667e-06,4.27e-05,41.85246828,91.34619205,79.6204735
1.12e-05,0.0003889991,5.066667e-06,4.69e-05,46.86051955,86.98666746,93.00045909
1.12e-05,0.0003889991,5.066667e-06,5.12e-05,50.11932299,83.84431891,103.42514840000001
1.12e-05,0.0003889991,5.066667e-06,5.55e-05,52.15159652,80.5799151,111.06182740000001
1.12e-05,0.0003889991,5.066667e-06,5.97e-05,53.41082583,76.87388875,116.85992
1.12e-05,0.0003889991,5.066667e-06,6.4e-05,54.18569396,72.87414378,121.315863
1.12e-05,0.0003889991,5.066667e-06,6.83e-05,54.66731906,69.00162674,124.7743496
1.12e-05,0.0003889991,5.066667e-06,7.25e-05,54.96884328,65.88242272,128.7658267
1.12e-05,0.0003889991,5.066667e-06,7.68e-05,55.15450959,63.3310452,132.7885534
1.12e-05,0.0003889991,5.066667e-06,8.11e-05,55.26063985,61.1027662,136.14450309999998
1.12e-05,0.0003889991,5.066667e-06,8.53e-05,55.30789276,59.15981609,138.9407226
1.12e-05,0.0003889991,5.066667e-06,8.96e-05,55.30791253,57.45821206,141.2611463
1.12e-05,0.0003889991,5.333333e-06,3.84e-05,36.39947016,97.60148024,66.87528694
1.12e-05,0.0003889991,5.333333e-06,4.27e-05,41.89140754,90.80717661,81.56058420000001
1.12e-05,0.0003889991,5.333333e-06,4.69e-05,46.90623189,86.50484199,95.83503978
1.12e-05,0.0003889991,5.333333e-06,5.12e-05,50.11662262,83.23141725,106.0494189
1.12e-05,0.0003889991,5.333333e-06,5.55e-05,52.10361212,79.86968138,113.5525595
1.12e-05,0.0003889991,5.333333e-06,5.97e-05,53.33128252,76.12829144,119.2474836
1.12e-05,0.0003889991,5.333333e-06,6.4e-05,54.08828892,72.15557775,123.6023129
1.12e-05,0.0003889991,5.333333e-06,6.83e-05,54.56134718,68.5792748,127.7528269
1.12e-05,0.0003889991,5.333333e-06,7.25e-05,54.85996935,65.73365143,132.4745749
1.12e-05,0.0003889991,5.333333e-06,7.68e-05,55.04615322,63.20122675,136.399093
1.12e-05,0.0003889991,5.333333e-06,8.11e-05,55.15498046,60.98623078,139.67435619999998
1.12e-05,0.0003889991,5.333333e-06,8.53e-05,55.20647141,59.05229862,142.4053035
1.12e-05,0.0003889991,5.333333e-06,8.96e-05,55.21198191,57.35678244,144.6738006
1.12e-05,4.48e-05,5.333333e-06,3.84e-05,19.17384111,85.4617296,12.89231825
1.12e-05,4.48e-05,5.333333e-06,4.27e-05,20.45067537,86.73811106,14.287911320000001
1.12e-05,4.48e-05,5.333333e-06,4.69e-05,21.64227284,87.9245669,15.466765720000001
1.12e-05,4.48e-05,5.333333e-06,5.12e-05,22.77052671,89.23373649,17.29009459
1.12e-05,4.48e-05,5.333333e-06,5.55e-05,23.84968759,90.4860551,19.32780693
1.12e-05,4.48e-05,5.333333e-06,5.97e-05,24.89812126,91.57731803,21.1522197
1.12e-05,4.48e-05,5.333333e-06,6.4e-05,25.91945868,92.553555,22.790682829999998
1.12e-05,4.48e-05,5.333333e-06,6.83e-05,26.93380747,93.34771939,24.66400021
1.12e-05,4.48e-05,5.333333e-06,7.25e-05,27.94272691,93.67188602,27.79275153
1.12e-05,4.48e-05,5.333333e-06,7.68e-05,28.95885661,93.76464879,30.67367372
1.12e-05,4.48e-05,5.333333e-06,8.11e-05,29.99260063,93.64972031,33.33933133
1.12e-05,4.48e-05,5.333333e-06,8.53e-05,31.0541777,93.34683582,35.81539835
1.12e-05,4.48e-05,5.333333e-06,8.96e-05,32.158415,92.17075301,39.92147541
1.12e-05,4.48e-05,2.4e-06,3.84e-05,18.92397846,86.46879067,12.81803543
1.12e-05,4.48e-05,2.4e-06,4.27e-05,20.20152828,87.71626081,14.24059663
1.12e-05,4.48e-05,2.4e-06,4.69e-05,21.39577913,88.8756161,15.44231856
1.12e-05,4.48e-05,2.4e-06,5.12e-05,22.52752483,90.15327269,17.28011549
1.12e-05,4.48e-05,2.4e-06,5.55e-05,23.61082145,91.38368429,19.35797491
1.12e-05,4.48e-05,2.4e-06,5.97e-05,24.66347308,92.45926668,21.21647773
1.12e-05,4.48e-05,2.4e-06,6.4e-05,25.68930535,93.42446186,22.88407621
1.12e-05,4.48e-05,2.4e-06,6.83e-05,26.71060382,94.17105502,24.94378478
1.12e-05,4.48e-05,2.4e-06,7.25e-05,27.72673756,94.44933082,28.13546796
1.12e-05,4.48e-05,2.4e-06,7.68e-05,28.75134888,94.49654212,31.073253670000003
1.12e-05,4.48e-05,2.4e-06,8.11e-05,29.79516996,94.3351245,33.790514030000004
1.12e-05,4.48e-05,2.4e-06,8.53e-05,30.8688014,93.98166138,36.31915756
1.12e-05,4.48e-05,2.4e-06,8.96e-05,31.98657731,92.49846665,40.99415833
1.12e-05,4.48e-05,2.666667e-06,3.84e-05,18.31406557,88.84203995,12.60810296
1.12e-05,4.48e-05,2.666667e-06,4.27e-05,19.59739224,90.01619909,14.10255497
1.12e-05,4.48e-05,2.666667e-06,4.69e-05,20.79664748,91.11840582,15.360670859999999
1.12e-05,4.48e-05,2.666667e-06,5.12e-05,21.93908808,92.31894171,17.21282588
1.12e-05,4.48e-05,2.666667e-06,5.55e-05,23.03368008,93.50306394,19.39365035
1.12e-05,4.48e-05,2.666667e-06,5.97e-05,24.09728172,94.54782534,21.338821600000003
1.12e-05,4.48e-05,2.666667e-06,6.4e-05,25.14028436,95.48374416,23.08666114
1.12e-05,4.48e-05,2.666667e-06,6.83e-05,26.17386534,96.12571547,25.56727576
1.12e-05,4.48e-05,2.666667e-06,7.25e-05,27.20840883,96.30360702,28.920490530000002
1.12e-05,4.48e-05,2.666667e-06,7.68e-05,28.2545272,96.24997013,32.00374214
1.12e-05,4.48e-05,2.666667e-06,8.11e-05,29.32390781,95.98374947,34.852727200000004
1.12e-05,4.48e-05,2.666667e-06,8.53e-05,30.42931261,95.03165419,38.69320209000001
1.12e-05,4.48e-05,2.666667e-06,8.96e-05,31.59049025,93.17973271,43.58277876
1.12e-05,4.48e-05,2.933333e-06,3.84e-05,17.84942096,90.57808258,12.424916529999999
1.12e-05,4.48e-05,2.933333e-06,4.27e-05,19.13675574,91.70317708,13.976097289999998
1.12e-05,4.48e-05,2.933333e-06,4.69e-05,20.34622163,92.75345811,15.28456581
1.12e-05,4.48e-05,2.933333e-06,5.12e-05,21.49343938,93.90642244,17.12637091
1.12e-05,4.48e-05,2.933333e-06,5.55e-05,22.59611475,95.06479873,19.388395489999997
1.12e-05,4.48e-05,2.933333e-06,5.97e-05,23.66890897,96.09229841,21.40368634
1.12e-05,4.48e-05,2.933333e-06,6.4e-05,24.72306042,97.01661117,23.21330959
1.12e-05,4.48e-05,2.933333e-06,6.83e-05,25.76960725,97.57891304,25.99794193
1.12e-05,4.48e-05,2.933333e-06,7.25e-05,26.81896357,97.69065576,29.4824541
1.12e-05,4.48e-05,2.933333e-06,7.68e-05,27.8821991,97.56949173,32.6833578
1.12e-05,4.48e-05,2.933333e-06,8.11e-05,28.97193583,97.23121187,35.63863325
1.12e-05,4.48e-05,2.933333e-06,8.53e-05,30.10243105,95.75978566,40.4729867
1.12e-05,4.48e-05,2.933333e-06,8.96e-05,31.29825695,93.61828784,45.541634030000004
1.12e-05,4.48e-05,3.2e-06,3.84e-05,17.26749906,92.67144355,12.169931199999999
1.12e-05,4.48e-05,3.2e-06,4.27e-05,18.56375101,93.73363401,13.798961279999999
1.12e-05,4.48e-05,3.2e-06,4.69e-05,19.7797299,94.73785669,15.16739149
1.12e-05,4.48e-05,3.2e-06,5.12e-05,20.93669968,95.82771005,16.97863437
1.12e-05,4.48e-05,3.2e-06,5.55e-05,22.05079951,96.96099054,19.34879502
1.12e-05,4.48e-05,3.2e-06,5.97e-05,23.13629721,97.97380757,21.45719339
1.12e-05,4.48e-05,3.2e-06,6.4e-05,24.20544587,98.89064592,23.348590989999998
1.12e-05,4.48e-05,3.2e-06,6.83e-05,25.26935014,99.36164244,26.49870509
1.12e-05,4.48e-05,3.2e-06,7.25e-05,26.33792239,99.40330806,30.15679875
1.12e-05,4.48e-05,3.2e-06,7.68e-05,27.42281039,99.20994573,33.51186731
1.12e-05,4.48e-05,3.2e-06,8.11e-05,28.55112321,98.62775178,36.957732619999994
1.12e-05,4.48e-05,3.2e-06,8.53e-05,29.71833705,96.55102944,42.74483529
1.12e-05,4.48e-05,3.2e-06,8.96e-05,30.94872442,94.06255957,48.02349325
1.12e-05,4.48e-05,3.466667e-06,3.84e-05,8.899377854,87.1762809,4.334982109
1.12e-05,4.48e-05,3.466667e-06,4.27e-05,9.988284703,84.9198935,4.879747654
1.12e-05,4.48e-05,3.466667e-06,4.69e-05,10.97270604,83.76573994,5.5041839050000005
1.12e-05,4.48e-05,3.466667e-06,5.12e-05,11.87294235,82.72929296,6.015044603
1.12e-05,4.48e-05,3.466667e-06,5.55e-05,12.70374892,81.77927984,6.442945971
1.12e-05,4.48e-05,3.466667e-06,5.97e-05,13.4761338,80.89888436,6.8078281469999995
1.12e-05,4.48e-05,3.466667e-06,6.4e-05,14.19969393,80.55687761,7.359730562
1.12e-05,4.48e-05,3.466667e-06,6.83e-05,14.88052765,80.4673714,7.953530967
1.12e-05,4.48e-05,3.466667e-06,7.25e-05,15.52460817,80.37477233,8.479192012
1.12e-05,4.48e-05,3.466667e-06,7.68e-05,16.13654748,80.27825386,8.948995622
1.12e-05,4.48e-05,3.466667e-06,8.11e-05,16.72020013,80.17795361,9.372234331
1.12e-05,4.48e-05,3.466667e-06,8.53e-05,17.27880875,80.07457195,9.756096792
1.12e-05,4.48e-05,3.466667e-06,8.96e-05,17.81512921,79.96907855,10.106259880000001
1.12e-05,4.48e-05,3.733333e-06,3.84e-05,8.20230653,92.01226238,4.1372336039999995
1.12e-05,4.48e-05,3.733333e-06,4.27e-05,9.291113534,88.93292114,4.562085927
1.12e-05,4.48e-05,3.733333e-06,4.69e-05,10.27623522,87.67142539,5.227628625
1.12e-05,4.48e-05,3.733333e-06,5.12e-05,11.17732601,86.55820994,5.778297205
1.12e-05,4.48e-05,3.733333e-06,5.55e-05,12.00912951,85.52763368,6.238733955
1.12e-05,4.48e-05,3.733333e-06,5.97e-05,12.7825983,84.56478783,6.6306639689999995
1.12e-05,4.48e-05,3.733333e-06,6.4e-05,13.50751962,83.77519848,7.027793743
1.12e-05,4.48e-05,3.733333e-06,6.83e-05,14.18969818,83.64184847,7.66062484
1.12e-05,4.48e-05,3.733333e-06,7.25e-05,14.83532927,83.50574976,8.220229124
1.12e-05,4.48e-05,3.733333e-06,7.68e-05,15.44894698,83.36650722,8.719773352
1.12e-05,4.48e-05,3.733333e-06,8.11e-05,16.03438801,83.22436851,9.169268248
1.12e-05,4.48e-05,3.733333e-06,8.53e-05,16.59489587,83.08001544,9.576472939999999
1.12e-05,4.48e-05,3.733333e-06,8.96e-05,17.13322803,82.93436519,9.947515444
1.12e-05,4.48e-05,4.8e-06,3.84e-05,7.266489136,98.25612787,3.839402958
1.12e-05,4.48e-05,4.8e-06,4.27e-05,8.356171351,94.99980363,4.317124645
1.12e-05,4.48e-05,4.8e-06,4.69e-05,9.342421933,92.61370523,4.818168273
1.12e-05,4.48e-05,4.8e-06,5.12e-05,10.24496001,91.42412872,5.425645759
1.12e-05,4.48e-05,4.8e-06,5.55e-05,11.07776131,90.31207893,5.932330494
1.12e-05,4.48e-05,4.8e-06,5.97e-05,11.85389194,89.25544466,6.36365417
1.12e-05,4.48e-05,4.8e-06,6.4e-05,12.58078441,88.25150989,6.735514977
1.12e-05,4.48e-05,4.8e-06,6.83e-05,13.26471725,87.64176284,7.218268223
1.12e-05,4.48e-05,4.8e-06,7.25e-05,13.91258884,87.45825811,7.826110005
1.12e-05,4.48e-05,4.8e-06,7.68e-05,14.52896959,87.27065824,8.368328565999999
1.12e-05,4.48e-05,4.8e-06,8.11e-05,15.11729258,87.08061966,8.855563996999999
1.12e-05,4.48e-05,4.8e-06,8.53e-05,15.68081149,86.88883893,9.296380163
1.12e-05,4.48e-05,4.8e-06,8.96e-05,16.22229388,86.69619983,9.697542512
1.12e-05,4.48e-05,4.266667e-06,3.84e-05,7.679801949,95.53289907,3.975613697
1.12e-05,4.48e-05,4.266667e-06,4.27e-05,8.768734365,92.34785924,4.429241621
1.12e-05,4.48e-05,4.266667e-06,4.69e-05,9.754756702,90.47040411,5.004380881
1.12e-05,4.48e-05,4.266667e-06,5.12e-05,10.65660924,89.31120683,5.586271002999999
1.12e-05,4.48e-05,4.266667e-06,5.55e-05,11.48930799,88.23036081,6.0723158470000005
1.12e-05,4.48e-05,4.266667e-06,5.97e-05,12.26379873,87.21436027,6.4856229270000005
1.12e-05,4.48e-05,4.266667e-06,6.4e-05,12.98980573,86.24909618,6.842589825
1.12e-05,4.48e-05,4.266667e-06,6.83e-05,13.67300835,85.90954489,7.420319567
1.12e-05,4.48e-05,4.266667e-06,7.25e-05,14.31991481,85.74546066,8.006512861
1.12e-05,4.48e-05,4.266667e-06,7.68e-05,14.93498162,85.57816903,8.529464282
1.12e-05,4.48e-05,4.266667e-06,8.11e-05,15.52194654,85.40830932,8.999655307
1.12e-05,4.48e-05,4.266667e-06,8.53e-05,16.08405685,85.23656971,9.425287132
1.12e-05,4.48e-05,4.266667e-06,8.96e-05,16.62407367,85.06384778,9.812837634
1.12e-05,4.48e-05,4.533333e-06,3.84e-05,7.033664506,99.76690825,3.759368202
1.12e-05,4.48e-05,4.533333e-06,4.27e-05,8.12363308,96.47739269,4.251051565999999
1.12e-05,4.48e-05,4.533333e-06,4.69e-05,9.11022004,93.79544613,4.7096204649999995
1.12e-05,4.48e-05,4.533333e-06,5.12e-05,10.01318222,92.59079034,5.331867544
1.12e-05,4.48e-05,4.533333e-06,5.55e-05,10.8467653,91.45989836,5.850883313
1.12e-05,4.48e-05,4.533333e-06,5.97e-05,11.62317655,90.38514689,6.292238020999999
1.12e-05,4.48e-05,4.533333e-06,6.4e-05,12.35058566,89.36099989,6.672717795
1.12e-05,4.48e-05,4.533333e-06,6.83e-05,13.03485887,88.59531956,7.100063110000001
1.12e-05,4.48e-05,4.533333e-06,7.25e-05,13.68315552,88.40211235,7.720242148
1.12e-05,4.48e-05,4.533333e-06,7.68e-05,14.30037675,88.20360173,8.273646479
1.12e-05,4.48e-05,4.533333e-06,8.11e-05,14.88955049,88.00271003,8.770772583000001
1.12e-05,4.48e-05,4.533333e-06,8.53e-05,15.45393755,87.80013243,9.220397582
1.12e-05,4.48e-05,4.533333e-06,8.96e-05,15.99631276,87.59673828,9.629456196
1.12e-05,4.48e-05,4e-06,3.84e-05,36.81957919,97.81939778,57.51214923
1.12e-05,4.48e-05,4e-06,4.27e-05,41.82420786,92.72816782,72.32798457999999
1.12e-05,4.48e-05,4e-06,4.69e-05,46.7441391,88.2969564,82.41226628
1.12e-05,4.48e-05,4e-06,5.12e-05,50.1643472,85.52335526,93.21057040000001
1.12e-05,4.48e-05,4e-06,5.55e-05,52.36918856,82.5963469,101.40559959999999
1.12e-05,4.48e-05,4e-06,5.97e-05,53.7548502,78.99361415,107.638184
1.12e-05,4.48e-05,4e-06,6.4e-05,54.60240575,74.86721946,112.5184679
1.12e-05,4.48e-05,4e-06,6.83e-05,55.11874582,70.77834747,116.3953401
1.12e-05,4.48e-05,4e-06,7.25e-05,55.4314903,67.12312394,119.482352
1.12e-05,4.48e-05,4e-06,7.68e-05,55.61411651,63.98889504,121.9397655
1.12e-05,4.48e-05,4e-06,8.11e-05,55.70806411,61.32089843,123.8994481
1.12e-05,4.48e-05,4e-06,8.53e-05,55.73658555,59.03626644,125.465567
1.12e-05,4.48e-05,4e-06,8.96e-05,55.71243469,57.2260022,127.557696
1.12e-05,4.48e-05,5.6e-06,3.84e-05,36.64358198,97.64979071,62.25333253
1.12e-05,4.48e-05,5.6e-06,4.27e-05,41.87233312,91.75372389,76.95098888
1.12e-05,4.48e-05,5.6e-06,4.69e-05,46.84797537,87.33870514,88.97534843999999
1.12e-05,4.48e-05,5.6e-06,5.12e-05,50.17651895,84.37527537,99.6901991
1.12e-05,4.48e-05,5.6e-06,5.55e-05,52.28129613,81.23646756,107.5075104
1.12e-05,4.48e-05,5.6e-06,5.97e-05,53.59216062,77.56472732,113.43922479999999
1.12e-05,4.48e-05,5.6e-06,6.4e-05,54.3961091,73.51197824,118.0252283
1.12e-05,4.48e-05,5.6e-06,6.83e-05,54.89112626,69.55465717,121.6148819
1.12e-05,4.48e-05,5.6e-06,7.25e-05,55.1964111,66.01857325,124.4475994
1.12e-05,4.48e-05,5.6e-06,7.68e-05,55.37999513,63.1358164,127.3967884
1.12e-05,4.48e-05,5.6e-06,8.11e-05,55.4802792,60.88927674,130.85461279999998
1.12e-05,4.48e-05,5.6e-06,8.53e-05,55.51896572,58.93524142,133.730325
1.12e-05,4.48e-05,5.6e-06,8.96e-05,55.5081358,57.227269,136.1108917
1.12e-05,4.48e-05,5.066667e-06,3.84e-05,36.52526847,97.38094687,65.87111107
1.12e-05,4.48e-05,5.066667e-06,4.27e-05,41.9307407,90.85355849,80.46228533
1.12e-05,4.48e-05,5.066667e-06,4.69e-05,46.93050963,86.53936825,94.18267236
1.12e-05,4.48e-05,5.066667e-06,5.12e-05,50.17775853,83.34344204,104.4996644
1.12e-05,4.48e-05,5.066667e-06,5.55e-05,52.20229144,80.03340669,112.05864740000001
1.12e-05,4.48e-05,5.066667e-06,5.97e-05,53.45585666,76.30237454,117.7879746
1.12e-05,4.48e-05,5.066667e-06,6.4e-05,54.22702729,72.3024473,122.1757135
1.12e-05,4.48e-05,5.066667e-06,6.83e-05,54.70622838,68.44559074,125.569001
1.12e-05,4.48e-05,5.066667e-06,7.25e-05,55.00610741,65.50860464,130.0952459
1.12e-05,4.48e-05,5.066667e-06,7.68e-05,55.19058184,62.96475726,134.06028659999998
1.12e-05,4.48e-05,5.066667e-06,8.11e-05,55.29577402,60.74381474,137.3667897
1.12e-05,4.48e-05,5.066667e-06,8.53e-05,55.34221931,58.80753826,140.1206401
1.12e-05,4.48e-05,5.066667e-06,8.96e-05,55.34148121,57.11192622,142.4047501
1.013333e-05,0.000132012,5.333333e-06,3.84e-05,18.52647948,86.557521,10.451345
1.013333e-05,0.000132012,5.333333e-06,4.27e-05,19.78830527,87.73679883,12.025842460000002
1.013333e-05,0.000132012,5.333333e-06,4.69e-05,20.96465596,88.83867545,13.36941883
1.013333e-05,0.000132012,5.333333e-06,5.12e-05,22.07569325,89.87143899,14.52020276
1.013333e-05,0.000132012,5.333333e-06,5.55e-05,23.13711912,90.85677131,15.52047475
1.013333e-05,0.000132012,5.333333e-06,5.97e-05,24.16171423,91.88474308,17.12210004
1.013333e-05,0.000132012,5.333333e-06,6.4e-05,25.1591522,92.85130685,18.942846210000003
1.013333e-05,0.000132012,5.333333e-06,6.83e-05,26.14270124,93.71248077,20.59550451
1.013333e-05,0.000132012,5.333333e-06,7.25e-05,27.117705,94.49214264,22.10159989
1.013333e-05,0.000132012,5.333333e-06,7.68e-05,28.0933111,95.20355088,23.483062850000003
1.013333e-05,0.000132012,5.333333e-06,8.11e-05,29.08185705,95.5519012,25.76805765
1.013333e-05,0.000132012,5.333333e-06,8.53e-05,30.08995903,95.55988545,28.50261014
1.013333e-05,0.000132012,5.333333e-06,8.96e-05,31.12838898,95.40487143,31.05419558
1.013333e-05,0.000132012,2.4e-06,3.84e-05,18.26758095,87.536287,10.39510825
1.013333e-05,0.000132012,2.4e-06,4.27e-05,19.53147718,88.63268566,11.935166859999999
1.013333e-05,0.000132012,2.4e-06,4.69e-05,20.71028263,89.70905287,13.306668460000001
1.013333e-05,0.000132012,2.4e-06,5.12e-05,21.8241973,90.7203482,14.48053649
1.013333e-05,0.000132012,2.4e-06,5.55e-05,22.88897672,91.68757853,15.50020951
1.013333e-05,0.000132012,2.4e-06,5.97e-05,23.91747027,92.69594937,17.11592
1.013333e-05,0.000132012,2.4e-06,6.4e-05,24.91787946,93.65001257,18.97130159
1.013333e-05,0.000132012,2.4e-06,6.83e-05,25.90813443,94.49740599,20.65852572
1.013333e-05,0.000132012,2.4e-06,7.25e-05,26.88783202,95.27006393,22.192206489999997
1.013333e-05,0.000132012,2.4e-06,7.68e-05,27.87352049,95.97037186,23.60275421
1.013333e-05,0.000132012,2.4e-06,8.11e-05,28.86954909,96.24645225,26.10260315
1.013333e-05,0.000132012,2.4e-06,8.53e-05,29.88107172,96.22421608,28.88429106
1.013333e-05,0.000132012,2.4e-06,8.96e-05,30.93813512,96.01548084,31.500703989999998
1.013333e-05,0.000132012,2.666667e-06,3.84e-05,17.63781603,89.84129223,10.24261384
1.013333e-05,0.000132012,2.666667e-06,4.27e-05,18.90723159,90.73008119,11.6834192
1.013333e-05,0.000132012,2.666667e-06,4.69e-05,20.09247314,91.74907296,13.12613111
1.013333e-05,0.000132012,2.666667e-06,5.12e-05,21.21385807,92.71195695,14.35897931
1.013333e-05,0.000132012,2.666667e-06,5.55e-05,22.28728862,93.63826752,15.4283246
1.013333e-05,0.000132012,2.666667e-06,5.97e-05,23.3258001,94.60208282,17.0532814
1.013333e-05,0.000132012,2.666667e-06,6.4e-05,24.34058551,95.52244668,19.00645302
1.013333e-05,0.000132012,2.666667e-06,6.83e-05,25.33942728,96.35477182,20.77074816
1.013333e-05,0.000132012,2.666667e-06,7.25e-05,26.33873379,97.1054294,22.38365067
1.013333e-05,0.000132012,2.666667e-06,7.68e-05,27.34099665,97.79634134,23.85949309
1.013333e-05,0.000132012,2.666667e-06,8.11e-05,28.35674631,97.90305686,26.85358633
1.013333e-05,0.000132012,2.666667e-06,8.53e-05,29.40188309,97.77509316,29.79968979
1.013333e-05,0.000132012,2.666667e-06,8.96e-05,30.48403626,97.47727683,32.54480297
1.013333e-05,0.000132012,2.933333e-06,3.84e-05,17.1564641,91.53478611,10.11165548
1.013333e-05,0.000132012,2.933333e-06,4.27e-05,18.43015718,92.25975338,11.462223980000001
1.013333e-05,0.000132012,2.933333e-06,4.69e-05,19.62088892,93.23868002,12.96278035
1.013333e-05,0.000132012,2.933333e-06,5.12e-05,20.7485192,94.16773766,14.243594419999999
1.013333e-05,0.000132012,2.933333e-06,5.55e-05,21.82909658,95.06544062,15.35340257
1.013333e-05,0.000132012,2.933333e-06,5.97e-05,22.87582191,95.99809887,16.96342134
1.013333e-05,0.000132012,2.933333e-06,6.4e-05,23.90008721,96.90179916,18.99315571
1.013333e-05,0.000132012,2.933333e-06,6.83e-05,24.91223217,97.71932887,20.82837446
1.013333e-05,0.000132012,2.933333e-06,7.25e-05,25.92111916,98.46683053,22.498145620000003
1.013333e-05,0.000132012,2.933333e-06,7.68e-05,26.93947324,99.13586921,24.08606768
1.013333e-05,0.000132012,2.933333e-06,8.11e-05,27.97426305,99.1366021,27.39221365
1.013333e-05,0.000132012,2.933333e-06,8.53e-05,29.03923527,98.94255995,30.455461309999997
1.013333e-05,0.000132012,2.933333e-06,8.96e-05,30.13994196,98.58543896,33.302966149999996
1.013333e-05,0.000132012,3.2e-06,3.84e-05,16.55232153,93.58454726,9.931041687
1.013333e-05,0.000132012,3.2e-06,4.27e-05,17.83281438,94.09539844,11.154287929999999
1.013333e-05,0.000132012,3.2e-06,4.69e-05,19.0283789,95.03277403,12.7284657
1.013333e-05,0.000132012,3.2e-06,5.12e-05,20.16484892,95.92227618,14.07360235
1.013333e-05,0.000132012,3.2e-06,5.55e-05,21.25528509,96.78672026,15.237615199999999
1.013333e-05,0.000132012,3.2e-06,5.97e-05,22.31316725,97.6831599,16.80553247
1.013333e-05,0.000132012,3.2e-06,6.4e-05,23.35018931,98.57249907,18.93745544
1.013333e-05,0.000132012,3.2e-06,6.83e-05,24.37702085,99.38182897,20.8633977
1.013333e-05,0.000132012,3.2e-06,7.25e-05,25.40398426,100.1246596,22.61559345
1.013333e-05,0.000132012,3.2e-06,7.68e-05,26.44069717,100.7195913,24.53163253
1.013333e-05,0.000132012,3.2e-06,8.11e-05,27.49544596,100.6562452,28.00692269
1.013333e-05,0.000132012,3.2e-06,8.53e-05,28.59207586,100.3874695,31.24757308
1.013333e-05,0.000132012,3.2e-06,8.96e-05,29.73131371,99.94021067,34.25393135
1.013333e-05,0.000132012,3.466667e-06,3.84e-05,8.250042393,92.59503341,3.624840611
1.013333e-05,0.000132012,3.466667e-06,4.27e-05,9.336379922,90.08783623,4.084138555
1.013333e-05,0.000132012,3.466667e-06,4.69e-05,10.31842717,87.82140016,4.44938405
1.013333e-05,0.000132012,3.466667e-06,5.12e-05,11.2155658,86.48761977,4.934898826
1.013333e-05,0.000132012,3.466667e-06,5.55e-05,12.04397949,85.69750446,5.447224312
1.013333e-05,0.000132012,3.466667e-06,5.97e-05,12.81383365,84.96227464,5.881877802
1.013333e-05,0.000132012,3.466667e-06,6.4e-05,13.53402442,84.2716501,6.256371346
1.013333e-05,0.000132012,3.466667e-06,6.83e-05,14.21160669,83.61905676,6.583072818
1.013333e-05,0.000132012,3.466667e-06,7.25e-05,14.85264644,83.0048937,6.871838068
1.013333e-05,0.000132012,3.466667e-06,7.68e-05,15.46147702,82.86149828,7.373669400000001
1.013333e-05,0.000132012,3.466667e-06,8.11e-05,16.04046136,82.80588322,7.870300063
1.013333e-05,0.000132012,3.466667e-06,8.53e-05,16.59525226,82.7495268,8.321247767
1.013333e-05,0.000132012,3.466667e-06,8.96e-05,17.1273482,82.68959411,8.731257459
1.013333e-05,0.000132012,3.733333e-06,3.84e-05,7.53383254,96.92327943,3.379392968
1.013333e-05,0.000132012,3.733333e-06,4.27e-05,8.620459173,94.34028013,3.879078185
1.013333e-05,0.000132012,3.733333e-06,4.69e-05,9.603017773,91.97794294,4.275924773
1.013333e-05,0.000132012,3.733333e-06,5.12e-05,10.5013867,89.91923824,4.629596564
1.013333e-05,0.000132012,3.733333e-06,5.55e-05,11.32942513,89.09039659,5.1790265060000005
1.013333e-05,0.000132012,3.733333e-06,5.97e-05,12.1007357,88.30566283,5.645688207
1.013333e-05,0.000132012,3.733333e-06,6.4e-05,12.82223131,87.56374747,6.047156892
1.013333e-05,0.000132012,3.733333e-06,6.83e-05,13.50110838,86.85833349,6.396944911
1.013333e-05,0.000132012,3.733333e-06,7.25e-05,14.14312052,86.18538216,6.704885819
1.013333e-05,0.000132012,3.733333e-06,7.68e-05,14.75356508,85.6732591,7.050018575
1.013333e-05,0.000132012,3.733333e-06,8.11e-05,15.33420505,85.59437821,7.579666948
1.013333e-05,0.000132012,3.733333e-06,8.53e-05,15.8905243,85.50290275,8.057646811
1.013333e-05,0.000132012,3.733333e-06,8.96e-05,16.42484702,85.41217745,8.493345092
1.013333e-05,0.000132012,4.8e-06,3.84e-05,6.569219833,102.4935683,3.0140939440000003
1.013333e-05,0.000132012,4.8e-06,4.27e-05,7.656766375,99.81343324,3.568520501
1.013333e-05,0.000132012,4.8e-06,4.69e-05,8.64038776,97.36616233,4.01176478
1.013333e-05,0.000132012,4.8e-06,5.12e-05,9.54000607,95.08019613,4.372891968999999
1.013333e-05,0.000132012,4.8e-06,5.55e-05,10.3703703,93.38467687,4.777002927
1.013333e-05,0.000132012,4.8e-06,5.97e-05,11.14271232,92.55435905,5.289171651999999
1.013333e-05,0.000132012,4.8e-06,6.4e-05,11.86492303,91.7634731,5.729026224999999
1.013333e-05,0.000132012,4.8e-06,6.83e-05,12.54632491,90.999155,6.112756343999999
1.013333e-05,0.000132012,4.8e-06,7.25e-05,13.19062657,90.26553624,6.4500048660000004
1.013333e-05,0.000132012,4.8e-06,7.68e-05,13.80274592,89.55965037,6.749106562
1.013333e-05,0.000132012,4.8e-06,8.11e-05,14.38597037,89.09647176,7.130202827
1.013333e-05,0.000132012,4.8e-06,8.53e-05,14.94594249,88.97446503,7.651179313
1.013333e-05,0.000132012,4.8e-06,8.96e-05,15.48214208,88.84901346,8.122161313
1.013333e-05,0.000132012,4.266667e-06,3.84e-05,6.995844707,100.0466643,3.178858372
1.013333e-05,0.000132012,4.266667e-06,4.27e-05,8.082862911,97.42779169,3.710814092
1.013333e-05,0.000132012,4.266667e-06,4.69e-05,9.065944521,95.01236655,4.1329655789999995
1.013333e-05,0.000132012,4.266667e-06,5.12e-05,9.964960436,92.76854374,4.477082148
1.013333e-05,0.000132012,4.266667e-06,5.55e-05,10.79464483,91.51984076,4.9609111299999995
1.013333e-05,0.000132012,4.266667e-06,5.97e-05,11.56523182,90.71234461,5.451682697
1.013333e-05,0.000132012,4.266667e-06,6.4e-05,12.28816394,89.93722482,5.874826103
1.013333e-05,0.000132012,4.266667e-06,6.83e-05,12.96826799,89.19763823,6.243088201999999
1.013333e-05,0.000132012,4.266667e-06,7.25e-05,13.61146469,88.48936108,6.567017693
1.013333e-05,0.000132012,4.266667e-06,7.68e-05,14.22250981,87.80975092,6.854475448
1.013333e-05,0.000132012,4.266667e-06,8.11e-05,14.80600492,87.57713372,7.337631688
1.013333e-05,0.000132012,4.266667e-06,8.53e-05,15.36305506,87.46911785,7.8375574079999994
1.013333e-05,0.000132012,4.266667e-06,8.96e-05,15.89856443,87.35988913,8.293177651999999
1.013333e-05,0.000132012,4.533333e-06,3.84e-05,6.328880883,104.241118,2.957210877
1.013333e-05,0.000132012,4.533333e-06,4.27e-05,7.416354645,101.1364657,3.48470387
1.013333e-05,0.000132012,4.533333e-06,4.69e-05,8.400367043,98.67468936,3.940287216
1.013333e-05,0.000132012,4.533333e-06,5.12e-05,9.300374853,96.3682506,4.31136111
1.013333e-05,0.000132012,4.533333e-06,5.55e-05,10.13115694,94.413575,4.6692324560000005
1.013333e-05,0.000132012,4.533333e-06,5.97e-05,10.90395651,93.5737538,5.193454872
1.013333e-05,0.000132012,4.533333e-06,6.4e-05,11.62753251,92.76883025,5.64408957
1.013333e-05,0.000132012,4.533333e-06,6.83e-05,12.30838995,91.99636921,6.036027954
1.013333e-05,0.000132012,4.533333e-06,7.25e-05,12.95343042,91.24921253,6.381076426
1.013333e-05,0.000132012,4.533333e-06,7.68e-05,13.56621331,90.52938193,6.68697292
1.013333e-05,0.000132012,4.533333e-06,8.11e-05,14.15077187,89.92499715,7.008726711
1.013333e-05,0.000132012,4.533333e-06,8.53e-05,14.71097386,89.80051428,7.540808468000001
1.013333e-05,0.000132012,4.533333e-06,8.96e-05,15.24784906,89.66821946,8.021441176
1.013333e-05,0.000132012,4e-06,3.84e-05,35.39359922,102.2937656,43.86558247999999
1.013333e-05,0.000132012,4e-06,4.27e-05,39.949797,99.50954162,54.152396960000004
1.013333e-05,0.000132012,4e-06,4.69e-05,44.96775065,95.96089406,66.22224111
1.013333e-05,0.000132012,4e-06,5.12e-05,48.81971182,93.1294716,74.72451294
1.013333e-05,0.000132012,4e-06,5.55e-05,51.36002021,90.32111033,81.0330295
1.013333e-05,0.000132012,4e-06,5.97e-05,53.00177184,87.27568822,87.58194356
1.013333e-05,0.000132012,4e-06,6.4e-05,54.03136367,83.55686688,93.88747465
1.013333e-05,0.000132012,4e-06,6.83e-05,54.6696233,79.37189398,99.13629934000001
1.013333e-05,0.000132012,4e-06,7.25e-05,55.06474758,75.36236299,103.4971507
1.013333e-05,0.000132012,4e-06,7.68e-05,55.30593784,71.83867173,107.0662361
1.013333e-05,0.000132012,4e-06,8.11e-05,55.444847,68.83248429,109.9615523
1.013333e-05,0.000132012,4e-06,8.53e-05,55.51113578,66.27509747,112.3056178
1.013333e-05,0.000132012,4e-06,8.96e-05,55.5217326,64.0839162,114.20445529999999
1.013333e-05,0.000132012,5.6e-06,3.84e-05,35.12754696,102.9366963,46.38998279
1.013333e-05,0.000132012,5.6e-06,4.27e-05,39.88705067,99.36037899,58.31225056
1.013333e-05,0.000132012,5.6e-06,4.69e-05,45.03061253,95.21707214,70.77238489
1.013333e-05,0.000132012,5.6e-06,5.12e-05,48.83808537,92.08881967,79.08368995999999
1.013333e-05,0.000132012,5.6e-06,5.55e-05,51.28639803,89.36057992,86.40412261
1.013333e-05,0.000132012,5.6e-06,5.97e-05,52.84700857,86.48815623,93.83359029
1.013333e-05,0.000132012,5.6e-06,6.4e-05,53.82767011,82.79540307,99.79001869
1.013333e-05,0.000132012,5.6e-06,6.83e-05,54.43856617,78.72005907,104.70907940000001
1.013333e-05,0.000132012,5.6e-06,7.25e-05,54.82205813,74.8236013,108.7669722
1.013333e-05,0.000132012,5.6e-06,7.68e-05,55.06134082,71.38454875,112.0818266
1.013333e-05,0.000132012,5.6e-06,8.11e-05,55.20444082,68.43362687,114.7736089
1.013333e-05,0.000132012,5.6e-06,8.53e-05,55.27904716,65.90919008,116.9574874
1.013333e-05,0.000132012,5.6e-06,8.96e-05,55.30111813,63.73546994,118.73079890000001
1.013333e-05,0.000132012,5.066667e-06,3.84e-05,34.93380599,103.3841476,48.33873119
1.013333e-05,0.000132012,5.066667e-06,4.27e-05,39.85531166,99.05503699,61.90555371
1.013333e-05,0.000132012,5.066667e-06,4.69e-05,45.09142725,94.52218271,74.20946392
1.013333e-05,0.000132012,5.066667e-06,5.12e-05,48.84489282,91.17578022,82.38626259
1.013333e-05,0.000132012,5.066667e-06,5.55e-05,51.21798017,88.69992889,91.28519293000001
1.013333e-05,0.000132012,5.066667e-06,5.97e-05,52.71912321,85.7416842,98.46714132
1.013333e-05,0.000132012,5.066667e-06,6.4e-05,53.65965978,82.07142861,104.2048631
1.013333e-05,0.000132012,5.066667e-06,6.83e-05,54.25023242,78.07768086,108.89859179999999
1.013333e-05,0.000132012,5.066667e-06,7.25e-05,54.62524183,74.26910679,112.74602970000001
1.013333e-05,0.000132012,5.066667e-06,7.68e-05,54.86331094,70.89772862,115.8816924
1.013333e-05,0.000132012,5.066667e-06,8.11e-05,55.00974735,67.99213334,118.4284436
1.013333e-05,0.000132012,5.066667e-06,8.53e-05,55.09076317,65.49553381,120.49724979999999
1.013333e-05,0.000132012,5.066667e-06,8.96e-05,55.12158277,63.33727271,122.1798069
1.013333e-05,0.0003889991,5.333333e-06,3.84e-05,18.63988009,86.330876,10.76142718
1.013333e-05,0.0003889991,5.333333e-06,4.27e-05,19.90238208,87.5447797,12.331130810000001
1.013333e-05,0.0003889991,5.333333e-06,4.69e-05,21.0794956,88.66215061,13.65128869
1.013333e-05,0.0003889991,5.333333e-06,5.12e-05,22.1913931,89.71056385,14.78269516
1.013333e-05,0.0003889991,5.333333e-06,5.55e-05,23.25379088,90.71205563,15.76654977
1.013333e-05,0.0003889991,5.333333e-06,5.97e-05,24.27948808,91.79105187,17.65754295
1.013333e-05,0.0003889991,5.333333e-06,6.4e-05,25.2781867,92.76255313,19.45254766
1.013333e-05,0.0003889991,5.333333e-06,6.83e-05,26.26317068,93.62860466,21.08210883
1.013333e-05,0.0003889991,5.333333e-06,7.25e-05,27.23984108,94.41324141,22.56739417
1.013333e-05,0.0003889991,5.333333e-06,7.68e-05,28.21733285,95.12985645,23.92986768
1.013333e-05,0.0003889991,5.333333e-06,8.11e-05,29.20816968,95.30477416,26.75804292
1.013333e-05,0.0003889991,5.333333e-06,8.53e-05,30.21894582,95.28240976,29.45615707
1.013333e-05,0.0003889991,5.333333e-06,8.96e-05,31.26054903,95.09555891,31.97364885
1.013333e-05,0.0003889991,2.4e-06,3.84e-05,18.38196494,87.26817951,10.642901980000001
1.013333e-05,0.0003889991,2.4e-06,4.27e-05,19.64655236,88.45139657,12.24624213
1.013333e-05,0.0003889991,2.4e-06,4.69e-05,20.82613834,89.54310096,13.59363312
1.013333e-05,0.0003889991,2.4e-06,5.12e-05,21.94093415,90.56995971,14.7475265
1.013333e-05,0.0003889991,2.4e-06,5.55e-05,23.00671039,91.5533237,15.750260019999999
1.013333e-05,0.0003889991,2.4e-06,5.97e-05,24.0363358,92.61151003,17.660506
1.013333e-05,0.0003889991,2.4e-06,6.4e-05,25.03804619,93.5708903,19.489255850000003
1.013333e-05,0.0003889991,2.4e-06,6.83e-05,26.02977638,94.42347796,21.15244852
1.013333e-05,0.0003889991,2.4e-06,7.25e-05,27.0112214,95.20144941,22.66458366
1.013333e-05,0.0003889991,2.4e-06,7.68e-05,27.99886199,95.88403037,24.14302302
1.013333e-05,0.0003889991,2.4e-06,8.11e-05,28.99723522,96.00038027,27.10704914
1.013333e-05,0.0003889991,2.4e-06,8.53e-05,30.01145368,95.94748651,29.85096851
1.013333e-05,0.0003889991,2.4e-06,8.96e-05,31.07189124,95.70588855,32.43149794
1.013333e-05,0.0003889991,2.666667e-06,3.84e-05,17.75467382,89.52471264,10.40355318
1.013333e-05,0.0003889991,2.666667e-06,4.27e-05,19.02482148,90.57491129,12.00950808
1.013333e-05,0.0003889991,2.666667e-06,4.69e-05,20.21089166,91.60885966,13.42630855
1.013333e-05,0.0003889991,2.666667e-06,5.12e-05,21.3332145,92.58708457,14.63763126
1.013333e-05,0.0003889991,2.666667e-06,5.55e-05,22.40770919,93.52944423,15.68868306
1.013333e-05,0.0003889991,2.666667e-06,5.97e-05,23.44743286,94.54114419,17.62150192
1.013333e-05,0.0003889991,2.666667e-06,6.4e-05,24.46360629,95.46763661,19.54543752
1.013333e-05,0.0003889991,2.666667e-06,6.83e-05,25.46406136,96.30610459,21.28362398
1.013333e-05,0.0003889991,2.666667e-06,7.25e-05,26.46521047,97.06290225,22.87269767
1.013333e-05,0.0003889991,2.666667e-06,7.68e-05,27.46965219,97.63288166,24.77575349
1.013333e-05,0.0003889991,2.666667e-06,8.11e-05,28.48787794,97.66200737,27.8953915
1.013333e-05,0.0003889991,2.666667e-06,8.53e-05,29.53610728,97.50142059,30.799261100000003
1.013333e-05,0.0003889991,2.666667e-06,8.96e-05,30.62191483,97.16904392,33.504691539999996
1.013333e-05,0.0003889991,2.933333e-06,3.84e-05,17.27528828,91.23764807,10.27888119
1.013333e-05,0.0003889991,2.933333e-06,4.27e-05,18.5497592,92.12449254,11.80072415
1.013333e-05,0.0003889991,2.933333e-06,4.69e-05,19.74136161,93.11808479,13.27387102
1.013333e-05,0.0003889991,2.933333e-06,5.12e-05,20.86997924,94.06230278,14.53187338
1.013333e-05,0.0003889991,2.933333e-06,5.55e-05,21.95167919,94.9759728,15.62226735
1.013333e-05,0.0003889991,2.933333e-06,5.97e-05,22.99968627,95.95595035,17.55107023
1.013333e-05,0.0003889991,2.933333e-06,6.4e-05,24.02542297,96.86646279,19.549495699999998
1.013333e-05,0.0003889991,2.933333e-06,6.83e-05,25.03926807,97.69077929,21.35661081
1.013333e-05,0.0003889991,2.933333e-06,7.25e-05,26.05014376,98.44514315,23.00094889
1.013333e-05,0.0003889991,2.933333e-06,7.68e-05,27.07080709,98.93190252,25.20744331
1.013333e-05,0.0003889991,2.933333e-06,8.11e-05,28.10809052,98.90155173,28.46405806
1.013333e-05,0.0003889991,2.933333e-06,8.53e-05,29.17658168,98.67333967,31.48203767
1.013333e-05,0.0003889991,2.933333e-06,8.96e-05,30.28113627,98.28039327,34.286685119999994
1.013333e-05,0.0003889991,3.2e-06,3.84e-05,16.67374926,93.31147433,10.106781119999999
1.013333e-05,0.0003889991,3.2e-06,4.27e-05,17.95507694,93.98491348,11.5095253
1.013333e-05,0.0003889991,3.2e-06,4.69e-05,19.15156588,94.9366919,13.054328369999999
1.013333e-05,0.0003889991,3.2e-06,5.12e-05,20.28909374,95.84111023,14.37489534
1.013333e-05,0.0003889991,3.2e-06,5.55e-05,21.38073552,96.72139905,15.517968060000001
1.013333e-05,0.0003889991,3.2e-06,5.97e-05,22.43999796,97.66548603,17.419317550000002
1.013333e-05,0.0003889991,3.2e-06,6.4e-05,23.47860932,98.56253613,19.51710318
1.013333e-05,0.0003889991,3.2e-06,6.83e-05,24.50728289,99.3795537,21.412360969999998
1.013333e-05,0.0003889991,3.2e-06,7.25e-05,25.53639807,100.1301356,23.136705980000002
1.013333e-05,0.0003889991,3.2e-06,7.68e-05,26.57565271,100.526544,25.69911992
1.013333e-05,0.0003889991,3.2e-06,8.11e-05,27.63351344,100.4303845,29.1207691
1.013333e-05,0.0003889991,3.2e-06,8.53e-05,28.7336149,100.1261896,32.3101105
1.013333e-05,0.0003889991,3.2e-06,8.96e-05,29.87719613,99.64058151,35.2687453
1.013333e-05,0.0003889991,3.466667e-06,3.84e-05,8.36551195,91.83463492,3.722461837
1.013333e-05,0.0003889991,3.466667e-06,4.27e-05,9.451955648,89.28626161,4.171164313999999
1.013333e-05,0.0003889991,3.466667e-06,4.69e-05,10.43412231,86.98775516,4.528194704
1.013333e-05,0.0003889991,3.466667e-06,5.12e-05,11.33139045,85.94464571,5.082804704
1.013333e-05,0.0003889991,3.466667e-06,5.55e-05,12.15994502,85.14001487,5.58305606
1.013333e-05,0.0003889991,3.466667e-06,5.97e-05,12.92994876,84.39182111,6.007737185
1.013333e-05,0.0003889991,3.466667e-06,6.4e-05,13.65029708,83.68948812,6.373830749
1.013333e-05,0.0003889991,3.466667e-06,6.83e-05,14.3280447,83.02625292,6.693341436
1.013333e-05,0.0003889991,3.466667e-06,7.25e-05,14.9692608,82.52460468,7.0430974189999995
1.013333e-05,0.0003889991,3.466667e-06,7.68e-05,15.57826767,82.47440733,7.587185593999999
1.013333e-05,0.0003889991,3.466667e-06,8.11e-05,16.15744056,82.41560764,8.073237979
1.013333e-05,0.0003889991,3.466667e-06,8.53e-05,16.71242757,82.35620235,8.514746482000001
1.013333e-05,0.0003889991,3.466667e-06,8.96e-05,17.24472584,82.29341092,8.916322245
1.013333e-05,0.0003889991,3.733333e-06,3.84e-05,7.65194272,96.2268647,3.4838014
1.013333e-05,0.0003889991,3.733333e-06,4.27e-05,8.738681349,93.59188714,3.972208706
1.013333e-05,0.0003889991,3.733333e-06,4.69e-05,9.721365743,91.18737021,4.360291082000001
1.013333e-05,0.0003889991,3.733333e-06,5.12e-05,10.61987214,89.42524082,4.786976748
1.013333e-05,0.0003889991,3.733333e-06,5.55e-05,11.44805661,88.57826204,5.323561315999999
1.013333e-05,0.0003889991,3.733333e-06,5.97e-05,12.21952525,87.77696549,5.779572281
1.013333e-05,0.0003889991,3.733333e-06,6.4e-05,12.94118726,87.01995294,6.1720578
1.013333e-05,0.0003889991,3.733333e-06,6.83e-05,13.62023877,86.30069481,6.514146043999999
1.013333e-05,0.0003889991,3.733333e-06,7.25e-05,14.26243341,85.61500654,6.81539845
1.013333e-05,0.0003889991,3.733333e-06,7.68e-05,14.87307103,85.32103573,7.276223455
1.013333e-05,0.0003889991,3.733333e-06,8.11e-05,15.45389914,85.23791789,7.7944753449999995
1.013333e-05,0.0003889991,3.733333e-06,8.53e-05,16.01043129,85.14230977,8.262379083999999
1.013333e-05,0.0003889991,3.733333e-06,8.96e-05,16.54497112,85.04766758,8.689011902
1.013333e-05,0.0003889991,4.8e-06,3.84e-05,6.691070373,101.8412132,3.1242799199999998
1.013333e-05,0.0003889991,4.8e-06,4.27e-05,7.778738705,99.14051541,3.6708261209999997
1.013333e-05,0.0003889991,4.8e-06,4.69e-05,8.762496613,96.63903263,4.104478311
1.013333e-05,0.0003889991,4.8e-06,5.12e-05,9.662263914,94.30717266,4.4578843169999995
1.013333e-05,0.0003889991,4.8e-06,5.55e-05,10.49278821,92.93248338,4.934610963000001
1.013333e-05,0.0003889991,4.8e-06,5.97e-05,11.26530046,92.08152698,5.435125309
1.013333e-05,0.0003889991,4.8e-06,6.4e-05,11.98768907,91.27162443,5.8651352800000005
1.013333e-05,0.0003889991,4.8e-06,6.83e-05,12.6692812,90.48951226,6.240393834
1.013333e-05,0.0003889991,4.8e-06,7.25e-05,13.31378139,89.7393651,6.5702765329999995
1.013333e-05,0.0003889991,4.8e-06,7.68e-05,13.92610793,89.01808818,6.862900511
1.013333e-05,0.0003889991,4.8e-06,8.11e-05,14.50955776,88.78450268,7.362961417999999
1.013333e-05,0.0003889991,4.8e-06,8.53e-05,15.06974191,88.65708136,7.872747179999999
1.013333e-05,0.0003889991,4.8e-06,8.96e-05,15.60617818,88.52649948,8.333771497999999
1.013333e-05,0.0003889991,4.266667e-06,3.84e-05,7.116012232,99.39902831,3.288802255
1.013333e-05,0.0003889991,4.266667e-06,4.27e-05,8.20314761,96.7210777,3.808921457
1.013333e-05,0.0003889991,4.266667e-06,4.69e-05,9.186360674,94.25652437,4.221860089
1.013333e-05,0.0003889991,4.266667e-06,5.12e-05,10.08552015,91.97177104,4.558567389
1.013333e-05,0.0003889991,4.266667e-06,5.55e-05,10.91535882,91.04128099,5.1125318459999995
1.013333e-05,0.0003889991,4.266667e-06,5.97e-05,11.68610786,90.21497903,5.592124654
1.013333e-05,0.0003889991,4.266667e-06,6.4e-05,12.40921444,89.42240494,6.005804073
1.013333e-05,0.0003889991,4.266667e-06,6.83e-05,13.08950117,88.66672651,6.365949513
1.013333e-05,0.0003889991,4.266667e-06,7.25e-05,13.73288879,87.94355789,6.682823591
1.013333e-05,0.0003889991,4.266667e-06,7.68e-05,14.34413327,87.34891853,7.01706279
1.013333e-05,0.0003889991,4.266667e-06,8.11e-05,14.92783651,87.24558983,7.562154424
1.013333e-05,0.0003889991,4.266667e-06,8.53e-05,15.48510299,87.13276835,8.051447577
1.013333e-05,0.0003889991,4.266667e-06,8.96e-05,16.02083793,87.01892614,8.497495516
1.013333e-05,0.0003889991,4.533333e-06,3.84e-05,6.451701565,103.1901832,3.0277616409999997
1.013333e-05,0.0003889991,4.533333e-06,4.27e-05,7.539302386,100.4828254,3.589481642
1.013333e-05,0.0003889991,4.533333e-06,4.69e-05,8.523454442,97.96413437,4.035249029
1.013333e-05,0.0003889991,4.533333e-06,5.12e-05,9.42361456,95.60911318,4.398417953
1.013333e-05,0.0003889991,4.533333e-06,5.55e-05,10.25456024,93.97610452,4.830363545
1.013333e-05,0.0003889991,4.533333e-06,5.97e-05,11.02753379,93.11472099,5.342659075
1.013333e-05,0.0003889991,4.533333e-06,6.4e-05,11.75129355,92.28978657,5.7832033449999996
1.013333e-05,0.0003889991,4.533333e-06,6.83e-05,12.43234305,91.49872769,6.166477338000001
1.013333e-05,0.0003889991,4.533333e-06,7.25e-05,13.07758678,90.73414166,6.503976319
1.013333e-05,0.0003889991,4.533333e-06,7.68e-05,13.69058167,89.99804643,6.803232749
1.013333e-05,0.0003889991,4.533333e-06,8.11e-05,14.27536131,89.62389753,7.246313415
1.013333e-05,0.0003889991,4.533333e-06,8.53e-05,14.83579364,89.49369121,7.76691557
1.013333e-05,0.0003889991,4.533333e-06,8.96e-05,15.37290868,89.35598251,8.237335049
1.013333e-05,0.0003889991,4e-06,3.84e-05,35.54228916,101.8358856,45.512709310000005
1.013333e-05,0.0003889991,4e-06,4.27e-05,40.12233387,98.84964176,56.0670338
1.013333e-05,0.0003889991,4e-06,4.69e-05,45.14133145,95.08297931,68.42592006999999
1.013333e-05,0.0003889991,4e-06,5.12e-05,48.97099337,92.13383664,76.76579022
1.013333e-05,0.0003889991,4e-06,5.55e-05,51.4933611,89.22857686,82.96545723999999
1.013333e-05,0.0003889991,4e-06,5.97e-05,53.12109267,86.33633777,90.42852939
1.013333e-05,0.0003889991,4e-06,6.4e-05,54.1405764,82.57761384,96.55579116
1.013333e-05,0.0003889991,4e-06,6.83e-05,54.77197607,78.39969254,101.6243148
1.013333e-05,0.0003889991,4e-06,7.25e-05,55.16246784,74.42190526,105.81327309999999
1.013333e-05,0.0003889991,4e-06,7.68e-05,55.40040118,70.93347404,109.2302769
1.013333e-05,0.0003889991,4e-06,8.11e-05,55.53685714,67.95744924,111.99671140000001
1.013333e-05,0.0003889991,4e-06,8.53e-05,55.60113569,65.42367577,114.233331
1.013333e-05,0.0003889991,4e-06,8.96e-05,55.60993252,63.25050024,116.0427847
1.013333e-05,0.0003889991,5.6e-06,3.84e-05,35.28190826,102.4425544,48.063673109999996
1.013333e-05,0.0003889991,5.6e-06,4.27e-05,40.06680234,98.53195606,60.800777939999996
1.013333e-05,0.0003889991,5.6e-06,4.69e-05,45.20871959,94.25668444,72.95692044
1.013333e-05,0.0003889991,5.6e-06,5.12e-05,48.99061833,91.00811112,81.11172947
1.013333e-05,0.0003889991,5.6e-06,5.55e-05,51.42031311,88.42005529,89.37503441
1.013333e-05,0.0003889991,5.6e-06,5.97e-05,52.96744847,85.46196213,96.62645681000001
1.013333e-05,0.0003889991,5.6e-06,6.4e-05,53.93796959,81.73065856,102.4131318
1.013333e-05,0.0003889991,5.6e-06,6.83e-05,54.54232266,77.66349958,107.1590715
1.013333e-05,0.0003889991,5.6e-06,7.25e-05,54.92140789,73.80014984,111.0516071
1.013333e-05,0.0003889991,5.6e-06,7.68e-05,55.15758883,70.39780632,114.219551
1.013333e-05,0.0003889991,5.6e-06,8.11e-05,55.29834969,67.47840784,116.7862097
1.013333e-05,0.0003889991,5.6e-06,8.53e-05,55.37104096,64.9787473,118.8652715
1.013333e-05,0.0003889991,5.6e-06,8.96e-05,55.39140392,62.82396936,120.5510051
1.013333e-05,0.0003889991,5.066667e-06,3.84e-05,35.09294895,102.8610858,50.03434047
1.013333e-05,0.0003889991,5.066667e-06,4.27e-05,40.04098752,98.16302773,64.38547227000001
1.013333e-05,0.0003889991,5.066667e-06,4.69e-05,45.27215631,93.49645179,76.38066927
1.013333e-05,0.0003889991,5.066667e-06,5.12e-05,48.99838281,90.18131438,85.08760875
1.013333e-05,0.0003889991,5.066667e-06,5.55e-05,51.35239516,87.69174822,94.21356387
1.013333e-05,0.0003889991,5.066667e-06,5.97e-05,52.83999519,84.64588025,101.2243103
1.013333e-05,0.0003889991,5.066667e-06,6.4e-05,53.77087035,80.93642563,106.7973275
1.013333e-05,0.0003889991,5.066667e-06,6.83e-05,54.35513565,76.95175562,111.3231967
1.013333e-05,0.0003889991,5.066667e-06,7.25e-05,54.72590377,73.17736787,115.0100638
1.013333e-05,0.0003889991,5.066667e-06,7.68e-05,54.96098418,69.84387925,118.00260709999999
1.013333e-05,0.0003889991,5.066667e-06,8.11e-05,55.10516431,66.97095421,120.42698870000001
1.013333e-05,0.0003889991,5.066667e-06,8.53e-05,55.18433405,64.50014521,122.3928989
1.013333e-05,0.0003889991,5.066667e-06,8.96e-05,55.21351214,62.36167302,123.9891888
1.013333e-05,4.48e-05,5.333333e-06,3.84e-05,18.73662042,86.14680987,11.044334039999999
1.013333e-05,4.48e-05,5.333333e-06,4.27e-05,19.99972942,87.37434633,12.58939616
1.013333e-05,4.48e-05,5.333333e-06,4.69e-05,21.17752785,88.50502495,13.88979095
1.013333e-05,4.48e-05,5.333333e-06,5.12e-05,22.29019787,89.56688516,15.00483908
1.013333e-05,4.48e-05,5.333333e-06,5.55e-05,23.35346872,90.60729825,16.13783578
1.013333e-05,4.48e-05,5.333333e-06,5.97e-05,24.38015625,91.70642942,18.110810219999998
1.013333e-05,4.48e-05,5.333333e-06,6.4e-05,25.37998754,92.68196209,19.88407225
1.013333e-05,4.48e-05,5.333333e-06,6.83e-05,26.36626241,93.55199438,21.49412123
1.013333e-05,4.48e-05,5.333333e-06,7.25e-05,27.34443165,94.34070299,22.96182258
1.013333e-05,4.48e-05,5.333333e-06,7.68e-05,28.32362324,94.95300163,24.725181059999997
1.013333e-05,4.48e-05,5.333333e-06,8.11e-05,29.31652146,95.08257523,27.59640195
1.013333e-05,4.48e-05,5.333333e-06,8.53e-05,30.32970665,95.03301468,30.26368284
1.013333e-05,4.48e-05,5.333333e-06,8.96e-05,31.37417095,94.81764652,32.75232109
1.013333e-05,4.48e-05,2.4e-06,3.84e-05,18.47952373,87.09374372,10.93132973
1.013333e-05,4.48e-05,2.4e-06,4.27e-05,19.74473165,88.2903623,12.509345380000001
1.013333e-05,4.48e-05,2.4e-06,4.69e-05,20.92501847,89.39522569,13.83639289
1.013333e-05,4.48e-05,2.4e-06,5.12e-05,22.04060565,90.43544659,14.97342689
1.013333e-05,4.48e-05,2.4e-06,5.55e-05,23.10727742,91.45410802,16.10854916
1.013333e-05,4.48e-05,2.4e-06,5.97e-05,24.13791999,92.53500034,18.121407989999998
1.013333e-05,4.48e-05,2.4e-06,6.4e-05,25.14079908,93.49873847,19.927666690000002
1.013333e-05,4.48e-05,2.4e-06,6.83e-05,26.13385691,94.35557691,21.57056204
1.013333e-05,4.48e-05,2.4e-06,7.25e-05,27.11687151,95.13791163,23.06449323
1.013333e-05,4.48e-05,2.4e-06,7.68e-05,28.10627244,95.68894858,25.027966980000002
1.013333e-05,4.48e-05,2.4e-06,8.11e-05,29.10675723,95.7790012,27.95745523
1.013333e-05,4.48e-05,2.4e-06,8.53e-05,30.12341163,95.69861057,30.66943314
1.013333e-05,4.48e-05,2.4e-06,8.96e-05,31.1868849,95.4275725,33.21958864
1.013333e-05,4.48e-05,2.666667e-06,3.84e-05,17.85429832,89.30957882,10.62335996
1.013333e-05,4.48e-05,2.666667e-06,4.27e-05,19.12510329,90.43675974,12.28517007
1.013333e-05,4.48e-05,2.666667e-06,4.69e-05,20.31191763,91.48350766,13.68011703
1.013333e-05,4.48e-05,2.666667e-06,5.12e-05,21.43508298,92.47487771,14.873279460000001
1.013333e-05,4.48e-05,2.666667e-06,5.55e-05,22.51053385,93.44139119,15.98739409
1.013333e-05,4.48e-05,2.666667e-06,5.97e-05,23.55134713,94.48524777,18.10215434
1.013333e-05,4.48e-05,2.666667e-06,6.4e-05,24.56876865,95.41679142,20.001411230000002
1.013333e-05,4.48e-05,2.666667e-06,6.83e-05,25.57067378,96.26032793,21.71755325
1.013333e-05,4.48e-05,2.666667e-06,7.25e-05,26.57348237,97.02219457,23.286506600000003
1.013333e-05,4.48e-05,2.666667e-06,7.68e-05,27.57988518,97.44288501,25.695608460000003
1.013333e-05,4.48e-05,2.666667e-06,8.11e-05,28.60034593,97.44476151,28.776960940000002
1.013333e-05,4.48e-05,2.666667e-06,8.53e-05,29.65136076,97.25488829,31.64511118
1.013333e-05,4.48e-05,2.666667e-06,8.96e-05,30.74046345,96.89150368,34.316975590000006
1.013333e-05,4.48e-05,2.933333e-06,3.84e-05,17.37656035,90.97307023,10.42025775
1.013333e-05,4.48e-05,2.933333e-06,4.27e-05,18.65172953,92.00378762,12.08677347
1.013333e-05,4.48e-05,2.933333e-06,4.69e-05,19.84411396,93.00990517,13.53681092
1.013333e-05,4.48e-05,2.933333e-06,5.12e-05,20.97361863,93.9670934,14.775574240000001
1.013333e-05,4.48e-05,2.933333e-06,5.55e-05,22.05632744,94.89457001,15.850456470000001
1.013333e-05,4.48e-05,2.933333e-06,5.97e-05,23.10548681,95.91654259,18.047969629999997
1.013333e-05,4.48e-05,2.933333e-06,6.4e-05,24.13254683,96.83269343,20.0199751
1.013333e-05,4.48e-05,2.933333e-06,6.83e-05,25.14792164,97.6626297,21.80337042
1.013333e-05,4.48e-05,2.933333e-06,7.25e-05,26.16058674,98.42268523,23.42623861
1.013333e-05,4.48e-05,2.933333e-06,7.68e-05,27.18333072,98.74765498,26.155942399999997
1.013333e-05,4.48e-05,2.933333e-06,8.11e-05,28.22285661,98.68937203,29.37068107
1.013333e-05,4.48e-05,2.933333e-06,8.53e-05,29.29452544,98.43042834,32.35040249
1.013333e-05,4.48e-05,2.933333e-06,8.96e-05,30.40255912,98.00529412,35.11882233
1.013333e-05,4.48e-05,3.2e-06,3.84e-05,16.77720988,93.06778343,10.255297050000001
1.013333e-05,4.48e-05,3.2e-06,4.27e-05,18.0592872,93.88592548,11.80958618
1.013333e-05,4.48e-05,3.2e-06,4.69e-05,19.25660637,94.84997676,13.32963284
1.013333e-05,4.48e-05,3.2e-06,5.12e-05,20.39508479,95.76713023,14.6294868
1.013333e-05,4.48e-05,3.2e-06,5.55e-05,21.48781026,96.66099155,15.754901369999999
1.013333e-05,4.48e-05,3.2e-06,5.97e-05,22.54831385,97.64756597,17.93808261
1.013333e-05,4.48e-05,3.2e-06,6.4e-05,23.58835489,98.55102785,20.00707294
1.013333e-05,4.48e-05,3.2e-06,6.83e-05,24.61868625,99.37444031,21.87644314
1.013333e-05,4.48e-05,3.2e-06,7.25e-05,25.649739,100.131478,23.57728763
1.013333e-05,4.48e-05,3.2e-06,7.68e-05,26.69128286,100.3516474,26.68616857
1.013333e-05,4.48e-05,3.2e-06,8.11e-05,27.75194112,100.2259378,30.06247943
1.013333e-05,4.48e-05,3.2e-06,8.53e-05,28.85518267,99.88985599,33.20847842
1.013333e-05,4.48e-05,3.2e-06,8.96e-05,30.00268435,99.36975479,36.1267729
1.013333e-05,4.48e-05,3.466667e-06,3.84e-05,8.464078562,91.15974382,3.805263788
1.013333e-05,4.48e-05,3.466667e-06,4.27e-05,9.55061754,88.57686473,4.245021159
1.013333e-05,4.48e-05,3.466667e-06,4.69e-05,10.53289135,86.34997466,4.6207305089999995
1.013333e-05,4.48e-05,3.466667e-06,5.12e-05,11.43027566,85.463334,5.207986752999999
1.013333e-05,4.48e-05,3.466667e-06,5.55e-05,12.25895662,84.64623655,5.698046638
1.013333e-05,4.48e-05,3.466667e-06,5.97e-05,13.02909456,83.88690248,6.114309205
1.013333e-05,4.48e-05,3.466667e-06,6.4e-05,13.74958422,83.17450386,6.473310468
1.013333e-05,4.48e-05,3.466667e-06,6.83e-05,14.42748019,82.50211787,6.786748725
1.013333e-05,4.48e-05,3.466667e-06,7.25e-05,15.06885374,82.18517224,7.2340081430000005
1.013333e-05,4.48e-05,3.466667e-06,7.68e-05,15.67801921,82.13199257,7.767842039
1.013333e-05,4.48e-05,3.466667e-06,8.11e-05,16.25736164,82.07038912,8.244963773
1.013333e-05,4.48e-05,3.466667e-06,8.53e-05,16.81252457,82.00828759,8.678502168
1.013333e-05,4.48e-05,3.466667e-06,8.96e-05,17.34500447,81.94295835,9.072955795
1.013333e-05,4.48e-05,3.733333e-06,3.84e-05,7.752707006,95.60732844,3.5723124
1.013333e-05,4.48e-05,3.733333e-06,4.27e-05,8.839546154,92.9279322,4.051207247
1.013333e-05,4.48e-05,3.733333e-06,4.69e-05,9.822343431,90.48773153,4.431896261
1.013333e-05,4.48e-05,3.733333e-06,5.12e-05,10.72097318,88.98673496,4.920106328
1.013333e-05,4.48e-05,3.733333e-06,5.55e-05,11.54928863,88.12397157,5.4458554050000005
1.013333e-05,4.48e-05,3.733333e-06,5.97e-05,12.32089911,87.30825837,5.892881012
1.013333e-05,4.48e-05,3.733333e-06,6.4e-05,13.04271044,86.53810709,6.277786814000001
1.013333e-05,4.48e-05,3.733333e-06,6.83e-05,13.72191846,85.80680442,6.613377088
1.013333e-05,4.48e-05,3.733333e-06,7.25e-05,14.36427685,85.11003951,6.908983885
1.013333e-05,4.48e-05,3.733333e-06,7.68e-05,14.97508716,85.00915823,7.467507773
1.013333e-05,4.48e-05,3.733333e-06,8.11e-05,15.55608487,84.92227075,7.976143972
1.013333e-05,4.48e-05,3.733333e-06,8.53e-05,16.11280798,84.82297832,8.435544401000001
1.013333e-05,4.48e-05,3.733333e-06,8.96e-05,16.64754253,84.72483528,8.854525928
1.013333e-05,4.48e-05,4.8e-06,3.84e-05,6.794962847,101.2979239,3.221372906
1.013333e-05,4.48e-05,4.8e-06,4.27e-05,7.882740496,98.54155245,3.75754923
1.013333e-05,4.48e-05,4.8e-06,4.69e-05,8.866620935,95.99334632,4.1831199539999995
1.013333e-05,4.48e-05,4.8e-06,5.12e-05,9.76652194,93.62226403,4.530019230000001
1.013333e-05,4.48e-05,4.8e-06,5.55e-05,10.59718987,92.53049705,5.067877245
1.013333e-05,4.48e-05,4.8e-06,5.97e-05,11.36985488,91.66138873,5.558568049
1.013333e-05,4.48e-05,4.8e-06,6.4e-05,12.09240306,90.83476972,5.980278663
1.013333e-05,4.48e-05,4.8e-06,6.83e-05,12.77416594,90.03702456,6.348394237
1.013333e-05,4.48e-05,4.8e-06,7.25e-05,13.41884432,89.27236699,6.6720651140000005
1.013333e-05,4.48e-05,4.8e-06,7.68e-05,14.03135681,88.62740735,7.006322997000001
1.013333e-05,4.48e-05,4.8e-06,8.11e-05,14.61500794,88.50778431,7.559671857
1.013333e-05,4.48e-05,4.8e-06,8.53e-05,15.1753833,88.37550306,8.060021312
1.013333e-05,4.48e-05,4.8e-06,8.96e-05,15.71203218,88.24030984,8.512647596999999
1.013333e-05,4.48e-05,4.266667e-06,3.84e-05,7.218495191,98.82189166,3.38196799
1.013333e-05,4.48e-05,4.266667e-06,4.27e-05,8.305735747,96.09294793,3.892110581
1.013333e-05,4.48e-05,4.266667e-06,4.69e-05,9.289066782,93.58635337,4.297282859
1.013333e-05,4.48e-05,4.266667e-06,5.12e-05,10.18835509,91.51253252,4.685612204
1.013333e-05,4.48e-05,4.266667e-06,5.55e-05,11.01833219,90.61627124,5.240773094
1.013333e-05,4.48e-05,4.266667e-06,5.97e-05,11.78922656,89.77349636,5.710939591
1.013333e-05,4.48e-05,4.266667e-06,6.4e-05,12.51248973,88.96563759,6.116637507
1.013333e-05,4.48e-05,4.266667e-06,6.83e-05,13.19294039,88.19587509,6.469936534
1.013333e-05,4.48e-05,4.266667e-06,7.25e-05,13.83649934,87.45968111,6.7808582369999995
1.013333e-05,4.48e-05,4.266667e-06,7.68e-05,14.44792272,87.05963737,7.2170603810000005
1.013333e-05,4.48e-05,4.266667e-06,8.11e-05,15.03181241,86.9517406,7.751962768
1.013333e-05,4.48e-05,4.266667e-06,8.53e-05,15.58927339,86.83461629,8.232287002
1.013333e-05,4.48e-05,4.266667e-06,8.96e-05,16.12521077,86.71663615,8.670259266
1.013333e-05,4.48e-05,4.533333e-06,3.84e-05,6.556407623,102.6659659,3.127161595
1.013333e-05,4.48e-05,4.533333e-06,4.27e-05,7.64412251,99.90054151,3.678285252
1.013333e-05,4.48e-05,4.533333e-06,4.69e-05,8.628399913,97.33262686,4.115785237
1.013333e-05,4.48e-05,4.533333e-06,5.12e-05,9.528696719,94.93592279,4.472294713
1.013333e-05,4.48e-05,4.533333e-06,5.55e-05,10.3597892,93.58698471,4.966586437
1.013333e-05,4.48e-05,4.533333e-06,5.97e-05,11.13291887,92.7065996,5.468830917999999
1.013333e-05,4.48e-05,4.533333e-06,6.4e-05,11.85684354,91.86404045,5.900870503999999
1.013333e-05,4.48e-05,4.533333e-06,6.83e-05,12.53806535,91.05661265,6.276840484
1.013333e-05,4.48e-05,4.533333e-06,7.25e-05,13.18349152,90.27669733,6.607974166
1.013333e-05,4.48e-05,4.533333e-06,7.68e-05,13.79667669,89.52630907,6.901630949
1.013333e-05,4.48e-05,4.533333e-06,8.11e-05,14.38165475,89.35669236,7.447070971
1.013333e-05,4.48e-05,4.533333e-06,8.53e-05,14.94229356,89.22134362,7.957994225999999
1.013333e-05,4.48e-05,4.533333e-06,8.96e-05,15.47962418,89.07876336,8.419801785
1.013333e-05,4.48e-05,4e-06,3.84e-05,35.67081404,101.4223566,46.9053305
1.013333e-05,4.48e-05,4e-06,4.27e-05,40.27218764,98.1762776,58.179849409999996
1.013333e-05,4.48e-05,4e-06,4.69e-05,45.2915537,94.2972795,70.28651501
1.013333e-05,4.48e-05,4e-06,5.12e-05,49.10120391,91.24514625,78.48894198
1.013333e-05,4.48e-05,4e-06,5.55e-05,51.60757853,88.43243524,85.40208309
1.013333e-05,4.48e-05,4e-06,5.97e-05,53.22282668,85.49610675,92.82606859
1.013333e-05,4.48e-05,4e-06,6.4e-05,54.23332906,81.70428468,98.80033492
1.013333e-05,4.48e-05,4e-06,6.83e-05,54.8586423,77.53429364,103.714774
1.013333e-05,4.48e-05,4e-06,7.25e-05,55.24502426,73.58530548,107.7576674
1.013333e-05,4.48e-05,4e-06,7.68e-05,55.48006514,70.12822746,111.045964
1.013333e-05,4.48e-05,4e-06,8.11e-05,55.6143383,67.1788794,113.7035865
1.013333e-05,4.48e-05,4e-06,8.53e-05,55.67682367,64.66599141,115.849616
1.013333e-05,4.48e-05,4e-06,8.96e-05,55.68401036,62.50879239,117.5837701
1.013333e-05,4.48e-05,5.6e-06,3.84e-05,35.41540744,101.9962703,49.477813729999994
1.013333e-05,4.48e-05,5.6e-06,4.27e-05,40.22297839,97.78935445,62.90073013
1.013333e-05,4.48e-05,5.6e-06,4.69e-05,45.36273323,93.39824569,74.80005613
1.013333e-05,4.48e-05,5.6e-06,5.12e-05,49.12178579,90.0450067,82.82264479999999
1.013333e-05,4.48e-05,5.6e-06,5.55e-05,51.53490373,87.57747216,91.87786539
1.013333e-05,4.48e-05,5.6e-06,5.97e-05,53.07001804,84.54564326,98.97670072
1.013333e-05,4.48e-05,5.6e-06,6.4e-05,54.03156464,80.7826765,104.6176423
1.013333e-05,4.48e-05,5.6e-06,6.83e-05,54.63011444,76.72464374,109.2156422
1.013333e-05,4.48e-05,5.6e-06,7.25e-05,55.00529089,72.89137153,112.9677327
1.013333e-05,4.48e-05,5.6e-06,7.68e-05,55.23871749,69.5216744,116.0114421
1.013333e-05,4.48e-05,5.6e-06,8.11e-05,55.37739722,66.6301475,118.47256420000001
1.013333e-05,4.48e-05,5.6e-06,8.53e-05,55.44838045,64.15239093,120.46334879999999
1.013333e-05,4.48e-05,5.6e-06,8.96e-05,55.46721586,62.01441282,122.0753892
1.013333e-05,4.48e-05,5.066667e-06,3.84e-05,35.23065199,102.3886312,51.46625391
1.013333e-05,4.48e-05,5.066667e-06,4.27e-05,40.20235655,97.36398908,66.47683958
1.013333e-05,4.48e-05,5.066667e-06,4.69e-05,45.42837499,92.58049794,78.21167041
1.013333e-05,4.48e-05,5.066667e-06,5.12e-05,49.13027914,89.37604043,87.73275725
1.013333e-05,4.48e-05,5.066667e-06,5.55e-05,51.46732309,86.7895769,96.67904337
1.013333e-05,4.48e-05,5.066667e-06,5.97e-05,52.94285554,83.66861247,103.5430384
1.013333e-05,4.48e-05,5.066667e-06,6.4e-05,53.86517942,79.92727502,108.97457159999999
1.013333e-05,4.48e-05,5.066667e-06,6.83e-05,54.44385207,75.95269032,113.3569873
1.013333e-05,4.48e-05,5.066667e-06,7.25e-05,54.81085877,72.20939413,116.9075103
1.013333e-05,4.48e-05,5.066667e-06,7.68e-05,55.04328552,68.90960304,119.7790891
1.013333e-05,4.48e-05,5.066667e-06,8.11e-05,55.18545847,66.06555322,122.1003299
1.013333e-05,4.48e-05,5.066667e-06,8.53e-05,55.26298192,63.6175337,123.97965090000001
1.013333e-05,4.48e-05,5.066667e-06,8.96e-05,55.29069217,61.49660342,125.5034146
1.066667e-05,0.000132012,5.333333e-06,3.84e-05,18.82048869,85.98181165,11.287623060000001
1.066667e-05,0.000132012,5.333333e-06,4.27e-05,20.08414783,87.22120981,12.81154477
1.066667e-05,0.000132012,5.333333e-06,4.69e-05,21.26256713,88.36344964,14.09497874
1.066667e-05,0.000132012,5.333333e-06,5.12e-05,22.3759376,89.43699718,15.195983720000001
1.066667e-05,0.000132012,5.333333e-06,5.55e-05,23.44000026,90.52643776,16.5491458
1.066667e-05,0.000132012,5.333333e-06,5.97e-05,24.4675862,91.62899268,18.50092641
1.066667e-05,0.000132012,5.333333e-06,6.4e-05,25.46844482,92.60783316,20.25551352
1.066667e-05,0.000132012,5.333333e-06,6.83e-05,26.45589204,93.48112817,21.84880132
1.066667e-05,0.000132012,5.333333e-06,7.25e-05,27.43542195,94.27318416,23.30139483
1.066667e-05,0.000132012,5.333333e-06,7.68e-05,28.41616054,94.77435707,25.475484010000002
1.066667e-05,0.000132012,5.333333e-06,8.11e-05,29.41093072,94.88044177,28.31818645
1.066667e-05,0.000132012,5.333333e-06,8.53e-05,30.42630623,94.80623325,30.95893861
1.066667e-05,0.000132012,5.333333e-06,8.96e-05,31.47337401,94.56502884,33.42274878
1.066667e-05,0.000132012,2.4e-06,3.84e-05,18.5640829,86.93729778,11.179316179999999
1.066667e-05,0.000132012,2.4e-06,4.27e-05,19.82985324,88.14556212,12.73560905
1.066667e-05,0.000132012,2.4e-06,4.69e-05,21.01077542,89.26184593,14.04520058
1.066667e-05,0.000132012,2.4e-06,5.12e-05,22.1270802,90.31367139,15.16776383
1.066667e-05,0.000132012,2.4e-06,5.55e-05,23.19456421,91.38019196,16.52709717
1.066667e-05,0.000132012,2.4e-06,5.97e-05,24.22612963,92.46476397,18.518010829999998
1.066667e-05,0.000132012,2.4e-06,6.4e-05,25.23006831,93.43209412,20.30495446
1.066667e-05,0.000132012,2.4e-06,6.83e-05,26.2243324,94.29242795,21.930417690000002
1.066667e-05,0.000132012,2.4e-06,7.25e-05,27.20877011,95.07836409,23.40870945
1.066667e-05,0.000132012,2.4e-06,7.68e-05,28.19977345,95.51130845,25.78966972
1.066667e-05,0.000132012,2.4e-06,8.11e-05,29.20217763,95.5775078,28.68945194
1.066667e-05,0.000132012,2.4e-06,8.53e-05,30.22105412,95.47217435,31.37396364
1.066667e-05,0.000132012,2.4e-06,8.96e-05,31.28728327,95.17446365,33.89797677000001
1.066667e-05,0.000132012,2.666667e-06,3.84e-05,17.94060686,89.17393478,10.88355374
1.066667e-05,0.000132012,2.666667e-06,4.27e-05,19.21200775,90.31225592,12.52212197
1.066667e-05,0.000132012,2.666667e-06,4.69e-05,20.39949683,91.37008447,13.89832485
1.066667e-05,0.000132012,2.666667e-06,5.12e-05,21.5234263,92.37284858,15.07590636
1.066667e-05,0.000132012,2.666667e-06,5.55e-05,22.59974463,93.38513437,16.42469822
1.066667e-05,0.000132012,2.666667e-06,5.97e-05,23.64154668,94.43330986,18.51554991
1.066667e-05,0.000132012,2.666667e-06,6.4e-05,24.6601012,95.36904431,20.39362287
1.066667e-05,0.000132012,2.666667e-06,6.83e-05,25.66332198,96.21678987,22.0908378
1.066667e-05,0.000132012,2.666667e-06,7.25e-05,26.66763933,96.98286608,23.64251606
1.066667e-05,0.000132012,2.666667e-06,7.68e-05,27.67582387,97.26958441,26.48696379
1.066667e-05,0.000132012,2.666667e-06,8.11e-05,28.69832151,97.24670775,29.53540946
1.066667e-05,0.000132012,2.666667e-06,8.53e-05,29.75186806,97.03025108,32.37284107
1.066667e-05,0.000132012,2.666667e-06,8.96e-05,30.84396928,96.6387333,35.015836869999994
1.066667e-05,0.000132012,2.933333e-06,3.84e-05,17.46426886,90.80420446,10.628064740000001
1.066667e-05,0.000132012,2.933333e-06,4.27e-05,18.74007085,91.89476058,12.332570039999998
1.066667e-05,0.000132012,2.933333e-06,4.69e-05,19.93316448,92.91169996,13.76279225
1.066667e-05,0.000132012,2.933333e-06,5.12e-05,21.06347377,93.88011343,14.98505427
1.066667e-05,0.000132012,2.933333e-06,5.55e-05,22.14709797,94.85244645,16.30322118
1.066667e-05,0.000132012,2.933333e-06,5.97e-05,23.1973032,95.87924615,18.47518857
1.066667e-05,0.000132012,2.933333e-06,6.4e-05,24.22556474,96.80009784,20.42452225
1.066667e-05,0.000132012,2.933333e-06,6.83e-05,25.24232902,97.63471984,22.18755959
1.066667e-05,0.000132012,2.933333e-06,7.25e-05,26.25661942,98.39952836,23.791997730000002
1.066667e-05,0.000132012,2.933333e-06,7.68e-05,27.28125576,98.57931355,26.97165107
1.066667e-05,0.000132012,2.933333e-06,8.11e-05,28.32282378,98.49564182,30.15040167
1.066667e-05,0.000132012,2.933333e-06,8.53e-05,29.39738214,98.20876652,33.097232850000005
1.066667e-05,0.000132012,2.933333e-06,8.96e-05,30.50859124,97.75438886,35.83451671
1.066667e-05,0.000132012,3.2e-06,3.84e-05,16.86678374,92.84799468,10.38291926
1.066667e-05,0.000132012,3.2e-06,4.27e-05,18.14954065,93.79616585,12.06731668
1.066667e-05,0.000132012,3.2e-06,4.69e-05,19.34761265,94.77079719,13.56614375
1.066667e-05,0.000132012,3.2e-06,5.12e-05,20.48695351,95.69894998,14.84823911
1.066667e-05,0.000132012,3.2e-06,5.55e-05,21.58066248,96.62239622,16.10381946
1.066667e-05,0.000132012,3.2e-06,5.97e-05,22.64229285,97.62935688,18.38391319
1.066667e-05,0.000132012,3.2e-06,6.4e-05,23.6836323,98.53819255,20.42820274
1.066667e-05,0.000132012,3.2e-06,6.83e-05,24.71546986,99.366965,22.275362809999997
1.066667e-05,0.000132012,3.2e-06,7.25e-05,25.74828382,100.1294193,23.95604257
1.066667e-05,0.000132012,3.2e-06,7.68e-05,26.79190888,100.1914152,27.5346666
1.066667e-05,0.000132012,3.2e-06,8.11e-05,27.85510542,100.0388084,30.87200985
1.066667e-05,0.000132012,3.2e-06,8.53e-05,28.96121396,99.67370556,33.98078093
1.066667e-05,0.000132012,3.2e-06,8.96e-05,30.11228695,98.86238148,37.426602259999996
1.066667e-05,0.000132012,3.466667e-06,3.84e-05,8.549573303,90.55457552,3.8766622209999997
1.066667e-05,0.000132012,3.466667e-06,4.27e-05,9.636198616,87.94242528,4.308738418
1.066667e-05,0.000132012,3.466667e-06,4.69e-05,10.6185695,85.9309665,4.7392913519999995
1.066667e-05,0.000132012,3.466667e-06,5.12e-05,11.51605901,85.03207474,5.31571164
1.066667e-05,0.000132012,3.466667e-06,5.55e-05,12.34485449,84.20413518,5.797022695
1.066667e-05,0.000132012,3.466667e-06,5.97e-05,13.11511398,83.43510677,6.2060575039999994
1.066667e-05,0.000132012,3.466667e-06,6.4e-05,13.83573168,82.71394515,6.5589687869999995
1.066667e-05,0.000132012,3.466667e-06,6.83e-05,14.51376204,82.03359058,6.8671919599999995
1.066667e-05,0.000132012,3.466667e-06,7.25e-05,15.15527754,81.88148635,7.398227126
1.066667e-05,0.000132012,3.466667e-06,7.68e-05,15.76458713,81.82565845,7.923258253999999
1.066667e-05,0.000132012,3.466667e-06,8.11e-05,16.3440834,81.76155505,8.392712448000001
1.066667e-05,0.000132012,3.466667e-06,8.53e-05,16.89940567,81.69703959,8.819407126
1.066667e-05,0.000132012,3.466667e-06,8.96e-05,17.4320502,81.62943027,9.207744521
1.066667e-05,0.000132012,3.733333e-06,3.84e-05,7.840056699,95.05063322,3.648596159
1.066667e-05,0.000132012,3.733333e-06,4.27e-05,8.926986942,92.33283454,4.119329524
1.066667e-05,0.000132012,3.733333e-06,4.69e-05,9.909886502,89.86207908,4.493674378
1.066667e-05,0.000132012,3.733333e-06,5.12e-05,10.808628,88.59333897,5.034613871
1.066667e-05,0.000132012,3.733333e-06,5.55e-05,11.63706207,87.71667906,5.5510667620000005
1.066667e-05,0.000132012,3.733333e-06,5.97e-05,12.40880108,86.88827156,5.990382635
1.066667e-05,0.000132012,3.733333e-06,6.4e-05,13.1307477,86.10655298,6.368783872000001
1.066667e-05,0.000132012,3.733333e-06,6.83e-05,13.81009753,85.36464925,6.698796999
1.066667e-05,0.000132012,3.733333e-06,7.25e-05,14.45260428,84.81432693,7.072080597
1.066667e-05,0.000132012,3.733333e-06,7.68e-05,15.06357056,84.72989876,7.631980649
1.066667e-05,0.000132012,3.733333e-06,8.11e-05,15.64472273,84.63962,8.132365876
1.066667e-05,0.000132012,3.733333e-06,8.53e-05,16.2016187,84.53700809,8.584468335999999
1.066667e-05,0.000132012,3.733333e-06,8.96e-05,16.73652957,84.43570334,8.996882492000001
1.066667e-05,0.000132012,4.8e-06,3.84e-05,6.884965401,100.8083706,3.3049975490000003
1.066667e-05,0.000132012,4.8e-06,4.27e-05,7.972842129,98.00312085,3.832287044
1.066667e-05,0.000132012,4.8e-06,4.69e-05,8.956833612,95.41419301,4.250931212
1.066667e-05,0.000132012,4.8e-06,5.12e-05,9.856855778,93.10263234,4.613663093
1.066667e-05,0.000132012,4.8e-06,5.55e-05,10.68765387,92.16939998,5.182457223
1.066667e-05,0.000132012,4.8e-06,5.97e-05,11.46045729,91.28415759,5.664725847
1.066667e-05,0.000132012,4.8e-06,6.4e-05,12.18314997,90.44268795,6.079320027
1.066667e-05,0.000132012,4.8e-06,6.83e-05,12.86506763,89.63106186,6.441309853
1.066667e-05,0.000132012,4.8e-06,7.25e-05,13.5099075,88.85352891,6.759652618
1.066667e-05,0.000132012,4.8e-06,7.68e-05,14.12258851,88.38379712,7.184452186
1.066667e-05,0.000132012,4.8e-06,8.11e-05,14.70642115,88.25961625,7.728717398
1.066667e-05,0.000132012,4.8e-06,8.53e-05,15.26697073,88.12293116,8.220974465
1.066667e-05,0.000132012,4.8e-06,8.96e-05,15.8038124,87.98355476,8.666397447000001
1.066667e-05,0.000132012,4.266667e-06,3.84e-05,7.307300813,98.30248469,3.462233833
1.066667e-05,0.000132012,4.266667e-06,4.27e-05,8.394636695,95.52903441,3.963822204
1.066667e-05,0.000132012,4.266667e-06,4.69e-05,9.378074636,92.9860445,4.362334553
1.066667e-05,0.000132012,4.266667e-06,5.12e-05,10.27747967,91.1471468,4.805663085
1.066667e-05,0.000132012,4.266667e-06,5.55e-05,11.1075822,90.23482714,5.3510624579999995
1.066667e-05,0.000132012,4.266667e-06,5.97e-05,11.87860817,89.37746415,5.8131444189999995
1.066667e-05,0.000132012,4.266667e-06,6.4e-05,12.60201326,88.55607302,6.2119960800000005
1.066667e-05,0.000132012,4.266667e-06,6.83e-05,13.28261248,87.77384731,6.559421565
1.066667e-05,0.000132012,4.266667e-06,7.25e-05,13.92632668,87.02613362,6.865235844
1.066667e-05,0.000132012,4.266667e-06,7.68e-05,14.53791217,86.80041549,7.388961676
1.066667e-05,0.000132012,4.266667e-06,8.11e-05,15.12197057,86.6883961,7.915123501
1.066667e-05,0.000132012,4.266667e-06,8.53e-05,15.67960806,86.56738095,8.38775342
1.066667e-05,0.000132012,4.266667e-06,8.96e-05,16.21572891,86.44565333,8.818796781
1.066667e-05,0.000132012,4.533333e-06,3.84e-05,6.647101954,102.1932651,3.212758785
1.066667e-05,0.000132012,4.533333e-06,4.27e-05,7.734920225,99.37671564,3.7548042450000003
1.066667e-05,0.000132012,4.533333e-06,4.69e-05,8.719311235,96.76575999,4.185220412
1.066667e-05,0.000132012,4.533333e-06,5.12e-05,9.61973191,94.33288291,4.53602264
1.066667e-05,0.000132012,4.533333e-06,5.55e-05,10.45095743,93.23726628,5.083690753
1.066667e-05,0.000132012,4.533333e-06,5.97e-05,11.22422856,92.33996212,5.577319741
1.066667e-05,0.000132012,4.533333e-06,6.4e-05,11.94830267,91.48171803,6.00206836
1.066667e-05,0.000132012,4.533333e-06,6.83e-05,12.62968056,90.65973231,6.371775704
1.066667e-05,0.000132012,4.533333e-06,7.25e-05,13.2752721,89.86619284,6.697450755
1.066667e-05,0.000132012,4.533333e-06,7.68e-05,13.88862972,89.2548814,7.064270109
1.066667e-05,0.000132012,4.533333e-06,8.11e-05,14.47378761,89.11695175,7.619568053
1.066667e-05,0.000132012,4.533333e-06,8.53e-05,15.03461336,88.97694002,8.122191504
1.066667e-05,0.000132012,4.533333e-06,8.96e-05,15.5721396,88.82993656,8.576613641000002
1.066667e-05,0.000132012,4e-06,3.84e-05,35.78358547,101.0446594,48.10258753
1.066667e-05,0.000132012,4e-06,4.27e-05,40.40422271,97.56537339,59.99421054
1.066667e-05,0.000132012,4e-06,4.69e-05,45.4234604,93.58607259,71.88382451000001
1.066667e-05,0.000132012,4e-06,5.12e-05,49.21498435,90.44267414,79.96790535
1.066667e-05,0.000132012,4e-06,5.55e-05,51.70695341,87.73378843,87.59355191
1.066667e-05,0.000132012,4e-06,5.97e-05,53.31096951,84.73614079,94.87895893000001
1.066667e-05,0.000132012,4e-06,6.4e-05,54.3134063,80.91648231,100.7197891
1.066667e-05,0.000132012,4e-06,6.83e-05,54.93326065,76.75489734,105.5004047
1.066667e-05,0.000132012,4e-06,7.25e-05,55.31595673,72.83220393,109.41711670000001
1.066667e-05,0.000132012,4e-06,7.68e-05,55.54840103,69.40328226,112.59464559999999
1.066667e-05,0.000132012,4e-06,8.11e-05,55.68071125,66.47779195,115.1588322
1.066667e-05,0.000132012,4e-06,8.53e-05,55.7415804,63.98359481,117.227174
1.066667e-05,0.000132012,4e-06,8.96e-05,55.74731218,61.84074375,118.896805
1.066667e-05,0.000132012,5.6e-06,3.84e-05,35.53259658,101.588692,50.69282219
1.066667e-05,0.000132012,5.6e-06,4.27e-05,40.36062174,97.11625919,64.70266631
1.066667e-05,0.000132012,5.6e-06,4.69e-05,45.49786371,92.62215497,76.38132304999999
1.066667e-05,0.000132012,5.6e-06,5.12e-05,49.2363026,89.31890076,84.92622044
1.066667e-05,0.000132012,5.6e-06,5.55e-05,51.63450469,86.81436891,94.02145759
1.066667e-05,0.000132012,5.6e-06,5.97e-05,53.15878509,83.71828612,100.9873483
1.066667e-05,0.000132012,5.6e-06,6.4e-05,54.11229984,79.92895549,106.501148
1.066667e-05,0.000132012,5.6e-06,6.83e-05,54.7056461,75.88054036,110.9706753
1.066667e-05,0.000132012,5.6e-06,7.25e-05,55.07731738,72.0747524,114.6014988
1.066667e-05,0.000132012,5.6e-06,7.68e-05,55.30827153,68.73437013,117.538372
1.066667e-05,0.000132012,5.6e-06,8.11e-05,55.44507989,65.86775839,119.9089565
1.066667e-05,0.000132012,5.6e-06,8.53e-05,55.51452377,63.40959322,121.8241167
1.066667e-05,0.000132012,5.6e-06,8.96e-05,55.53197908,61.28669429,123.3730814
1.066667e-05,0.000132012,5.066667e-06,3.84e-05,35.35158255,101.9571422,52.695938090000006
1.066667e-05,0.000132012,5.066667e-06,4.27e-05,40.3446074,96.64026798,68.27034045
1.066667e-05,0.000132012,5.066667e-06,4.69e-05,45.56538545,91.75320959,79.78179915000001
1.066667e-05,0.000132012,5.066667e-06,5.12e-05,49.23902131,88.64942971,90.00180587999999
1.066667e-05,0.000132012,5.066667e-06,5.55e-05,51.56714167,85.97345083,98.78934817
1.066667e-05,0.000132012,5.066667e-06,5.97e-05,53.03180903,82.78731648,105.52545740000001
1.066667e-05,0.000132012,5.066667e-06,6.4e-05,53.94647929,79.01969612,110.8334903
1.066667e-05,0.000132012,5.066667e-06,6.83e-05,54.52013839,75.0557101,115.0913262
1.066667e-05,0.000132012,5.066667e-06,7.25e-05,54.88377248,71.3408428,118.5241573
1.066667e-05,0.000132012,5.066667e-06,7.68e-05,55.11381734,68.07130533,121.2917673
1.066667e-05,0.000132012,5.066667e-06,8.11e-05,55.25418551,65.2530555,123.5245872
1.066667e-05,0.000132012,5.066667e-06,8.53e-05,55.33022539,62.82540752,125.3297885
1.066667e-05,0.000132012,5.066667e-06,8.96e-05,55.35660968,60.89874736,127.6149063
1.066667e-05,0.0003889991,5.333333e-06,3.84e-05,18.89418508,85.8323625,11.49975027
1.066667e-05,0.0003889991,5.333333e-06,4.27e-05,20.15834687,87.0821804,13.005280130000001
1.066667e-05,0.0003889991,5.333333e-06,4.69e-05,21.33733353,88.23456096,14.273953890000001
1.066667e-05,0.0003889991,5.333333e-06,5.12e-05,22.4513442,89.31836429,15.36273439
1.066667e-05,0.0003889991,5.333333e-06,5.55e-05,23.51613074,90.45197421,16.9080085
1.066667e-05,0.0003889991,5.333333e-06,5.97e-05,24.54453823,91.55735333,18.84133563
1.066667e-05,0.0003889991,5.333333e-06,6.4e-05,25.54633606,92.53891294,20.57965857
1.066667e-05,0.0003889991,5.333333e-06,6.83e-05,26.53485642,93.41488514,22.15834756
1.066667e-05,0.0003889991,5.333333e-06,7.25e-05,27.51563135,94.20969655,23.59777999
1.066667e-05,0.0003889991,5.333333e-06,7.68e-05,28.49778908,94.61015113,26.13035084
1.066667e-05,0.0003889991,5.333333e-06,8.11e-05,29.49427234,94.6947394,28.94817509
1.066667e-05,0.0003889991,5.333333e-06,8.53e-05,30.51165476,94.59797793,31.56578445
1.066667e-05,0.0003889991,5.333333e-06,8.96e-05,31.56110994,94.33313998,34.00793375
1.066667e-05,0.0003889991,2.4e-06,3.84e-05,18.63836961,86.79552262,11.39549798
1.066667e-05,0.0003889991,2.4e-06,4.27e-05,19.90465385,88.01400445,12.932895279999999
1.066667e-05,0.0003889991,2.4e-06,4.69e-05,21.08615668,89.14029557,14.22729811
1.066667e-05,0.0003889991,2.4e-06,5.12e-05,22.2031174,90.20229643,15.337266699999999
1.066667e-05,0.0003889991,2.4e-06,5.55e-05,23.27134403,91.31196075,16.89220226
1.066667e-05,0.0003889991,2.4e-06,5.97e-05,24.30375341,92.3995807,18.86401123
1.066667e-05,0.0003889991,2.4e-06,6.4e-05,25.30866042,93.36987994,20.63413534
1.066667e-05,0.0003889991,2.4e-06,6.83e-05,26.30402919,94.23309321,22.24441832
1.066667e-05,0.0003889991,2.4e-06,7.25e-05,27.28976743,95.02200864,23.709086629999998
1.066667e-05,0.0003889991,2.4e-06,7.68e-05,28.28224094,95.34794718,26.45434767
1.066667e-05,0.0003889991,2.4e-06,8.11e-05,29.28640342,95.39230475,29.32822334
1.066667e-05,0.0003889991,2.4e-06,8.53e-05,30.30732292,95.26412797,31.98878884
1.066667e-05,0.0003889991,2.4e-06,8.96e-05,31.376073,94.94202043,34.48998861
1.066667e-05,0.0003889991,2.666667e-06,3.84e-05,18.01639293,89.05082389,11.11027717
1.066667e-05,0.0003889991,2.666667e-06,4.27e-05,19.28833841,90.19888915,12.72863592
1.066667e-05,0.0003889991,2.666667e-06,4.69e-05,20.47644428,91.2664034,14.08853549
1.066667e-05,0.0003889991,2.666667e-06,5.12e-05,21.60107236,92.27913936,15.252561380000001
1.066667e-05,0.0003889991,2.666667e-06,5.55e-05,22.67818395,93.33275227,16.8059895
1.066667e-05,0.0003889991,2.666667e-06,5.97e-05,23.72089048,94.38453532,18.876034920000002
1.066667e-05,0.0003889991,2.666667e-06,6.4e-05,24.74048173,95.32376063,20.7356692
1.066667e-05,0.0003889991,2.666667e-06,6.83e-05,25.74490566,96.17501485,22.416406289999998
1.066667e-05,0.0003889991,2.666667e-06,7.25e-05,26.75060562,96.94459852,23.953045449999998
1.066667e-05,0.0003889991,2.666667e-06,7.68e-05,27.76042172,97.10996643,27.17719242
1.066667e-05,0.0003889991,2.666667e-06,8.11e-05,28.78479053,97.0643918,30.19696039
1.066667e-05,0.0003889991,2.666667e-06,8.53e-05,29.84065576,96.82357824,33.00760536
1.066667e-05,0.0003889991,2.666667e-06,8.96e-05,30.93550662,96.40629314,35.6254275
1.066667e-05,0.0003889991,2.933333e-06,3.84e-05,17.54125876,90.69531369,10.86350485
1.066667e-05,0.0003889991,2.933333e-06,4.27e-05,18.81763886,91.7952657,12.546723759999999
1.066667e-05,0.0003889991,2.933333e-06,4.69e-05,20.01138085,92.8216461,13.95971592
1.066667e-05,0.0003889991,2.933333e-06,5.12e-05,21.14242592,93.79986881,15.16762576
1.066667e-05,0.0003889991,2.933333e-06,5.55e-05,22.22688737,94.81275059,16.69786226
1.066667e-05,0.0003889991,2.933333e-06,5.97e-05,23.27804948,95.84360363,18.84760482
1.066667e-05,0.0003889991,2.933333e-06,6.4e-05,24.30741066,96.7683935,20.77721041
1.066667e-05,0.0003889991,2.933333e-06,6.83e-05,25.32544706,97.60693995,22.52253055
1.066667e-05,0.0003889991,2.933333e-06,7.25e-05,26.34122536,98.33321698,24.27458427
1.066667e-05,0.0003889991,2.933333e-06,7.68e-05,27.36759636,98.42401904,27.68288417
1.066667e-05,0.0003889991,2.933333e-06,8.11e-05,28.41104331,98.31704632,30.83028393
1.066667e-05,0.0003889991,2.933333e-06,8.53e-05,29.48824494,98.00455697,33.748436700000006
1.066667e-05,0.0003889991,2.933333e-06,8.96e-05,30.602375,97.45807983,36.60966509000001
1.066667e-05,0.0003889991,3.2e-06,3.84e-05,16.94538238,92.67066501,10.52203426
1.066667e-05,0.0003889991,3.2e-06,4.27e-05,18.22876031,93.71394101,12.291781330000001
1.066667e-05,0.0003889991,3.2e-06,4.69e-05,19.42752048,94.69778218,13.77216361
1.066667e-05,0.0003889991,3.2e-06,5.12e-05,20.56765014,95.6355273,15.038818939999999
1.066667e-05,0.0003889991,3.2e-06,5.55e-05,21.6622589,96.59923752,16.51647085
1.066667e-05,0.0003889991,3.2e-06,5.97e-05,22.72492041,97.61083832,18.772400010000002
1.066667e-05,0.0003889991,3.2e-06,6.4e-05,23.76744849,98.52420323,20.795203559999997
1.066667e-05,0.0003889991,3.2e-06,6.83e-05,24.80066539,99.35749211,22.62304147
1.066667e-05,0.0003889991,3.2e-06,7.25e-05,25.83509294,100.0156137,24.68870208
1.066667e-05,0.0003889991,3.2e-06,7.68e-05,26.88062496,100.0432276,28.27419214
1.066667e-05,0.0003889991,3.2e-06,8.11e-05,27.94614263,99.86591579,31.5775751
1.066667e-05,0.0003889991,3.2e-06,8.53e-05,29.05488915,99.47415583,34.65392487
1.066667e-05,0.0003889991,3.2e-06,8.96e-05,30.20924043,98.3239886,38.71812253
1.066667e-05,0.0003889991,3.466667e-06,3.84e-05,8.624729169,90.00714875,3.939073361
1.066667e-05,0.0003889991,3.466667e-06,4.27e-05,9.711433343,87.36990907,4.364460096
1.066667e-05,0.0003889991,3.466667e-06,4.69e-05,10.69389289,85.55176403,4.842711971
1.066667e-05,0.0003889991,3.466667e-06,5.12e-05,11.59147844,84.64211279,5.4096997060000005
1.066667e-05,0.0003889991,3.466667e-06,5.55e-05,12.42037851,83.80464307,5.883394432
1.066667e-05,0.0003889991,3.466667e-06,5.97e-05,13.19074902,83.02708816,6.286136394000001
1.066667e-05,0.0003889991,3.466667e-06,6.4e-05,13.91148365,82.29821567,6.633744738
1.066667e-05,0.0003889991,3.466667e-06,6.83e-05,14.58963671,81.65234411,6.959688082
1.066667e-05,0.0003889991,3.466667e-06,7.25e-05,15.2312813,81.60716855,7.541447867
1.066667e-05,0.0003889991,3.466667e-06,7.68e-05,15.84072291,81.54896282,8.058816099
1.066667e-05,0.0003889991,3.466667e-06,8.11e-05,16.42035986,81.48260647,8.521594732
1.066667e-05,0.0003889991,3.466667e-06,8.53e-05,16.97582764,81.4159074,8.942330405
1.066667e-05,0.0003889991,3.466667e-06,8.96e-05,17.50862259,81.34622887,9.325341729
1.066667e-05,0.0003889991,3.733333e-06,3.84e-05,7.916797133,94.54609361,3.71524781
1.066667e-05,0.0003889991,3.733333e-06,4.27e-05,9.003810602,91.79476216,4.178878879
1.066667e-05,0.0003889991,3.733333e-06,4.69e-05,9.986803592,89.29757262,4.5477022929999995
1.066667e-05,0.0003889991,3.733333e-06,5.12e-05,10.88564717,88.23720973,5.1344739079999995
1.066667e-05,0.0003889991,3.733333e-06,5.55e-05,11.71418951,87.34819516,5.642838384
1.066667e-05,0.0003889991,3.733333e-06,5.97e-05,12.48604594,86.50849981,6.075445525
1.066667e-05,0.0003889991,3.733333e-06,6.4e-05,13.20811615,85.71649683,6.448185994
1.066667e-05,0.0003889991,3.733333e-06,6.83e-05,13.8875955,84.96517008,6.7733447589999995
1.066667e-05,0.0003889991,3.733333e-06,7.25e-05,14.53023776,84.56517523,7.223681099
1.066667e-05,0.0003889991,3.733333e-06,7.68e-05,15.14134612,84.4774573,7.775367636
1.066667e-05,0.0003889991,3.733333e-06,8.11e-05,15.72264011,84.38409905,8.268573293
1.066667e-05,0.0003889991,3.733333e-06,8.53e-05,16.27969378,84.27846949,8.714324083000001
1.066667e-05,0.0003889991,3.733333e-06,8.96e-05,16.81476558,84.17428417,9.121021957
1.066667e-05,0.0003889991,4.8e-06,3.84e-05,6.963982389,100.3635411,3.378018949
1.066667e-05,0.0003889991,4.8e-06,4.27e-05,8.051949649,97.51498254,3.8975831320000003
1.066667e-05,0.0003889991,4.8e-06,4.69e-05,9.036042591,94.89022206,4.310205412999999
1.066667e-05,0.0003889991,4.8e-06,5.12e-05,9.936175447,92.79112619,4.722371423999999
1.066667e-05,0.0003889991,4.8e-06,5.55e-05,10.76709244,91.84213636,5.282343326
1.066667e-05,0.0003889991,4.8e-06,5.97e-05,11.5400223,90.94242408,5.757288704
1.066667e-05,0.0003889991,4.8e-06,6.4e-05,12.26284691,90.08764202,6.165694198
1.066667e-05,0.0003889991,4.8e-06,6.83e-05,12.94490602,89.26357863,6.522356199
1.066667e-05,0.0003889991,4.8e-06,7.25e-05,13.58989345,88.4745167,6.836064146
1.066667e-05,0.0003889991,4.8e-06,7.68e-05,14.20272843,88.16329487,7.339649959
1.066667e-05,0.0003889991,4.8e-06,8.11e-05,14.78672608,88.03495813,7.876014843
1.066667e-05,0.0003889991,4.8e-06,8.53e-05,15.34743571,87.89425008,8.361234151
1.066667e-05,0.0003889991,4.8e-06,8.96e-05,15.88445361,87.75104906,8.800391414000002
1.066667e-05,0.0003889991,4.266667e-06,3.84e-05,7.385289337,97.8310666,3.532341168
1.066667e-05,0.0003889991,4.266667e-06,4.27e-05,8.472712323,95.01839967,4.026489844
1.066667e-05,0.0003889991,4.266667e-06,4.69e-05,9.456247928,92.44358832,4.419209352
1.066667e-05,0.0003889991,4.266667e-06,5.12e-05,10.35575959,90.81607526,4.910322701
1.066667e-05,0.0003889991,4.266667e-06,5.55e-05,11.18597669,89.88939802,5.447232319
1.066667e-05,0.0003889991,4.266667e-06,5.97e-05,11.9571228,89.0189953,5.902282255
1.066667e-05,0.0003889991,4.266667e-06,6.4e-05,12.68065758,88.18551084,6.295178291
1.066667e-05,0.0003889991,4.266667e-06,6.83e-05,13.36139251,87.39215241,6.637493585
1.066667e-05,0.0003889991,4.266667e-06,7.25e-05,14.00524854,86.67973174,6.962510958999999
1.066667e-05,0.0003889991,4.266667e-06,7.68e-05,14.61698212,86.56592539,7.5387730269999995
1.066667e-05,0.0003889991,4.266667e-06,8.11e-05,15.20119443,86.45015342,8.057331248
1.066667e-05,0.0003889991,4.266667e-06,8.53e-05,15.7589934,86.32559041,8.523267260999999
1.066667e-05,0.0003889991,4.266667e-06,8.96e-05,16.29528188,86.20044094,8.948281896
1.066667e-05,0.0003889991,4.533333e-06,3.84e-05,6.7267141,101.7634706,3.287491164
1.066667e-05,0.0003889991,4.533333e-06,4.27e-05,7.814626827,98.90149937,3.821647113
1.066667e-05,0.0003889991,4.533333e-06,4.69e-05,8.799121643,96.25255332,4.245906349
1.066667e-05,0.0003889991,4.533333e-06,5.12e-05,9.699655489,93.88018948,4.612435587
1.066667e-05,0.0003889991,4.533333e-06,5.55e-05,10.53100254,92.92016741,5.185763154
1.066667e-05,0.0003889991,4.533333e-06,5.97e-05,11.30440291,92.00766513,5.671902204
1.066667e-05,0.0003889991,4.533333e-06,6.4e-05,12.02861355,91.13533835,6.090311603
1.066667e-05,0.0003889991,4.533333e-06,6.83e-05,12.71013398,90.30028982,6.4545730279999995
1.066667e-05,0.0003889991,4.533333e-06,7.25e-05,13.35587664,89.49453295,6.775500636
1.066667e-05,0.0003889991,4.533333e-06,7.68e-05,13.96939184,89.04217192,7.222635061
1.066667e-05,0.0003889991,4.533333e-06,8.11e-05,14.55471405,88.89983598,7.769851586
1.066667e-05,0.0003889991,4.533333e-06,8.53e-05,15.11571043,88.75556279,8.265257284
1.066667e-05,0.0003889991,4.533333e-06,8.96e-05,15.65341562,88.60451223,8.713256398
1.066667e-05,0.0003889991,4e-06,3.84e-05,35.88377574,100.6963995,49.14623158
1.066667e-05,0.0003889991,4e-06,4.27e-05,40.52195409,97.00587432,61.573965869999995
1.066667e-05,0.0003889991,4e-06,4.69e-05,45.52964052,92.94355044,73.27097486
1.066667e-05,0.0003889991,4e-06,5.12e-05,49.31566885,89.710884,81.25487432999999
1.066667e-05,0.0003889991,4e-06,5.55e-05,51.79454938,87.09420058,89.49784391
1.066667e-05,0.0003889991,4e-06,5.97e-05,53.38837066,84.04225163,96.66089454
1.066667e-05,0.0003889991,4e-06,6.4e-05,54.38349947,80.19890819,102.3837857
1.066667e-05,0.0003889991,4e-06,6.83e-05,54.99841334,76.0459547,107.04660840000001
1.066667e-05,0.0003889991,4e-06,7.25e-05,55.37777364,72.14741245,110.85281490000001
1.066667e-05,0.0003889991,4e-06,7.68e-05,55.60786587,68.74399445,113.9336799
1.066667e-05,0.0003889991,4e-06,8.11e-05,55.73839517,65.84004552,116.4164996
1.066667e-05,0.0003889991,4e-06,8.53e-05,55.79779491,63.36274355,118.41727329999999
1.066667e-05,0.0003889991,4e-06,8.96e-05,55.80220093,61.23291056,120.03083029999999
1.066667e-05,0.0003889991,5.6e-06,3.84e-05,35.6367515,101.2129413,51.75133061
1.066667e-05,0.0003889991,5.6e-06,4.27e-05,40.48337922,96.50038576,66.27046116
1.066667e-05,0.0003889991,5.6e-06,4.69e-05,45.61787143,91.91368881,77.75682393000001
1.066667e-05,0.0003889991,5.6e-06,5.12e-05,49.33755505,88.6944118,86.92990065000001
1.066667e-05,0.0003889991,5.6e-06,5.55e-05,51.72221727,86.11681381,95.88263667
1.066667e-05,0.0003889991,5.6e-06,5.97e-05,53.23664978,82.96414578,102.7311042
1.066667e-05,0.0003889991,5.6e-06,6.4e-05,54.18290916,79.15261081,108.1324945
1.066667e-05,0.0003889991,5.6e-06,6.83e-05,54.77154702,75.114027,112.4889562
1.066667e-05,0.0003889991,5.6e-06,7.25e-05,55.14004633,71.33349392,116.0136318
1.066667e-05,0.0003889991,5.6e-06,7.68e-05,55.36876092,68.01965798,118.8573433
1.066667e-05,0.0003889991,5.6e-06,8.11e-05,55.50387148,65.17553045,121.1491582
1.066667e-05,0.0003889991,5.6e-06,8.53e-05,55.57191592,62.73506369,122.9986122
1.066667e-05,0.0003889991,5.6e-06,8.96e-05,55.58811375,60.62583825,124.49282029999999
1.066667e-05,0.0003889991,5.066667e-06,3.84e-05,35.45910161,101.5593646,53.766749090000005
1.066667e-05,0.0003889991,5.066667e-06,4.27e-05,40.47149454,95.9785642,69.82991240000001
1.066667e-05,0.0003889991,5.066667e-06,4.69e-05,45.68701475,90.99872358,81.1470026
1.066667e-05,0.0003889991,5.066667e-06,5.12e-05,49.34110803,87.98040836,91.96970155
1.066667e-05,0.0003889991,5.066667e-06,5.55e-05,51.65498226,85.22829341,100.62049520000001
1.066667e-05,0.0003889991,5.066667e-06,5.97e-05,53.10978184,81.9849955,107.24362670000001
1.066667e-05,0.0003889991,5.066667e-06,6.4e-05,54.01753795,78.19546452,112.4424183
1.066667e-05,0.0003889991,5.066667e-06,6.83e-05,54.58666137,74.24228675,116.5906162
1.066667e-05,0.0003889991,5.066667e-06,7.25e-05,54.94724373,70.55355058,119.9204605
1.066667e-05,0.0003889991,5.066667e-06,7.68e-05,55.17513116,67.31140128,122.5974576
1.066667e-05,0.0003889991,5.066667e-06,8.11e-05,55.31386203,64.51642143,124.75340179999999
1.066667e-05,0.0003889991,5.066667e-06,8.53e-05,55.38855327,62.22748717,127.0283089
1.066667e-05,0.0003889991,5.066667e-06,8.96e-05,55.41372952,60.42045856,129.745792
1.066667e-05,4.48e-05,5.333333e-06,3.84e-05,18.95968839,85.69578686,11.686868669999999
1.066667e-05,4.48e-05,5.333333e-06,4.27e-05,20.22431258,86.95483235,13.176208560000001
1.066667e-05,4.48e-05,5.333333e-06,4.69e-05,21.40382125,88.11618019,14.43188555
1.066667e-05,4.48e-05,5.333333e-06,5.12e-05,22.51842106,89.2090564,15.50989933
1.066667e-05,4.48e-05,5.333333e-06,5.55e-05,23.58387387,90.38275588,17.22475595
1.066667e-05,4.48e-05,5.333333e-06,5.97e-05,24.61303771,91.49046441,19.14182641
1.066667e-05,4.48e-05,5.333333e-06,6.4e-05,25.61569999,92.47425654,20.86581821
1.066667e-05,4.48e-05,5.333333e-06,6.83e-05,26.60520931,93.35242087,22.431642649999997
1.066667e-05,4.48e-05,5.333333e-06,7.25e-05,27.58713111,94.14949636,23.85947564
1.066667e-05,4.48e-05,5.333333e-06,7.68e-05,28.57059945,94.4579364,26.70854815
1.066667e-05,4.48e-05,5.333333e-06,8.11e-05,29.56866073,94.5226917,29.504415010000002
1.066667e-05,4.48e-05,5.333333e-06,8.53e-05,30.58789416,94.40512496,32.10159897
1.066667e-05,4.48e-05,5.333333e-06,8.96e-05,31.63955294,94.11848986,34.5246299
1.066667e-05,4.48e-05,2.4e-06,3.84e-05,18.7043826,86.66589401,11.58615883
1.066667e-05,4.48e-05,2.4e-06,4.27e-05,19.97113963,87.89341341,13.10692517
1.066667e-05,4.48e-05,2.4e-06,4.69e-05,21.15317674,89.02854521,14.38795591
1.066667e-05,4.48e-05,2.4e-06,5.12e-05,22.27074113,90.09954106,15.48683344
1.066667e-05,4.48e-05,2.4e-06,5.55e-05,23.33965136,91.24838453,17.21439924
1.066667e-05,4.48e-05,2.4e-06,5.97e-05,24.3728378,92.3385311,19.1693803
1.066667e-05,4.48e-05,2.4e-06,6.4e-05,25.37863571,93.31128462,20.92468572
1.066667e-05,4.48e-05,2.4e-06,6.83e-05,26.37502297,94.17686711,22.52159425
1.066667e-05,4.48e-05,2.4e-06,7.25e-05,27.36195775,94.96824569,23.97425614
1.066667e-05,4.48e-05,2.4e-06,7.68e-05,28.35578905,95.1964485,27.04109188
1.066667e-05,4.48e-05,2.4e-06,8.11e-05,29.36157294,95.22064393,29.892109329999997
1.066667e-05,4.48e-05,2.4e-06,8.53e-05,30.38438324,95.07137511,32.53155329
1.066667e-05,4.48e-05,2.4e-06,8.96e-05,31.45545442,94.72676941,35.012612020000006
1.066667e-05,4.48e-05,2.666667e-06,3.84e-05,18.08370438,88.93808944,11.310152089999999
1.066667e-05,4.48e-05,2.666667e-06,4.27e-05,19.35615101,90.09474771,12.91072965
1.066667e-05,4.48e-05,2.666667e-06,4.69e-05,20.54482452,91.17079776,14.25628097
1.066667e-05,4.48e-05,2.666667e-06,5.12e-05,21.67009568,92.19233223,15.40837392
1.066667e-05,4.48e-05,2.666667e-06,5.55e-05,22.74793766,93.28352392,17.14232508
1.066667e-05,4.48e-05,2.666667e-06,5.97e-05,23.79147718,94.33832764,19.194050269999998
1.066667e-05,4.48e-05,2.666667e-06,6.4e-05,24.81202349,95.28046536,21.03744625
1.066667e-05,4.48e-05,2.666667e-06,6.83e-05,25.8175551,96.13464847,22.70366903
1.066667e-05,4.48e-05,2.666667e-06,7.25e-05,26.82453057,96.82772186,24.542676649999997
1.066667e-05,4.48e-05,2.666667e-06,7.68e-05,27.83585071,96.9617255,27.78622138
1.066667e-05,4.48e-05,2.666667e-06,8.11e-05,28.86195007,96.8951697,30.78070422
1.066667e-05,4.48e-05,2.666667e-06,8.53e-05,29.91995266,96.63185978,33.56771711
1.066667e-05,4.48e-05,2.666667e-06,8.96e-05,31.01734144,96.19078263,36.16333099
1.066667e-05,4.48e-05,2.933333e-06,3.84e-05,17.60961614,90.59544965,11.07100183
1.066667e-05,4.48e-05,2.933333e-06,4.27e-05,18.88652799,91.70366794,12.735496699999999
1.066667e-05,4.48e-05,2.933333e-06,4.69e-05,20.0808668,92.73835241,14.133329130000002
1.066667e-05,4.48e-05,2.933333e-06,5.12e-05,21.21258928,93.72521716,15.328608289999998
1.066667e-05,4.48e-05,2.933333e-06,5.55e-05,22.29782176,94.77500753,17.045865210000002
1.066667e-05,4.48e-05,2.933333e-06,5.97e-05,23.34986527,95.8092755,19.176043649999997
1.066667e-05,4.48e-05,2.933333e-06,6.4e-05,24.38023967,96.73737326,21.08828011
1.066667e-05,4.48e-05,2.933333e-06,6.83e-05,25.39944858,97.5792139,22.817999699999998
1.066667e-05,4.48e-05,2.933333e-06,7.25e-05,26.41659815,98.20915218,24.93144737
1.066667e-05,4.48e-05,2.933333e-06,7.68e-05,27.44456985,98.27958119,28.31024974
1.066667e-05,4.48e-05,2.933333e-06,8.11e-05,28.48976024,98.15104667,31.430023730000002
1.066667e-05,4.48e-05,2.933333e-06,8.53e-05,29.5693926,97.81488812,34.322871119999995
1.066667e-05,4.48e-05,2.933333e-06,8.96e-05,30.68622726,97.00054059,37.711323390000004
1.066667e-05,4.48e-05,3.2e-06,3.84e-05,17.0151414,92.58681582,10.73984768
1.066667e-05,4.48e-05,3.2e-06,4.27e-05,18.2990907,93.63795918,12.48957116
1.066667e-05,4.48e-05,3.2e-06,4.69e-05,19.49848422,94.62988344,13.953730179999999
1.066667e-05,4.48e-05,3.2e-06,5.12e-05,20.6393403,95.57606238,15.20680218
1.066667e-05,4.48e-05,3.2e-06,5.55e-05,21.73477785,96.57646805,16.880219399999998
1.066667e-05,4.48e-05,3.2e-06,5.97e-05,22.79838943,97.59200362,19.11488399
1.066667e-05,4.48e-05,3.2e-06,6.4e-05,23.84201299,98.50919979,21.118777100000003
1.066667e-05,4.48e-05,3.2e-06,6.83e-05,24.8765016,99.34630675,22.92960702
1.066667e-05,4.48e-05,3.2e-06,7.25e-05,25.91241737,99.89855693,25.373185399999997
1.066667e-05,4.48e-05,3.2e-06,7.68e-05,26.95970836,99.90507395,28.92626665
1.066667e-05,4.48e-05,3.2e-06,8.11e-05,28.02736281,99.70489386,32.1997052
1.066667e-05,4.48e-05,3.2e-06,8.53e-05,29.13855244,99.28845479,35.24748857
1.066667e-05,4.48e-05,3.2e-06,8.96e-05,30.29593268,97.82910857,39.85613326
1.066667e-05,4.48e-05,3.466667e-06,3.84e-05,8.69155054,89.50818896,3.9942581400000003
1.066667e-05,4.48e-05,3.466667e-06,4.27e-05,9.778327247,86.84925219,4.413749507
1.066667e-05,4.48e-05,3.466667e-06,4.69e-05,10.76086832,85.20589465,4.933979411
1.066667e-05,4.48e-05,3.466667e-06,5.12e-05,11.65854216,84.28670753,5.492658755
1.066667e-05,4.48e-05,3.466667e-06,5.55e-05,12.48753842,83.44078397,5.959644396
1.066667e-05,4.48e-05,3.466667e-06,5.97e-05,13.25801101,82.65566075,6.356842545
1.066667e-05,4.48e-05,3.466667e-06,6.4e-05,13.97885315,81.91994062,6.6997785930000004
1.066667e-05,4.48e-05,3.466667e-06,6.83e-05,14.65711906,81.40472931,7.093865249
1.066667e-05,4.48e-05,3.466667e-06,7.25e-05,15.29888183,81.3573331,7.667813558
1.066667e-05,4.48e-05,3.466667e-06,7.68e-05,15.90844523,81.29697204,8.178432326000001
1.066667e-05,4.48e-05,3.466667e-06,8.11e-05,16.48821168,81.22856684,8.635330369999998
1.066667e-05,4.48e-05,3.466667e-06,8.53e-05,17.04381324,81.15987508,9.050816126
1.066667e-05,4.48e-05,3.466667e-06,8.96e-05,17.57674659,81.08830255,9.429134748
1.066667e-05,4.48e-05,3.733333e-06,3.84e-05,7.984986249,94.08541712,3.774157968
1.066667e-05,4.48e-05,3.733333e-06,4.27e-05,9.072076275,91.30455262,4.2315342309999995
1.066667e-05,4.48e-05,3.733333e-06,4.69e-05,10.0551552,88.88820529,4.620761793
1.066667e-05,4.48e-05,3.733333e-06,5.12e-05,10.95409265,87.9122991,5.222578308
1.066667e-05,4.48e-05,3.733333e-06,5.55e-05,11.78273451,87.01220783,5.72382144
1.066667e-05,4.48e-05,3.733333e-06,5.97e-05,12.55469897,86.16239028,6.150521446000001
1.066667e-05,4.48e-05,3.733333e-06,6.4e-05,13.27688285,85.3611659,6.518276940000001
1.066667e-05,4.48e-05,3.733333e-06,6.83e-05,13.95648132,84.60139193,6.839160297
1.066667e-05,4.48e-05,3.733333e-06,7.25e-05,14.59924821,84.3381058,7.357379446
1.066667e-05,4.48e-05,3.733333e-06,7.68e-05,15.21048688,84.24738652,7.901834247
1.066667e-05,4.48e-05,3.733333e-06,8.11e-05,15.79191203,84.15120956,8.388718651000001
1.066667e-05,4.48e-05,3.733333e-06,8.53e-05,16.3491105,84.04281565,8.828875902
1.066667e-05,4.48e-05,3.733333e-06,8.96e-05,16.88433023,83.93598607,9.230539428
1.066667e-05,4.48e-05,4.8e-06,3.84e-05,7.034145248,99.95641828,3.442523321
1.066667e-05,4.48e-05,4.8e-06,4.27e-05,8.122195801,97.06917882,3.955290635
1.066667e-05,4.48e-05,4.8e-06,4.69e-05,9.106382084,94.41262503,4.362614268
1.066667e-05,4.48e-05,4.8e-06,5.12e-05,10.00661676,92.50648997,4.818229961
1.066667e-05,4.48e-05,4.8e-06,5.55e-05,10.83764313,91.54325402,5.370439804999999
1.066667e-05,4.48e-05,4.8e-06,5.97e-05,11.6106893,90.63046355,5.838941388
1.066667e-05,4.48e-05,4.8e-06,6.4e-05,12.33363519,89.76365493,6.241900741
1.066667e-05,4.48e-05,4.8e-06,6.83e-05,13.01582447,88.92836037,6.593873644
1.066667e-05,4.48e-05,4.8e-06,7.25e-05,13.66094765,88.12889371,6.903501829
1.066667e-05,4.48e-05,4.8e-06,7.68e-05,14.27392427,87.96208995,7.4764553629999995
1.066667e-05,4.48e-05,4.8e-06,8.11e-05,14.85807298,87.82993736,8.005867396
1.066667e-05,4.48e-05,4.8e-06,8.53e-05,15.41893068,87.68552865,8.484893485999999
1.066667e-05,4.48e-05,4.8e-06,8.96e-05,15.95611074,87.53880707,8.918535871
1.066667e-05,4.48e-05,4.266667e-06,3.84e-05,7.454559432,97.40006396,3.594286585
1.066667e-05,4.48e-05,4.266667e-06,4.27e-05,8.542062554,94.55255575,4.08188684
1.066667e-05,4.48e-05,4.266667e-06,4.69e-05,9.525687999,91.94968253,4.469507012
1.066667e-05,4.48e-05,4.266667e-06,5.12e-05,10.42529774,90.51377321,5.002633207000001
1.066667e-05,4.48e-05,4.266667e-06,5.55e-05,11.25562023,89.57415601,5.532071018
1.066667e-05,4.48e-05,4.266667e-06,5.97e-05,12.02687675,88.69200381,5.9809314670000004
1.066667e-05,4.48e-05,4.266667e-06,6.4e-05,12.75053085,87.84762478,6.368584921
1.066667e-05,4.48e-05,4.266667e-06,6.83e-05,13.43139064,87.04424145,6.706401251
1.066667e-05,4.48e-05,4.266667e-06,7.25e-05,14.07537713,86.46943865,7.102171479
1.066667e-05,4.48e-05,4.266667e-06,7.68e-05,14.68724693,86.35207816,7.670863188
1.066667e-05,4.48e-05,4.266667e-06,8.11e-05,15.27160065,86.23286524,8.182728377
1.066667e-05,4.48e-05,4.266667e-06,8.53e-05,15.82954834,86.10504379,8.642771751
1.066667e-05,4.48e-05,4.266667e-06,8.96e-05,16.36599102,85.97674765,9.062478720000001
1.066667e-05,4.48e-05,4.533333e-06,3.84e-05,6.797394212,101.3698723,3.353497705
1.066667e-05,4.48e-05,4.533333e-06,4.27e-05,7.885393828,98.46722957,3.88071406
1.066667e-05,4.48e-05,4.533333e-06,4.69e-05,8.869984151,95.78447677,4.299557182
1.066667e-05,4.48e-05,4.533333e-06,5.12e-05,9.770622111,93.60540335,4.710381315999999
1.066667e-05,4.48e-05,4.533333e-06,5.55e-05,10.60208097,92.63044418,5.27577612
1.066667e-05,4.48e-05,4.533333e-06,5.97e-05,11.37560023,91.70418548,5.755325849
1.066667e-05,4.48e-05,4.533333e-06,6.4e-05,12.09993645,90.81911771,6.168157659
1.066667e-05,4.48e-05,4.533333e-06,6.83e-05,12.78158795,89.97225771,6.527626827
1.066667e-05,4.48e-05,4.533333e-06,7.25e-05,13.42746968,89.15546009,6.8443762790000005
1.066667e-05,4.48e-05,4.533333e-06,7.68e-05,14.04112985,88.84801047,7.362213059
1.066667e-05,4.48e-05,4.533333e-06,8.11e-05,14.62660323,88.7016247,7.902318939000001
1.066667e-05,4.48e-05,4.533333e-06,8.53e-05,15.18775648,88.55343066,8.391373258
1.066667e-05,4.48e-05,4.533333e-06,8.96e-05,15.72562647,88.39865243,8.833719977
1.066667e-05,4.48e-05,4e-06,3.84e-05,35.97372946,100.3726733,50.06663293
1.066667e-05,4.48e-05,4e-06,4.27e-05,40.62799179,96.48928667,62.96554373
1.066667e-05,4.48e-05,4e-06,4.69e-05,45.63573176,92.34385259,74.4958001
1.066667e-05,4.48e-05,4e-06,5.12e-05,49.40571928,89.03788159,82.38781259999999
1.066667e-05,4.48e-05,4e-06,5.55e-05,51.8726202,86.50399929,91.1717095
1.066667e-05,4.48e-05,4e-06,5.97e-05,53.45407207,83.41142573,98.246253
1.066667e-05,4.48e-05,4e-06,6.4e-05,54.44557638,79.53984205,103.8429506
1.066667e-05,4.48e-05,4e-06,6.83e-05,55.05598452,75.39558783,108.40091679999999
1.066667e-05,4.48e-05,4e-06,7.25e-05,55.43230256,71.51934938,112.10922579999999
1.066667e-05,4.48e-05,4e-06,7.68e-05,55.66024792,68.13920664,115.10474140000001
1.066667e-05,4.48e-05,4e-06,8.11e-05,55.78914927,65.25486919,117.5158625
1.066667e-05,4.48e-05,4e-06,8.53e-05,55.84720325,62.79297167,119.45716859999999
1.066667e-05,4.48e-05,4e-06,8.96e-05,55.85039251,60.67505442,121.021413
1.066667e-05,4.48e-05,5.6e-06,3.84e-05,35.73029505,100.8637375,52.68433713
1.066667e-05,4.48e-05,5.6e-06,4.27e-05,40.59396059,95.93228921,67.65054115000001
1.066667e-05,4.48e-05,5.6e-06,4.69e-05,45.72554506,91.26155332,78.96734029000001
1.066667e-05,4.48e-05,5.6e-06,5.12e-05,49.42804274,88.11760072,88.69126145
1.066667e-05,4.48e-05,5.6e-06,5.55e-05,51.80032217,85.47407655,97.51727745000001
1.066667e-05,4.48e-05,5.6e-06,5.97e-05,53.30573778,82.27112142,104.2608348
1.066667e-05,4.48e-05,5.6e-06,6.4e-05,54.24539149,78.44070367,109.5617229
1.066667e-05,4.48e-05,5.6e-06,6.83e-05,54.829736,74.41199156,113.8175549
1.066667e-05,4.48e-05,5.6e-06,7.25e-05,55.19534262,70.65478594,117.2482423
1.066667e-05,4.48e-05,5.6e-06,7.68e-05,55.42201304,67.36516826,120.0097591
1.066667e-05,4.48e-05,5.6e-06,8.11e-05,55.55557163,64.54149887,122.23222729999999
1.066667e-05,4.48e-05,5.6e-06,8.53e-05,55.62233443,62.11715872,124.0239104
1.066667e-05,4.48e-05,5.6e-06,8.96e-05,55.63737826,60.02044137,125.47001540000001
1.066667e-05,4.48e-05,5.066667e-06,3.84e-05,35.55569651,101.1897241,54.710200869999994
1.066667e-05,4.48e-05,5.066667e-06,4.27e-05,40.58580936,95.36864686,71.20201087999999
1.066667e-05,4.48e-05,5.066667e-06,4.69e-05,45.79610118,90.30486968,82.34793937
1.066667e-05,4.48e-05,5.066667e-06,5.12e-05,49.43227688,87.36314297,93.69857462
1.066667e-05,4.48e-05,5.066667e-06,5.55e-05,51.73314718,84.54248627,102.2277617
1.066667e-05,4.48e-05,5.066667e-06,5.97e-05,53.17891845,81.24858216,108.74993459999999
1.066667e-05,4.48e-05,5.066667e-06,6.4e-05,54.08037916,77.44061363,113.8510155
1.066667e-05,4.48e-05,5.066667e-06,6.83e-05,54.64536736,73.49826516,117.9016391
1.066667e-05,4.48e-05,5.066667e-06,7.25e-05,55.00316685,69.83366815,121.14032359999999
1.066667e-05,4.48e-05,5.066667e-06,7.68e-05,55.22908512,66.61649548,123.7374175
1.066667e-05,4.48e-05,5.066667e-06,8.11e-05,55.36631936,63.84267637,125.8257278
1.066667e-05,4.48e-05,5.066667e-06,8.53e-05,55.43977554,61.77742704,128.9480505
1.066667e-05,4.48e-05,5.066667e-06,8.96e-05,55.46384322,59.9783963,131.6070652
4.8e-06,0.000132012,5.333333e-06,3.84e-05,19.0717064,85.45340112,12.00335436
4.8e-06,0.000132012,5.333333e-06,4.27e-05,20.33715645,86.72805699,13.46538799
4.8e-06,0.000132012,5.333333e-06,4.69e-05,21.51759763,87.90454169,14.69913621
4.8e-06,0.000132012,5.333333e-06,5.12e-05,22.63325012,89.01274198,15.75897789
4.8e-06,0.000132012,5.333333e-06,5.55e-05,23.69989378,90.25670499,17.76093079
4.8e-06,0.000132012,5.333333e-06,5.97e-05,24.73040987,91.36789356,19.65055392
4.8e-06,0.000132012,5.333333e-06,6.4e-05,25.73461704,92.35498899,21.350342480000002
4.8e-06,0.000132012,5.333333e-06,6.83e-05,26.72589693,93.2363765,22.894439329999997
4.8e-06,0.000132012,5.333333e-06,7.25e-05,27.70987067,93.9443868,24.71123982
4.8e-06,0.000132012,5.333333e-06,7.68e-05,28.69569268,94.1822629,27.68767741
4.8e-06,0.000132012,5.333333e-06,8.11e-05,29.69657683,94.21136667,30.44637246
4.8e-06,0.000132012,5.333333e-06,8.53e-05,30.71912752,94.05640331,33.00898065
4.8e-06,0.000132012,5.333333e-06,8.96e-05,31.7747397,93.7305985,35.399647560000005
4.8e-06,0.000132012,2.4e-06,3.84e-05,18.81723493,86.43566412,11.908557519999999
4.8e-06,0.000132012,2.4e-06,4.27e-05,20.08483647,87.67844583,13.40127934
4.8e-06,0.000132012,2.4e-06,4.69e-05,21.26782814,88.82847964,14.65975266
4.8e-06,0.000132012,2.4e-06,5.12e-05,22.38647132,89.91465146,15.73991452
4.8e-06,0.000132012,2.4e-06,5.55e-05,23.45660351,91.13220437,17.7596599
4.8e-06,0.000132012,2.4e-06,5.97e-05,24.49117945,92.22616243,19.68623491
4.8e-06,0.000132012,2.4e-06,6.4e-05,25.49856861,93.2025958,21.41651762
4.8e-06,0.000132012,2.4e-06,6.83e-05,26.4967805,94.07169566,22.99084323
4.8e-06,0.000132012,2.4e-06,7.25e-05,27.48585244,94.732236,24.99117047
4.8e-06,0.000132012,2.4e-06,7.68e-05,28.48212201,94.92190859,28.034426739999997
4.8e-06,0.000132012,2.4e-06,8.11e-05,29.49081105,94.90983402,30.846764280000002
4.8e-06,0.000132012,2.4e-06,8.53e-05,30.51702697,94.72260401,33.4504862
4.8e-06,0.000132012,2.4e-06,8.96e-05,31.59224721,94.33757971,35.89743574
4.8e-06,0.000132012,2.666667e-06,3.84e-05,18.19869136,88.7374139,11.64793986
4.8e-06,0.000132012,2.666667e-06,4.27e-05,19.47203342,89.90852045,13.2185475
4.8e-06,0.000132012,2.666667e-06,4.69e-05,20.6617214,90.99890766,14.539906460000001
4.8e-06,0.000132012,2.666667e-06,5.12e-05,21.78814216,92.03524599,15.671873060000001
4.8e-06,0.000132012,2.666667e-06,5.55e-05,22.8672902,93.19244262,17.711177510000002
4.8e-06,0.000132012,2.666667e-06,5.97e-05,23.91231974,94.25189006,19.73199243
4.8e-06,0.000132012,2.666667e-06,6.4e-05,24.93457509,95.1984723,21.54798499
4.8e-06,0.000132012,2.666667e-06,6.83e-05,25.94208701,96.05712678,23.18970745
4.8e-06,0.000132012,2.666667e-06,7.25e-05,26.95134951,96.59423246,25.619200109999998
4.8e-06,0.000132012,2.666667e-06,7.68e-05,27.96536347,96.69256056,28.81665861
4.8e-06,0.000132012,2.666667e-06,8.11e-05,28.9945771,96.58818865,31.76840018
4.8e-06,0.000132012,2.666667e-06,8.53e-05,30.0564067,96.28438016,34.51543059
4.8e-06,0.000132012,2.666667e-06,8.96e-05,31.15834836,95.48270758,37.83599095
4.8e-06,0.000132012,2.933333e-06,3.84e-05,17.72633057,90.41728433,11.42152702
4.8e-06,0.000132012,2.933333e-06,4.27e-05,19.00419188,91.53935379,13.05447336
4.8e-06,0.000132012,2.933333e-06,4.69e-05,20.19959758,92.58794651,14.42675458
4.8e-06,0.000132012,2.933333e-06,5.12e-05,21.33253134,93.58931983,15.60073858
4.8e-06,0.000132012,2.933333e-06,5.55e-05,22.41914291,94.70401722,17.634200359999998
4.8e-06,0.000132012,2.933333e-06,5.97e-05,23.47276351,95.74359491,19.7313818
4.8e-06,0.000132012,2.933333e-06,6.4e-05,24.50495154,96.67680471,21.61431738
4.8e-06,0.000132012,2.933333e-06,6.83e-05,25.52626016,97.52372672,23.31771591
4.8e-06,0.000132012,2.933333e-06,7.25e-05,26.54586487,97.98312619,26.04230922
4.8e-06,0.000132012,2.933333e-06,7.68e-05,27.57670761,98.01679353,29.37125568
4.8e-06,0.000132012,2.933333e-06,8.11e-05,28.62505803,97.84932296,32.44438581
4.8e-06,0.000132012,2.933333e-06,8.53e-05,29.70901972,97.47054587,35.294394479999994
4.8e-06,0.000132012,2.933333e-06,8.96e-05,30.83072886,96.18283177,39.57275715
4.8e-06,0.000132012,3.2e-06,3.84e-05,17.13417971,92.43665729,11.1076168
4.8e-06,0.000132012,3.2e-06,4.27e-05,18.41914955,93.50092101,12.82361753
4.8e-06,0.000132012,3.2e-06,4.69e-05,19.619675,94.50634042,14.26044479
4.8e-06,0.000132012,3.2e-06,5.12e-05,20.76183046,95.46663605,15.490626279999999
4.8e-06,0.000132012,3.2e-06,5.55e-05,21.85875097,96.53167284,17.4948588
4.8e-06,0.000132012,3.2e-06,5.97e-05,22.9240631,97.55339834,19.693674820000002
4.8e-06,0.000132012,3.2e-06,6.4e-05,23.96964829,98.47659187,21.66568174
4.8e-06,0.000132012,3.2e-06,6.83e-05,25.0064151,99.31966531,23.447829379999998
4.8e-06,0.000132012,3.2e-06,7.25e-05,26.04499841,99.68451682,26.53016316
4.8e-06,0.000132012,3.2e-06,7.68e-05,27.09544244,99.65290673,30.028487469999998
4.8e-06,0.000132012,3.2e-06,8.11e-05,28.16691638,99.41144034,33.251302960000004
4.8e-06,0.000132012,3.2e-06,8.53e-05,29.28251038,98.95042894,36.25084682
4.8e-06,0.000132012,3.2e-06,8.96e-05,30.44533232,96.94498604,41.77768796
4.8e-06,0.000132012,3.466667e-06,3.84e-05,8.80585788,88.62792582,4.087901545
4.8e-06,0.000132012,3.466667e-06,4.27e-05,9.892764092,85.93349323,4.4974311
4.8e-06,0.000132012,3.466667e-06,4.69e-05,10.87545071,84.59487838,5.088441974999999
4.8e-06,0.000132012,3.466667e-06,5.12e-05,11.77328206,83.65951048,5.633094719
4.8e-06,0.000132012,3.466667e-06,5.55e-05,12.60245003,82.7992227,6.088752777
4.8e-06,0.000132012,3.466667e-06,5.97e-05,13.37310485,82.00122737,6.476589547000001
4.8e-06,0.000132012,3.466667e-06,6.4e-05,14.0941389,81.2538522,6.811634625
4.8e-06,0.000132012,3.466667e-06,6.83e-05,14.77260621,80.96791144,7.320851357
4.8e-06,0.000132012,3.466667e-06,7.25e-05,15.41457875,80.91664889,7.881613583
4.8e-06,0.000132012,3.466667e-06,7.68e-05,16.02436053,80.85250551,8.380839014000001
4.8e-06,0.000132012,3.466667e-06,8.11e-05,16.60435845,80.78048945,8.827808554999999
4.8e-06,0.000132012,3.466667e-06,8.53e-05,17.16019873,80.70826938,9.234429378
4.8e-06,0.000132012,3.466667e-06,8.96e-05,17.69337932,80.63332958,9.604823084000001
4.8e-06,0.000132012,3.733333e-06,3.84e-05,8.101531326,93.27077971,3.874069337
4.8e-06,0.000132012,3.733333e-06,4.27e-05,9.188758082,90.44030303,4.3208861050000005
4.8e-06,0.000132012,3.733333e-06,4.69e-05,10.17199045,88.33548763,4.784693579
4.8e-06,0.000132012,3.733333e-06,5.12e-05,11.07109552,87.33810749,5.371639213000001
4.8e-06,0.000132012,3.733333e-06,5.55e-05,11.8999149,86.41891952,5.8608667599999995
4.8e-06,0.000132012,3.733333e-06,5.97e-05,12.67207229,85.55164534,6.277598758000001
4.8e-06,0.000132012,3.733333e-06,6.4e-05,13.39445916,84.73451964,6.636941038
4.8e-06,0.000132012,3.733333e-06,6.83e-05,14.07427033,84.0325994,6.987823313
4.8e-06,0.000132012,3.733333e-06,7.25e-05,14.71725974,83.93720552,7.583446428
4.8e-06,0.000132012,3.733333e-06,7.68e-05,15.32873026,83.84117978,8.115699831
4.8e-06,0.000132012,3.733333e-06,8.11e-05,15.91039144,83.73999637,8.591919518
4.8e-06,0.000132012,3.733333e-06,8.53e-05,16.46784781,83.62668879,9.022636771
4.8e-06,0.000132012,3.733333e-06,8.96e-05,17.00333137,83.51514546,9.415803299
4.8e-06,0.000132012,4.8e-06,3.84e-05,7.153939603,99.23417041,3.5518431660000003
4.8e-06,0.000132012,4.8e-06,4.27e-05,8.242138954,96.28066101,4.053150478
4.8e-06,0.000132012,4.8e-06,4.69e-05,9.226491973,93.57013492,4.451539255
4.8e-06,0.000132012,4.8e-06,5.12e-05,10.12690852,92.00242223,4.980290499
4.8e-06,0.000132012,4.8e-06,5.55e-05,10.95813022,91.01434807,5.519415801
4.8e-06,0.000132012,4.8e-06,5.97e-05,11.73138412,90.07876462,5.977053764000001
4.8e-06,0.000132012,4.8e-06,6.4e-05,12.45454638,89.19100889,6.370829967000001
4.8e-06,0.000132012,4.8e-06,6.83e-05,13.13696827,88.33616357,6.71489509
4.8e-06,0.000132012,4.8e-06,7.25e-05,13.78233399,87.74695503,7.131023785
4.8e-06,0.000132012,4.8e-06,7.68e-05,14.39556362,87.60626062,7.7076253669999995
4.8e-06,0.000132012,4.8e-06,8.11e-05,14.97998024,87.46730939,8.225313587
4.8e-06,0.000132012,4.8e-06,8.53e-05,15.54110463,87.31628946,8.693898273
4.8e-06,0.000132012,4.8e-06,8.96e-05,16.07857439,87.16327388,9.11824028
4.8e-06,0.000132012,4.266667e-06,3.84e-05,7.57288155,96.63654329,3.699303413
4.8e-06,0.000132012,4.266667e-06,4.27e-05,8.660527824,93.72978165,4.175856269
4.8e-06,0.000132012,4.266667e-06,4.69e-05,9.644313723,91.07967835,4.554872735999999
4.8e-06,0.000132012,4.266667e-06,5.12e-05,10.54409862,89.97893073,5.158745625
4.8e-06,0.000132012,4.266667e-06,5.55e-05,11.37460928,89.01684664,5.675583052
4.8e-06,0.000132012,4.266667e-06,5.97e-05,12.14606277,88.11430092,6.11400422
4.8e-06,0.000132012,4.266667e-06,6.4e-05,12.86993006,87.25101672,6.49281432
4.8e-06,0.000132012,4.266667e-06,6.83e-05,13.55101288,86.43024726,6.823040326999999
4.8e-06,0.000132012,4.266667e-06,7.25e-05,14.19523237,86.09785394,7.338215674
4.8e-06,0.000132012,4.266667e-06,7.68e-05,14.80734545,85.97418487,7.8941408399999995
4.8e-06,0.000132012,4.266667e-06,8.11e-05,15.39195131,85.84884994,8.394717449
4.8e-06,0.000132012,4.266667e-06,8.53e-05,15.95016504,85.71521872,8.844821381
4.8e-06,0.000132012,4.266667e-06,8.96e-05,16.48688313,85.58130268,9.255574301000001
4.8e-06,0.000132012,4.533333e-06,3.84e-05,6.918042987,100.6710491,3.4653428429999997
4.8e-06,0.000132012,4.533333e-06,4.27e-05,8.006197781,97.69848001,3.980862407
4.8e-06,0.000132012,4.533333e-06,4.69e-05,8.990958731,94.95810227,4.390575613
4.8e-06,0.000132012,4.533333e-06,5.12e-05,9.891782665,93.11850509,4.875940655
4.8e-06,0.000132012,4.533333e-06,5.55e-05,10.72344122,92.11745075,5.427966251
4.8e-06,0.000132012,4.533333e-06,5.97e-05,11.49717282,91.16717062,5.896409601
4.8e-06,0.000132012,4.533333e-06,6.4e-05,12.22173335,90.25986836,6.299838953
4.8e-06,0.000132012,4.533333e-06,6.83e-05,12.90361882,89.39241211,6.651228105
4.8e-06,0.000132012,4.533333e-06,7.25e-05,13.54974905,88.65415701,7.0094466440000005
4.8e-06,0.000132012,4.533333e-06,7.68e-05,14.16366823,88.50447395,7.598023951
4.8e-06,0.000132012,4.533333e-06,8.11e-05,14.74941163,88.35086349,8.126143648
4.8e-06,0.000132012,4.533333e-06,8.53e-05,15.31084484,88.19566463,8.604490293
4.8e-06,0.000132012,4.533333e-06,8.96e-05,15.84900965,88.03421731,9.037306905
4.8e-06,0.000132012,4e-06,3.84e-05,36.12961741,99.78428897,51.62294572
4.8e-06,0.000132012,4e-06,4.27e-05,40.81247288,95.55962741,65.31442596
4.8e-06,0.000132012,4e-06,4.69e-05,45.81942512,91.26741242,76.56203739
4.8e-06,0.000132012,4e-06,5.12e-05,49.56093389,87.98240256,84.96358514
4.8e-06,0.000132012,4e-06,5.55e-05,52.00658183,85.44299255,93.98744640999999
4.8e-06,0.000132012,4e-06,5.97e-05,53.57211893,82.2651766,100.87205940000001
4.8e-06,0.000132012,4e-06,6.4e-05,54.55122581,78.36254988,106.28878929999999
4.8e-06,0.000132012,4e-06,6.83e-05,55.15367858,74.23553563,110.6671144
4.8e-06,0.000132012,4e-06,7.25e-05,55.52462503,70.39929865,114.2088203
4.8e-06,0.000132012,4e-06,7.68e-05,55.7487754,67.06029837,117.0597555
4.8e-06,0.000132012,4e-06,8.11e-05,55.87479338,64.21054186,119.34975990000001
4.8e-06,0.000132012,4e-06,8.53e-05,55.93045767,61.77588115,121.19078259999999
4.8e-06,0.000132012,4e-06,8.96e-05,55.93148027,59.67915809,122.6719642
4.8e-06,0.000132012,5.6e-06,3.84e-05,35.89246686,100.2293013,54.26080587
4.8e-06,0.000132012,5.6e-06,4.27e-05,40.78637405,94.91136616,69.97774740000001
4.8e-06,0.000132012,5.6e-06,4.69e-05,45.91187664,90.09281146,81.00779109999999
4.8e-06,0.000132012,5.6e-06,5.12e-05,49.58384467,87.07935337,91.65470544
4.8e-06,0.000132012,5.6e-06,5.55e-05,51.93417833,84.32112377,100.2637322
4.8e-06,0.000132012,5.6e-06,5.97e-05,53.42359008,81.03249474,106.82652879999999
4.8e-06,0.000132012,5.6e-06,6.4e-05,54.35160669,77.17190835,111.95414670000001
4.8e-06,0.000132012,5.6e-06,6.83e-05,54.92837225,73.16266851,116.03763559999999
4.8e-06,0.000132012,5.6e-06,7.25e-05,55.28887155,69.4472981,119.3084983
4.8e-06,0.000132012,5.6e-06,7.68e-05,55.51192846,66.20046253,121.93093259999999
4.8e-06,0.000132012,5.6e-06,8.11e-05,55.64273818,63.41283523,124.03641040000001
4.8e-06,0.000132012,5.6e-06,8.53e-05,55.70722519,61.01698206,125.7308112
4.8e-06,0.000132012,5.6e-06,8.96e-05,55.72021423,59.18549521,128.2471723
4.8e-06,0.000132012,5.066667e-06,3.84e-05,35.72322151,100.3299926,57.28879875
4.8e-06,0.000132012,5.066667e-06,4.27e-05,40.78474028,94.27376277,73.51400887999999
4.8e-06,0.000132012,5.066667e-06,4.69e-05,45.98477421,89.2152586,85.07686887999999
4.8e-06,0.000132012,5.066667e-06,5.12e-05,49.58909976,86.2538678,96.60480537000001
4.8e-06,0.000132012,5.066667e-06,5.55e-05,51.86697895,83.31433257,104.9257369
4.8e-06,0.000132012,5.066667e-06,5.97e-05,53.29674142,79.93467456,111.27390679999999
4.8e-06,0.000132012,5.066667e-06,6.4e-05,54.18711067,76.09772048,116.2064409
4.8e-06,0.000132012,5.066667e-06,6.83e-05,54.74480033,72.17667124,120.089975
4.8e-06,0.000132012,5.066667e-06,7.25e-05,55.09768671,68.55535922,123.1737217
4.8e-06,0.000132012,5.066667e-06,7.68e-05,55.3201241,65.3822791,125.6357169
4.8e-06,0.000132012,5.066667e-06,8.11e-05,55.45470749,63.00156528,129.0833516
4.8e-06,0.000132012,5.066667e-06,8.53e-05,55.52597066,60.96610469,132.14807059999998
4.8e-06,0.000132012,5.066667e-06,8.96e-05,55.5480646,59.18178936,134.70808730000002
4.8e-06,0.0003889991,5.333333e-06,3.84e-05,19.01848326,85.5700111,11.85356975
4.8e-06,0.0003889991,5.333333e-06,4.27e-05,20.28353534,86.83728524,13.32851426
4.8e-06,0.0003889991,5.333333e-06,4.69e-05,21.46352712,88.0066178,14.572632109999999
4.8e-06,0.0003889991,5.333333e-06,5.12e-05,22.57867226,89.10757601,15.64106792
4.8e-06,0.0003889991,5.333333e-06,5.55e-05,23.64474192,90.31789706,17.50710196
4.8e-06,0.0003889991,5.333333e-06,5.97e-05,24.67460615,91.42752096,19.409707309999998
4.8e-06,0.0003889991,5.333333e-06,6.4e-05,25.6780687,92.41313776,21.12094479
4.8e-06,0.0003889991,5.333333e-06,6.83e-05,26.66849468,93.29308683,22.67531964
4.8e-06,0.0003889991,5.333333e-06,7.25e-05,27.65147903,94.06166986,24.228657039999998
4.8e-06,0.0003889991,5.333333e-06,7.68e-05,28.63616472,94.31580888,27.224091870000002
4.8e-06,0.0003889991,5.333333e-06,8.11e-05,29.63568788,94.36213746,30.0003854
4.8e-06,0.0003889991,5.333333e-06,8.53e-05,30.6566382,94.22524187,32.57936245
4.8e-06,0.0003889991,5.333333e-06,8.96e-05,31.71034244,93.91836009,34.98535114
4.8e-06,0.0003889991,2.4e-06,3.84e-05,18.7636216,86.54645524,11.7559872
4.8e-06,0.0003889991,2.4e-06,4.27e-05,20.03081616,87.78202428,13.261968060000001
4.8e-06,0.0003889991,2.4e-06,4.69e-05,21.21334778,88.92502048,14.531107539999999
4.8e-06,0.0003889991,2.4e-06,5.12e-05,22.33147101,90.00402301,15.62011998
4.8e-06,0.0003889991,2.4e-06,5.55e-05,23.40101418,91.18867189,17.50155233
4.8e-06,0.0003889991,2.4e-06,5.97e-05,24.43492026,92.28090891,19.441562100000002
4.8e-06,0.0003889991,2.4e-06,6.4e-05,25.44154262,93.25568532,21.183680719999998
4.8e-06,0.0003889991,2.4e-06,6.83e-05,26.43887432,94.12320856,22.76868798
4.8e-06,0.0003889991,2.4e-06,7.25e-05,27.42691639,94.84868592,24.50104296
4.8e-06,0.0003889991,2.4e-06,7.68e-05,28.42200882,95.05493164,27.56415895
4.8e-06,0.0003889991,2.4e-06,8.11e-05,29.42929642,95.06038508,30.39480611
4.8e-06,0.0003889991,2.4e-06,8.53e-05,30.45386651,94.89150374,33.01543416
4.8e-06,0.0003889991,2.4e-06,8.96e-05,31.52708689,94.5260038,35.47853403
4.8e-06,0.0003889991,2.666667e-06,3.84e-05,18.14407819,88.83405895,11.488118009999999
4.8e-06,0.0003889991,2.666667e-06,4.27e-05,19.41698868,89.99834818,13.07289269
4.8e-06,0.0003889991,2.666667e-06,4.69e-05,20.60618769,91.08197313,14.40568898
4.8e-06,0.0003889991,2.666667e-06,5.12e-05,21.7320543,92.11132481,15.547171650000001
4.8e-06,0.0003889991,2.666667e-06,5.55e-05,22.8105727,93.23689731,17.441956920000003
4.8e-06,0.0003889991,2.666667e-06,5.97e-05,23.85488384,94.29423073,19.47738855
4.8e-06,0.0003889991,2.666667e-06,6.4e-05,24.87631509,95.23879621,21.30634042
4.8e-06,0.0003889991,2.666667e-06,6.83e-05,25.88287241,96.09542163,22.9596503
4.8e-06,0.0003889991,2.666667e-06,7.25e-05,26.89103136,96.70748622,25.10965825
4.8e-06,0.0003889991,2.666667e-06,7.68e-05,27.90374597,96.82306465,28.32892741
4.8e-06,0.0003889991,2.666667e-06,8.11e-05,28.93145498,96.73697986,31.30089343
4.8e-06,0.0003889991,2.666667e-06,8.53e-05,29.99143891,96.4527476,34.066848840000006
4.8e-06,0.0003889991,2.666667e-06,8.96e-05,31.09118335,95.85229519,36.976362689999995
4.8e-06,0.0003889991,2.933333e-06,3.84e-05,17.67090694,90.50315597,11.25570194
4.8e-06,0.0003889991,2.933333e-06,4.27e-05,18.94831076,91.61869789,12.90355986
4.8e-06,0.0003889991,2.933333e-06,4.69e-05,20.14320218,92.66073737,14.28791929
4.8e-06,0.0003889991,2.933333e-06,5.12e-05,21.275552,93.65526881,15.4719707
4.8e-06,0.0003889991,2.933333e-06,5.55e-05,22.36149867,94.73885612,17.35579997
4.8e-06,0.0003889991,2.933333e-06,5.97e-05,23.41435881,95.776005,19.46858294
4.8e-06,0.0003889991,2.933333e-06,6.4e-05,24.44567222,96.70688263,21.365373379999998
4.8e-06,0.0003889991,2.933333e-06,6.83e-05,25.46596811,97.55148856,23.08121833
4.8e-06,0.0003889991,2.933333e-06,7.25e-05,26.48438874,98.09284015,25.51659307
4.8e-06,0.0003889991,2.933333e-06,7.68e-05,27.51384598,98.144291,28.8691298
4.8e-06,0.0003889991,2.933333e-06,8.11e-05,28.56066541,97.99566223,31.964320949999998
4.8e-06,0.0003889991,2.933333e-06,8.53e-05,29.6425435,97.63748597,34.83461184
4.8e-06,0.0003889991,2.933333e-06,8.96e-05,30.76189647,96.57707395,38.69212167
4.8e-06,0.0003889991,3.2e-06,3.84e-05,17.07766434,92.5091255,10.933663939999999
4.8e-06,0.0003889991,3.2e-06,4.27e-05,18.36214238,93.56721667,12.6656014
4.8e-06,0.0003889991,3.2e-06,4.69e-05,19.56212225,94.56628474,14.11534661
4.8e-06,0.0003889991,3.2e-06,5.12e-05,20.70365122,95.51993048,15.35634796
4.8e-06,0.0003889991,3.2e-06,5.55e-05,21.79985666,96.55397432,17.204062620000002
4.8e-06,0.0003889991,3.2e-06,5.97e-05,22.8643487,97.57285462,19.41982575
4.8e-06,0.0003889991,3.2e-06,6.4e-05,23.90898777,98.49329733,21.40690758
4.8e-06,0.0003889991,3.2e-06,6.83e-05,24.94465561,99.33363634,23.202615989999998
4.8e-06,0.0003889991,3.2e-06,7.25e-05,25.98195191,99.7885395,25.982719550000002
4.8e-06,0.0003889991,3.2e-06,7.68e-05,27.03087466,99.77538286,29.50694992
4.8e-06,0.0003889991,3.2e-06,8.11e-05,28.10050754,99.55389215,32.7537205
4.8e-06,0.0003889991,3.2e-06,8.53e-05,29.21397243,99.11444952,35.77608233
4.8e-06,0.0003889991,3.2e-06,8.96e-05,30.37416692,97.37118745,40.868824
4.8e-06,0.0003889991,3.466667e-06,3.84e-05,8.751542406,89.05039351,4.043532577
4.8e-06,0.0003889991,3.466667e-06,4.27e-05,9.838386216,86.37254873,4.4577755329999995
4.8e-06,0.0003889991,3.466667e-06,4.69e-05,10.82100271,84.88828112,5.015322815
4.8e-06,0.0003889991,3.466667e-06,5.12e-05,11.71875819,83.96057556,5.566609936
4.8e-06,0.0003889991,3.466667e-06,5.55e-05,12.54784342,83.10709326,6.027625933
4.8e-06,0.0003889991,3.466667e-06,5.97e-05,13.31841044,82.31519864,6.419890825
4.8e-06,0.0003889991,3.466667e-06,6.4e-05,14.03935203,81.57334887,6.758668693
4.8e-06,0.0003889991,3.466667e-06,6.83e-05,14.71772231,81.17758219,7.213417495
4.8e-06,0.0003889991,3.466667e-06,7.25e-05,15.35959398,81.12816763,7.780416201
4.8e-06,0.0003889991,3.466667e-06,7.68e-05,15.96927038,81.06583696,8.2850302
4.8e-06,0.0003889991,3.466667e-06,8.11e-05,16.54915673,80.99555387,8.736695812999999
4.8e-06,0.0003889991,3.466667e-06,8.53e-05,17.104882,80.9250298,9.147509846999998
4.8e-06,0.0003889991,3.466667e-06,8.96e-05,17.63794344,80.85171081,9.521652267999999
4.8e-06,0.0003889991,3.733333e-06,3.84e-05,8.04616954,93.66205952,3.826739088
4.8e-06,0.0003889991,3.733333e-06,4.27e-05,9.133330407,90.85498931,4.278550514000001
4.8e-06,0.0003889991,3.733333e-06,4.69e-05,10.11648884,88.60101578,4.707107247000001
4.8e-06,0.0003889991,3.733333e-06,5.12e-05,11.01551314,87.6138598,5.301084972
4.8e-06,0.0003889991,3.733333e-06,5.55e-05,11.84424701,86.70376473,5.7959945920000004
4.8e-06,0.0003889991,3.733333e-06,5.97e-05,12.61631143,85.84480351,6.217440556
4.8e-06,0.0003889991,3.733333e-06,6.4e-05,13.33860048,85.03524987,6.580761733
4.8e-06,0.0003889991,3.733333e-06,6.83e-05,14.01830916,84.26784737,6.897841497000001
4.8e-06,0.0003889991,3.733333e-06,7.25e-05,14.66119135,84.12968969,7.476465289
4.8e-06,0.0003889991,3.733333e-06,7.68e-05,15.27255029,84.03621294,8.014488475
4.8e-06,0.0003889991,3.733333e-06,8.11e-05,15.85409744,83.93743815,8.495751181
4.8e-06,0.0003889991,3.733333e-06,8.53e-05,16.41142965,83.82649507,8.930932831
4.8e-06,0.0003889991,3.733333e-06,8.96e-05,16.94678613,83.71722222,9.3281179
4.8e-06,0.0003889991,4.8e-06,3.84e-05,7.0970552,99.58144805,3.500068518
4.8e-06,0.0003889991,4.8e-06,4.27e-05,8.185182841,96.65941965,4.006794103
4.8e-06,0.0003889991,4.8e-06,4.69e-05,9.169455506,93.97445123,4.409407411999999
4.8e-06,0.0003889991,4.8e-06,5.12e-05,10.06978441,92.24466813,4.903602447
4.8e-06,0.0003889991,4.8e-06,5.55e-05,10.90091198,91.26846566,5.448913377999999
4.8e-06,0.0003889991,4.8e-06,5.97e-05,11.67406578,90.34377492,5.911687248
4.8e-06,0.0003889991,4.8e-06,6.4e-05,12.39712381,89.46602764,6.309805132
4.8e-06,0.0003889991,4.8e-06,6.83e-05,13.07943358,88.62052187,6.657609137
4.8e-06,0.0003889991,4.8e-06,7.25e-05,13.72468241,87.91449029,7.015369449
4.8e-06,0.0003889991,4.8e-06,7.68e-05,14.33779011,87.77720151,7.598253801
4.8e-06,0.0003889991,4.8e-06,8.11e-05,14.92207793,87.64152396,8.121484832
4.8e-06,0.0003889991,4.8e-06,8.53e-05,15.48307344,87.49369043,8.595005752
4.8e-06,0.0003889991,4.8e-06,8.96e-05,16.02040358,87.34370901,9.023745007999999
4.8e-06,0.0003889991,4.266667e-06,3.84e-05,7.516687456,97.00349009,3.649561324
4.8e-06,0.0003889991,4.266667e-06,4.27e-05,8.604264741,94.12480443,4.131338379
4.8e-06,0.0003889991,4.266667e-06,4.69e-05,9.587973319,91.49699896,4.514423592
4.8e-06,0.0003889991,4.266667e-06,5.12e-05,10.48767381,90.23588382,5.084864152
4.8e-06,0.0003889991,4.266667e-06,5.55e-05,11.3180938,89.28452294,5.607659148
4.8e-06,0.0003889991,4.266667e-06,5.97e-05,12.08945241,88.3917098,6.0510163210000005
4.8e-06,0.0003889991,4.266667e-06,6.4e-05,12.81321695,87.53744722,6.434008002000001
4.8e-06,0.0003889991,4.266667e-06,6.83e-05,13.49419229,86.72497289,6.7678233070000005
4.8e-06,0.0003889991,4.266667e-06,7.25e-05,14.1382995,86.2763125,7.226529903
4.8e-06,0.0003889991,4.266667e-06,7.68e-05,14.75029535,86.15567751,7.7884910949999995
4.8e-06,0.0003889991,4.266667e-06,8.11e-05,15.33477976,86.03328925,8.294405198
4.8e-06,0.0003889991,4.266667e-06,8.53e-05,15.89286523,85.90245641,8.749208853
4.8e-06,0.0003889991,4.266667e-06,8.96e-05,16.4294506,85.7712488,9.164195778000002
4.8e-06,0.0003889991,4.533333e-06,3.84e-05,6.860757726,101.0071554,3.4123754649999998
4.8e-06,0.0003889991,4.533333e-06,4.27e-05,7.948837742,98.06784463,3.9334246409999998
4.8e-06,0.0003889991,4.533333e-06,4.69e-05,8.93351646,95.35479291,4.347454125
4.8e-06,0.0003889991,4.533333e-06,5.12e-05,9.834250769,93.35254414,4.797601766
4.8e-06,0.0003889991,4.533333e-06,5.55e-05,10.66581309,92.36397065,5.355947068
4.8e-06,0.0003889991,4.533333e-06,5.97e-05,11.43944236,91.42517773,5.829640674999999
4.8e-06,0.0003889991,4.533333e-06,6.4e-05,12.16389479,90.52850595,6.237515016
4.8e-06,0.0003889991,4.533333e-06,6.83e-05,12.84566754,89.67089431,6.592724208
4.8e-06,0.0003889991,4.533333e-06,7.25e-05,13.49167799,88.84405188,6.905759142
4.8e-06,0.0003889991,4.533333e-06,7.68e-05,14.10547235,88.669536,7.4864638459999995
4.8e-06,0.0003889991,4.533333e-06,8.11e-05,14.69108565,88.51940574,8.020249806
4.8e-06,0.0003889991,4.533333e-06,8.53e-05,15.25238395,88.36758294,8.503658503
4.8e-06,0.0003889991,4.533333e-06,8.96e-05,15.79040661,88.20935131,8.940980623
4.8e-06,0.0003889991,4e-06,3.84e-05,36.05522036,100.0696501,50.88644771
4.8e-06,0.0003889991,4e-06,4.27e-05,40.72431902,96.00896505,64.20356868
4.8e-06,0.0003889991,4e-06,4.69e-05,45.73179115,91.78725407,75.58505566
4.8e-06,0.0003889991,4e-06,5.12e-05,49.48699616,88.44320672,83.52488228
4.8e-06,0.0003889991,4e-06,5.55e-05,51.94286302,85.95560665,92.65748612
4.8e-06,0.0003889991,4e-06,5.97e-05,53.51605648,82.81829747,99.63256956000001
4.8e-06,0.0003889991,4e-06,6.4e-05,54.50111007,78.93013923,105.135032
4.8e-06,0.0003889991,4e-06,6.83e-05,55.10738185,74.79455234,109.598758
4.8e-06,0.0003889991,4e-06,7.25e-05,55.48090699,70.9390147,113.2194839
4.8e-06,0.0003889991,4e-06,7.68e-05,55.70687988,67.58025469,116.1388845
4.8e-06,0.0003889991,4e-06,8.11e-05,55.83428351,64.71390128,118.4861874
4.8e-06,0.0003889991,4e-06,8.53e-05,55.89109718,62.26615489,120.374624
4.8e-06,0.0003889991,4e-06,8.96e-05,55.89316285,60.15922778,121.8950615
4.8e-06,0.0003889991,5.6e-06,3.84e-05,35.81506135,100.5369511,53.51495755
4.8e-06,0.0003889991,5.6e-06,4.27e-05,40.69442624,95.40457582,68.87751539
4.8e-06,0.0003889991,5.6e-06,4.69e-05,45.8230008,90.65692733,80.04327556999999
4.8e-06,0.0003889991,5.6e-06,5.12e-05,49.50965412,87.58118242,90.25487364
4.8e-06,0.0003889991,5.6e-06,5.55e-05,51.87053628,84.8777454,98.96705537000001
4.8e-06,0.0003889991,5.6e-06,5.97e-05,53.36764412,81.62974558,105.61596329999999
4.8e-06,0.0003889991,5.6e-06,6.4e-05,54.30124304,77.78313762,110.8261358
4.8e-06,0.0003889991,5.6e-06,6.83e-05,54.8816467,73.76422922,114.9915458
4.8e-06,0.0003889991,5.6e-06,7.25e-05,55.24459781,70.02867464,118.33819220000001
4.8e-06,0.0003889991,5.6e-06,7.68e-05,55.46939011,66.76129673,121.0264625
4.8e-06,0.0003889991,5.6e-06,8.11e-05,55.60152086,63.95637663,123.1872611
4.8e-06,0.0003889991,5.6e-06,8.53e-05,55.66710246,61.54684163,124.9276336
4.8e-06,0.0003889991,5.6e-06,8.96e-05,55.68108071,59.54923942,126.7499312
4.8e-06,0.0003889991,5.066667e-06,3.84e-05,35.64325123,100.7616309,55.985199460000004
4.8e-06,0.0003889991,5.066667e-06,4.27e-05,40.68967538,94.80250404,72.42125526000001
4.8e-06,0.0003889991,5.066667e-06,4.69e-05,45.89479862,89.69221557,83.55599907999999
4.8e-06,0.0003889991,5.066667e-06,5.12e-05,49.51444772,86.78972924,95.2324316
4.8e-06,0.0003889991,5.066667e-06,5.55e-05,51.80336922,83.90691791,103.6523713
4.8e-06,0.0003889991,5.066667e-06,5.97e-05,53.24082775,80.56785077,110.0834418
4.8e-06,0.0003889991,5.066667e-06,6.4e-05,54.13651772,76.74424526,115.0962939
4.8e-06,0.0003889991,5.066667e-06,6.83e-05,54.69771069,72.81263018,119.0592478
4.8e-06,0.0003889991,5.066667e-06,7.25e-05,55.05295561,69.17043631,122.2164476
4.8e-06,0.0003889991,5.066667e-06,7.68e-05,55.27706469,65.97618979,124.74237509999999
4.8e-06,0.0003889991,5.066667e-06,8.11e-05,55.412922,63.40183164,127.52256059999999
4.8e-06,0.0003889991,5.066667e-06,8.53e-05,55.48523995,61.3584632,130.641631
4.8e-06,0.0003889991,5.066667e-06,8.96e-05,55.50828406,59.566983,133.24851909999998
4.8e-06,4.48e-05,5.333333e-06,3.84e-05,19.16479599,85.24269993,12.26247976
4.8e-06,4.48e-05,5.333333e-06,4.27e-05,20.4309666,86.53004075,13.70223383
4.8e-06,4.48e-05,5.333333e-06,4.69e-05,21.6122216,87.71878756,14.91808208
4.8e-06,4.48e-05,5.333333e-06,5.12e-05,22.72879304,88.87169536,16.1091173
4.8e-06,4.48e-05,5.333333e-06,5.55e-05,23.79647662,90.14322927,18.200367989999997
4.8e-06,4.48e-05,5.333333e-06,5.97e-05,24.82817404,91.25668687,20.06756748
4.8e-06,4.48e-05,5.333333e-06,6.4e-05,25.83373006,92.24588905,21.74757612
4.8e-06,4.48e-05,5.333333e-06,6.83e-05,26.82655931,93.12930031,23.27391584
4.8e-06,4.48e-05,5.333333e-06,7.25e-05,27.81232719,93.72816857,25.54692873
4.8e-06,4.48e-05,5.333333e-06,7.68e-05,28.80021702,93.93631074,28.490487820000002
4.8e-06,4.48e-05,5.333333e-06,8.11e-05,29.80356829,93.93394204,31.21870626
4.8e-06,4.48e-05,5.333333e-06,8.53e-05,30.82902511,93.74596477,33.75297093
4.8e-06,4.48e-05,5.333333e-06,8.96e-05,31.88810531,93.38558852,36.11710822
4.8e-06,4.48e-05,2.4e-06,3.84e-05,18.91097755,86.23532591,12.17244504
4.8e-06,4.48e-05,2.4e-06,4.27e-05,20.17931606,87.49048063,13.64229047
4.8e-06,4.48e-05,2.4e-06,4.69e-05,21.36314092,88.65256314,14.8823552
4.8e-06,4.48e-05,2.4e-06,5.12e-05,22.48272602,89.77771212,16.073390800000002
4.8e-06,4.48e-05,2.4e-06,5.55e-05,23.55392551,91.02713906,18.206403390000002
4.8e-06,4.48e-05,2.4e-06,5.97e-05,24.58971554,92.12363329,20.10977729
4.8e-06,4.48e-05,2.4e-06,6.4e-05,25.59849298,93.10248144,21.81961422
4.8e-06,4.48e-05,2.4e-06,6.83e-05,26.59830295,93.97383771,23.37548975
4.8e-06,4.48e-05,2.4e-06,7.25e-05,27.58923947,94.51743349,25.83971976
4.8e-06,4.48e-05,2.4e-06,7.68e-05,28.58765079,94.67679079,28.84861205
4.8e-06,4.48e-05,2.4e-06,8.11e-05,29.59888427,94.63266793,31.62925499
4.8e-06,4.48e-05,2.4e-06,8.53e-05,30.62810302,94.4118698,34.20372861
4.8e-06,4.48e-05,2.4e-06,8.96e-05,31.70694583,93.87352868,36.93509733
4.8e-06,4.48e-05,2.666667e-06,3.84e-05,18.29411412,88.56226178,11.92423007
4.8e-06,4.48e-05,2.666667e-06,4.27e-05,19.5682379,89.7450122,13.47040497
4.8e-06,4.48e-05,2.666667e-06,4.69e-05,20.75881176,90.84693549,14.77203285
4.8e-06,4.48e-05,2.666667e-06,5.12e-05,21.8862367,91.90485777,15.9375455
4.8e-06,4.48e-05,2.666667e-06,5.55e-05,22.96652599,93.10875877,18.176910879999998
4.8e-06,4.48e-05,2.666667e-06,5.97e-05,24.01285808,94.17141527,20.172494399999998
4.8e-06,4.48e-05,2.666667e-06,6.4e-05,25.03660811,95.12102169,21.96611284
4.8e-06,4.48e-05,2.666667e-06,6.83e-05,26.0458498,95.98271721,23.587825510000002
4.8e-06,4.48e-05,2.666667e-06,7.25e-05,27.05711745,96.3849197,26.50089473
4.8e-06,4.48e-05,2.666667e-06,7.68e-05,28.07348988,96.45166223,29.66061984
4.8e-06,4.48e-05,2.666667e-06,8.11e-05,29.10544694,96.31379452,32.577388670000005
4.8e-06,4.48e-05,2.666667e-06,8.53e-05,30.17062494,95.9741702,35.29166552
4.8e-06,4.48e-05,2.666667e-06,8.96e-05,31.27656012,94.81140579,39.32211213
4.8e-06,4.48e-05,2.933333e-06,3.84e-05,17.82312124,90.26130757,11.70809015
4.8e-06,4.48e-05,2.933333e-06,4.27e-05,19.10181066,91.39448759,13.31532719
4.8e-06,4.48e-05,2.933333e-06,4.69e-05,20.29814833,92.45422763,14.66677851
4.8e-06,4.48e-05,2.933333e-06,5.12e-05,21.43214051,93.46726646,15.823395869999999
4.8e-06,4.48e-05,2.933333e-06,5.55e-05,22.51995758,94.63744651,18.11563039
4.8e-06,4.48e-05,2.933333e-06,5.97e-05,23.57495732,95.68077386,20.18588927
4.8e-06,4.48e-05,2.933333e-06,6.4e-05,24.60873211,96.61754884,22.04491255
4.8e-06,4.48e-05,2.933333e-06,6.83e-05,25.63187877,97.46799789,23.72682761
4.8e-06,4.48e-05,2.933333e-06,7.25e-05,26.653632,97.77995485,26.951635
4.8e-06,4.48e-05,2.933333e-06,7.68e-05,27.68699289,97.78102155,30.239789899999998
4.8e-06,4.48e-05,2.933333e-06,8.11e-05,28.73816011,97.57896571,33.2748262
4.8e-06,4.48e-05,2.933333e-06,8.53e-05,29.82587615,97.16251072,36.089700119999996
4.8e-06,4.48e-05,2.933333e-06,8.96e-05,30.95188666,95.46703508,41.094485060000004
4.8e-06,4.48e-05,3.2e-06,3.84e-05,17.2328195,92.30453259,11.408091019999999
4.8e-06,4.48e-05,3.2e-06,4.27e-05,18.5186798,93.37925197,13.09662606
4.8e-06,4.48e-05,3.2e-06,4.69e-05,19.72019372,94.39544063,14.51118381
4.8e-06,4.48e-05,3.2e-06,5.12e-05,20.86348512,95.3670399,15.72270852
4.8e-06,4.48e-05,3.2e-06,5.55e-05,21.96170255,96.48741424,17.99749271
4.8e-06,4.48e-05,3.2e-06,5.97e-05,23.02850251,97.51360613,20.16707621
4.8e-06,4.48e-05,3.2e-06,6.4e-05,24.07580478,98.44108447,22.113076059999997
4.8e-06,4.48e-05,3.2e-06,6.83e-05,25.11456689,99.28840292,23.87182657
4.8e-06,4.48e-05,3.2e-06,7.25e-05,26.15548796,99.4912511,27.47663227
4.8e-06,4.48e-05,3.2e-06,7.68e-05,27.20869537,99.42576746,30.93017548
4.8e-06,4.48e-05,3.2e-06,8.11e-05,28.28350488,99.14766667,34.11156135
4.8e-06,4.48e-05,3.2e-06,8.53e-05,29.40298647,98.29890918,37.85335459
4.8e-06,4.48e-05,3.2e-06,8.96e-05,30.57059043,96.17152832,43.34720743
4.8e-06,4.48e-05,3.466667e-06,3.84e-05,8.900869481,87.870919,4.164886096
4.8e-06,4.48e-05,3.466667e-06,4.27e-05,9.987888642,85.14886597,4.566265133000001
4.8e-06,4.48e-05,3.466667e-06,4.69e-05,10.97070217,84.06823242,5.215011897
4.8e-06,4.48e-05,3.466667e-06,5.12e-05,11.86867076,83.11962022,5.748204274
4.8e-06,4.48e-05,3.466667e-06,5.55e-05,12.69798849,82.24755226,6.194606242
4.8e-06,4.48e-05,3.466667e-06,5.97e-05,13.4688022,81.4389857,6.574792363
4.8e-06,4.48e-05,3.466667e-06,6.4e-05,14.19000356,80.68202846,6.903387279
4.8e-06,4.48e-05,3.466667e-06,6.83e-05,14.86864646,80.59181958,7.5067427879999995
4.8e-06,4.48e-05,3.466667e-06,7.25e-05,15.5108006,80.5372757,8.056734226
4.8e-06,4.48e-05,3.466667e-06,7.68e-05,16.12077391,80.46989033,8.546653422
4.8e-06,4.48e-05,3.466667e-06,8.11e-05,16.70097389,80.39476373,8.985511247
4.8e-06,4.48e-05,3.466667e-06,8.53e-05,17.25702225,80.31948702,9.384888116
4.8e-06,4.48e-05,3.466667e-06,8.96e-05,17.79041863,80.24161549,9.748805143999999
4.8e-06,4.48e-05,3.733333e-06,3.84e-05,8.198292838,92.56820501,3.956155208
4.8e-06,4.48e-05,3.733333e-06,4.27e-05,9.285638891,89.69771122,4.394341663
4.8e-06,4.48e-05,3.733333e-06,4.69e-05,10.26900511,87.85829679,4.918928563
4.8e-06,4.48e-05,3.733333e-06,5.12e-05,11.16825637,86.84298813,5.493733863
4.8e-06,4.48e-05,3.733333e-06,5.55e-05,11.9972304,85.90785198,5.973150979000001
4.8e-06,4.48e-05,3.733333e-06,5.97e-05,12.76955616,85.02599226,6.3817432929999995
4.8e-06,4.48e-05,3.733333e-06,6.4e-05,13.4921201,84.19558166,6.734214236
4.8e-06,4.48e-05,3.733333e-06,6.83e-05,14.1721168,83.6917682,7.184257381
4.8e-06,4.48e-05,3.733333e-06,7.25e-05,14.8153003,83.59167631,7.768475552
4.8e-06,4.48e-05,3.733333e-06,7.68e-05,15.42697215,83.49106927,8.290768521
4.8e-06,4.48e-05,3.733333e-06,8.11e-05,16.00884133,83.38553841,8.758282965
4.8e-06,4.48e-05,3.733333e-06,8.53e-05,16.56652182,83.2679615,9.181291362
4.8e-06,4.48e-05,3.733333e-06,8.96e-05,17.10223521,83.15230792,9.567518473
4.8e-06,4.48e-05,4.8e-06,3.84e-05,7.25326235,98.60882699,3.641582653
4.8e-06,4.48e-05,4.8e-06,4.27e-05,8.341591576,95.6004871,4.133537662
4.8e-06,4.48e-05,4.8e-06,4.69e-05,9.326090116,92.84582453,4.524634064000001
4.8e-06,4.48e-05,4.8e-06,5.12e-05,10.22666537,91.56664855,5.1129147029999995
4.8e-06,4.48e-05,4.8e-06,5.55e-05,11.05805752,90.55754548,5.641368675
4.8e-06,4.48e-05,4.8e-06,5.97e-05,11.83149267,89.60267366,6.090145392
4.8e-06,4.48e-05,4.8e-06,6.4e-05,12.55484346,88.69720513,6.476429625
4.8e-06,4.48e-05,4.8e-06,6.83e-05,13.23746848,87.82583848,6.814042209
4.8e-06,4.48e-05,4.8e-06,7.25e-05,13.88304591,87.44577921,7.330915774
4.8e-06,4.48e-05,4.8e-06,7.68e-05,14.49649637,87.29893668,7.8966793289999995
4.8e-06,4.48e-05,4.8e-06,8.11e-05,15.08114469,87.15406826,8.404803884
4.8e-06,4.48e-05,4.8e-06,8.53e-05,15.64250429,86.9972739,8.864872956000001
4.8e-06,4.48e-05,4.8e-06,8.96e-05,16.18022687,86.83875721,9.281627062999998
4.8e-06,4.48e-05,4.266667e-06,3.84e-05,7.671041276,95.97662106,3.785543148
4.8e-06,4.48e-05,4.266667e-06,4.27e-05,8.758812488,93.02129413,4.253074375
4.8e-06,4.48e-05,4.266667e-06,4.69e-05,9.742738391,90.56983598,4.679281940999999
4.8e-06,4.48e-05,4.266667e-06,5.12e-05,10.6426761,89.51709711,5.286552008
4.8e-06,4.48e-05,4.266667e-06,5.55e-05,11.47335093,88.53608765,5.793107942
4.8e-06,4.48e-05,4.266667e-06,5.97e-05,12.244976,87.61636938,6.223009642
4.8e-06,4.48e-05,4.266667e-06,6.4e-05,12.96902942,86.73716972,6.59460164
4.8e-06,4.48e-05,4.266667e-06,6.83e-05,13.65030686,85.90250598,6.918998281
4.8e-06,4.48e-05,4.266667e-06,7.25e-05,14.29472965,85.77725983,7.531306492
4.8e-06,4.48e-05,4.266667e-06,7.68e-05,14.90705499,85.64812203,8.07681607
4.8e-06,4.48e-05,4.266667e-06,8.11e-05,15.49188046,85.51746509,8.568181346000001
4.8e-06,4.48e-05,4.266667e-06,8.53e-05,16.05032675,85.37877016,9.010174022
4.8e-06,4.48e-05,4.266667e-06,8.96e-05,16.58728518,85.23994595,9.413618532
4.8e-06,4.48e-05,4.533333e-06,3.84e-05,7.018042124,100.0653819,3.557135554
4.8e-06,4.48e-05,4.533333e-06,4.27e-05,8.106332304,97.03469827,4.063113279
4.8e-06,4.48e-05,4.533333e-06,4.69e-05,9.091242196,94.24695044,4.465377812
4.8e-06,4.48e-05,4.533333e-06,5.12e-05,9.992228439,92.69728032,5.011398497
4.8e-06,4.48e-05,4.533333e-06,5.55e-05,10.82406126,91.67407953,5.552523639
4.8e-06,4.48e-05,4.533333e-06,5.97e-05,11.59797817,90.70342422,6.011910275
4.8e-06,4.48e-05,4.533333e-06,6.4e-05,12.32273444,89.77727661,6.407671058
4.8e-06,4.48e-05,4.533333e-06,6.83e-05,13.00482391,88.89238031,6.752468807
4.8e-06,4.48e-05,4.533333e-06,7.25e-05,13.65117112,88.36378902,7.213338392
4.8e-06,4.48e-05,4.533333e-06,7.68e-05,14.26531641,88.20758988,7.790828858
4.8e-06,4.48e-05,4.533333e-06,8.11e-05,14.85129558,88.04768185,8.309174864000001
4.8e-06,4.48e-05,4.533333e-06,8.53e-05,15.41297276,87.88636723,8.778788736
4.8e-06,4.48e-05,4.533333e-06,8.96e-05,15.95139531,87.71908683,9.203832254
4.8e-06,4.48e-05,4e-06,3.84e-05,36.26121292,99.25721339,52.8968134
4.8e-06,4.48e-05,4e-06,4.27e-05,40.96886713,94.73765921,67.23225992
4.8e-06,4.48e-05,4e-06,4.69e-05,45.97422297,90.3185361,78.24770829
4.8e-06,4.48e-05,4e-06,5.12e-05,49.69106419,87.13793407,87.44153206
4.8e-06,4.48e-05,4e-06,5.55e-05,52.11831572,84.50653338,96.27489113
4.8e-06,4.48e-05,4e-06,5.97e-05,53.67005104,81.25803523,103.0001718
4.8e-06,4.48e-05,4e-06,6.4e-05,54.6385192,77.33147941,108.26591590000001
4.8e-06,4.48e-05,4e-06,6.83e-05,55.23412556,73.22118679,112.4947008
4.8e-06,4.48e-05,4e-06,7.25e-05,55.60044884,69.42000173,115.89889090000001
4.8e-06,4.48e-05,4e-06,7.68e-05,55.82132842,66.11648863,118.6311818
4.8e-06,4.48e-05,4e-06,8.11e-05,55.94485534,63.29650312,120.8221515
4.8e-06,4.48e-05,4e-06,8.53e-05,55.9984487,60.88539207,122.58135940000001
4.8e-06,4.48e-05,4e-06,8.96e-05,55.99758734,58.80714478,123.99488120000001
4.8e-06,4.48e-05,5.6e-06,3.84e-05,36.02942298,99.58494508,55.99258504
4.8e-06,4.48e-05,5.6e-06,4.27e-05,40.94950803,94.01036833,71.87551045000001
4.8e-06,4.48e-05,5.6e-06,4.69e-05,46.06878906,89.06462842,82.6706765
4.8e-06,4.48e-05,5.6e-06,5.12e-05,49.71429651,86.16157307,94.0629692
4.8e-06,4.48e-05,5.6e-06,5.55e-05,52.04565651,83.30638225,102.49123159999999
4.8e-06,4.48e-05,5.6e-06,5.97e-05,53.52120905,79.94724038,108.90232970000001
4.8e-06,4.48e-05,5.6e-06,6.4e-05,54.4392373,76.0639177,113.8845069
4.8e-06,4.48e-05,5.6e-06,6.83e-05,55.0094816,72.07346456,117.8246051
4.8e-06,4.48e-05,5.6e-06,7.25e-05,55.36558523,68.39473771,120.9636894
4.8e-06,4.48e-05,5.6e-06,7.68e-05,55.58552753,65.18476848,123.4721602
4.8e-06,4.48e-05,5.6e-06,8.11e-05,55.71396223,62.42813338,125.4821432
4.8e-06,4.48e-05,5.6e-06,8.53e-05,55.77647695,60.30304315,128.21583520000001
4.8e-06,4.48e-05,5.6e-06,8.96e-05,55.78767936,58.51763284,130.7982878
4.8e-06,4.48e-05,5.066667e-06,3.84e-05,35.86475606,99.54041752,59.538224799999995
4.8e-06,4.48e-05,5.066667e-06,4.27e-05,40.95341043,93.30887157,75.39754304
4.8e-06,4.48e-05,5.066667e-06,4.69e-05,46.14354746,88.3419329,87.69423197
4.8e-06,4.48e-05,5.066667e-06,5.12e-05,49.72024961,85.27537599,98.96374611
4.8e-06,4.48e-05,5.066667e-06,5.55e-05,51.97830579,82.23575706,107.11114409999999
4.8e-06,4.48e-05,5.066667e-06,5.97e-05,53.39421995,78.78600565,113.31323
4.8e-06,4.48e-05,5.066667e-06,6.4e-05,54.27506813,74.92771954,118.1042038
4.8e-06,4.48e-05,5.066667e-06,6.83e-05,54.82647891,71.02714764,121.848751
4.8e-06,4.48e-05,5.066667e-06,7.25e-05,55.17513695,67.44373117,124.8048394
4.8e-06,4.48e-05,5.066667e-06,7.68e-05,55.394574,64.57908238,128.1952587
4.8e-06,4.48e-05,5.066667e-06,8.11e-05,55.52686701,62.26809517,131.74384890000002
4.8e-06,4.48e-05,5.066667e-06,8.53e-05,55.59622966,60.24740023,134.7142781
4.8e-06,4.48e-05,5.066667e-06,8.96e-05,55.61660753,58.47644888,137.1931223
5.333333e-06,0.000132012,5.333333e-06,3.84e-05,19.12024362,85.34465022,12.138941970000001
5.333333e-06,0.000132012,5.333333e-06,4.27e-05,20.38606548,86.62596226,13.58930867
5.333333e-06,0.000132012,5.333333e-06,4.69e-05,21.56692657,87.80888615,14.813684310000001
5.333333e-06,0.000132012,5.333333e-06,5.12e-05,22.68305318,88.92831521,15.88728057
5.333333e-06,0.000132012,5.333333e-06,5.55e-05,23.75023334,90.19862981,17.99081542
5.333333e-06,0.000132012,5.333333e-06,5.97e-05,24.78135883,91.31108272,19.86869959
5.333333e-06,0.000132012,5.333333e-06,6.4e-05,25.78626191,92.29936002,21.55813396
5.333333e-06,0.000132012,5.333333e-06,6.83e-05,26.77834074,93.18188844,23.09293547
5.333333e-06,0.000132012,5.333333e-06,7.25e-05,27.76323982,93.83350493,25.148383
5.333333e-06,0.000132012,5.333333e-06,7.68e-05,28.75012713,94.05609063,28.107619449999998
5.333333e-06,0.000132012,5.333333e-06,8.11e-05,29.75228387,94.06900677,30.850373100000002
5.333333e-06,0.000132012,5.333333e-06,8.53e-05,30.77633276,93.89706333,33.39815495
5.333333e-06,0.000132012,5.333333e-06,8.96e-05,31.83373227,93.55347663,35.77494414
5.333333e-06,0.000132012,2.4e-06,3.84e-05,18.86611748,86.33228738,12.04664618
5.333333e-06,0.000132012,2.4e-06,4.27e-05,20.13409929,87.5815652,13.52738789
5.333333e-06,0.000132012,2.4e-06,4.69e-05,21.31752084,88.73792901,14.77622177
5.333333e-06,0.000132012,2.4e-06,5.12e-05,22.43664998,89.83055307,15.84838349
5.333333e-06,0.000132012,2.4e-06,5.55e-05,23.50733277,91.07849147,17.993383100000003
5.333333e-06,0.000132012,2.4e-06,5.97e-05,24.54253498,92.17385431,19.90781148
5.333333e-06,0.000132012,2.4e-06,6.4e-05,25.55064052,93.15163087,21.62739099
5.333333e-06,0.000132012,2.4e-06,6.83e-05,26.5496763,94.02199456,23.192057809999998
5.333333e-06,0.000132012,2.4e-06,7.25e-05,27.53971039,94.62209964,25.43507413
5.333333e-06,0.000132012,2.4e-06,7.68e-05,28.53708341,94.79618517,28.460350920000003
5.333333e-06,0.000132012,2.4e-06,8.11e-05,29.54708426,94.76763038,31.256107699999998
5.333333e-06,0.000132012,2.4e-06,8.53e-05,30.57484591,94.56314195,33.844525759999996
5.333333e-06,0.000132012,2.4e-06,8.96e-05,31.65193519,94.15977458,36.27684313
5.333333e-06,0.000132012,2.666667e-06,3.84e-05,18.24846129,88.64709965,11.79254132
5.333333e-06,0.000132012,2.666667e-06,4.27e-05,19.52220666,89.82432812,13.35035215
5.333333e-06,0.000132012,2.666667e-06,4.69e-05,20.71235167,90.92078302,14.6613778
5.333333e-06,0.000132012,2.666667e-06,5.12e-05,21.83929045,91.96339754,15.78474532
5.333333e-06,0.000132012,2.666667e-06,5.55e-05,22.91902718,93.14982035,17.954875440000002
5.333333e-06,0.000132012,2.666667e-06,5.97e-05,23.96472854,94.21102602,19.96247902
5.333333e-06,0.000132012,2.666667e-06,6.4e-05,24.98775473,95.15927277,21.76675691
5.333333e-06,0.000132012,2.666667e-06,6.83e-05,25.996159,96.0196015,23.39800329
5.333333e-06,0.000132012,2.666667e-06,7.25e-05,27.006455,96.48697684,26.08051897
5.333333e-06,0.000132012,2.666667e-06,7.68e-05,28.02168499,96.56906981,29.25823407
5.333333e-06,0.000132012,2.666667e-06,8.11e-05,29.05231109,96.44748306,32.19167385
5.333333e-06,0.000132012,2.666667e-06,8.53e-05,30.11586743,96.12526062,34.92156842
5.333333e-06,0.000132012,2.666667e-06,8.96e-05,31.2198673,95.13674719,38.613792700000005
5.333333e-06,0.000132012,2.933333e-06,3.84e-05,17.77682196,90.33691625,11.571522060000001
5.333333e-06,0.000132012,2.933333e-06,4.27e-05,19.05511062,91.46483373,13.1910018
5.333333e-06,0.000132012,2.933333e-06,4.69e-05,20.25099708,92.51929515,14.55237314
5.333333e-06,0.000132012,2.933333e-06,5.12e-05,21.3844768,93.52680536,15.71726192
5.333333e-06,0.000132012,2.933333e-06,5.55e-05,22.47171014,94.67027195,17.88614154
5.333333e-06,0.000132012,2.933333e-06,5.97e-05,23.52604201,95.71189157,19.969224710000002
5.333333e-06,0.000132012,2.933333e-06,6.4e-05,24.55904829,96.64704991,21.839638960000002
5.333333e-06,0.000132012,2.933333e-06,6.83e-05,25.58130464,97.49590246,23.53178827
5.333333e-06,0.000132012,2.933333e-06,7.25e-05,26.60201723,97.87908262,26.518143239999997
5.333333e-06,0.000132012,2.933333e-06,7.68e-05,27.63415779,97.89599936,29.82574275
5.333333e-06,0.000132012,2.933333e-06,8.11e-05,28.68395403,97.71076662,32.87892815
5.333333e-06,0.000132012,2.933333e-06,8.53e-05,29.76985631,97.31261533,35.71056107
5.333333e-06,0.000132012,2.933333e-06,8.96e-05,30.89377921,95.81389021,40.369311450000005
5.333333e-06,0.000132012,3.2e-06,3.84e-05,17.18564531,92.36866195,11.26491517
5.333333e-06,0.000132012,3.2e-06,4.27e-05,18.47107463,93.43843764,12.96652749
5.333333e-06,0.000132012,3.2e-06,4.69e-05,19.67211003,94.44953257,14.39168948
5.333333e-06,0.000132012,3.2e-06,5.12e-05,20.81485137,95.41578061,15.61209881
5.333333e-06,0.000132012,3.2e-06,5.55e-05,21.91244073,96.50950161,17.75793409
5.333333e-06,0.000132012,3.2e-06,5.97e-05,22.97852009,97.53364489,19.94144025
5.333333e-06,0.000132012,3.2e-06,6.4e-05,24.02499064,98.4591645,21.899827170000002
5.333333e-06,0.000132012,3.2e-06,6.83e-05,25.06278614,99.30454538,23.66972196
5.333333e-06,0.000132012,3.2e-06,7.25e-05,26.10257451,99.58564873,27.02550508
5.333333e-06,0.000132012,3.2e-06,7.68e-05,27.15444299,99.53664114,30.500392190000003
5.333333e-06,0.000132012,3.2e-06,8.11e-05,28.22763776,99.27635389,33.701527909999996
5.333333e-06,0.000132012,3.2e-06,8.53e-05,29.34523243,98.62698501,37.061970130000006
5.333333e-06,0.000132012,3.2e-06,8.96e-05,30.51051789,96.54625969,42.59942142
5.333333e-06,0.000132012,3.466667e-06,3.84e-05,8.855396182,88.23605891,4.128146717
5.333333e-06,0.000132012,3.466667e-06,4.27e-05,9.942360681,85.52698881,4.533411096
5.333333e-06,0.000132012,3.466667e-06,4.69e-05,10.92511279,84.32241922,5.1546574220000005
5.333333e-06,0.000132012,3.466667e-06,5.12e-05,11.82301498,83.38011688,5.693310851
5.333333e-06,0.000132012,3.466667e-06,5.55e-05,12.65226024,82.51366416,6.144123603
5.333333e-06,0.000132012,3.466667e-06,5.97e-05,13.42299706,81.71013846,6.527955607
5.333333e-06,0.000132012,3.466667e-06,6.4e-05,14.14411745,80.95775175,6.85962446
5.333333e-06,0.000132012,3.466667e-06,6.83e-05,14.82267538,80.77331067,7.418113977
5.333333e-06,0.000132012,3.466667e-06,7.25e-05,15.4647418,80.72034516,7.973237448
5.333333e-06,0.000132012,3.466667e-06,7.68e-05,16.07462229,80.65452305,8.467590819
5.333333e-06,0.000132012,3.466667e-06,8.11e-05,16.65472446,80.58089811,8.910313901
5.333333e-06,0.000132012,3.466667e-06,8.53e-05,17.21067214,80.50709905,9.313142672
5.333333e-06,0.000132012,3.466667e-06,8.96e-05,17.74396407,80.43064651,9.680146077
5.333333e-06,0.000132012,3.733333e-06,3.84e-05,8.151995244,92.90732514,3.916987149
5.333333e-06,0.000132012,3.733333e-06,4.27e-05,9.239283557,90.05582044,4.3592866279999996
5.333333e-06,0.000132012,3.733333e-06,4.69e-05,10.222585,88.08870888,4.854929888
5.333333e-06,0.000132012,3.733333e-06,5.12e-05,11.1217655,87.08198407,5.435519127
5.333333e-06,0.000132012,3.733333e-06,5.55e-05,11.95066472,86.15448423,5.91961029
5.333333e-06,0.000132012,3.733333e-06,5.97e-05,12.72290898,85.27960929,6.3320807630000004
5.333333e-06,0.000132012,3.733333e-06,6.4e-05,13.44538722,84.45556056,6.687825706
5.333333e-06,0.000132012,3.733333e-06,6.83e-05,14.12529413,83.85628853,7.0906193250000005
5.333333e-06,0.000132012,3.733333e-06,7.25e-05,14.76838369,83.75846282,7.680270631
5.333333e-06,0.000132012,3.733333e-06,7.68e-05,15.37995821,83.66006809,8.207308819
5.333333e-06,0.000132012,3.733333e-06,8.11e-05,15.96172648,83.55663963,8.678970397
5.333333e-06,0.000132012,3.733333e-06,8.53e-05,16.5192986,83.44112754,9.105651661
5.333333e-06,0.000132012,3.733333e-06,8.96e-05,17.0549008,83.32746358,9.495185108
5.333333e-06,0.000132012,4.8e-06,3.84e-05,7.205755854,98.91095804,3.598771216
5.333333e-06,0.000132012,4.8e-06,4.27e-05,8.294022214,95.92880569,4.095181753
5.333333e-06,0.000132012,4.8e-06,4.69e-05,9.278450317,93.19516112,4.489752394
5.333333e-06,0.000132012,4.8e-06,5.12e-05,10.17894875,91.77713128,5.049693157
5.333333e-06,0.000132012,4.8e-06,5.55e-05,11.0102584,90.77813098,5.583229972
5.333333e-06,0.000132012,4.8e-06,5.97e-05,11.78360583,89.83252471,6.036227514
5.333333e-06,0.000132012,4.8e-06,6.4e-05,12.5068654,88.9355633,6.426080520999999
5.333333e-06,0.000132012,4.8e-06,6.83e-05,13.18939208,88.07213032,6.7667668679999995
5.333333e-06,0.000132012,4.8e-06,7.25e-05,13.83486703,87.59122775,7.235647900999999
5.333333e-06,0.000132012,4.8e-06,7.68e-05,14.4482106,87.44735821,7.8065734749999995
5.333333e-06,0.000132012,4.8e-06,8.11e-05,15.03274702,87.30535227,8.319253434
5.333333e-06,0.000132012,4.8e-06,8.53e-05,15.59399247,87.1513538,8.783378445
5.333333e-06,0.000132012,4.8e-06,8.96e-05,16.13159269,86.99550105,9.203746977
5.333333e-06,0.000132012,4.266667e-06,3.84e-05,7.624084026,96.29532237,3.7443976340000003
5.333333e-06,0.000132012,4.266667e-06,4.27e-05,8.711794764,93.36313552,4.216227536
5.333333e-06,0.000132012,4.266667e-06,4.69e-05,9.695652904,90.78277601,4.612305568
5.333333e-06,0.000132012,4.266667e-06,5.12e-05,10.59551665,89.74010233,5.225621327
5.333333e-06,0.000132012,4.266667e-06,5.55e-05,11.42611203,88.76817389,5.737075001
5.333333e-06,0.000132012,4.266667e-06,5.97e-05,12.19765409,87.85669487,6.17103523
5.333333e-06,0.000132012,4.266667e-06,6.4e-05,12.9216174,86.98513096,6.546065928999999
5.333333e-06,0.000132012,4.266667e-06,6.83e-05,13.60280064,86.15675106,6.873047519
5.333333e-06,0.000132012,4.266667e-06,7.25e-05,14.24712503,85.93205016,7.439270653
5.333333e-06,0.000132012,4.266667e-06,7.68e-05,14.85934764,85.80555553,7.989741568
5.333333e-06,0.000132012,4.266667e-06,8.11e-05,15.44406686,85.67747261,8.485494726
5.333333e-06,0.000132012,4.266667e-06,8.53e-05,16.00240054,85.54122831,8.931351349
5.333333e-06,0.000132012,4.266667e-06,8.96e-05,16.53924265,85.40478062,9.338277505999999
5.333333e-06,0.000132012,4.533333e-06,3.84e-05,6.970216029,100.3580781,3.513346835
5.333333e-06,0.000132012,4.533333e-06,4.27e-05,8.058440682,97.35518157,4.023869965
5.333333e-06,0.000132012,4.533333e-06,4.69e-05,9.043278478,94.59002139,4.42968287
5.333333e-06,0.000132012,4.533333e-06,5.12e-05,9.944186157,92.9007708,4.946829597
5.333333e-06,0.000132012,4.533333e-06,5.55e-05,10.77593463,91.88821589,5.493146366
5.333333e-06,0.000132012,4.533333e-06,5.97e-05,11.54976184,90.92735369,5.956846639999999
5.333333e-06,0.000132012,4.533333e-06,6.4e-05,12.27442337,90.01026225,6.356260048999999
5.333333e-06,0.000132012,4.533333e-06,6.83e-05,12.95641413,89.13374485,6.704197519999999
5.333333e-06,0.000132012,4.533333e-06,7.25e-05,13.60265629,88.5040382,7.116169763
5.333333e-06,0.000132012,4.533333e-06,7.68e-05,14.21669213,88.35099072,7.698940442
5.333333e-06,0.000132012,4.533333e-06,8.11e-05,14.80255717,88.19413021,8.221941423
5.333333e-06,0.000132012,4.533333e-06,8.53e-05,15.3641163,88.03577635,8.695714674000001
5.333333e-06,0.000132012,4.533333e-06,8.96e-05,15.90241404,87.87132106,9.124460569
5.333333e-06,0.000132012,4e-06,3.84e-05,36.19799579,99.51414193,52.28953873
5.333333e-06,0.000132012,4e-06,4.27e-05,40.89366547,95.13701665,66.31860093
5.333333e-06,0.000132012,4e-06,4.69e-05,45.89989863,90.77922514,77.44483103
5.333333e-06,0.000132012,4e-06,5.12e-05,49.62865778,87.54845881,86.2620651
5.333333e-06,0.000132012,4e-06,5.55e-05,52.0647962,84.96129232,95.18665352
5.333333e-06,0.000132012,4e-06,5.97e-05,53.62320178,81.74657981,101.98837209999999
5.333333e-06,0.000132012,4e-06,6.4e-05,54.59679854,77.83124506,107.3265463
5.333333e-06,0.000132012,4e-06,6.83e-05,55.19570764,73.71266994,111.6269238
5.333333e-06,0.000132012,4e-06,7.25e-05,55.56426121,69.89450296,115.09681020000001
5.333333e-06,0.000132012,4e-06,7.68e-05,55.7867192,66.57385836,117.8856992
5.333333e-06,0.000132012,4e-06,8.11e-05,55.91144896,63.73950521,120.1238697
5.333333e-06,0.000132012,4e-06,8.53e-05,55.96604304,61.31701545,121.9220487
5.333333e-06,0.000132012,4e-06,8.96e-05,55.96609278,59.22982211,123.3677859
5.333333e-06,0.000132012,5.6e-06,3.84e-05,35.96362468,99.9381444,54.93555668
5.333333e-06,0.000132012,5.6e-06,4.27e-05,40.87106472,94.44791996,70.97169846
5.333333e-06,0.000132012,5.6e-06,4.69e-05,45.99346236,89.56357421,81.87886388
5.333333e-06,0.000132012,5.6e-06,5.12e-05,49.65175582,86.60742707,92.91713203
5.333333e-06,0.000132012,5.6e-06,5.55e-05,51.99227904,83.79880745,101.43196990000001
5.333333e-06,0.000132012,5.6e-06,5.97e-05,53.47452734,80.47330749,107.9158508
5.333333e-06,0.000132012,5.6e-06,6.4e-05,54.39737094,76.60058096,112.967806
5.333333e-06,0.000132012,5.6e-06,6.83e-05,54.97076099,72.60083397,116.97654279999999
5.333333e-06,0.000132012,5.6e-06,7.25e-05,55.32898517,68.90435666,120.1785645
5.333333e-06,0.000132012,5.6e-06,7.68e-05,55.55043056,65.67659465,122.74137959999999
5.333333e-06,0.000132012,5.6e-06,8.11e-05,55.68001208,62.90500706,124.79685590000001
5.333333e-06,0.000132012,5.6e-06,8.53e-05,55.74347986,60.63461407,126.96636579999999
5.333333e-06,0.000132012,5.6e-06,8.96e-05,55.75554631,58.84251542,129.5887261
5.333333e-06,0.000132012,5.066667e-06,3.84e-05,35.79675191,99.92402276,58.46677733
5.333333e-06,0.000132012,5.066667e-06,4.27e-05,40.87230459,93.77728373,74.50072717
5.333333e-06,0.000132012,5.066667e-06,4.69e-05,46.06734071,88.76636077,86.44874098999999
5.333333e-06,0.000132012,5.066667e-06,5.12e-05,49.65739268,85.75047009,97.8417292
5.333333e-06,0.000132012,5.066667e-06,5.55e-05,51.92501612,82.75887372,106.07224640000001
5.333333e-06,0.000132012,5.066667e-06,5.97e-05,53.34761907,79.34250605,112.34442829999999
5.333333e-06,0.000132012,5.066667e-06,6.4e-05,54.23305744,75.49409549,117.2033277
5.333333e-06,0.000132012,5.066667e-06,6.83e-05,54.78749694,71.58340189,121.01440079999999
5.333333e-06,0.000132012,5.066667e-06,7.25e-05,55.1381948,67.98163131,124.0314474
5.333333e-06,0.000132012,5.066667e-06,7.68e-05,55.35907979,64.94336664,126.881341
5.333333e-06,0.000132012,5.066667e-06,8.11e-05,55.49247878,62.62465137,130.4822293
5.333333e-06,0.000132012,5.066667e-06,8.53e-05,55.56275981,60.59673395,133.4976553
5.333333e-06,0.000132012,5.066667e-06,8.96e-05,55.58396758,58.81924787,136.01521259999998
